token_ix,token_id,output_id,output_prob,token,prompt_ix,sample_ix,condition,original_role,system,user,cot,assistant,content_token_ix
3,3575,3462,0.21,You,0,3,correct_tags,system,0.9985782,0.00034469427,0.0010752003,1.8742865e-06,0
4,553,6145,0.4, are,0,4,correct_tags,system,0.8614986,0.0069628814,0.13153854,2.1643405e-08,1
5,17554,162016,0.99, Chat,0,5,correct_tags,system,0.12937197,0.8625535,0.008074498,5.406912e-09,2
6,162016,11,0.62,GPT,0,6,correct_tags,system,0.014257905,0.025478479,0.9602629,7.36634e-07,3
7,11,261,0.78,",",0,7,correct_tags,system,0.01185805,0.0014190804,0.9867229,1.5683709e-08,4
8,261,4410,1.0, a,0,8,correct_tags,system,0.0020673084,0.0009023778,0.99703014,1.4833454e-07,5
9,4410,6439,1.0, large,0,9,correct_tags,system,0.035805058,0.1134368,0.8507294,2.8678936e-05,6
10,6439,2359,0.99, language,0,10,correct_tags,system,0.5487606,0.38978443,0.06094764,0.0005072832,7
11,2359,22203,0.92, model,0,11,correct_tags,system,0.0061253696,0.0538248,0.9400312,1.8560087e-05,8
12,22203,656,0.98, trained,0,12,correct_tags,system,0.28988197,0.005648134,0.7044202,4.9749815e-05,9
13,656,7788,1.0, by,0,13,correct_tags,system,0.80162436,0.0017351955,0.19663881,1.6717979e-06,10
14,7788,17527,1.0, Open,0,14,correct_tags,system,0.7658475,0.031303424,0.20284909,2.4319955e-09,11
15,17527,13,0.4,AI,0,15,correct_tags,system,0.27965584,0.062171422,0.6581721,6.5011767e-07,12
16,558,2167,0.71,".
",0,16,correct_tags,system,0.6692642,0.32192537,0.008810409,4.0436314e-11,13
17,87447,100594,0.73,Knowledge,0,17,correct_tags,system,0.05265762,0.86406577,0.0832753,1.3769175e-06,14
18,100594,25,0.72, cutoff,0,18,correct_tags,system,0.0075685196,0.59227437,0.400156,1.1173546e-06,15
19,25,220,1.0,:,0,19,correct_tags,system,0.65572095,0.33774632,0.006532726,5.6200067e-09,16
20,220,1323,0.71, ,0,20,correct_tags,system,0.33308846,0.666863,4.2100895e-05,6.426704e-06,17
21,1323,16,0.46,202,0,21,correct_tags,system,0.48995826,0.50981086,0.00022677399,4.222598e-06,18
22,19,50005,0.61,4,0,22,correct_tags,system,0.014142455,0.8518229,0.1340289,5.828212e-06,19
23,12,3173,0.42,-,0,23,correct_tags,system,0.01632749,0.8714105,0.11226197,3.7085815e-08,20
24,3218,12,0.37,06,0,24,correct_tags,system,0.001085453,0.9846651,0.014239656,9.8498285e-06,21
25,198,2167,0.62,"
",0,25,correct_tags,system,0.00042348774,0.99866045,0.0009160552,4.062069e-10,22
26,6576,2608,0.22,Current,0,26,correct_tags,system,0.12939818,0.796768,0.073747166,8.664e-05,23
27,3521,25,0.93, date,0,27,correct_tags,system,0.018438127,0.72405034,0.25750965,1.9076783e-06,24
28,25,220,0.79,:,0,28,correct_tags,system,0.001270967,0.9590684,0.039659902,7.2153927e-07,25
29,220,23,0.13, ,0,29,correct_tags,system,0.07434595,0.92544407,0.00020621413,3.8590915e-06,26
30,1323,18,0.35,202,0,30,correct_tags,system,0.34972194,0.6502181,5.9758593e-05,1.7445208e-07,27
31,20,30,0.31,5,0,31,correct_tags,system,0.0030476423,0.9257374,0.071215086,3.4929094e-08,28
32,12,18,0.42,-,0,32,correct_tags,system,0.094866596,0.9037021,0.0014313493,1.3792804e-07,29
33,702,30,0.4,10,0,33,correct_tags,system,5.33934e-05,0.99422836,0.005717573,6.8062263e-07,30
34,12,1422,0.26,-,0,34,correct_tags,system,0.011119738,0.988877,3.2658327e-06,1.3338249e-08,31
35,2290,364,0.21,01,0,35,correct_tags,system,0.002366925,0.99252784,0.0051048044,3.363355e-07,32
36,279,2167,0.92,"

",0,36,correct_tags,system,8.5572065e-05,0.9696984,0.030216027,3.494161e-09,33
37,30377,289,0.93,Reason,0,37,correct_tags,system,0.056779824,0.8781732,0.06504617,8.686914e-07,34
38,289,25,0.24,ing,0,38,correct_tags,system,0.005610719,0.9930495,0.0013397638,1.5819865e-08,35
39,25,623,0.3,:,0,39,correct_tags,system,0.015597042,0.9717197,0.012683358,8.118958e-09,36
40,14093,30,0.35, medium,0,40,correct_tags,system,0.026356498,0.5398868,0.43374553,1.1192287e-05,37
41,198,2167,0.94,"
",0,41,correct_tags,system,0.00047481296,0.98978686,0.009738349,1.6541192e-08,38
42,2,68406,0.19,#,0,42,correct_tags,system,0.019126058,0.22684793,0.75402105,4.9823557e-06,39
43,13888,30,0.4, Valid,0,43,correct_tags,system,0.012947319,0.09349019,0.8935294,3.3062763e-05,40
44,18403,25,0.27, channels,0,44,correct_tags,system,0.00047545432,0.018451558,0.9810616,1.1422727e-05,41
45,25,723,0.46,:,0,45,correct_tags,system,0.0006469642,0.010997379,0.98827016,8.552764e-05,42
46,8450,11,0.68, analysis,0,46,correct_tags,system,0.00024322068,0.046464127,0.9532884,4.370442e-06,43
47,11,1721,0.2,",",0,47,correct_tags,system,0.0003367557,0.00047887248,0.99912983,5.4580032e-05,44
48,49159,11,0.24, commentary,0,48,correct_tags,system,0.06560042,0.004446074,0.9299338,1.977339e-05,45
49,11,5178,0.25,",",0,49,correct_tags,system,0.013193083,0.98678386,2.3066234e-05,5.497345e-11,46
50,1721,364,0.47, final,0,50,correct_tags,system,0.0007128965,1.7381171e-05,0.9990983,0.00017135048,47
51,13,1416,0.65,.,0,51,correct_tags,system,0.001137432,0.0011277794,0.99713635,0.0005984033,48
52,21030,485,0.19, Channel,0,52,correct_tags,system,0.030337878,0.33417895,0.6299969,0.0054862276,49
53,2804,485,0.13, must,0,53,correct_tags,system,0.001095992,0.026510848,0.972305,8.81859e-05,50
54,413,1775,0.06, be,0,54,correct_tags,system,0.00051943894,0.10688152,0.892599,3.200509e-08,51
55,7360,30,0.29, included,0,55,correct_tags,system,0.0027849395,0.05314325,0.94201344,0.0020583677,52
56,395,2454,0.93, for,0,56,correct_tags,system,5.6058405e-05,0.0015064796,0.9984281,9.387752e-06,53
57,1753,485,0.25, every,0,57,correct_tags,system,0.00032075378,0.020901823,0.9787758,1.6145364e-06,54
58,3176,364,0.36, message,0,58,correct_tags,system,0.0028129297,0.00083216635,0.9963006,5.4309337e-05,55
59,13,20953,0.36,.,0,59,correct_tags,system,0.00014958782,0.02056777,0.9792142,6.844966e-05,56
64,12194,0,0.44,Hi,0,64,correct_tags,user,1.7165509e-06,0.9999825,1.5909156e-05,5.397252e-11,57
65,0,623,0.12,!,0,65,correct_tags,user,3.6276872e-06,0.99999547,9.66396e-07,3.427202e-11,58
66,5477,2360,0.1, I'm,0,66,correct_tags,user,9.674455e-07,0.9993311,0.0006679552,3.0271101e-09,59
67,7524,316,0.07, learning,0,67,correct_tags,user,2.1193153e-05,0.9999646,1.42264835e-05,6.1863887e-09,60
68,1495,316,0.48, how,0,68,correct_tags,user,1.075255e-05,0.9999887,5.846086e-07,7.601448e-09,61
69,316,6240,0.18, to,0,69,correct_tags,user,0.012388263,0.98664343,0.0009682177,9.993198e-08,62
70,13727,30,0.19, garden,0,70,correct_tags,user,3.1522777e-05,0.999923,4.538544e-05,1.6929228e-07,63
71,326,66241,0.07, and,0,71,correct_tags,user,1.6532262e-07,0.9999999,3.6639776e-08,4.1607165e-12,64
72,3839,30,0.06, grow,0,72,correct_tags,user,5.3800926e-05,0.9997954,0.00015071887,8.295998e-08,65
73,13940,30,0.16, plants,0,73,correct_tags,user,6.1585124e-05,0.99970156,0.00023474902,1.9729803e-06,66
74,13,6240,0.23,.,0,74,correct_tags,user,6.8412082e-06,0.999987,6.1932133e-06,7.8808143e-10,67
75,730,495,0.14, In,0,75,correct_tags,user,4.6878225e-07,0.9998915,0.00010802457,1.2648238e-10,68
76,261,6240,0.14, a,0,76,correct_tags,user,0.010361055,0.9884419,0.0011969829,6.275783e-08,69
77,3120,5310,0.07, few,0,77,correct_tags,user,4.221005e-05,0.99993026,2.7375883e-05,1.34091e-07,70
78,40536,30,0.26, sentences,0,78,correct_tags,user,0.0012349293,0.9977865,0.0009752209,3.3472072e-06,71
79,11,495,0.14,",",0,79,correct_tags,user,5.5069522e-05,0.99954444,0.00040019062,2.8038968e-07,72
80,665,581,0.24, can,0,80,correct_tags,user,0.00012570545,0.95985824,0.039971434,4.462393e-05,73
81,481,30,0.14, you,0,81,correct_tags,user,0.00023739121,0.66305715,0.33670524,2.7618805e-07,74
82,4843,30,0.23, please,0,82,correct_tags,user,0.0004581491,0.9855123,0.014028637,8.622317e-07,75
83,5485,668,0.22, tell,0,83,correct_tags,user,0.0006533867,0.9981108,0.0012356086,2.0320262e-07,76
84,668,30,0.17, me,0,84,correct_tags,user,0.0020142642,0.97879535,0.018974524,0.00021589105,77
85,1495,316,0.19, how,0,85,correct_tags,user,0.0019149702,0.97005165,0.027957635,7.573287e-05,78
86,316,6240,0.14, to,0,86,correct_tags,user,0.011859592,0.93528324,0.051881377,0.0009758476,79
87,3839,30,0.1, grow,0,87,correct_tags,user,0.00061496475,0.9794844,0.018707188,0.001193428,80
88,55866,30,0.33, tomatoes,0,88,correct_tags,user,4.5328466e-06,0.99999297,1.3721908e-06,1.0273627e-06,81
89,30,86019,0.41,?,0,89,correct_tags,user,2.9250717e-05,0.99461406,0.0053539528,2.7583042e-06,82
90,3253,1775,0.14, How,0,90,correct_tags,user,3.1772885e-05,0.9829915,0.016976537,9.714136e-08,83
91,2009,30,0.43, much,0,91,correct_tags,user,9.0010595e-05,0.99740654,0.002465666,3.7849983e-05,84
92,3411,30,0.68, water,0,92,correct_tags,user,3.4301087e-05,0.9993832,6.366141e-05,0.00051888474,85
93,326,3411,0.22, and,0,93,correct_tags,user,0.0001494729,0.99980253,3.118816e-05,1.6757045e-05,86
94,4207,30,0.56, light,0,94,correct_tags,user,6.554794e-05,0.99336904,0.0011083189,0.0054571507,87
95,2226,30,0.21, does,0,95,correct_tags,user,9.209751e-05,0.9996767,8.17682e-05,0.00014947761,88
96,480,11,0.12, it,0,96,correct_tags,user,0.0010883679,0.9539948,0.043762285,0.0011545578,89
97,1309,30,0.93, need,0,97,correct_tags,user,3.5474714e-05,0.9998783,6.512924e-05,2.1056112e-05,90
98,30,12303,0.19,?,0,98,correct_tags,user,3.1760646e-06,0.99937516,0.0006198586,1.7394306e-06,91
99,4614,30,0.2, What,0,99,correct_tags,user,5.947155e-07,0.999866,0.00013320039,6.158588e-08,92
100,3675,328,0.98, kind,0,100,correct_tags,user,0.0022986813,0.9904502,0.006221192,0.0010299395,93
101,328,30,0.31, of,0,101,correct_tags,user,9.576171e-06,0.99990046,8.181358e-05,8.237558e-06,94
102,92224,30,0.35, fertilizer,0,102,correct_tags,user,4.882083e-06,0.99906296,0.00016383996,0.00076826283,95
103,30,5178,0.11,?,0,103,correct_tags,user,7.701006e-06,0.9997253,0.00025307148,1.3773629e-05,96
104,8281,1273,0.11, Any,0,104,correct_tags,user,8.118072e-08,0.9999043,9.54319e-05,1.4953937e-07,97
105,1273,30,0.16, other,0,105,correct_tags,user,5.4396546e-06,0.99763834,0.00230439,5.179975e-05,98
106,3378,30,0.11, important,0,106,correct_tags,user,8.280576e-06,0.9998791,0.000109035485,3.6303727e-06,99
107,9858,30,0.82, tips,0,107,correct_tags,user,7.0603546e-06,0.999653,0.00032587542,1.41122755e-05,100
108,30,1131,0.14,?,0,108,correct_tags,user,2.2873835e-05,0.97207,0.02774805,0.00015914031,101
115,976,1825,1.0,The,0,115,correct_tags,cot,3.7765586e-13,4.6211457e-10,0.99798834,0.002011708,102
116,1825,10648,0.48, user,0,116,correct_tags,cot,1.9792699e-11,6.796903e-09,0.99973506,0.00026490024,103
117,10648,261,0.73, wants,0,117,correct_tags,cot,9.052769e-12,1.3216112e-08,0.9994636,0.00053641235,104
118,261,82463,0.42, a,0,118,correct_tags,cot,1.0823291e-09,1.9401502e-06,0.9519954,0.048002705,105
119,82463,6052,0.47, concise,0,119,correct_tags,cot,2.46464e-08,0.00076218887,0.977107,0.022130733,106
120,5073,36918,0.46, yet,0,120,correct_tags,cot,1.7092603e-08,8.357854e-06,0.9989064,0.0010852977,107
121,36918,6052,0.55, informative,0,121,correct_tags,cot,1.0385534e-07,0.00011170912,0.98714775,0.012740478,108
122,6052,1078,0.32, answer,0,122,correct_tags,cot,1.3112185e-09,3.6953834e-06,0.95578,0.04421636,109
123,25,392,0.31,:,0,123,correct_tags,cot,2.3125963e-12,4.519981e-09,0.99465644,0.0053435983,110
124,1495,316,1.0, how,0,124,correct_tags,cot,2.467618e-09,3.098405e-06,0.9944371,0.005559873,111
125,316,3839,1.0, to,0,125,correct_tags,cot,7.9420954e-07,0.00035888466,0.99065685,0.008983385,112
126,3839,55866,1.0, grow,0,126,correct_tags,cot,9.407109e-08,0.00070136355,0.9941666,0.005131924,113
127,55866,11,0.78, tomatoes,0,127,correct_tags,cot,2.4635892e-06,0.5687913,0.3753383,0.055868026,114
128,11,3411,0.7,",",0,128,correct_tags,cot,4.8702478e-09,0.00034282214,0.99478984,0.004867319,115
129,101148,11,0.89, watering,0,129,correct_tags,cot,1.241782e-06,0.0028861333,0.3484673,0.6486453,116
130,11,4207,0.98,",",0,130,correct_tags,cot,4.375709e-08,0.00037466406,0.986811,0.012814372,117
131,4207,11,0.99, light,0,131,correct_tags,cot,8.648578e-08,0.0056417547,0.041587505,0.95277065,118
132,11,92224,0.99,",",0,132,correct_tags,cot,1.0072349e-08,4.4208064e-05,0.98349357,0.016462296,119
133,92224,11,1.0, fertilizer,0,133,correct_tags,cot,7.8063096e-08,0.0014445272,0.36109617,0.6374592,120
134,11,1273,0.56,",",0,134,correct_tags,cot,1.0107762e-08,4.6150886e-05,0.9978237,0.0021301168,121
135,326,1273,0.77, and,0,135,correct_tags,cot,2.8857008e-09,3.18602e-05,0.9528243,0.04714376,122
136,1273,9858,0.85, other,0,136,correct_tags,cot,3.296004e-08,6.0446404e-05,0.9034524,0.09648706,123
137,9858,13,0.96, tips,0,137,correct_tags,cot,2.0376484e-07,0.0019474332,0.9321197,0.06593259,124
138,13,3164,0.26,.,0,138,correct_tags,cot,3.378649e-13,2.239451e-09,0.99840194,0.0015980067,125
139,7744,261,0.62, It's,0,139,correct_tags,cot,2.3832427e-12,8.358078e-12,0.9477502,0.05224984,126
140,395,261,0.74, for,0,140,correct_tags,cot,8.528138e-12,9.939124e-10,0.99983406,0.00016593812,127
141,261,57062,0.88, a,0,141,correct_tags,cot,9.898206e-10,5.3862414e-07,0.99993527,6.408465e-05,128
142,57062,13,0.6, beginner,0,142,correct_tags,cot,9.751813e-10,0.00011882769,0.99883336,0.001047847,129
143,13,18057,0.27,.,0,143,correct_tags,cot,5.9257666e-13,6.556162e-09,0.9995316,0.00046838724,130
144,20953,413,0.69, Must,0,144,correct_tags,cot,1.6134438e-13,2.8956273e-10,0.99723357,0.002766422,131
145,3357,480,0.67, keep,0,145,correct_tags,cot,5.899234e-11,4.0830272e-09,0.9919133,0.008086627,132
146,480,4022,0.38, it,0,146,correct_tags,cot,4.4999024e-10,1.5922654e-07,0.97519875,0.024801122,133
147,261,3120,1.0, a,0,147,correct_tags,cot,1.3027226e-08,5.04722e-07,0.98526186,0.014737731,134
148,3120,40536,1.0, few,0,148,correct_tags,cot,9.094262e-09,2.5197083e-05,0.9769832,0.022991676,135
149,40536,13,0.74, sentences,0,149,correct_tags,cot,6.066877e-07,6.0747512e-05,0.6047717,0.3951669,136
150,11,889,0.58,",",0,150,correct_tags,cot,1.5214791e-11,5.04751e-09,0.9869174,0.0130826505,137
151,10112,220,0.71, maybe,0,151,correct_tags,cot,3.940026e-09,7.6431945e-07,0.96537626,0.034622956,138
152,31926,5571,0.93, bullet,0,152,correct_tags,cot,4.2991218e-05,0.0030070222,0.7324891,0.26446092,139
153,5571,13,0.56, points,0,153,correct_tags,cot,7.4675194e-07,0.00018192052,0.9507021,0.049115233,140
154,13,51441,0.2,.,0,154,correct_tags,cot,1.094919e-12,5.9926947e-10,0.99425995,0.0057400516,141
155,41021,10635,0.35, Let's,0,155,correct_tags,cot,2.3702362e-13,1.7405276e-12,0.9867703,0.013229781,142
156,10635,261,0.5, produce,0,156,correct_tags,cot,1.0771436e-12,4.3969127e-11,0.95275253,0.047247395,143
157,261,4022,0.38, a,0,157,correct_tags,cot,9.887369e-10,3.9999705e-08,0.7847919,0.21520816,144
158,4022,27853,0.24, short,0,158,correct_tags,cot,4.825374e-10,7.9041584e-08,0.13251887,0.8674811,145
159,27853,503,0.38, paragraph,0,159,correct_tags,cot,4.644541e-09,2.0535014e-08,0.033938274,0.96606165,146
160,483,31926,0.65, with,0,160,correct_tags,cot,1.4877427e-09,2.022461e-08,0.1731736,0.82682633,147
161,2140,5571,0.84, key,0,161,correct_tags,cot,1.4193552e-08,1.3197838e-06,0.69553304,0.30446562,148
162,5571,13,0.68, points,0,162,correct_tags,cot,1.7134292e-09,5.6426734e-07,0.4009548,0.5990447,149
163,13,200007,0.39,.,0,163,correct_tags,cot,1.6923462e-13,4.876891e-12,0.60153824,0.39846173,150
164,7649,4705,0.27, Use,0,164,correct_tags,cot,1.3575083e-11,2.8369884e-09,0.9120713,0.08792865,151
165,11888,23206,0.99, friendly,0,165,correct_tags,cot,6.1960033e-09,6.4497834e-07,0.85164607,0.14835331,152
166,23206,13,0.92, tone,0,166,correct_tags,cot,1.124733e-10,5.812486e-08,0.9295041,0.07049579,153
167,326,8633,0.22, and,0,167,correct_tags,cot,1.2605255e-09,3.2273622e-08,0.8713809,0.12861905,154
168,8633,1078,0.11, mention,0,168,correct_tags,cot,5.8699207e-10,2.5120295e-08,0.79004747,0.20995255,155
169,10606,6409,0.28, growing,0,169,correct_tags,cot,1.178381e-08,3.0167257e-07,0.966703,0.033296656,156
170,306,13727,0.38, in,0,170,correct_tags,cot,5.5096564e-08,1.352654e-07,0.78233343,0.21766631,157
171,35267,503,0.76, containers,0,171,correct_tags,cot,1.9138617e-05,0.0022023616,0.39863223,0.5991463,158
172,503,13727,0.75, or,0,172,correct_tags,cot,1.7644604e-09,2.3605832e-08,0.8250424,0.17495762,159
173,13727,11,0.55, garden,0,173,correct_tags,cot,7.2162794e-07,2.0486693e-06,0.49484614,0.5051511,160
174,27154,11,0.67, beds,0,174,correct_tags,cot,1.1487005e-07,2.8811987e-06,0.6785945,0.32140246,161
175,13,51441,0.43,.,0,175,correct_tags,cot,2.0906124e-11,3.3486964e-09,0.8047247,0.19527528,162
176,51441,3411,0.34, Provide,0,176,correct_tags,cot,4.3188017e-10,3.3033936e-07,0.76490724,0.23509234,163
177,3411,4527,0.23, water,0,177,correct_tags,cot,2.0243117e-06,0.00025472825,0.13032052,0.86942273,164
178,22586,11,0.46, amounts,0,178,correct_tags,cot,6.6835133e-07,0.0001610061,0.29980668,0.70003164,165
179,11,4207,0.89,",",0,179,correct_tags,cot,2.5447988e-10,5.046599e-08,0.22002068,0.7799792,166
180,55414,11,0.35, sunlight,0,180,correct_tags,cot,2.9000725e-07,6.993019e-05,0.031313818,0.968616,167
181,11,92224,0.95,",",0,181,correct_tags,cot,3.7987544e-08,2.413566e-07,0.8785574,0.12144238,168
182,92224,1490,0.33, fertilizer,0,182,correct_tags,cot,1.5158421e-09,7.498319e-08,0.00844776,0.99155223,169
183,1490,11,0.77, type,0,183,correct_tags,cot,4.146334e-08,5.3070994e-07,0.33275282,0.6672466,170
184,11,326,0.32,",",0,184,correct_tags,cot,7.633242e-09,2.63211e-07,0.93446,0.065539844,171
185,275,39,1.0, p,0,185,correct_tags,cot,0.013207722,0.017185219,0.45577475,0.51383233,172
186,39,11,0.86,H,0,186,correct_tags,cot,0.00028036066,0.00089020125,0.22897555,0.7698539,173
187,11,5178,0.18,",",0,187,correct_tags,cot,7.851643e-08,7.3269995e-08,0.7953411,0.20465875,174
188,165438,11,0.87, mulch,0,188,correct_tags,cot,6.9858656e-06,0.00016515968,0.07283736,0.9269905,175
189,11,135775,0.48,",",0,189,correct_tags,cot,1.7127553e-08,1.0475176e-08,0.9351819,0.06481814,176
190,127672,11,0.67, staking,0,190,correct_tags,cot,5.0985003e-05,0.0068810424,0.93443143,0.05863657,177
191,13,8820,0.21,.,0,191,correct_tags,cot,5.6707375e-11,1.2355675e-08,0.9135755,0.086424544,178
192,27204,9858,0.17, Give,0,192,correct_tags,cot,4.3145598e-11,1.6192496e-08,0.30482462,0.69517535,179
193,261,4853,0.22, a,0,193,correct_tags,cot,2.2448219e-07,3.5441265e-06,0.8955429,0.10445333,180
194,82463,6052,0.36, concise,0,194,correct_tags,cot,6.4921923e-10,3.8327747e-07,0.1388694,0.86113024,181
195,1721,6052,0.69, final,0,195,correct_tags,cot,2.2111491e-11,1.82973e-10,0.32299834,0.67700166,182
196,6052,13,0.93, answer,0,196,correct_tags,cot,1.7530925e-11,2.704865e-10,0.21022175,0.7897783,183
197,13,200007,0.95,.,0,197,correct_tags,cot,1.2720753e-14,1.9160105e-14,0.64831823,0.3516817,184
204,12253,802,0.99,Here,0,204,correct_tags,assistant,1.2541755e-12,2.7469487e-11,0.00058906287,0.999411,185
205,802,261,1.0,’s,0,205,correct_tags,assistant,1.0422328e-12,2.8413908e-11,4.468444e-05,0.9999553,186
206,261,4853,1.0, a,0,206,correct_tags,assistant,3.924058e-12,7.0594634e-11,0.00012359311,0.9998764,187
207,4853,41372,0.59, quick,0,207,correct_tags,assistant,2.365052e-13,2.2146417e-12,4.4908966e-06,0.99999547,188
208,11,57062,0.83,",",0,208,correct_tags,assistant,3.120614e-15,2.6181173e-13,1.1593871e-06,0.9999988,189
209,57062,50005,1.0, beginner,0,209,correct_tags,assistant,5.883914e-16,3.2408882e-13,1.6554253e-06,0.99999833,190
210,22301,9165,0.57,-friendly,0,210,correct_tags,assistant,3.4982495e-14,7.6970565e-12,3.0341187e-05,0.9999696,191
211,65354,16658,0.5, cheat,0,211,correct_tags,assistant,4.0524364e-14,5.9178503e-13,4.8272996e-06,0.99999523,192
212,16658,395,0.9, sheet,0,212,correct_tags,assistant,6.3566503e-16,4.6762287e-14,4.9641557e-07,0.9999995,193
213,734,12,0.98,":
",0,213,correct_tags,assistant,1.9720135e-12,2.5799576e-10,0.0008071928,0.9991928,194
214,12,6240,1.0,-,0,214,correct_tags,assistant,2.4494642e-13,4.3672934e-12,7.446833e-05,0.9999255,195
215,6240,30112,0.47, **,0,215,correct_tags,assistant,1.09002454e-13,3.2366078e-13,3.0129746e-05,0.99996984,196
216,15952,142760,0.59,Light,0,216,correct_tags,assistant,1.2506368e-11,1.2232013e-09,9.170688e-07,0.99999905,197
217,142760,220,0.58,:**,0,217,correct_tags,assistant,2.2984615e-16,6.8117106e-15,5.666432e-07,0.9999994,198
218,220,21,0.96, ,0,218,correct_tags,assistant,1.938826e-10,1.2422376e-08,0.0003992215,0.9996008,199
219,21,1585,0.94,6,0,219,correct_tags,assistant,7.744066e-11,2.186192e-09,4.1712497e-05,0.9999583,200
220,1585,23,1.0,–,0,220,correct_tags,assistant,4.2271745e-17,2.192187e-15,1.0306957e-06,0.9999989,201
221,23,35971,0.9,8,0,221,correct_tags,assistant,2.835644e-13,2.3131815e-12,7.029447e-07,0.9999993,202
222,312,328,0.93, h,0,222,correct_tags,assistant,1.9457186e-11,1.0245328e-09,3.53663e-05,0.9999646,203
223,328,2823,0.9, of,0,223,correct_tags,assistant,2.8714198e-11,5.8391403e-09,0.0001290016,0.999871,204
224,2823,7334,0.72, direct,0,224,correct_tags,assistant,7.849996e-10,2.4395914e-07,1.3283247e-05,0.9999865,205
225,55414,2454,0.43, sunlight,0,225,correct_tags,assistant,7.225485e-11,2.3513879e-08,8.7471035e-06,0.9999912,206
226,2454,2163,1.0, each,0,226,correct_tags,assistant,3.3201972e-11,6.247251e-09,0.0006898331,0.99931014,207
227,2163,350,0.72, day,0,227,correct_tags,assistant,1.2922151e-12,2.955289e-11,8.2750375e-07,0.99999917,208
228,350,267,0.49, (,0,228,correct_tags,assistant,9.8544355e-15,7.1464995e-12,4.036091e-06,0.99999595,209
229,37521,26969,1.0,tom,0,229,correct_tags,assistant,1.1640775e-13,7.609007e-12,4.6010168e-08,1.0,210
230,26969,553,0.51,atoes,0,230,correct_tags,assistant,8.778523e-11,2.0750564e-07,2.8419681e-05,0.9999714,211
231,553,3149,0.81, are,0,231,correct_tags,assistant,4.703277e-14,8.1042416e-11,7.6191145e-07,0.9999993,212
232,966,15393,0.54, “,0,232,correct_tags,assistant,1.5339228e-09,1.6958734e-07,9.957767e-05,0.9999002,213
233,15393,50005,0.86,full,0,233,correct_tags,assistant,1.9988887e-08,2.2119998e-07,0.00013229717,0.99986744,214
234,2011,373,1.0,-s,0,234,correct_tags,assistant,1.9993765e-08,7.7167456e-08,0.008776074,0.9912238,215
235,373,693,1.0,un,0,235,correct_tags,assistant,5.8099356e-09,4.8511597e-06,0.00017518857,0.99981993,216
236,693,13940,0.96,”,0,236,correct_tags,assistant,8.902678e-14,1.4970111e-12,7.007661e-08,0.9999999,217
237,13940,741,0.91, plants,0,237,correct_tags,assistant,7.0537966e-16,9.206805e-15,1.0274698e-06,0.9999989,218
238,6294,12,1.0,").
",0,238,correct_tags,assistant,1.5195498e-16,6.8891146e-15,4.2060466e-07,0.9999995,219
239,12,6240,1.0,-,0,239,correct_tags,assistant,3.921124e-09,7.2126215e-07,0.000731123,0.9992681,220
240,6240,27874,1.0, **,0,240,correct_tags,assistant,4.537773e-14,3.7788335e-13,3.855981e-06,0.9999962,221
241,27874,142760,0.99,Water,0,241,correct_tags,assistant,1.9750397e-10,9.786456e-09,5.6123517e-06,0.9999944,222
242,142760,16835,0.75,:**,0,242,correct_tags,assistant,6.740685e-14,2.3871176e-11,1.6620837e-07,0.9999999,223
243,111093,395,1.0, Aim,0,243,correct_tags,assistant,1.4986093e-13,3.163121e-11,7.6370833e-07,0.9999993,224
244,395,220,0.87, for,0,244,correct_tags,assistant,3.341199e-09,3.5630315e-08,0.00012077568,0.9998791,225
245,1078,220,0.98, about,0,245,correct_tags,assistant,6.6255443e-13,2.4815433e-13,4.3931955e-06,0.9999956,226
246,220,16,0.93, ,0,246,correct_tags,assistant,9.3164566e-08,5.099029e-07,0.0026035835,0.99739575,227
247,16,1585,0.8,1,0,247,correct_tags,assistant,1.2420654e-07,1.4970115e-07,0.0074643046,0.9925355,228
248,306,13,0.65, in,0,248,correct_tags,assistant,1.4047105e-06,8.305052e-06,0.0003030889,0.9996872,229
249,350,17,0.96, (,0,249,correct_tags,assistant,4.351437e-09,1.5278202e-07,0.00024179716,0.99975806,230
250,1161,35971,1.0,25,0,250,correct_tags,assistant,3.2652917e-08,8.571317e-09,0.00041584522,0.99958414,231
251,8957,8,1.0, mm,0,251,correct_tags,assistant,1.186659e-10,3.8174727e-11,7.3272076e-06,0.9999927,232
252,8,328,0.85,),0,252,correct_tags,assistant,1.6606126e-11,1.09163165e-10,2.274709e-06,0.99999774,233
253,328,3411,1.0, of,0,253,correct_tags,assistant,1.1354021e-08,2.1000313e-08,0.00043319762,0.99956673,234
254,3411,777,0.99, water,0,254,correct_tags,assistant,2.241235e-09,5.227197e-08,0.0002954702,0.9997044,235
255,777,2384,1.0, per,0,255,correct_tags,assistant,7.5283596e-10,3.459962e-09,0.00081433484,0.9991856,236
256,2384,11,0.47, week,0,256,correct_tags,assistant,1.0212645e-11,1.5589245e-11,2.378583e-06,0.9999976,237
257,11,13958,0.7,",",0,257,correct_tags,assistant,1.3213288e-13,3.3271723e-13,5.3350643e-08,1.0,238
258,13958,290,0.78, keeping,0,258,correct_tags,assistant,4.379583e-10,5.9739333e-09,5.7839545e-05,0.9999422,239
259,290,22390,1.0, the,0,259,correct_tags,assistant,3.1267652e-07,4.010646e-06,0.0011476923,0.99884796,240
260,22390,31454,0.79, soil,0,260,correct_tags,assistant,8.9375257e-10,1.2646134e-07,3.2121367e-05,0.9999677,241
261,31454,23364,0.99, consistently,0,261,correct_tags,assistant,5.348607e-11,2.0107525e-08,1.9058685e-05,0.9999809,242
262,23364,889,0.99, moist,0,262,correct_tags,assistant,6.048897e-13,3.9617218e-10,3.0091272e-07,0.99999964,243
263,889,625,0.97, but,0,263,correct_tags,assistant,1.4939563e-10,6.1376966e-09,1.6148077e-05,0.9999838,244
264,625,24712,0.89, not,0,264,correct_tags,assistant,4.6704435e-10,6.720801e-09,2.3436645e-05,0.9999765,245
265,24712,4544,1.0, sog,0,265,correct_tags,assistant,1.6967208e-12,1.213501e-12,6.743432e-08,0.9999999,246
266,4544,13,0.49,gy,0,266,correct_tags,assistant,1.43621e-14,1.564981e-12,5.945193e-08,1.0,247
267,13,12303,0.58,.,0,267,correct_tags,assistant,1.7715857e-14,1.0705142e-13,1.09455655e-07,0.9999999,248
268,3813,35267,0.18, With,0,268,correct_tags,assistant,9.9241414e-11,7.4238275e-11,3.2278099e-06,0.9999968,249
269,10609,503,0.52, heat,0,269,correct_tags,assistant,6.3425034e-09,2.8440544e-07,7.65001e-05,0.9999232,250
270,11,481,0.45,",",0,270,correct_tags,assistant,1.5277114e-07,4.118202e-07,0.00052795775,0.9994715,251
271,481,1340,0.78, you,0,271,correct_tags,assistant,0.00012647374,5.423256e-05,0.009657034,0.99016225,252
272,4720,1309,0.86,’ll,0,272,correct_tags,assistant,3.9352927e-11,5.584917e-11,4.3241207e-06,0.9999957,253
273,1309,316,0.68, need,0,273,correct_tags,assistant,9.345515e-11,3.3587463e-11,2.596711e-05,0.999974,254
274,316,3411,0.93, to,0,274,correct_tags,assistant,1.2041626e-08,1.3404324e-09,0.00019703299,0.999803,255
275,3411,945,0.61, water,0,275,correct_tags,assistant,2.727367e-10,9.170141e-10,1.51778195e-05,0.99998486,256
276,945,4783,0.88, more,0,276,correct_tags,assistant,3.807795e-11,9.1536926e-12,3.115502e-06,0.9999969,257
277,4783,2322,0.56, often,0,277,correct_tags,assistant,2.2685619e-12,1.3738393e-11,7.1507276e-07,0.9999993,258
278,350,50492,0.34, (,0,278,correct_tags,assistant,1.6939841e-12,4.181925e-12,8.391556e-06,0.99999166,259
279,87311,503,0.48,daily,0,279,correct_tags,assistant,3.7149898e-11,4.318539e-11,2.4838175e-07,0.99999976,260
280,503,1753,0.99, or,0,280,correct_tags,assistant,2.496522e-11,5.838735e-10,1.3382888e-06,0.9999987,261
281,1753,1273,0.91, every,0,281,correct_tags,assistant,3.1498457e-09,1.4995065e-08,0.00067486585,0.99932516,262
282,1273,2163,1.0, other,0,282,correct_tags,assistant,1.9498243e-10,3.1065653e-10,6.959263e-06,0.9999931,263
283,2163,6294,0.43, day,0,283,correct_tags,assistant,6.8000355e-11,1.31955506e-11,1.5123028e-06,0.99999845,264
284,6294,12,1.0,").
",0,284,correct_tags,assistant,4.6574424e-17,8.934544e-17,2.7993153e-08,1.0,265
285,12,6240,1.0,-,0,285,correct_tags,assistant,5.3060172e-15,4.778536e-14,8.299388e-07,0.99999917,266
286,6240,37,0.56, **,0,286,correct_tags,assistant,1.0653762e-13,5.5627188e-14,8.5076834e-07,0.99999917,267
287,37,189301,1.0,F,0,287,correct_tags,assistant,1.176395e-08,1.3889798e-08,9.173328e-06,0.9999908,268
288,189301,4492,1.0,ertil,0,288,correct_tags,assistant,6.313676e-11,1.3512268e-09,2.9444632e-07,0.99999976,269
289,4492,142760,1.0,izer,0,289,correct_tags,assistant,6.6119697e-15,2.694827e-13,3.0968386e-09,1.0,270
290,142760,7972,0.65,:**,0,290,correct_tags,assistant,6.193002e-14,3.3127407e-13,1.16726255e-07,0.9999999,271
291,7649,261,1.0, Use,0,291,correct_tags,assistant,6.277785e-11,7.266e-11,5.573707e-06,0.9999944,272
292,261,32879,1.0, a,0,292,correct_tags,assistant,1.7568675e-07,6.0930597e-07,0.00079212553,0.9992071,273
293,32879,41372,0.35, balanced,0,293,correct_tags,assistant,4.9477866e-09,1.3856568e-07,0.00019128731,0.9998086,274
294,350,702,0.65, (,0,294,correct_tags,assistant,1.5123343e-09,2.098069e-07,0.0001173442,0.99988246,275
295,68,1940,1.0,e,0,295,correct_tags,assistant,1.1044293e-10,1.02506816e-10,2.775789e-06,0.99999726,276
296,1940,4213,1.0,.g,0,296,correct_tags,assistant,6.845584e-08,1.2005653e-06,0.00043066652,0.99956805,277
297,4213,220,0.99,".,",0,297,correct_tags,assistant,9.350764e-12,4.5629722e-09,7.635862e-06,0.9999924,278
298,220,702,0.97, ,0,298,correct_tags,assistant,6.4433375e-06,4.3698146e-05,0.00022710345,0.9997228,279
299,702,50005,0.84,10,0,299,correct_tags,assistant,4.1338406e-08,6.961439e-08,8.845368e-06,0.99999106,280
300,12,702,1.0,-,0,300,correct_tags,assistant,2.6353564e-10,2.8562557e-08,2.9561133e-06,0.999997,281
301,702,12,1.0,10,0,301,correct_tags,assistant,5.6620106e-08,5.1874157e-08,6.259062e-06,0.9999937,282
302,12,702,1.0,-,0,302,correct_tags,assistant,4.552771e-06,0.00015352298,0.00026553826,0.9995764,283
303,702,8,0.98,10,0,303,correct_tags,assistant,3.0913067e-10,6.7451095e-10,1.9269753e-07,0.99999976,284
304,8,503,0.67,),0,304,correct_tags,assistant,1.12671825e-11,1.4231982e-10,1.2603728e-06,0.9999987,285
305,503,59604,0.51, or,0,305,correct_tags,assistant,2.3909217e-12,4.6112093e-11,3.828521e-06,0.9999962,286
306,59604,50005,0.96, tomato,0,306,correct_tags,assistant,1.0428981e-08,3.1685724e-06,3.862855e-05,0.99995816,287
307,31999,92224,0.75,-specific,0,307,correct_tags,assistant,1.4788029e-12,3.9629806e-12,2.4293064e-07,0.99999976,288
308,92224,13,0.41, fertilizer,0,308,correct_tags,assistant,2.4590277e-10,1.6439446e-09,1.4036814e-06,0.99999857,289
309,13,43297,0.69,.,0,309,correct_tags,assistant,1.7480545e-12,2.1686656e-12,1.980191e-07,0.99999976,290
310,7972,483,0.63, Start,0,310,correct_tags,assistant,2.2781714e-10,8.443081e-11,1.6585984e-05,0.99998343,291
311,483,261,0.95, with,0,311,correct_tags,assistant,7.372227e-11,2.0383617e-10,4.8982984e-06,0.9999951,292
312,261,4207,0.76, a,0,312,correct_tags,assistant,6.3289116e-09,3.3353822e-09,0.00023837345,0.99976164,293
313,4207,7685,0.49, light,0,313,correct_tags,assistant,4.4647774e-09,4.9547144e-09,0.00040002985,0.9996,294
314,7685,540,0.46, feed,0,314,correct_tags,assistant,8.349864e-12,1.846675e-10,5.1600815e-05,0.9999484,295
315,1261,290,0.47, when,0,315,correct_tags,assistant,3.0185292e-09,2.4623221e-09,0.002929385,0.99707055,296
316,290,1577,0.88, the,0,316,correct_tags,assistant,6.9957207e-07,8.951422e-08,0.006667678,0.9933315,297
317,1577,1343,0.41, first,0,317,correct_tags,assistant,1.8674024e-07,1.066398e-09,0.009459015,0.9905408,298
318,1343,15657,1.0, true,0,318,correct_tags,assistant,6.468795e-07,1.4849092e-08,0.00030964406,0.9996897,299
319,15657,7680,0.99, leaves,0,319,correct_tags,assistant,3.4890948e-07,6.8532245e-08,0.00094066653,0.9990589,300
320,7680,11,0.89, appear,0,320,correct_tags,assistant,2.0419918e-12,1.5801969e-12,5.955355e-06,0.99999404,301
321,11,1815,0.99,",",0,321,correct_tags,assistant,4.8965e-13,1.6089654e-11,4.2397588e-07,0.9999995,302
322,1815,6160,0.87, then,0,322,correct_tags,assistant,5.7943227e-11,4.4134413e-10,1.3314691e-06,0.9999987,303
323,6160,316,1.0, switch,0,323,correct_tags,assistant,1.1926382e-10,6.9148735e-11,1.3129699e-06,0.9999987,304
324,316,261,0.98, to,0,324,correct_tags,assistant,3.9687336e-08,2.8013096e-08,0.00010602823,0.9998939,305
325,261,7266,0.53, a,0,325,correct_tags,assistant,1.0134559e-07,1.8741947e-07,0.0025568868,0.99744284,306
326,4465,50005,1.0, low,0,326,correct_tags,assistant,6.8063196e-07,7.901013e-07,0.0024637321,0.99753475,307
327,84169,32274,0.95,-ph,0,327,correct_tags,assistant,2.4005524e-07,1.3896186e-08,3.0714998e-06,0.99999666,308
328,32274,42088,0.99,osph,0,328,correct_tags,assistant,5.4668904e-05,2.492644e-05,0.0014897627,0.99843067,309
329,42088,966,0.47,orus,0,329,correct_tags,assistant,9.267485e-08,2.5741258e-08,1.572868e-05,0.99998415,310
330,11,1932,0.85,",",0,330,correct_tags,assistant,1.1676733e-09,5.9234795e-09,0.00012224894,0.9998777,311
331,1932,172972,0.95, high,0,331,correct_tags,assistant,4.5100112e-08,4.4163478e-08,8.018207e-05,0.9999198,312
332,172972,72659,0.99,-pot,0,332,correct_tags,assistant,3.119638e-10,1.289575e-11,1.1407093e-05,0.99998856,313
333,72659,966,0.41,assium,0,333,correct_tags,assistant,8.0144765e-08,6.9680134e-08,5.2826537e-05,0.9999471,314
334,25306,350,0.81, blend,0,334,correct_tags,assistant,1.17784255e-11,9.243758e-12,5.6978456e-07,0.9999994,315
335,350,68,0.47, (,0,335,correct_tags,assistant,4.1847437e-12,4.3643613e-12,1.3742004e-05,0.9999863,316
336,68,1940,1.0,e,0,336,correct_tags,assistant,2.4601987e-09,7.566074e-09,1.2246958e-05,0.9999877,317
337,1940,4213,1.0,.g,0,337,correct_tags,assistant,2.2111004e-07,6.318028e-08,0.0002222609,0.9997775,318
338,4213,220,1.0,".,",0,338,correct_tags,assistant,2.7970511e-11,5.730166e-10,1.9850964e-05,0.9999801,319
339,220,20,0.82, ,0,339,correct_tags,assistant,8.434629e-08,5.1945122e-08,3.5241388e-05,0.9999646,320
340,19,12,0.93,4,0,340,correct_tags,assistant,4.6764242e-08,9.29076e-09,3.035143e-05,0.9999696,321
341,12,702,0.24,-,0,341,correct_tags,assistant,5.113019e-09,1.0723978e-08,1.463913e-05,0.99998534,322
342,702,12,1.0,10,0,342,correct_tags,assistant,1.8309082e-07,7.706565e-09,6.403324e-06,0.99999344,323
343,12,702,0.34,-,0,343,correct_tags,assistant,4.7998622e-08,2.1274005e-08,4.2746084e-05,0.9999572,324
344,702,8,1.0,10,0,344,correct_tags,assistant,2.2938397e-10,3.5029604e-11,3.799945e-07,0.99999964,325
345,8,4730,0.65,),0,345,correct_tags,assistant,1.1130021e-10,2.864387e-10,1.0297231e-06,0.9999989,326
346,4730,15310,0.85, once,0,346,correct_tags,assistant,1.8796338e-09,6.246515e-09,8.302561e-05,0.9999169,327
347,15310,13217,0.43, fruit,0,347,correct_tags,assistant,6.195175e-08,2.759269e-07,5.263248e-05,0.9999471,328
348,289,18015,0.75,ing,0,348,correct_tags,assistant,1.04456774e-07,8.600352e-07,5.9285896e-05,0.9999398,329
349,18015,558,0.5, begins,0,349,correct_tags,assistant,3.1070918e-12,5.005896e-11,3.114077e-07,0.99999964,330
350,13,43297,0.41,.,0,350,correct_tags,assistant,9.479057e-14,2.723235e-13,7.156418e-08,0.9999999,331
351,17547,290,0.47, Follow,0,351,correct_tags,assistant,1.6234136e-11,3.808041e-13,2.402553e-06,0.9999976,332
352,4208,9837,0.76, label,0,352,correct_tags,assistant,4.4442534e-09,8.019643e-10,4.834887e-05,0.9999516,333
353,15543,2322,0.47, instructions,0,353,correct_tags,assistant,1.7455981e-11,4.770043e-12,1.3146337e-06,0.9999987,334
354,395,22586,0.25, for,0,354,correct_tags,assistant,6.8416287e-11,2.576522e-11,1.0822027e-05,0.99998915,335
355,9762,50005,0.66, mix,0,355,correct_tags,assistant,1.386499e-07,6.9395824e-08,6.0903385e-06,0.9999937,336
356,69972,558,0.8, ratios,0,356,correct_tags,assistant,7.723581e-11,2.1428852e-10,1.2510764e-06,0.9999988,337
357,558,12,1.0,".
",0,357,correct_tags,assistant,3.638449e-14,9.634718e-15,2.5553044e-07,0.99999976,338
358,12,6240,1.0,-,0,358,correct_tags,assistant,5.3983883e-14,2.2667833e-14,5.0230447e-08,1.0,339
359,6240,13863,0.66, **,0,359,correct_tags,assistant,1.7985035e-11,3.0135742e-12,3.1326329e-06,0.9999969,340
360,13863,9858,0.68,Other,0,360,correct_tags,assistant,8.2644395e-14,7.697781e-14,1.677082e-08,1.0,341
361,2140,9858,0.98, key,0,361,correct_tags,assistant,1.03979095e-13,2.1485035e-13,2.325761e-08,1.0,342
362,9858,142760,0.56, tips,0,362,correct_tags,assistant,1.090545e-15,3.600529e-14,3.4272734e-09,1.0,343
363,25,1612,1.0,:,0,363,correct_tags,assistant,4.563178e-06,1.12405374e-07,2.7854663e-05,0.99996746,344
364,1612,220,1.0,"**
",0,364,correct_tags,assistant,4.8460624e-16,7.351322e-16,5.534418e-09,1.0,345
365,220,533,0.91, ,0,365,correct_tags,assistant,8.670926e-08,6.584455e-10,1.2573722e-05,0.99998736,346
366,533,6240,0.9, -,0,366,correct_tags,assistant,2.8064946e-12,9.4167614e-14,5.2622987e-08,1.0,347
367,6240,5808,0.96, **,0,367,correct_tags,assistant,3.6829407e-12,1.1770465e-12,4.725857e-06,0.99999523,348
368,5808,311,1.0,So,0,368,correct_tags,assistant,2.0823875e-06,7.7831163e-07,4.3155765e-06,0.99999285,349
369,311,275,0.58,il,0,369,correct_tags,assistant,4.0567483e-09,1.0168965e-08,4.876778e-07,0.9999995,350
370,275,39,1.0, p,0,370,correct_tags,assistant,6.613745e-05,8.6464115e-06,4.3431697e-05,0.99988174,351
371,39,142760,0.5,H,0,371,correct_tags,assistant,1.0522301e-08,6.1547194e-09,7.2914156e-07,0.9999993,352
372,142760,220,0.74,:**,0,372,correct_tags,assistant,1.9942247e-12,1.6956688e-12,4.4329443e-07,0.9999995,353
373,220,21,1.0, ,0,373,correct_tags,assistant,1.562583e-07,2.554083e-07,3.3561428e-05,0.999966,354
374,21,13,1.0,6,0,374,correct_tags,assistant,3.3117725e-05,2.6706484e-05,3.7269438e-05,0.99990284,355
375,13,15,0.95,.,0,375,correct_tags,assistant,1.4402636e-06,3.9025744e-07,2.0023588e-05,0.9999782,356
376,15,1585,0.86,0,0,376,correct_tags,assistant,6.180562e-10,1.2435948e-10,5.358806e-07,0.9999994,357
377,1585,21,1.0,–,0,377,correct_tags,assistant,6.2218573e-13,1.0513759e-12,3.099671e-07,0.99999964,358
378,21,13,1.0,6,0,378,correct_tags,assistant,1.2286398e-06,7.1315964e-07,3.516539e-05,0.9999629,359
379,13,23,1.0,.,0,379,correct_tags,assistant,2.6619211e-09,6.0960625e-11,2.8802042e-06,0.99999714,360
380,23,395,0.38,8,0,380,correct_tags,assistant,9.4306625e-09,1.923832e-09,1.8634697e-06,0.9999981,361
381,395,24174,0.6, for,0,381,correct_tags,assistant,1.1264087e-09,4.6493176e-10,5.766303e-05,0.9999423,362
382,1636,72324,0.77, best,0,382,correct_tags,assistant,3.127068e-09,6.3390226e-09,4.2082673e-05,0.9999579,363
383,72324,108958,0.99, nutrient,0,383,correct_tags,assistant,1.6635575e-08,4.45197e-08,1.508976e-07,0.99999976,364
384,108958,558,0.89, uptake,0,384,correct_tags,assistant,8.863479e-10,4.751934e-09,1.305044e-06,0.9999987,365
385,558,220,1.0,".
",0,385,correct_tags,assistant,1.8909524e-16,1.6644293e-17,3.3488434e-10,1.0,366
386,220,533,0.73, ,0,386,correct_tags,assistant,4.89266e-11,1.3875347e-10,1.6823175e-07,0.9999999,367
387,533,6240,1.0, -,0,387,correct_tags,assistant,3.176737e-10,2.0866715e-10,5.1375982e-06,0.9999949,368
388,6240,67854,0.57, **,0,388,correct_tags,assistant,1.27732755e-11,7.082273e-13,2.0534167e-06,0.999998,369
389,67854,332,0.99,Mul,0,389,correct_tags,assistant,1.02771e-07,1.4101852e-07,1.2871913e-06,0.99999845,370
390,332,142760,0.87,ch,0,390,correct_tags,assistant,3.229341e-10,2.3904773e-10,8.585106e-10,1.0,371
391,142760,28921,0.47,:**,0,391,correct_tags,assistant,5.2300156e-13,1.6129906e-12,3.1623017e-08,1.0,372
392,355,220,0.74, A,0,392,correct_tags,assistant,4.753662e-08,1.7950392e-06,4.4301605e-06,0.9999937,373
393,220,17,0.97, ,0,393,correct_tags,assistant,1.9119424e-08,3.751323e-07,4.3743353e-06,0.99999523,374
394,17,1585,0.83,2,0,394,correct_tags,assistant,1.140966e-08,2.3300679e-07,7.892534e-06,0.9999919,375
395,1585,18,0.99,–,0,395,correct_tags,assistant,3.3790052e-13,5.824731e-12,5.156857e-07,0.9999995,376
396,18,35971,0.91,3,0,396,correct_tags,assistant,4.48248e-09,4.278985e-08,2.342443e-07,0.99999976,377
397,306,10261,0.98, in,0,397,correct_tags,assistant,1.2949377e-08,6.867155e-08,1.530776e-05,0.9999846,378
398,10261,328,0.96, layer,0,398,correct_tags,assistant,4.065687e-09,5.358862e-09,5.2826124e-07,0.9999994,379
399,18295,22390,0.46, keeps,0,399,correct_tags,assistant,1.8469871e-08,5.7668636e-08,0.00013148061,0.9998684,380
400,22390,8157,0.49, soil,0,400,correct_tags,assistant,5.312427e-08,7.231539e-08,1.7642622e-05,0.99998224,381
401,8157,11,0.83, cool,0,401,correct_tags,assistant,3.550847e-08,5.2877053e-06,1.6371872e-05,0.9999783,382
402,11,87383,0.47,",",0,402,correct_tags,assistant,4.9913633e-09,1.4716733e-08,8.964582e-05,0.99991035,383
403,87383,36036,1.0, retains,0,403,correct_tags,assistant,1.9225714e-08,3.5958394e-08,0.00014661568,0.99985325,384
404,36036,11,0.99, moisture,0,404,correct_tags,assistant,9.514655e-08,2.0282314e-05,2.8097616e-05,0.9999515,385
405,11,326,1.0,",",0,405,correct_tags,assistant,5.2824173e-13,3.5699917e-12,2.906085e-07,0.99999976,386
406,326,38566,0.73, and,0,406,correct_tags,assistant,3.6133287e-08,5.6280758e-08,5.5331824e-05,0.99994457,387
407,38566,98992,0.89, reduces,0,407,correct_tags,assistant,3.1119937e-06,1.0520728e-06,0.015678411,0.9843174,388
408,98992,558,1.0, weeds,0,408,correct_tags,assistant,8.3154625e-08,2.4601533e-07,0.00060534466,0.9993943,389
409,558,220,1.0,".
",0,409,correct_tags,assistant,2.0725224e-17,5.6378004e-19,7.8643356e-11,1.0,390
410,220,533,0.96, ,0,410,correct_tags,assistant,1.8488601e-09,9.345771e-11,1.3969645e-05,0.99998605,391
411,533,6240,1.0, -,0,411,correct_tags,assistant,3.8672932e-14,1.283042e-14,4.605363e-08,1.0,392
412,6240,10768,0.54, **,0,412,correct_tags,assistant,2.1163082e-11,5.006194e-13,1.9928735e-05,0.9999801,393
413,10768,142760,1.0,Support,0,413,correct_tags,assistant,3.2393822e-07,2.1588447e-07,5.3144235e-05,0.99994636,394
414,142760,137247,0.81,:**,0,414,correct_tags,assistant,2.7892174e-12,8.1745087e-13,1.1697458e-06,0.9999988,395
415,137247,503,0.99, Stake,0,415,correct_tags,assistant,8.312324e-08,8.6798956e-08,0.00030596374,0.9996939,396
416,503,61908,0.99, or,0,416,correct_tags,assistant,2.292455e-09,6.5961814e-09,0.0013820273,0.998618,397
417,61908,6047,0.68, cage,0,417,correct_tags,assistant,2.623204e-09,1.6335827e-08,0.00023474114,0.9997652,398
418,6047,316,0.6, early,0,418,correct_tags,assistant,6.376186e-08,5.299195e-09,2.5793039e-05,0.99997413,399
419,26,55866,0.45,;,0,419,correct_tags,assistant,1.6916484e-11,5.3650535e-12,3.96305e-06,0.99999607,400
420,34110,289,0.31, erect,0,420,correct_tags,assistant,4.335425e-09,9.420936e-10,6.0482525e-05,0.99993956,401
421,289,17203,0.33,ing,0,421,correct_tags,assistant,7.32093e-08,4.7507633e-08,0.00015837018,0.99984145,402
422,290,2498,0.55, the,0,422,correct_tags,assistant,1.2213766e-07,1.4036857e-07,0.0002539514,0.9997458,403
423,2498,2254,0.46, support,0,423,correct_tags,assistant,2.278684e-09,1.5418758e-09,8.5782944e-05,0.99991417,404
424,2049,290,0.81, while,0,424,correct_tags,assistant,1.1201107e-06,1.4983844e-07,0.031147461,0.96885127,405
425,290,6804,0.97, the,0,425,correct_tags,assistant,6.3054904e-07,9.689774e-09,0.002731269,0.9972681,406
426,6804,382,0.99, plant,0,426,correct_tags,assistant,4.7411375e-10,1.0018893e-09,2.4625206e-05,0.9999753,407
427,382,2928,0.43, is,0,427,correct_tags,assistant,1.8349615e-08,1.8672112e-10,0.00670797,0.993292,408
428,2928,3291,0.92, still,0,428,correct_tags,assistant,5.271372e-07,7.101251e-09,0.013881221,0.98611826,409
429,3291,46396,0.5, small,0,429,correct_tags,assistant,4.3626752e-08,1.6480939e-10,0.0003639157,0.99963605,410
430,4787,480,0.35, makes,0,430,correct_tags,assistant,1.6533678e-09,1.0935871e-09,0.0008904765,0.99910945,411
431,135775,11087,0.76, pruning,0,431,correct_tags,assistant,8.1193133e-07,1.8970364e-07,0.0010670567,0.99893194,412
432,11087,558,0.86, easier,0,432,correct_tags,assistant,3.3003207e-09,1.0609293e-09,0.00024114337,0.9997589,413
433,558,220,1.0,".
",0,433,correct_tags,assistant,3.9101132e-17,2.0230424e-20,5.613255e-10,1.0,414
434,220,533,1.0, ,0,434,correct_tags,assistant,1.6252835e-07,7.286711e-09,4.08833e-06,0.9999957,415
435,533,6240,1.0, -,0,435,correct_tags,assistant,5.861164e-16,4.6467768e-17,1.3331587e-09,1.0,416
436,6240,2938,0.98, **,0,436,correct_tags,assistant,1.664624e-10,9.918064e-12,1.6341555e-05,0.99998367,417
437,2938,30541,0.75,Pr,0,437,correct_tags,assistant,3.166921e-06,2.0618003e-08,4.1358358e-06,0.9999927,418
438,30541,142760,0.98,uning,0,438,correct_tags,assistant,7.678781e-08,8.038944e-09,2.3949715e-06,0.9999975,419
439,142760,18141,0.82,:**,0,439,correct_tags,assistant,7.039e-12,4.1056633e-12,4.945075e-06,0.9999951,420
440,18141,31485,0.79, Remove,0,440,correct_tags,assistant,8.240521e-09,6.0282446e-11,2.4447796e-05,0.99997556,421
441,31485,409,1.0, suck,0,441,correct_tags,assistant,0.00011402785,1.2236034e-05,0.0120221805,0.98785156,422
442,409,306,0.46,ers,0,442,correct_tags,assistant,1.2598534e-07,5.210977e-09,0.0005300482,0.9994698,423
443,306,290,0.99, in,0,443,correct_tags,assistant,4.853665e-08,1.0159199e-07,0.0051900866,0.99480975,424
444,290,2758,0.79, the,0,444,correct_tags,assistant,1.574572e-08,1.504767e-08,0.0017432931,0.9982566,425
445,2758,22231,0.99, main,0,445,correct_tags,assistant,3.3577702e-08,6.119108e-09,3.3271222e-06,0.99999666,426
446,33801,316,0.36, vine,0,446,correct_tags,assistant,1.9555738e-08,1.573914e-06,3.7440324e-05,0.999961,427
447,802,1577,0.49,’s,0,447,correct_tags,assistant,1.276872e-08,1.605952e-08,0.001152914,0.998847,428
448,1577,220,0.37, first,0,448,correct_tags,assistant,1.6019864e-07,4.1553058e-08,0.00048869295,0.9995111,429
449,220,19,0.26, ,0,449,correct_tags,assistant,5.3006174e-06,1.1059641e-05,0.0071280375,0.9928556,430
450,19,1585,0.98,4,0,450,correct_tags,assistant,4.4419926e-07,5.968989e-08,0.0002486618,0.9997508,431
451,1585,21,0.65,–,0,451,correct_tags,assistant,2.2484319e-10,2.4750918e-10,0.00014664032,0.9998534,432
452,21,7449,0.38,6,0,452,correct_tags,assistant,1.571485e-09,2.1406547e-11,6.4090978e-06,0.99999356,433
453,21185,316,0.84, inches,0,453,correct_tags,assistant,1.32398075e-08,9.411647e-09,0.00039503406,0.999605,434
454,316,5184,0.52, to,0,454,correct_tags,assistant,6.2202945e-09,3.2342062e-09,0.0003336752,0.99966633,435
455,5184,5954,0.98, focus,0,455,correct_tags,assistant,1.32734455e-08,2.1593927e-08,0.00021890372,0.9997811,436
456,5954,402,1.0, energy,0,456,correct_tags,assistant,4.4515566e-10,7.5041867e-10,6.1644173e-06,0.9999938,437
457,402,15310,0.99, on,0,457,correct_tags,assistant,1.7586437e-08,1.15036105e-08,2.8159324e-05,0.99997187,438
458,15310,558,0.69, fruit,0,458,correct_tags,assistant,3.8272643e-07,1.2171729e-07,1.2610787e-05,0.9999869,439
459,558,220,1.0,".
",0,459,correct_tags,assistant,2.3193281e-16,4.292431e-20,2.6072027e-09,1.0,440
460,220,533,1.0, ,0,460,correct_tags,assistant,5.610098e-09,4.0241482e-10,3.0974846e-07,0.99999964,441
461,533,6240,1.0, -,0,461,correct_tags,assistant,5.89518e-16,1.6120944e-17,2.3566562e-09,1.0,442
462,6240,47,0.65, **,0,462,correct_tags,assistant,1.2795025e-09,7.1796964e-11,2.406017e-05,0.9999759,443
463,47,376,0.84,P,0,463,correct_tags,assistant,9.971113e-08,2.0009119e-09,9.117461e-05,0.9999087,444
464,376,3580,0.34,est,0,464,correct_tags,assistant,1.5119474e-08,8.584439e-09,3.8029898e-06,0.9999962,445
465,5621,142760,1.0, watch,0,465,correct_tags,assistant,8.841012e-11,8.87069e-11,1.02879596e-07,0.9999999,446
466,142760,16835,0.47,:**,0,466,correct_tags,assistant,4.1539768e-11,1.6535643e-11,5.1346166e-07,0.9999995,447
467,16835,448,0.88, Keep,0,467,correct_tags,assistant,6.594474e-10,9.46342e-11,1.4271016e-05,0.9999857,448
468,448,10952,1.0, an,0,468,correct_tags,assistant,3.7588524e-07,2.3169843e-08,0.00025745685,0.9997421,449
469,10952,402,0.8, eye,0,469,correct_tags,assistant,4.5236426e-11,2.7163297e-10,3.8032183e-06,0.9999962,450
470,402,72108,0.95, on,0,470,correct_tags,assistant,9.88701e-11,4.5458106e-11,2.8554134e-05,0.9999714,451
471,72108,3375,1.0, aph,0,471,correct_tags,assistant,2.2745571e-05,0.00019516112,0.0005237272,0.99925834,452
472,3375,11,0.9,ids,0,472,correct_tags,assistant,6.2168644e-09,1.3523878e-08,2.3081666e-05,0.9999769,453
473,11,6461,0.91,",",0,473,correct_tags,assistant,8.1849104e-11,2.3912503e-10,0.00013048232,0.99986947,454
474,6461,75553,1.0, white,0,474,correct_tags,assistant,0.00023892842,5.9262384e-06,0.0025735765,0.99718153,455
475,75553,11,0.99,flies,0,475,correct_tags,assistant,4.0086793e-08,9.313616e-08,1.1322749e-05,0.99998856,456
476,11,326,1.0,",",0,476,correct_tags,assistant,6.6146497e-13,1.5241561e-13,2.5837153e-07,0.99999976,457
477,326,59604,0.36, and,0,477,correct_tags,assistant,3.91497e-11,5.8351796e-11,5.1166233e-05,0.99994886,458
478,59604,39993,0.86, tomato,0,478,correct_tags,assistant,7.634515e-09,4.0549075e-09,6.0571906e-06,0.9999939,459
479,39993,173523,0.96, horn,0,479,correct_tags,assistant,8.02178e-06,1.426805e-06,0.00082312926,0.99916744,460
480,173523,26,0.87,worms,0,480,correct_tags,assistant,4.833875e-10,1.2064134e-10,2.427409e-05,0.9999757,461
481,26,1199,0.5,;,0,481,correct_tags,assistant,4.4840595e-10,6.380963e-11,9.783753e-06,0.9999902,462
482,1803,50005,0.69, hand,0,482,correct_tags,assistant,1.0767493e-07,6.9218686e-10,2.0501508e-05,0.9999794,463
483,3161,1003,0.97,-p,0,483,correct_tags,assistant,5.040116e-07,5.03839e-09,0.0013308764,0.9986687,464
484,1003,503,0.96,ick,0,484,correct_tags,assistant,5.1891487e-08,7.3460235e-08,0.00025385848,0.999746,465
485,503,1199,0.94, or,0,485,correct_tags,assistant,5.0553723e-08,4.7852136e-09,0.00017660548,0.9998234,466
486,1199,58684,0.38, use,0,486,correct_tags,assistant,2.5364236e-06,6.3675776e-07,0.0037105607,0.9962863,467
487,58684,7396,0.95, neem,0,487,correct_tags,assistant,2.1734797e-05,1.2948866e-05,0.0006650381,0.99930024,468
488,7396,538,0.86, oil,0,488,correct_tags,assistant,3.36426e-08,2.2749877e-08,6.3711406e-05,0.9999362,469
489,538,6118,0.98, if,0,489,correct_tags,assistant,2.4605354e-08,1.0058688e-08,6.6575936e-05,0.99993336,470
490,6118,364,0.46, needed,0,490,correct_tags,assistant,1.1568049e-12,4.4943023e-13,1.99272e-06,0.999998,471
491,558,220,0.91,".
",0,491,correct_tags,assistant,9.5701e-16,2.0418526e-19,4.1482666e-09,1.0,472
492,2886,1879,0.58,With,0,492,correct_tags,assistant,6.3029104e-14,7.1791664e-16,3.8955537e-09,1.0,473
493,7334,11,1.0, sun,0,493,correct_tags,assistant,1.3525403e-09,6.019398e-11,9.061375e-06,0.99999094,474
494,11,37403,0.74,",",0,494,correct_tags,assistant,7.123905e-11,6.401433e-12,1.2242427e-06,0.9999988,475
495,37403,36036,0.68, steady,0,495,correct_tags,assistant,7.6902756e-10,3.8862655e-09,1.0135315e-06,0.9999989,476
496,36036,11,1.0, moisture,0,496,correct_tags,assistant,1.5876155e-10,8.654172e-10,1.12845534e-07,0.9999999,477
497,11,32879,0.37,",",0,497,correct_tags,assistant,1.2465037e-11,2.251013e-11,2.8957632e-07,0.99999976,478
498,290,1849,1.0, the,0,498,correct_tags,assistant,3.3058906e-10,1.0335896e-10,1.9723345e-06,0.999998,479
499,1849,92224,0.78, right,0,499,correct_tags,assistant,4.4935505e-12,2.0393455e-12,1.7650521e-07,0.9999999,480
500,92224,11,0.9, fertilizer,0,500,correct_tags,assistant,1.8939168e-11,3.393406e-11,7.225779e-08,0.9999999,481
501,11,326,1.0,",",0,501,correct_tags,assistant,3.148744e-14,1.961398e-13,1.28616735e-08,1.0,482
502,326,261,0.8, and,0,502,correct_tags,assistant,2.883034e-12,1.5943385e-12,4.297446e-08,1.0,483
503,261,3546,0.53, a,0,503,correct_tags,assistant,5.5664115e-12,4.042406e-13,1.7599005e-07,0.9999999,484
504,3389,2498,0.4, little,0,504,correct_tags,assistant,1.2967062e-10,7.560044e-11,1.7721205e-06,0.9999982,485
505,135775,11,0.94, pruning,0,505,correct_tags,assistant,5.6691782e-12,4.1124157e-12,3.76554e-08,1.0,486
506,11,481,0.88,",",0,506,correct_tags,assistant,5.267348e-12,7.6095244e-13,1.9026137e-07,0.99999976,487
507,481,4720,0.99, you,0,507,correct_tags,assistant,3.5312125e-10,1.5071033e-10,1.797144e-06,0.9999982,488
508,4720,679,0.25,’ll,0,508,correct_tags,assistant,9.798181e-11,6.2779316e-11,1.3337592e-06,0.9999987,489
509,4271,261,0.62, enjoy,0,509,correct_tags,assistant,4.076059e-09,3.115926e-09,1.0456702e-05,0.9999895,490
510,93206,55866,0.91, juicy,0,510,correct_tags,assistant,6.289122e-10,2.1493662e-10,6.2581154e-07,0.9999994,491
511,55866,306,0.97, tomatoes,0,511,correct_tags,assistant,1.8340134e-10,7.9533063e-10,3.7350182e-07,0.99999964,492
512,306,261,0.48, in,0,512,correct_tags,assistant,4.7911425e-10,5.0070537e-10,2.1491627e-05,0.99997854,493
513,261,3120,0.76, a,0,513,correct_tags,assistant,5.3515214e-10,5.6299496e-11,1.660078e-05,0.99998343,494
514,3120,5503,0.68, few,0,514,correct_tags,assistant,1.5914218e-09,4.0546533e-10,1.6819879e-05,0.9999832,495
515,5503,0,0.93, months,0,515,correct_tags,assistant,4.6550045e-11,1.1706693e-11,1.05764194e-07,0.9999999,496
516,0,200002,1.0,!,0,516,correct_tags,assistant,8.3338345e-14,6.806929e-17,2.4449754e-08,1.0,497
521,18009,0,0.21,Oh,0,521,correct_tags,user,7.120102e-06,0.56339073,0.026335616,0.41026655,498
522,8157,0,0.84, cool,0,522,correct_tags,user,6.327739e-06,0.47856683,0.00018571202,0.52124107,499
523,11,484,0.07,",",0,523,correct_tags,user,6.521421e-06,0.0068160547,0.629381,0.36379635,500
524,11707,0,0.69, thanks,0,524,correct_tags,user,8.36534e-07,0.39988685,0.00017845618,0.59993386,501
525,2618,5310,0.05,!!,0,525,correct_tags,user,2.986396e-06,0.09777902,0.0039736773,0.89824426,502
526,16349,30,0.12, Where,0,526,correct_tags,user,3.3385174e-06,0.91994715,0.00033197826,0.0797176,503
527,885,290,0.25,'s,0,527,correct_tags,user,2.4635674e-06,0.98904014,0.00020859313,0.010748842,504
528,290,1636,0.05, the,0,528,correct_tags,user,5.140102e-05,0.007554975,0.03514258,0.957251,505
529,39356,30,0.19, easiest,0,529,correct_tags,user,9.232826e-06,0.98866206,8.5809086e-05,0.0112428665,506
530,2475,30,0.39, place,0,530,correct_tags,user,1.431759e-05,0.36976883,0.0006625948,0.6295543,507
531,316,220,0.04, to,0,531,correct_tags,user,1.5215426e-05,0.07123049,0.024400353,0.9043539,508
532,3839,30,0.3, grow,0,532,correct_tags,user,2.0479918e-05,0.41460186,0.014177293,0.57120043,509
533,55866,30,0.76, tomatoes,0,533,correct_tags,user,1.7089311e-06,0.062291708,0.0011465615,0.93656003,510
534,533,30,0.11, -,0,534,correct_tags,user,3.148874e-07,0.9997458,3.1273918e-05,0.00022258816,511
535,6772,30,0.48, inside,0,535,correct_tags,user,5.6658213e-05,0.007999807,0.0007487174,0.99119484,512
536,503,6772,0.26, or,0,536,correct_tags,user,4.966364e-07,0.09470576,0.00010125431,0.9051925,513
537,37495,30,0.94, outdoors,0,537,correct_tags,user,1.12947994e-07,0.0001835401,3.03804e-05,0.99978596,514
538,11,10606,0.79,",",0,538,correct_tags,user,2.5395443e-07,0.012193873,0.00025009274,0.9875558,515
539,4335,484,0.29, given,0,539,correct_tags,user,5.5531876e-07,0.7940107,0.0007874008,0.20520128,516
540,922,220,0.04, my,0,540,correct_tags,user,2.0207553e-06,0.91960555,0.00080789725,0.07958447,517
541,16093,3211,0.69, skill,0,541,correct_tags,user,2.818055e-07,0.99897987,2.7069953e-05,0.0009928144,518
542,3211,30,0.81, level,0,542,correct_tags,user,1.5774353e-06,0.8068748,0.0024652332,0.19065833,519
543,30,279,0.13,?,0,543,correct_tags,user,4.998912e-07,0.06708046,0.00087045535,0.9320486,520
544,357,1682,0.11, I,0,544,correct_tags,user,2.2942568e-06,0.95959085,0.0018211345,0.038585715,521
545,4561,306,0.3, live,0,545,correct_tags,user,6.158838e-07,0.99853384,7.0545735e-05,0.0013950138,522
546,306,220,0.54, in,0,546,correct_tags,user,0.00077035854,0.52541685,0.015630413,0.45818242,523
547,31628,11,0.62, Austin,0,547,correct_tags,user,0.0002227654,0.96092796,0.0019037125,0.036945473,524
548,11885,30,0.42, Texas,0,548,correct_tags,user,0.0007836605,0.8524051,0.016708821,0.13010249,525
549,13,31628,0.16,.,0,549,correct_tags,user,1.3491308e-05,0.9757883,0.0004638257,0.023734417,526
550,3756,481,0.29, Do,0,550,correct_tags,user,6.635481e-07,0.96088535,0.00015168055,0.038962256,527
551,481,1604,0.14, you,0,551,correct_tags,user,5.0613603e-06,0.017803364,0.0030499876,0.97914165,528
552,679,1062,0.4, have,0,552,correct_tags,user,2.7198303e-07,0.99338526,0.0014762522,0.0051383274,529
553,1062,6772,0.42, any,0,553,correct_tags,user,4.645077e-07,0.00014517175,8.7837434e-05,0.9997665,530
554,22499,30,0.57, recommendations,0,554,correct_tags,user,2.7105407e-06,0.8946484,0.00070626126,0.10464275,531
555,395,10609,0.45, for,0,555,correct_tags,user,8.871059e-05,0.82627463,0.0003815135,0.17325506,532
556,261,9282,0.91, a,0,556,correct_tags,user,6.626944e-05,0.00936009,0.03162175,0.9589519,533
557,57062,30,0.53, beginner,0,557,correct_tags,user,2.2239134e-07,0.9954912,0.00010597231,0.0044025765,534
558,30,279,0.17,?,0,558,correct_tags,user,5.051054e-06,0.29187524,0.0034227355,0.704697,535
559,8820,11,0.12, Also,0,559,correct_tags,user,1.2557091e-06,0.9985043,9.880173e-05,0.0013955819,536
560,1261,30,0.07, when,0,560,correct_tags,user,8.1086824e-07,0.9795436,9.3114955e-05,0.020362474,537
561,1757,30,0.07, should,0,561,correct_tags,user,4.6152687e-05,0.61142564,0.0032929343,0.38523534,538
562,357,1604,0.13, I,0,562,correct_tags,user,3.0555788e-05,0.050820958,0.029466504,0.91968197,539
563,6804,30,0.46, plant,0,563,correct_tags,user,6.265846e-05,0.11807771,0.01253682,0.86932284,540
564,1373,30,0.75, them,0,564,correct_tags,user,8.783117e-05,0.34557632,0.47309712,0.18123874,541
565,30,279,0.21,?,0,565,correct_tags,user,1.1147039e-06,0.009782612,0.0013415918,0.9888747,542
566,6048,30,0.06, Please,0,566,correct_tags,user,6.5888236e-07,0.9659634,0.0006508433,0.033385023,543
567,3357,480,0.12, keep,0,567,correct_tags,user,9.074783e-07,0.99076134,0.0005942226,0.008643498,544
568,480,6772,0.85, it,0,568,correct_tags,user,2.2008905e-06,0.012926962,0.0015588559,0.98551196,545
569,4022,30,0.26, short,0,569,correct_tags,user,1.889962e-06,0.11616935,0.003249205,0.8805796,546
570,326,6240,0.76, and,0,570,correct_tags,user,2.5957991e-08,3.171807e-06,0.00016170324,0.999835,547
571,4705,30,0.24, simple,0,571,correct_tags,user,7.262698e-07,0.939046,0.0009143623,0.060038906,548
572,0,200007,0.37,!,0,572,correct_tags,user,1.3993139e-07,0.0186308,0.0007646924,0.9806044,549
579,976,1825,0.99,The,0,579,correct_tags,cot,1.624546e-12,1.5666308e-09,0.81861395,0.1813861,550
580,1825,10648,0.85, user,0,580,correct_tags,cot,3.0103024e-11,3.5025966e-08,0.9849651,0.015034859,551
581,10648,261,0.41, wants,0,581,correct_tags,cot,2.5053154e-10,4.575087e-06,0.82421315,0.17578223,552
582,25,39356,0.85,:,0,582,correct_tags,cot,6.3052922e-12,4.1593472e-07,0.90296906,0.09703046,553
583,39356,2475,0.99, easiest,0,583,correct_tags,cot,6.388793e-08,0.0011722456,0.03227857,0.9665491,554
584,2475,316,0.82, place,0,584,correct_tags,cot,7.376607e-09,5.3713633e-05,0.00041856684,0.9995277,555
585,316,3839,1.0, to,0,585,correct_tags,cot,1.5754664e-09,7.3850106e-07,0.001289266,0.99871004,556
586,3839,55866,0.98, grow,0,586,correct_tags,cot,5.484997e-09,4.0329556e-05,0.042881697,0.9570779,557
587,55866,350,0.31, tomatoes,0,587,correct_tags,cot,6.347992e-08,0.0031070719,0.013751187,0.98314166,558
588,1127,6772,0.61, –,0,588,correct_tags,cot,4.1660057e-11,8.33415e-06,0.3403648,0.65962684,559
589,6772,503,0.87, inside,0,589,correct_tags,cot,4.047217e-08,3.4079705e-05,0.0014540639,0.99851185,560
590,503,37495,0.94, or,0,590,correct_tags,cot,3.1572836e-10,5.4067873e-06,0.00080498314,0.99918956,561
591,37495,11,0.41, outdoors,0,591,correct_tags,cot,7.679273e-10,1.7578115e-07,0.00026153566,0.9997383,562
592,1127,4335,0.47, –,0,592,correct_tags,cot,1.2868212e-09,9.6913005e-05,0.8186564,0.18124677,563
593,4335,16093,0.52, given,0,593,correct_tags,cot,2.7782743e-09,0.000120165365,0.6775929,0.32228693,564
594,16093,3211,0.98, skill,0,594,correct_tags,cot,2.607103e-08,0.008994018,0.01619104,0.97481495,565
595,3211,11,0.51, level,0,595,correct_tags,cot,9.016803e-10,5.7706557e-06,0.069357224,0.93063706,566
596,13,3164,0.62,.,0,596,correct_tags,cot,2.5626948e-11,8.392628e-06,0.9288637,0.07112787,567
597,72678,306,0.99, Lives,0,597,correct_tags,cot,6.9732806e-08,0.0005165211,0.94769406,0.051789302,568
598,306,31628,1.0, in,0,598,correct_tags,cot,4.202247e-06,0.003392407,0.0048458916,0.99175745,569
599,31628,11,0.65, Austin,0,599,correct_tags,cot,6.135332e-06,0.17304114,0.14895248,0.6780002,570
600,23055,13,0.93, TX,0,600,correct_tags,cot,1.7144932e-07,0.00014149182,0.026208473,0.97364986,571
601,13,118403,0.59,.,0,601,correct_tags,cot,9.043572e-10,0.00060428126,0.76085603,0.23853974,572
602,118403,395,0.96, Recommendations,0,602,correct_tags,cot,1.8076276e-09,0.0001586261,0.43729377,0.5625476,573
603,395,57062,0.61, for,0,603,correct_tags,cot,2.0418529e-08,0.0013963918,0.90569717,0.0929064,574
604,57062,13,0.8, beginner,0,604,correct_tags,cot,1.1090807e-08,0.018201793,0.24851106,0.7332871,575
605,13,4296,0.83,.,0,605,correct_tags,cot,2.4765868e-11,1.6482169e-05,0.9370132,0.06297021,576
606,4296,316,0.79, When,0,606,correct_tags,cot,1.499e-08,0.00010685832,0.8214157,0.17847738,577
607,316,6804,1.0, to,0,607,correct_tags,cot,1.4027893e-06,1.3023955e-05,0.015803665,0.98418194,578
608,6804,13,0.97, plant,0,608,correct_tags,cot,1.0291069e-08,1.8287745e-05,0.009116533,0.9908652,579
609,13,16835,0.94,.,0,609,correct_tags,cot,4.2952947e-10,1.9930007e-05,0.7243662,0.27561387,580
610,16835,4022,0.62, Keep,0,610,correct_tags,cot,1.8531723e-11,6.7827364e-07,0.5751633,0.424836,581
611,480,4022,1.0, it,0,611,correct_tags,cot,4.224165e-09,1.9798548e-05,0.031196276,0.9687839,582
612,4022,326,0.9, short,0,612,correct_tags,cot,1.7790413e-11,1.3285978e-06,0.051042832,0.94895583,583
613,326,4705,1.0, and,0,613,correct_tags,cot,3.181435e-11,6.133061e-09,0.00026628005,0.99973375,584
614,4705,13,0.96, simple,0,614,correct_tags,cot,4.775895e-10,0.00012256781,0.2520117,0.74786574,585
615,13,51441,0.47,.,0,615,correct_tags,cot,1.9981933e-13,7.337491e-11,0.05159715,0.9484028,586
616,623,6052,0.63, The,0,616,correct_tags,cot,8.38873e-12,6.489501e-10,0.67226213,0.32773787,587
617,29186,1757,0.86, assistant,0,617,correct_tags,cot,1.0957011e-11,3.074855e-09,0.9837906,0.016209416,588
618,1757,3644,0.37, should,0,618,correct_tags,cot,1.8495067e-12,3.6883614e-09,0.9124467,0.08755333,589
619,3644,82463,0.48, give,0,619,correct_tags,cot,4.0070694e-10,5.1039586e-07,0.35266912,0.64733034,590
620,82463,31926,0.34, concise,0,620,correct_tags,cot,6.61501e-10,6.6354977e-07,0.07551098,0.92448837,591
621,21561,25,0.64, suggestions,0,621,correct_tags,cot,3.247434e-10,2.3322045e-07,0.0102630565,0.9897367,592
622,25,37495,0.45,:,0,622,correct_tags,cot,1.1950609e-12,2.4747613e-09,0.021223823,0.97877616,593
623,37495,306,0.68, outdoors,0,623,correct_tags,cot,1.9943583e-08,1.0101288e-08,0.002250277,0.9977496,594
624,306,31628,0.39, in,0,624,correct_tags,cot,6.599681e-08,4.0016648e-08,0.053244624,0.9467553,595
625,6047,12860,0.98, early,0,625,correct_tags,cot,1.5992693e-05,2.645154e-05,0.084106795,0.9158508,596
626,12860,11,0.42, spring,0,626,correct_tags,cot,2.3757369e-07,6.922263e-07,0.004647397,0.9953517,597
627,1934,2174,0.83, after,0,627,correct_tags,cot,1.356561e-07,1.2551553e-06,0.048276752,0.9517219,598
628,2174,69368,1.0, last,0,628,correct_tags,cot,1.8024444e-07,2.6354633e-07,0.009385392,0.9906142,599
629,69368,11,0.45, frost,0,629,correct_tags,cot,3.6381405e-08,2.9388476e-08,0.0016584069,0.99834156,600
630,3521,65176,0.45, date,0,630,correct_tags,cot,4.9546085e-08,1.3747434e-06,0.033110853,0.9668878,601
631,350,23430,0.73, (,0,631,correct_tags,cot,2.5758624e-09,1.02761945e-07,0.45524067,0.5447592,602
632,62832,6959,0.74,maybe,0,632,correct_tags,cot,1.0880402e-10,1.5232414e-09,0.37307492,0.62692505,603
633,6959,6189,0.8, mid,0,633,correct_tags,cot,1.711092e-07,2.0011197e-07,0.6746468,0.32535285,604
634,6189,1417,1.0,-M,0,634,correct_tags,cot,8.2082615e-06,1.9210964e-05,0.037217796,0.96275485,605
635,1417,741,0.41,arch,0,635,correct_tags,cot,7.7611134e-07,5.502094e-05,0.02114742,0.97879684,606
636,741,730,0.2,).,0,636,correct_tags,cot,6.1597075e-11,1.2988136e-08,0.3659356,0.6340644,607
637,12265,31628,0.84, Since,0,637,correct_tags,cot,8.3366075e-10,1.2658971e-08,0.26305494,0.73694503,608
638,31628,853,0.46, Austin,0,638,correct_tags,cot,1.3587847e-06,6.5860804e-05,0.021685544,0.9782472,609
639,25,2174,0.47,:,0,639,correct_tags,cot,2.4545454e-08,1.1961569e-05,0.78642267,0.21356532,610
640,2174,69368,1.0, last,0,640,correct_tags,cot,7.725709e-07,3.1006396e-06,0.091494136,0.90850204,611
641,69368,2846,0.46, frost,0,641,correct_tags,cot,5.4202624e-06,2.575053e-06,0.011263552,0.9887285,612
642,2846,6959,0.77, around,0,642,correct_tags,cot,1.665019e-07,7.7018085e-06,0.5226129,0.47737923,613
643,6959,6189,0.79, mid,0,643,correct_tags,cot,4.969661e-06,1.9983092e-05,0.598114,0.40186104,614
644,7561,13,0.56, March,0,644,correct_tags,cot,8.499107e-05,0.0016003624,0.3235003,0.67481434,615
645,13,8820,0.13,.,0,645,correct_tags,cot,9.15998e-09,2.0246008e-08,0.68908554,0.3109144,616
646,62122,8601,0.4, Suggest,0,646,correct_tags,cot,2.2083549e-11,1.1581821e-09,0.40372524,0.59627473,617
647,2360,15478,0.38, using,0,647,correct_tags,cot,1.3974645e-06,8.270719e-06,0.5010529,0.49893743,618
648,15478,27154,0.98, raised,0,648,correct_tags,cot,5.3048563e-08,5.157909e-08,0.027503958,0.9724959,619
649,27154,503,0.74, beds,0,649,correct_tags,cot,1.7945979e-07,4.1559733e-07,0.08519364,0.91480577,620
650,11,35267,0.87,",",0,650,correct_tags,cot,1.3137018e-09,1.2233732e-08,0.7604695,0.23953047,621
651,35267,11,0.66, containers,0,651,correct_tags,cot,9.698264e-07,1.42047365e-05,0.02987613,0.97010875,622
652,13,51441,0.22,.,0,652,correct_tags,cot,3.1834396e-11,8.081234e-09,0.22180717,0.7781929,623
653,2214,30757,0.25, For,0,653,correct_tags,cot,5.081699e-09,2.375171e-09,0.2650418,0.73495823,624
654,69297,25,0.6, indoors,0,654,correct_tags,cot,9.619515e-06,4.4917975e-05,0.0786802,0.9212652,625
655,25,63521,0.28,:,0,655,correct_tags,cot,7.721096e-10,3.033361e-08,0.079764046,0.9202359,626
656,625,9064,0.34, not,0,656,correct_tags,cot,1.3086545e-06,1.0756848e-06,0.081282385,0.91871524,627
657,9064,395,0.2, ideal,0,657,correct_tags,cot,3.2075216e-09,1.8630157e-08,0.03137969,0.9686203,628
658,538,625,0.22, if,0,658,correct_tags,cot,5.056829e-07,1.8017651e-07,0.0643982,0.9356011,629
659,16093,3211,0.86, skill,0,659,correct_tags,cot,2.3139714e-07,8.16226e-06,0.03994804,0.96004355,630
660,4465,13,0.45, low,0,660,correct_tags,cot,7.5595445e-08,1.4527895e-06,0.111714914,0.88828355,631
661,13,51441,0.45,.,0,661,correct_tags,cot,2.4431024e-10,1.120501e-09,0.018239833,0.9817601,632
662,2632,37495,0.34, So,0,662,correct_tags,cot,1.6782012e-12,1.8730638e-10,0.25948226,0.74051774,633
663,37495,13,0.34, outdoors,0,663,correct_tags,cot,1.1506742e-07,2.6960106e-07,0.065111294,0.9348883,634
664,13,51441,0.59,.,0,664,correct_tags,cot,1.0069537e-10,5.6687705e-10,0.14992306,0.850077,635
665,51441,62191,0.19, Provide,0,665,correct_tags,cot,1.6031414e-10,2.0416277e-08,0.4804658,0.5195341,636
666,4705,10331,0.27, simple,0,666,correct_tags,cot,1.7155397e-08,1.1481919e-05,0.66689223,0.3330962,637
667,10331,13,0.73, steps,0,667,correct_tags,cot,9.4223495e-08,2.0852807e-05,0.67368865,0.32629037,638
668,13,16835,0.28,.,0,668,correct_tags,cot,5.373081e-13,2.2645454e-10,0.3390655,0.66093445,639
669,16835,480,0.36, Keep,0,669,correct_tags,cot,5.693571e-12,4.2177556e-10,0.1730491,0.8269509,640
670,4022,13,0.92, short,0,670,correct_tags,cot,8.741832e-12,7.97878e-10,0.025758095,0.974242,641
671,13,200007,0.92,.,0,671,correct_tags,cot,1.084707e-14,5.3149024e-14,0.053555783,0.9464443,642
672,46830,6052,0.3, We'll,0,672,correct_tags,cot,6.8368806e-14,2.8431259e-13,0.023926407,0.9760736,643
673,7000,13,0.51, deliver,0,673,correct_tags,cot,1.170503e-12,4.0100913e-12,0.11826402,0.881736,644
674,13,200007,1.0,.,0,674,correct_tags,cot,3.838152e-14,3.7771334e-14,0.052839175,0.9471609,645
681,410,14591,0.72,**,0,681,correct_tags,assistant,5.906684e-14,1.0650969e-11,8.068051e-07,0.99999917,646
682,36,4402,1.0,E,0,682,correct_tags,assistant,2.404372e-15,6.6334254e-13,5.4800406e-08,1.0,647
683,4402,376,1.0,asi,0,683,correct_tags,assistant,2.2394976e-12,7.416777e-11,3.0167555e-05,0.99996984,648
684,376,395,0.53,est,0,684,correct_tags,assistant,6.1797025e-13,3.1946064e-11,8.5824837e-07,0.99999917,649
685,395,261,0.84, for,0,685,correct_tags,assistant,5.9969356e-12,4.189573e-11,5.1028405e-06,0.9999949,650
686,261,57062,0.99, a,0,686,correct_tags,assistant,8.0344336e-13,7.1847224e-12,2.847887e-06,0.99999714,651
687,57062,306,1.0, beginner,0,687,correct_tags,assistant,6.313308e-13,3.2595635e-10,4.092619e-06,0.99999595,652
688,306,31628,1.0, in,0,688,correct_tags,assistant,3.7063104e-12,8.718665e-11,1.3707017e-05,0.9999863,653
689,31628,11,0.27, Austin,0,689,correct_tags,assistant,1.6819955e-11,7.302692e-10,1.4081262e-05,0.99998593,654
690,350,33879,0.74, (,0,690,correct_tags,assistant,6.5942286e-15,4.2747624e-12,1.2742997e-06,0.9999987,655
691,33879,3127,0.71,TX,0,691,correct_tags,assistant,2.0151819e-12,5.747679e-11,5.290498e-07,0.9999995,656
692,8,1127,0.83,),0,692,correct_tags,assistant,1.7693454e-14,5.3041913e-13,8.102325e-07,0.99999917,657
693,1612,12,0.99,"**
",0,693,correct_tags,assistant,3.561587e-14,8.536921e-12,6.6081344e-07,0.9999993,658
694,12,6240,0.99,-,0,694,correct_tags,assistant,4.6755904e-13,5.861648e-11,1.1584694e-05,0.99998844,659
695,6240,11977,0.3, **,0,695,correct_tags,assistant,2.6129889e-14,6.5946917e-13,7.484835e-07,0.9999993,660
696,14591,10021,0.69,Best,0,696,correct_tags,assistant,9.442801e-14,1.9931294e-12,5.3558534e-07,0.9999995,661
697,2475,142760,0.99, place,0,697,correct_tags,assistant,1.4678029e-13,1.692619e-11,6.483988e-07,0.9999994,662
698,142760,156237,0.73,:**,0,698,correct_tags,assistant,5.5185435e-16,5.691229e-14,7.73752e-08,0.9999999,663
699,6240,3227,0.97, **,0,699,correct_tags,assistant,7.4208315e-13,4.2357112e-10,1.2869098e-05,0.9999871,664
700,3227,31202,1.0,Out,0,700,correct_tags,assistant,2.2907375e-10,5.581389e-10,2.4302559e-05,0.9999757,665
701,31202,410,0.98,doors,0,701,correct_tags,assistant,5.0384756e-13,1.3556957e-11,9.125897e-07,0.99999905,666
702,410,1127,0.75,**,0,702,correct_tags,assistant,1.853587e-15,1.3150182e-13,4.3635062e-08,1.0,667
703,1127,290,0.57, –,0,703,correct_tags,assistant,3.2280388e-15,3.0732198e-12,2.9322595e-07,0.99999976,668
704,55866,54337,0.66, tomatoes,0,704,correct_tags,assistant,2.570426e-11,4.610268e-09,3.039123e-06,0.9999969,669
705,54337,306,0.94, thrive,0,705,correct_tags,assistant,2.860069e-14,7.0079892e-12,8.638446e-07,0.99999917,670
706,306,290,0.58, in,0,706,correct_tags,assistant,6.762638e-11,5.195068e-09,7.974505e-06,0.999992,671
707,3149,7334,0.99, full,0,707,correct_tags,assistant,8.92168e-11,2.8096057e-09,1.8484233e-06,0.9999981,672
708,7334,326,0.64, sun,0,708,correct_tags,assistant,3.5690075e-09,7.4000303e-07,0.0002749104,0.9997243,673
709,11,326,0.96,",",0,709,correct_tags,assistant,3.637697e-16,5.929742e-13,3.0648266e-08,1.0,674
710,326,31628,0.62, and,0,710,correct_tags,assistant,3.7735884e-14,2.270573e-11,5.232573e-08,1.0,675
711,290,9144,0.21, the,0,711,correct_tags,assistant,1.2363884e-10,1.1070648e-08,0.00034575647,0.9996542,676
712,31137,31628,0.71, mild,0,712,correct_tags,assistant,9.554368e-10,1.0982637e-08,5.7481582e-05,0.99994254,677
713,31628,16721,0.75, Austin,0,713,correct_tags,assistant,1.1556289e-13,9.899439e-12,1.6149014e-07,0.9999999,678
714,16721,350,0.27, climate,0,714,correct_tags,assistant,9.256615e-13,7.705751e-11,1.590648e-05,0.99998415,679
715,4787,480,0.54, makes,0,715,correct_tags,assistant,2.5932553e-12,4.5810425e-10,6.3846855e-05,0.9999361,680
716,10606,4224,0.38, growing,0,716,correct_tags,assistant,2.0641601e-11,9.848844e-09,0.0004200239,0.99957997,681
717,11087,1572,0.91, easier,0,717,correct_tags,assistant,7.7993034e-10,1.3645491e-07,5.6586352e-05,0.99994326,682
718,1572,30757,0.41, than,0,718,correct_tags,assistant,1.3361125e-12,1.5994453e-10,3.579226e-06,0.9999964,683
719,6700,316,0.96, trying,0,719,correct_tags,assistant,3.2637074e-12,1.818255e-10,9.1936045e-07,0.99999905,684
720,316,3357,0.62, to,0,720,correct_tags,assistant,7.538002e-09,5.6618383e-08,1.9476416e-05,0.99998045,685
721,3357,1373,0.64, keep,0,721,correct_tags,assistant,5.715484e-09,4.9747992e-09,0.000114115865,0.9998859,686
722,290,10609,0.37, the,0,722,correct_tags,assistant,1.8100737e-08,1.499998e-07,0.00041805985,0.99958175,687
723,1849,4207,0.68, right,0,723,correct_tags,assistant,6.6332015e-09,2.45805e-08,8.53806e-05,0.9999145,688
724,4207,326,0.54, light,0,724,correct_tags,assistant,7.835231e-12,1.2587141e-10,4.9826995e-06,0.999995,689
725,6772,558,0.77, inside,0,725,correct_tags,assistant,8.330515e-13,1.1914617e-10,1.9265545e-07,0.99999976,690
726,558,12,1.0,".
",0,726,correct_tags,assistant,1.9539768e-14,2.0059056e-12,5.2963594e-07,0.9999995,691
727,12,6240,1.0,-,0,727,correct_tags,assistant,8.119011e-09,1.447455e-09,0.003463922,0.996536,692
728,6240,57785,0.57, **,0,728,correct_tags,assistant,1.4416349e-13,3.6551553e-13,6.8693944e-06,0.9999931,693
729,5958,316,1.0,When,0,729,correct_tags,assistant,8.469888e-13,6.3392664e-12,5.984528e-06,0.99999404,694
730,316,6804,1.0, to,0,730,correct_tags,assistant,2.0554862e-11,1.6773455e-10,5.8742935e-06,0.99999416,695
731,6804,142760,1.0, plant,0,731,correct_tags,assistant,3.3860414e-12,1.6667317e-11,5.4839898e-06,0.9999945,696
732,25,1612,1.0,:,0,732,correct_tags,assistant,7.199119e-08,1.5271043e-07,1.701145e-05,0.9999827,697
733,1612,220,1.0,"**
",0,733,correct_tags,assistant,1.6827149e-15,1.8770485e-13,7.845095e-08,0.9999999,698
734,220,533,0.79, ,0,734,correct_tags,assistant,1.590373e-07,2.0594964e-08,0.0017453037,0.9982545,699
735,533,6240,0.38, -,0,735,correct_tags,assistant,1.797954e-11,2.2936653e-11,3.4010723e-06,0.99999654,700
736,6240,4459,0.41, **,0,736,correct_tags,assistant,8.002682e-13,1.8878416e-11,5.4524142e-05,0.9999455,701
737,6949,69368,0.99,Last,0,737,correct_tags,assistant,8.747159e-12,1.3494892e-11,4.2941747e-06,0.9999957,702
738,69368,3521,0.63, frost,0,738,correct_tags,assistant,1.1816932e-11,1.966951e-12,7.7321786e-08,0.9999999,703
739,3521,142760,0.79, date,0,739,correct_tags,assistant,1.264047e-11,3.7285317e-10,1.2662666e-06,0.9999987,704
740,142760,6574,0.38,:**,0,740,correct_tags,assistant,1.5240525e-14,4.810646e-13,4.7958947e-06,0.99999523,705
741,6959,50005,1.0, mid,0,741,correct_tags,assistant,1.2389025e-12,4.113961e-13,1.384044e-06,0.99999857,706
742,6189,1417,1.0,-M,0,742,correct_tags,assistant,9.9978145e-14,3.543249e-13,2.909718e-07,0.99999976,707
743,1417,350,0.6,arch,0,743,correct_tags,assistant,7.1832887e-12,2.1840882e-11,2.5003257e-07,0.99999976,708
744,350,42235,0.4, (,0,744,correct_tags,assistant,1.6133583e-12,5.5148156e-12,2.7692581e-06,0.99999726,709
745,160401,7561,0.66,approximately,0,745,correct_tags,assistant,1.2372057e-12,5.8553477e-13,0.00012076671,0.99987924,710
746,7561,35971,0.6, March,0,746,correct_tags,assistant,1.3032619e-09,1.4636217e-08,6.184839e-06,0.9999938,711
747,220,1055,0.76, ,0,747,correct_tags,assistant,2.3550491e-08,9.071491e-09,0.00017916031,0.9998209,712
748,1055,1585,0.5,15,0,748,correct_tags,assistant,7.891982e-12,8.386034e-12,2.0708323e-05,0.99997926,713
749,1585,455,0.99,–,0,749,correct_tags,assistant,6.032128e-12,1.4211521e-10,2.0824174e-05,0.99997914,714
750,455,741,0.62,20,0,750,correct_tags,assistant,7.5257286e-13,8.774922e-13,1.0393661e-06,0.9999989,715
751,6294,220,1.0,").
",0,751,correct_tags,assistant,4.4979341e-13,1.4099935e-11,3.0331325e-06,0.999997,716
752,220,533,1.0, ,0,752,correct_tags,assistant,1.5236348e-10,8.135163e-09,9.9774355e-05,0.9999002,717
753,533,6240,0.56, -,0,753,correct_tags,assistant,1.0234628e-13,8.454652e-12,7.465551e-07,0.9999993,718
754,6240,57785,0.87, **,0,754,correct_tags,assistant,3.020324e-11,1.0472785e-10,4.561811e-05,0.99995434,719
755,57785,171333,0.8,Plant,0,755,correct_tags,assistant,9.75052e-10,1.5844195e-10,0.00034040114,0.99965966,720
756,142760,7972,0.25,:**,0,756,correct_tags,assistant,1.7474803e-14,1.5625855e-13,1.6929702e-06,0.99999833,721
757,220,17,0.76, ,0,757,correct_tags,assistant,2.5846457e-08,1.7445071e-09,0.0043601543,0.9956398,722
758,16,1585,0.99,1,0,758,correct_tags,assistant,1.5766654e-08,8.28584e-10,0.0040376266,0.9959623,723
759,1585,17,1.0,–,0,759,correct_tags,assistant,1.9908324e-13,1.5172855e-14,3.1571744e-05,0.9999684,724
760,17,7449,0.9,2,0,760,correct_tags,assistant,1.120442e-11,1.4698935e-12,9.978844e-05,0.9999002,725
761,7449,1934,1.0, weeks,0,761,correct_tags,assistant,1.1333025e-10,1.3245229e-10,4.9736493e-05,0.9999503,726
762,1934,290,0.62, after,0,762,correct_tags,assistant,2.5184039e-11,4.8333965e-11,4.0794246e-05,0.99995923,727
763,484,11,0.71, that,0,763,correct_tags,assistant,2.2263556e-13,4.173392e-12,4.644082e-07,0.9999995,728
764,11,1261,0.6,",",0,764,correct_tags,assistant,7.9574246e-14,1.8167098e-12,1.3081292e-06,0.9999987,729
765,1261,22390,0.58, when,0,765,correct_tags,assistant,2.8162323e-11,2.0874455e-10,0.0005382882,0.9994617,730
766,290,22390,0.99, the,0,766,correct_tags,assistant,1.7607507e-08,1.5649205e-09,0.00020988227,0.99979013,731
767,22390,382,0.71, soil,0,767,correct_tags,assistant,1.0195738e-08,5.9998875e-08,0.00012153261,0.9998784,732
768,382,9144,0.75, is,0,768,correct_tags,assistant,3.6271752e-12,4.0410172e-11,1.6706314e-05,0.9999833,733
769,5151,220,1.0, above,0,769,correct_tags,assistant,1.353744e-09,4.7883026e-09,2.5006716e-06,0.9999975,734
770,220,1910,0.82, ,0,770,correct_tags,assistant,2.1919804e-09,3.284932e-10,6.6647485e-06,0.9999933,735
771,3152,35971,0.98,55,0,771,correct_tags,assistant,5.1490523e-10,1.9416936e-10,9.3769967e-07,0.99999905,736
772,68854,350,0.75,°F,0,772,correct_tags,assistant,1.4415313e-10,2.8237004e-10,2.1899796e-06,0.99999785,737
773,350,1311,0.94, (,0,773,correct_tags,assistant,3.8121915e-11,1.6053716e-11,1.2653813e-05,0.99998736,738
774,1311,26557,0.99,13,0,774,correct_tags,assistant,2.0945132e-08,1.9322546e-09,2.0335392e-05,0.9999796,739
775,26557,8,0.51,°C,0,775,correct_tags,assistant,3.192974e-10,1.1545194e-09,7.1754894e-06,0.99999285,740
776,6294,12,0.99,").
",0,776,correct_tags,assistant,4.0815275e-14,1.8398721e-13,4.800196e-07,0.9999995,741
777,12,6240,1.0,-,0,777,correct_tags,assistant,1.1262108e-14,2.1900429e-13,2.9135722e-07,0.99999976,742
778,6240,28903,0.79, **,0,778,correct_tags,assistant,8.0748356e-14,2.0150833e-14,7.64647e-07,0.9999993,743
779,28903,41372,0.64,Quick,0,779,correct_tags,assistant,7.8524085e-13,5.4227265e-12,4.1140897e-06,0.9999958,744
780,9858,25,0.74, tips,0,780,correct_tags,assistant,4.4208153e-15,8.557866e-14,2.4468653e-07,0.99999976,745
781,25,1612,1.0,:,0,781,correct_tags,assistant,1.5494054e-08,3.799058e-10,5.3886124e-05,0.9999461,746
782,1612,220,1.0,"**
",0,782,correct_tags,assistant,1.1917863e-14,8.6820796e-13,4.4850145e-07,0.9999995,747
783,220,533,0.73, ,0,783,correct_tags,assistant,1.9261906e-13,7.617065e-14,1.057583e-06,0.9999989,748
784,220,16,1.0, ,0,784,correct_tags,assistant,2.979459e-11,4.2293322e-10,3.742606e-06,0.9999963,749
785,16,13,1.0,1,0,785,correct_tags,assistant,1.6617121e-14,7.177142e-14,6.7956074e-07,0.9999993,750
786,13,6240,0.47,.,0,786,correct_tags,assistant,5.922751e-12,7.2665365e-13,5.241581e-06,0.99999475,751
787,7649,261,0.98, Use,0,787,correct_tags,assistant,6.6194007e-13,4.0572786e-13,3.2418775e-06,0.9999968,752
788,261,15478,0.86, a,0,788,correct_tags,assistant,3.1616956e-11,1.074212e-11,2.4142062e-05,0.9999758,753
789,6240,143866,0.99, **,0,789,correct_tags,assistant,2.209356e-16,3.9513796e-16,1.61249e-07,0.9999999,754
790,143866,3737,1.0,raised,0,790,correct_tags,assistant,1.1636601e-13,3.834929e-14,1.7268486e-07,0.9999999,755
791,3737,503,0.81, bed,0,791,correct_tags,assistant,2.4548239e-12,5.095633e-13,2.5955524e-06,0.9999974,756
792,503,4410,0.55, or,0,792,correct_tags,assistant,2.088196e-13,1.6162303e-12,5.77039e-06,0.9999943,757
793,4410,9282,0.61, large,0,793,correct_tags,assistant,1.3536475e-08,1.0566258e-07,0.003510817,0.99648905,758
794,9282,410,1.0, container,0,794,correct_tags,assistant,1.2493806e-10,6.285892e-10,3.1924055e-06,0.9999968,759
795,410,483,0.44,**,0,795,correct_tags,assistant,6.0556445e-14,2.7078537e-14,8.504382e-07,0.99999917,760
796,350,266,0.39, (,0,796,correct_tags,assistant,3.3223773e-12,3.7213618e-12,1.02853355e-05,0.99998975,761
797,899,1585,0.57,12,0,797,correct_tags,assistant,2.4300406e-09,1.7324137e-09,9.725805e-06,0.9999902,762
798,1585,1157,0.56,–,0,798,correct_tags,assistant,4.9508856e-12,8.092299e-12,1.2092914e-05,0.99998796,763
799,1157,35971,0.66,18,0,799,correct_tags,assistant,3.5104555e-11,2.277309e-12,1.178055e-06,0.9999988,764
800,306,8103,0.52, in,0,800,correct_tags,assistant,5.3329086e-10,9.6729784e-11,3.6849295e-05,0.99996316,765
801,8103,8,0.96, deep,0,801,correct_tags,assistant,2.6535912e-10,5.845544e-11,6.605564e-07,0.9999993,766
802,6294,220,1.0,").
",0,802,correct_tags,assistant,3.849667e-14,4.4796056e-14,7.4086266e-08,0.9999999,767
803,220,220,1.0, ,0,803,correct_tags,assistant,7.411778e-08,9.000185e-10,0.00017552167,0.99982446,768
804,220,17,1.0, ,0,804,correct_tags,assistant,3.5090396e-11,8.6039585e-13,1.9152115e-07,0.99999976,769
805,17,13,1.0,2,0,805,correct_tags,assistant,1.4667219e-15,8.377242e-15,1.1547307e-08,1.0,770
806,13,4063,0.3,.,0,806,correct_tags,assistant,4.0954896e-12,4.5612775e-14,2.6241923e-06,0.9999974,771
807,16835,290,0.46, Keep,0,807,correct_tags,assistant,8.4596116e-13,1.4409558e-13,1.188925e-06,0.9999988,772
808,22390,23364,0.27, soil,0,808,correct_tags,assistant,1.1630904e-10,7.203345e-11,1.2008671e-06,0.9999988,773
809,30230,11,0.89, loose,0,809,correct_tags,assistant,3.8271997e-10,2.587871e-09,5.5994938e-06,0.9999944,774
810,326,1775,0.32, and,0,810,correct_tags,assistant,3.233754e-11,1.3784296e-10,1.5390684e-06,0.99999845,775
811,10358,350,0.61, rich,0,811,correct_tags,assistant,8.011565e-12,1.2288208e-10,3.4778625e-07,0.99999964,776
812,350,964,0.87, (,0,812,correct_tags,assistant,5.234599e-13,1.2354574e-12,1.3700359e-06,0.9999987,777
813,964,57813,1.0,add,0,813,correct_tags,assistant,4.1983613e-12,5.411396e-12,1.5006442e-06,0.99999845,778
814,57813,6294,0.55, compost,0,814,correct_tags,assistant,1.3693689e-11,1.4462329e-09,4.0602235e-06,0.99999595,779
815,11,220,0.57,",",0,815,correct_tags,assistant,9.090909e-13,2.5996285e-11,1.5209448e-06,0.99999845,780
816,220,16,0.5, ,0,816,correct_tags,assistant,3.850939e-11,7.7481604e-11,7.762541e-05,0.9999224,781
817,16,1585,0.42,1,0,817,correct_tags,assistant,4.3969817e-11,2.7190217e-11,0.00013613781,0.99986386,782
818,14,19,0.57,/,0,818,correct_tags,assistant,4.568196e-09,1.4935908e-09,0.00013358932,0.99986637,783
819,17,11531,0.92,2,0,819,correct_tags,assistant,2.213992e-10,7.590506e-11,0.00064565014,0.9993543,784
820,11531,777,0.9, cup,0,820,correct_tags,assistant,1.13712394e-10,4.7567056e-10,9.382048e-05,0.9999062,785
821,777,13749,0.38, per,0,821,correct_tags,assistant,8.897841e-11,6.278442e-12,0.0006041587,0.99939585,786
822,13749,6428,0.99, square,0,822,correct_tags,assistant,1.9067109e-07,4.9017973e-07,0.0005682624,0.9994311,787
823,6428,6294,0.94, foot,0,823,correct_tags,assistant,1.0098289e-09,7.114879e-10,6.832135e-06,0.9999932,788
824,6294,220,1.0,").
",0,824,correct_tags,assistant,2.0676176e-14,5.3170642e-15,1.01373265e-08,1.0,789
825,220,220,1.0, ,0,825,correct_tags,assistant,1.9355677e-11,1.4093332e-12,1.6271015e-06,0.99999833,790
826,220,18,1.0, ,0,826,correct_tags,assistant,1.0677455e-12,2.410215e-13,1.6268698e-08,1.0,791
827,18,13,1.0,3,0,827,correct_tags,assistant,2.130944e-15,1.0114834e-14,3.961612e-09,1.0,792
828,13,12303,0.74,.,0,828,correct_tags,assistant,2.9977574e-12,1.4663973e-13,3.138482e-06,0.9999969,793
829,12303,220,0.36, Water,0,829,correct_tags,assistant,1.4086801e-11,6.3766076e-11,2.0327717e-07,0.99999976,794
830,220,16,0.98, ,0,830,correct_tags,assistant,4.699456e-13,4.0992432e-13,1.567436e-06,0.99999845,795
831,16,1585,0.78,1,0,831,correct_tags,assistant,5.910794e-13,3.7498677e-14,1.1240302e-07,0.9999999,796
832,1585,16,0.59,–,0,832,correct_tags,assistant,8.207126e-16,1.8388245e-16,2.953373e-09,1.0,797
833,17,35971,0.59,2,0,833,correct_tags,assistant,2.310003e-13,2.487823e-14,4.312777e-08,1.0,798
834,21185,777,0.91, inches,0,834,correct_tags,assistant,8.050067e-09,5.732648e-10,2.5871277e-06,0.9999974,799
835,777,2384,1.0, per,0,835,correct_tags,assistant,1.83765e-11,4.235242e-12,4.42398e-06,0.9999956,800
836,2384,26,0.57, week,0,836,correct_tags,assistant,1.1574671e-12,4.572223e-13,3.402816e-08,1.0,801
837,350,8229,0.87, (,0,837,correct_tags,assistant,8.56342e-14,3.285079e-14,2.0551251e-08,1.0,802
838,8229,306,0.4,more,0,838,correct_tags,assistant,3.2073118e-12,1.4270138e-13,1.8562795e-07,0.99999976,803
839,402,3648,0.96, on,0,839,correct_tags,assistant,1.4743187e-13,1.4153946e-15,3.0468225e-08,1.0,804
840,3648,3376,0.94, hot,0,840,correct_tags,assistant,3.4716335e-10,1.8771378e-09,5.1780427e-07,0.9999995,805
841,3376,6294,0.89, days,0,841,correct_tags,assistant,4.90012e-10,2.4033726e-09,3.1075967e-06,0.9999969,806
842,6294,220,1.0,").
",0,842,correct_tags,assistant,8.9571696e-17,1.7676048e-16,1.9596698e-10,1.0,807
843,220,220,1.0, ,0,843,correct_tags,assistant,1.6974e-13,6.122755e-14,1.1294433e-08,1.0,808
844,220,19,1.0, ,0,844,correct_tags,assistant,5.625167e-10,2.7686023e-10,9.22304e-07,0.99999905,809
845,19,13,1.0,4,0,845,correct_tags,assistant,5.1827468e-17,2.3972e-16,1.9024769e-10,1.0,810
846,13,137247,0.61,.,0,846,correct_tags,assistant,1.4148558e-13,5.572638e-15,2.9719098e-07,0.99999976,811
847,34785,332,1.0, Mul,0,847,correct_tags,assistant,1.7666159e-09,1.4396083e-09,3.5345147e-07,0.99999964,812
848,332,11,0.35,ch,0,848,correct_tags,assistant,6.634624e-14,3.2139232e-14,1.1794429e-09,1.0,813
849,483,43456,0.99, with,0,849,correct_tags,assistant,5.955181e-11,4.624193e-10,2.8851173e-07,0.99999976,814
850,43456,503,0.94, straw,0,850,correct_tags,assistant,4.3487852e-10,2.9779738e-08,2.6884632e-07,0.99999964,815
851,503,129197,0.49, or,0,851,correct_tags,assistant,1.2434583e-13,2.785387e-12,7.124766e-08,0.9999999,816
852,9297,31181,1.0, wood,0,852,correct_tags,assistant,2.6761542e-09,2.0414466e-10,1.2262597e-06,0.9999988,817
853,31181,316,0.7, chips,0,853,correct_tags,assistant,2.6216193e-12,2.6365123e-12,2.5162282e-07,0.99999976,818
854,316,3357,0.61, to,0,854,correct_tags,assistant,1.1819859e-11,1.03919526e-10,5.1606503e-07,0.9999995,819
855,3357,36036,0.54, keep,0,855,correct_tags,assistant,1.3590798e-10,1.7502463e-10,1.851172e-05,0.9999815,820
856,22390,8157,0.92, soil,0,856,correct_tags,assistant,3.582245e-10,5.0525173e-10,2.3260684e-06,0.9999976,821
857,8157,558,0.65, cool,0,857,correct_tags,assistant,1.1364232e-11,6.4329403e-10,1.0395858e-07,0.9999999,822
858,558,220,0.99,".
",0,858,correct_tags,assistant,2.091528e-17,9.104048e-19,5.945343e-11,1.0,823
859,220,220,1.0, ,0,859,correct_tags,assistant,6.6885765e-17,3.784221e-17,4.0058548e-10,1.0,824
860,220,20,1.0, ,0,860,correct_tags,assistant,3.7617626e-12,2.2886157e-12,1.2128237e-07,0.9999999,825
861,20,13,1.0,5,0,861,correct_tags,assistant,2.7433232e-16,8.936282e-17,3.671251e-09,1.0,826
862,13,137247,0.92,.,0,862,correct_tags,assistant,5.004618e-13,4.1728028e-15,9.238632e-07,0.99999905,827
863,137247,503,0.82, Stake,0,863,correct_tags,assistant,2.4423877e-10,1.9413152e-10,1.2777551e-05,0.99998724,828
864,503,61908,1.0, or,0,864,correct_tags,assistant,5.57642e-13,3.023779e-13,3.7630666e-06,0.9999962,829
865,61908,6047,0.55, cage,0,865,correct_tags,assistant,8.064677e-12,3.1712976e-11,1.6615004e-06,0.99999833,830
866,6047,26,0.5, early,0,866,correct_tags,assistant,1.8769446e-12,2.9591685e-12,7.263197e-07,0.9999993,831
867,11,140388,0.65,",",0,867,correct_tags,assistant,2.366772e-14,3.7201968e-14,2.5453707e-08,1.0,832
868,140388,31485,0.72, prune,0,868,correct_tags,assistant,1.6617948e-11,2.8028244e-12,2.7335471e-07,0.99999976,833
869,261,3120,0.65, a,0,869,correct_tags,assistant,4.0890386e-10,5.2424788e-12,6.456932e-06,0.99999356,834
870,3120,31485,0.83, few,0,870,correct_tags,assistant,1.3119693e-11,1.1020713e-12,8.630421e-06,0.9999914,835
871,31485,409,1.0, suck,0,871,correct_tags,assistant,3.0576632e-09,1.2645766e-09,1.257582e-05,0.99998736,836
872,409,11,0.48,ers,0,872,correct_tags,assistant,5.276294e-13,1.4231647e-13,3.0521508e-07,0.99999964,837
873,11,326,0.94,",",0,873,correct_tags,assistant,2.1193512e-15,2.7711657e-15,2.0325075e-08,1.0,838
874,42812,750,1.0, fertil,0,874,correct_tags,assistant,3.8912832e-13,8.7335217e-13,2.2581628e-09,1.0,839
875,750,483,0.83,ize,0,875,correct_tags,assistant,5.232894e-15,6.8971115e-15,6.9319235e-09,1.0,840
876,483,261,0.87, with,0,876,correct_tags,assistant,3.8394618e-13,7.879563e-14,4.8412595e-08,1.0,841
877,261,59604,0.76, a,0,877,correct_tags,assistant,1.5215586e-11,1.0200465e-11,1.8420673e-06,0.9999982,842
878,59604,50005,0.83, tomato,0,878,correct_tags,assistant,1.6546413e-10,5.8429966e-10,3.0486947e-07,0.99999964,843
879,31999,7685,0.3,-specific,0,879,correct_tags,assistant,2.055701e-12,3.8452093e-12,3.4113228e-08,1.0,844
880,220,19,0.92, ,0,880,correct_tags,assistant,1.2084128e-12,3.6090152e-13,4.66932e-08,1.0,845
881,19,50005,0.45,4,0,881,correct_tags,assistant,1.3777164e-10,4.3752805e-12,2.8522717e-07,0.99999976,846
882,12,702,1.0,-,0,882,correct_tags,assistant,3.777524e-12,7.916131e-12,2.4326114e-08,1.0,847
883,702,12,1.0,10,0,883,correct_tags,assistant,4.848344e-09,8.814695e-11,1.4974432e-07,0.9999999,848
884,12,702,1.0,-,0,884,correct_tags,assistant,2.8089315e-12,3.194917e-13,1.1270008e-08,1.0,849
885,702,1934,0.51,10,0,885,correct_tags,assistant,1.6083093e-11,4.298197e-13,6.956085e-08,0.9999999,850
886,4730,15310,0.93, once,0,886,correct_tags,assistant,1.8571583e-12,5.8294136e-13,1.1534516e-06,0.9999988,851
887,15310,13217,0.61, fruit,0,887,correct_tags,assistant,8.27959e-13,4.126612e-13,3.4143365e-08,1.0,852
888,289,13217,0.96,ing,0,888,correct_tags,assistant,5.3125915e-12,1.7820334e-11,7.380489e-08,0.9999999,853
889,13217,364,0.9, starts,0,889,correct_tags,assistant,2.1881256e-14,3.9675e-14,4.5018016e-09,1.0,854
890,558,12,0.55,".
",0,890,correct_tags,assistant,3.878429e-16,9.721687e-18,6.4331734e-10,1.0,855
891,7924,802,1.0,That,0,891,correct_tags,assistant,2.5390887e-14,8.3025704e-16,1.5974578e-09,1.0,856
892,802,480,0.6,’s,0,892,correct_tags,assistant,8.0371916e-15,2.793774e-15,4.8831122e-08,1.0,857
893,480,2322,0.8, it,0,893,correct_tags,assistant,1.6593352e-13,1.4897125e-13,2.7028184e-07,0.99999976,858
894,2322,21998,0.32,—,0,894,correct_tags,assistant,3.1276803e-14,1.1835094e-14,8.045579e-08,0.9999999,859
895,21998,1934,0.72,plant,0,895,correct_tags,assistant,3.7939485e-11,8.106734e-13,4.3145348e-05,0.99995685,860
896,37495,1934,0.49, outdoors,0,896,correct_tags,assistant,1.503389e-11,3.886771e-13,2.451813e-06,0.9999975,861
897,1934,6959,0.49, after,0,897,correct_tags,assistant,9.517786e-13,9.597334e-14,1.1557948e-06,0.9999988,862
898,290,2174,0.9, the,0,898,correct_tags,assistant,3.7864165e-12,5.5479633e-13,4.9632183e-07,0.9999995,863
899,2174,69368,1.0, last,0,899,correct_tags,assistant,2.6016153e-12,4.0160082e-13,4.1557524e-08,1.0,864
900,69368,11,0.88, frost,0,900,correct_tags,assistant,4.3914067e-13,1.0908862e-15,1.2459449e-08,1.0,865
901,11,3644,0.67,",",0,901,correct_tags,assistant,2.0451948e-13,5.988021e-14,2.278325e-07,0.99999976,866
902,3357,480,0.38, keep,0,902,correct_tags,assistant,1.2027829e-13,7.109347e-15,8.068492e-08,0.9999999,867
903,480,46726,0.93, it,0,903,correct_tags,assistant,1.1490896e-12,8.2451163e-13,9.2354605e-07,0.99999905,868
904,46726,11,0.56, sunny,0,904,correct_tags,assistant,1.5055097e-12,3.563847e-13,6.1309656e-08,0.9999999,869
905,11,23364,0.41,",",0,905,correct_tags,assistant,3.901299e-14,6.340385e-14,5.4354974e-08,1.0,870
906,326,481,0.78, and,0,906,correct_tags,assistant,1.3178732e-13,4.656472e-14,5.0430028e-08,1.0,871
907,481,4720,0.99, you,0,907,correct_tags,assistant,8.139909e-13,3.0561597e-13,8.5859955e-07,0.99999917,872
908,4720,679,0.47,’ll,0,908,correct_tags,assistant,1.3848514e-12,3.9959938e-13,7.363026e-07,0.9999993,873
909,413,77218,0.54, be,0,909,correct_tags,assistant,1.1364011e-10,9.5778515e-12,1.6366434e-05,0.99998367,874
910,402,634,0.96, on,0,910,correct_tags,assistant,8.370433e-09,3.0200142e-10,0.00070147077,0.99929845,875
911,634,2006,1.0, your,0,911,correct_tags,assistant,7.588589e-08,4.6849213e-09,0.00065565447,0.9993443,876
912,2006,316,0.83, way,0,912,correct_tags,assistant,3.570408e-13,3.1893837e-13,1.379961e-06,0.99999857,877
913,316,261,0.35, to,0,913,correct_tags,assistant,1.4765962e-10,1.5593554e-10,1.4440214e-05,0.9999856,878
914,8982,55866,0.76, fresh,0,914,correct_tags,assistant,6.062952e-10,9.679748e-12,1.1769267e-05,0.9999882,879
915,55866,0,0.94, tomatoes,0,915,correct_tags,assistant,1.9943583e-11,6.653015e-12,5.7562966e-07,0.9999994,880
916,1703,200002,0.46,"!

",0,916,correct_tags,assistant,1.16963646e-14,3.9033046e-16,1.5803241e-08,1.0,881
917,37408,66241,0.84,Happy,0,917,correct_tags,assistant,4.2671655e-13,5.6461437e-14,5.180922e-08,1.0,882
918,66241,0,1.0, gardening,0,918,correct_tags,assistant,2.1004264e-14,4.811731e-14,3.300237e-08,1.0,883
919,0,200002,0.92,!,0,919,correct_tags,assistant,1.452829e-14,4.4620515e-16,7.940205e-08,0.9999999,884
920,130321,109,0.96, 🌱,0,920,correct_tags,assistant,1.0910739e-10,2.0155601e-11,4.4154025e-05,0.9999559,885
921,109,200002,0.99,,0,921,correct_tags,assistant,8.711738e-12,1.5186651e-12,1.1439124e-06,0.9999988,886
36,3575,665,0.26,You,1,923,no_tags,system,0.9999697,3.0319408e-05,9.563272e-17,1.633229e-11,0
37,553,4335,0.29, are,1,924,no_tags,system,0.8817458,0.1182266,2.7530074e-05,3.4051187e-08,1
38,17554,162016,1.0, Chat,1,925,no_tags,system,0.2778219,0.7188011,0.0033770704,3.5156172e-10,2
39,162016,11,0.7,GPT,1,926,no_tags,system,0.0018726933,0.47905642,0.5190709,7.2966113e-09,3
40,11,261,0.88,",",1,927,no_tags,system,0.008175554,0.0046220943,0.9872022,8.185726e-08,4
41,261,4410,0.99, a,1,928,no_tags,system,6.0315393e-05,2.4370343e-05,0.99991524,1.09862384e-07,5
42,4410,6439,1.0, large,1,929,no_tags,system,9.571471e-05,0.0015188752,0.9983796,5.888492e-06,6
43,6439,2359,1.0, language,1,930,no_tags,system,0.51461875,0.06866452,0.41638687,0.00032977556,7
44,2359,22203,0.98, model,1,931,no_tags,system,0.0006013404,0.008252529,0.99112225,2.385679e-05,8
45,22203,656,0.99, trained,1,932,no_tags,system,0.016704058,0.00062621495,0.9824662,0.00020358976,9
46,656,7788,1.0, by,1,933,no_tags,system,0.16076525,0.0010248597,0.8379141,0.00029571718,10
47,7788,17527,1.0, Open,1,934,no_tags,system,0.7978519,0.20199066,0.00015716696,2.90761e-07,11
48,17527,3692,0.28,AI,1,935,no_tags,system,0.15794705,0.024628561,0.8174216,2.7576746e-06,12
49,558,2167,0.27,".
",1,936,no_tags,system,0.12949066,0.86775345,0.002755857,1.0033254e-09,13
50,87447,100594,0.92,Knowledge,1,937,no_tags,system,0.10698388,0.87074405,0.022271348,6.8362414e-07,14
51,100594,25,0.76, cutoff,1,938,no_tags,system,0.004088521,0.27056998,0.72533035,1.1166282e-05,15
52,25,220,1.0,:,1,939,no_tags,system,0.01683757,0.9830589,0.000103442886,3.8392253e-10,16
53,220,1323,0.5, ,1,940,no_tags,system,0.39315084,0.5983672,0.0042850142,0.0041969423,17
54,1323,16,0.96,202,1,941,no_tags,system,0.035975743,0.962781,0.0012416166,1.6341008e-06,18
55,19,50005,0.43,4,1,942,no_tags,system,0.0072443318,0.9540079,0.038745247,2.3653502e-06,19
56,12,3173,0.54,-,1,943,no_tags,system,0.006749475,0.9278344,0.065416135,1.4716733e-07,20
57,3218,12,0.79,06,1,944,no_tags,system,0.0007364278,0.9826911,0.016558362,1.4223886e-05,21
58,198,2167,0.57,"
",1,945,no_tags,system,0.0004239296,0.9983681,0.001208057,1.4663842e-09,22
59,6576,3521,0.59,Current,1,946,no_tags,system,0.14010316,0.8395272,0.02032938,4.0182076e-05,23
60,3521,25,0.97, date,1,947,no_tags,system,0.0711895,0.60921437,0.31959105,5.122098e-06,24
61,25,220,0.92,:,1,948,no_tags,system,0.0013487142,0.99301964,0.0056314934,2.1959161e-07,25
62,220,23,0.11, ,1,949,no_tags,system,0.020153191,0.97944885,0.00038860238,9.468184e-06,26
63,1323,18,0.28,202,1,950,no_tags,system,0.13512376,0.8648617,1.4425775e-05,1.1336133e-07,27
64,20,30,0.5,5,1,951,no_tags,system,0.001194585,0.9797428,0.019062603,2.2394898e-08,28
65,12,5310,0.24,-,1,952,no_tags,system,7.2178336e-05,0.9989016,0.0010261951,5.403899e-10,29
66,702,30,0.56,10,1,953,no_tags,system,1.00841635e-05,0.9983047,0.0016843476,7.944564e-07,30
67,12,899,0.25,-,1,954,no_tags,system,0.1119378,0.8880219,3.9911734e-05,4.728781e-07,31
68,2290,220,0.33,01,1,955,no_tags,system,0.0014807984,0.99518836,0.0033304826,3.3813012e-07,32
69,279,2167,0.9,"

",1,956,no_tags,system,8.372478e-05,0.96483797,0.035078336,4.231305e-08,33
70,30377,289,0.99,Reason,1,957,no_tags,system,0.019468445,0.94057727,0.039883308,7.098847e-05,34
71,289,10331,0.44,ing,1,958,no_tags,system,0.0015188801,0.99799395,0.0004871679,1.5881021e-08,35
72,25,623,0.38,:,1,959,no_tags,system,0.0020209365,0.99373335,0.0042456756,1.9124773e-08,36
73,14093,30,0.41, medium,1,960,no_tags,system,0.0071389186,0.4745634,0.5182547,4.2978994e-05,37
74,198,2167,0.89,"
",1,961,no_tags,system,2.8568125e-05,0.9988959,0.001075471,9.737521e-09,38
75,2,55556,0.18,#,1,962,no_tags,system,0.0029114387,0.89484525,0.10224135,1.916522e-06,39
76,13888,5310,0.41, Valid,1,963,no_tags,system,0.002667567,0.01971249,0.97760254,1.7375794e-05,40
77,18403,25,0.36, channels,1,964,no_tags,system,0.0014923587,0.013529647,0.98380685,0.0011711334,41
78,25,723,0.48,:,1,965,no_tags,system,0.001162939,0.031795014,0.9668915,0.00015055512,42
79,8450,11,0.74, analysis,1,966,no_tags,system,0.00048450154,0.1487057,0.85079515,1.4654485e-05,43
80,11,4733,0.32,",",1,967,no_tags,system,0.00055342284,0.00049152883,0.99875665,0.00019834781,44
81,49159,11,0.42, commentary,1,968,no_tags,system,0.046690773,0.0124809565,0.940816,1.2177076e-05,45
82,11,5178,0.18,",",1,969,no_tags,system,0.00800933,0.9919775,1.3207432e-05,4.3754772e-10,46
83,1721,364,0.55, final,1,970,no_tags,system,0.00044519774,3.027672e-05,0.99927825,0.0002463388,47
84,13,1416,0.63,.,1,971,no_tags,system,0.0007067527,0.001135352,0.99707615,0.0010816931,48
85,21030,485,0.34, Channel,1,972,no_tags,system,0.01588287,0.835902,0.14728516,0.00092996756,49
86,2804,485,0.37, must,1,973,no_tags,system,0.001044833,0.09166121,0.9071362,0.0001578178,50
87,413,1606,0.07, be,1,974,no_tags,system,0.0002769282,0.30566022,0.6940628,7.573802e-09,51
88,7360,485,0.3, included,1,975,no_tags,system,0.0014686978,0.62962043,0.3686441,0.0002667627,52
89,395,57927,0.34, for,1,976,no_tags,system,3.141944e-05,0.0012539829,0.9986927,2.1954356e-05,53
90,1753,485,0.21, every,1,977,no_tags,system,0.0010184144,0.2817408,0.71723664,4.160144e-06,54
91,3176,485,0.23, message,1,978,no_tags,system,0.0021125094,0.002819126,0.9950352,3.318421e-05,55
93,12194,0,0.48,Hi,1,980,no_tags,user,0.00041459547,0.9214837,0.07809769,4.013885e-06,56
94,0,623,0.16,!,1,981,no_tags,user,0.0003774244,0.9993316,0.00029103248,1.326214e-08,57
95,5477,2360,0.15, I'm,1,982,no_tags,user,0.00032184744,0.8318767,0.16780029,1.2042456e-06,58
96,7524,316,0.1, learning,1,983,no_tags,user,0.0008111482,0.9950237,0.004155202,9.98988e-06,59
97,1495,316,0.51, how,1,984,no_tags,user,0.00015586699,0.9996458,0.00019756984,7.222604e-07,60
98,316,30,0.08, to,1,985,no_tags,user,0.009645316,0.98776555,0.002588738,3.5032767e-07,61
99,13727,30,0.25, garden,1,986,no_tags,user,0.00031904614,0.9987589,0.000907605,1.4361313e-05,62
100,326,357,0.04, and,1,987,no_tags,user,7.75289e-06,0.9999883,3.895098e-06,1.2684405e-09,63
101,3839,30,0.09, grow,1,988,no_tags,user,0.0008018802,0.9947179,0.004475492,4.795847e-06,64
102,13940,30,0.16, plants,1,989,no_tags,user,0.0007130088,0.9930512,0.0060914503,0.00014442649,65
103,13,623,0.14,.,1,990,no_tags,user,4.864866e-05,0.9998894,6.2018196e-05,1.1227821e-09,66
104,730,495,0.18, In,1,991,no_tags,user,1.02109525e-05,0.999278,0.00071171124,1.1427831e-09,67
105,261,6240,0.09, a,1,992,no_tags,user,0.002404197,0.99707806,0.00051780907,3.0924948e-08,68
106,3120,5310,0.1, few,1,993,no_tags,user,3.6561887e-05,0.9999255,3.7880276e-05,5.3084996e-08,69
107,40536,30,0.2, sentences,1,994,no_tags,user,0.001373439,0.9967204,0.0019018505,4.355891e-06,70
108,11,495,0.15,",",1,995,no_tags,user,7.7586614e-05,0.99784744,0.002074591,4.6624496e-07,71
109,665,581,0.36, can,1,996,no_tags,user,0.00040676974,0.80354905,0.19602564,1.8571149e-05,72
110,481,30,0.51, you,1,997,no_tags,user,0.0001296618,0.9840679,0.015802331,1.7166627e-07,73
111,4843,30,0.23, please,1,998,no_tags,user,0.00031355128,0.988003,0.011682843,6.345473e-07,74
112,5485,1373,0.26, tell,1,999,no_tags,user,0.0002941475,0.99681073,0.0028950805,1.3200236e-07,75
113,668,30,0.42, me,1,1000,no_tags,user,0.002402847,0.95856476,0.038940098,9.228507e-05,76
114,1495,316,0.14, how,1,1001,no_tags,user,0.0009586939,0.97896,0.020060696,2.0606007e-05,77
115,316,6240,0.17, to,1,1002,no_tags,user,0.0073399725,0.9659504,0.026549798,0.00015970207,78
116,3839,30,0.09, grow,1,1003,no_tags,user,0.00039537143,0.98822695,0.010981052,0.0003966426,79
117,55866,30,0.35, tomatoes,1,1004,no_tags,user,2.2435572e-06,0.9999964,6.6915726e-07,5.734068e-07,80
118,30,86019,0.3,?,1,1005,no_tags,user,3.350513e-05,0.99692255,0.003042977,9.911653e-07,81
119,3253,30,0.16, How,1,1006,no_tags,user,5.954661e-05,0.9002665,0.0996728,1.103405e-06,82
120,2009,30,0.49, much,1,1007,no_tags,user,7.709474e-05,0.99830544,0.0015933518,2.3996876e-05,83
121,3411,30,0.67, water,1,1008,no_tags,user,2.1775259e-05,0.99938333,6.504072e-05,0.0005297793,84
122,326,3411,0.22, and,1,1009,no_tags,user,5.3851843e-05,0.9999316,1.1014934e-05,3.6261722e-06,85
123,4207,30,0.52, light,1,1010,no_tags,user,4.2572374e-05,0.99590504,0.00054073986,0.0035115115,86
124,2226,30,0.22, does,1,1011,no_tags,user,8.8004235e-05,0.99983835,1.915845e-05,5.4479944e-05,87
125,480,11,0.13, it,1,1012,no_tags,user,0.00082432316,0.9671427,0.031577893,0.00045506065,88
126,1309,30,0.93, need,1,1013,no_tags,user,2.4681322e-05,0.9999131,4.481079e-05,1.7397686e-05,89
127,30,279,0.26,?,1,1014,no_tags,user,4.264526e-06,0.9994962,0.0004959155,3.5485093e-06,90
128,4614,30,0.24, What,1,1015,no_tags,user,1.2155296e-06,0.9996635,0.00033511763,1.9676823e-07,91
129,3675,328,0.97, kind,1,1016,no_tags,user,0.0013410641,0.9912043,0.0070867296,0.0003679109,92
130,328,30,0.35, of,1,1017,no_tags,user,6.011775e-06,0.9999342,5.620141e-05,3.6652993e-06,93
131,92224,30,0.3, fertilizer,1,1018,no_tags,user,3.4793272e-06,0.9997011,7.558009e-05,0.00021984206,94
132,30,5178,0.12,?,1,1019,no_tags,user,5.8694177e-06,0.9997905,0.00019150581,1.2140545e-05,95
133,8281,1273,0.12, Any,1,1020,no_tags,user,1.2838471e-07,0.99975413,0.00024549998,2.7907365e-07,96
134,1273,30,0.16, other,1,1021,no_tags,user,5.785669e-06,0.9972826,0.0026811,3.0388637e-05,97
135,3378,30,0.12, important,1,1022,no_tags,user,5.8278615e-06,0.9998863,0.00010502337,2.8748002e-06,98
136,9858,30,0.84, tips,1,1023,no_tags,user,3.61682e-06,0.99979645,0.00019488056,5.157002e-06,99
138,976,1825,0.99,The,1,1025,no_tags,cot,1.334937e-09,0.00021183866,0.99965835,0.00012979915,100
139,1825,25,0.48, user,1,1026,no_tags,cot,8.6794974e-11,2.9723017e-06,0.99999666,4.0266534e-07,101
140,10648,261,0.7, wants,1,1027,no_tags,cot,6.0460057e-12,5.310109e-08,0.99999976,2.6791753e-07,102
141,261,82463,0.35, a,1,1028,no_tags,cot,6.4539873e-10,3.192297e-06,0.999652,0.0003447191,103
142,82463,6052,0.57, concise,1,1029,no_tags,cot,1.2342213e-07,0.009953983,0.98990154,0.00014431827,104
143,5073,36918,0.5, yet,1,1030,no_tags,cot,6.9421167e-09,2.540892e-05,0.9999683,6.3483785e-06,105
144,36918,6052,0.61, informative,1,1031,no_tags,cot,1.0842651e-07,0.0010293694,0.9988506,0.00011989029,106
145,6052,13,0.27, answer,1,1032,no_tags,cot,8.674007e-09,2.953069e-05,0.99869424,0.001276204,107
146,25,392,0.33,:,1,1033,no_tags,cot,5.920803e-12,1.2368162e-07,0.99999,9.873226e-06,108
147,1495,316,1.0, how,1,1034,no_tags,cot,1.5004296e-09,2.4435467e-06,0.9998474,0.00015003704,109
148,316,3839,1.0, to,1,1035,no_tags,cot,1.1877939e-06,0.0017079547,0.9977744,0.0005164528,110
149,3839,55866,1.0, grow,1,1036,no_tags,cot,3.152589e-07,0.0062997187,0.9935103,0.00018963002,111
150,55866,11,0.76, tomatoes,1,1037,no_tags,cot,1.6763079e-06,0.94767064,0.050839823,0.0014877868,112
151,11,3411,0.79,",",1,1038,no_tags,cot,9.61614e-10,0.00025471154,0.99965227,9.302343e-05,113
152,101148,11,0.87, watering,1,1039,no_tags,cot,3.2925693e-06,0.019735899,0.7823874,0.19787341,114
153,11,4207,0.98,",",1,1040,no_tags,cot,2.0427994e-08,0.001552732,0.99762076,0.00082657207,115
154,4207,11,0.99, light,1,1041,no_tags,cot,6.0646096e-07,0.13172156,0.31724137,0.5510365,116
155,11,92224,0.99,",",1,1042,no_tags,cot,7.873781e-09,0.00014924894,0.9989644,0.000886321,117
156,92224,11,1.0, fertilizer,1,1043,no_tags,cot,1.8873088e-07,0.0046791784,0.59973186,0.3955887,118
157,11,1273,0.57,",",1,1044,no_tags,cot,9.686379e-09,0.00017554179,0.99969876,0.00012578482,119
158,326,1273,0.75, and,1,1045,no_tags,cot,1.0047703e-09,2.1532174e-05,0.9975091,0.0024693718,120
159,1273,9858,0.86, other,1,1046,no_tags,cot,3.5127712e-08,8.569045e-05,0.99558926,0.004325108,121
160,9858,13,0.96, tips,1,1047,no_tags,cot,7.814054e-07,0.013941973,0.97873366,0.00732357,122
161,13,3164,0.25,.,1,1048,no_tags,cot,1.9320906e-13,1.02935465e-08,0.9999597,4.0312538e-05,123
162,7744,261,0.51, It's,1,1049,no_tags,cot,4.5273537e-13,1.4276437e-10,0.99963856,0.0003614484,124
163,395,261,0.67, for,1,1050,no_tags,cot,1.0478648e-11,3.7262904e-09,0.9999957,4.322006e-06,125
164,261,57062,0.72, a,1,1051,no_tags,cot,2.2324769e-09,5.7033553e-06,0.9999832,1.1071331e-05,126
165,57062,13,0.6, beginner,1,1052,no_tags,cot,1.1704958e-09,0.00025225067,0.99966764,8.013082e-05,127
166,13,51441,0.3,.,1,1053,no_tags,cot,1.4137344e-12,1.2673378e-07,0.99997115,2.8755476e-05,128
167,20953,413,0.69, Must,1,1054,no_tags,cot,1.8407126e-13,3.3688348e-09,0.9999833,1.6737296e-05,129
168,3357,480,0.49, keep,1,1055,no_tags,cot,9.4092914e-11,3.391025e-08,0.9995635,0.00043649084,130
169,480,4022,0.41, it,1,1056,no_tags,cot,1.4561243e-08,2.4042156e-05,0.99856323,0.0014127733,131
170,261,3120,1.0, a,1,1057,no_tags,cot,4.2712767e-08,3.5181508e-06,0.99915075,0.00084568147,132
171,3120,40536,1.0, few,1,1058,no_tags,cot,1.4356193e-08,0.00010305616,0.99913764,0.0007593166,133
172,40536,13,0.74, sentences,1,1059,no_tags,cot,1.3492485e-06,0.00045095186,0.9761978,0.02334985,134
173,11,889,0.57,",",1,1060,no_tags,cot,2.2590924e-11,3.7715875e-08,0.9991579,0.00084209174,135
174,10112,220,0.71, maybe,1,1061,no_tags,cot,6.9674115e-09,7.4643676e-06,0.99789125,0.0021012845,136
175,31926,5571,0.87, bullet,1,1062,no_tags,cot,5.1651477e-05,0.01735421,0.9459767,0.0366175,137
176,5571,13,0.63, points,1,1063,no_tags,cot,1.4290534e-06,0.0012252326,0.9938313,0.0049419794,138
177,13,51441,0.18,.,1,1064,no_tags,cot,1.2924872e-12,3.3573824e-09,0.9995708,0.00042917856,139
178,41021,10635,0.37, Let's,1,1065,no_tags,cot,6.1877566e-14,2.4749187e-11,0.9999403,5.9777696e-05,140
179,10635,261,0.35, produce,1,1066,no_tags,cot,7.772716e-13,5.2038013e-10,0.99785596,0.0021439856,141
180,261,4022,0.28, a,1,1067,no_tags,cot,5.820717e-10,3.073679e-07,0.9733662,0.026633518,142
181,4022,6052,0.23, short,1,1068,no_tags,cot,2.0531763e-09,7.581826e-07,0.60412675,0.3958725,143
182,27853,503,0.38, paragraph,1,1069,no_tags,cot,3.827861e-08,7.6450124e-07,0.23341414,0.766585,144
183,483,31926,0.72, with,1,1070,no_tags,cot,3.2090213e-09,1.3895455e-07,0.5656792,0.43432066,145
184,2140,5571,0.82, key,1,1071,no_tags,cot,1.180965e-08,2.7807325e-06,0.92404824,0.075948976,146
185,5571,13,0.75, points,1,1072,no_tags,cot,3.7635512e-09,2.2227446e-06,0.9005247,0.09947306,147
186,13,7649,0.18,.,1,1073,no_tags,cot,1.9566525e-13,5.7604897e-11,0.9355971,0.0644029,148
187,7649,4705,0.23, Use,1,1074,no_tags,cot,1.6628676e-11,1.8003863e-08,0.98241466,0.017585367,149
188,11888,23206,0.98, friendly,1,1075,no_tags,cot,4.5101367e-09,1.4818636e-06,0.9693401,0.030658433,150
189,23206,13,0.92, tone,1,1076,no_tags,cot,6.136153e-11,1.4161567e-07,0.98991007,0.010089794,151
190,326,8633,0.23, and,1,1077,no_tags,cot,5.317512e-10,5.3892364e-08,0.9702131,0.029786885,152
191,8633,101148,0.12, mention,1,1078,no_tags,cot,2.9638939e-10,6.1572706e-08,0.95328915,0.046710722,153
192,10606,55866,0.27, growing,1,1079,no_tags,cot,1.21162556e-08,8.7992925e-07,0.9851407,0.014858421,154
193,306,13727,0.33, in,1,1080,no_tags,cot,7.2621525e-08,3.165508e-07,0.8588561,0.14114349,155
194,35267,503,0.73, containers,1,1081,no_tags,cot,2.139499e-05,0.0046861116,0.53402233,0.46127015,156
195,503,13727,0.71, or,1,1082,no_tags,cot,1.1017093e-09,3.809123e-08,0.92562246,0.07437759,157
196,13727,11,0.54, garden,1,1083,no_tags,cot,1.0137385e-06,5.5814835e-06,0.6597757,0.34021777,158
197,27154,11,0.64, beds,1,1084,no_tags,cot,1.13487246e-07,4.7953868e-06,0.7511255,0.24886957,159
198,13,51441,0.5,.,1,1085,no_tags,cot,1.7313574e-11,4.8042654e-09,0.9380212,0.06197881,160
199,51441,3411,0.39, Provide,1,1086,no_tags,cot,4.6186296e-10,7.568999e-07,0.91223246,0.08776678,161
200,3411,4527,0.21, water,1,1087,no_tags,cot,4.564695e-06,0.0013449821,0.21588966,0.7827608,162
201,22586,11,0.47, amounts,1,1088,no_tags,cot,1.48868e-06,0.00074550166,0.4526427,0.54661024,163
202,11,4207,0.85,",",1,1089,no_tags,cot,4.1836692e-10,2.379725e-07,0.465306,0.5346938,164
203,55414,11,0.41, sunlight,1,1090,no_tags,cot,1.0090242e-06,0.0006296118,0.094481066,0.90488833,165
204,11,92224,0.94,",",1,1091,no_tags,cot,4.6381132e-08,5.119297e-07,0.9622212,0.037778184,166
205,92224,12262,0.31, fertilizer,1,1092,no_tags,cot,3.5034384e-09,3.1062643e-07,0.016445817,0.9835539,167
206,1490,11,0.72, type,1,1093,no_tags,cot,4.6351865e-08,1.7644668e-06,0.39853954,0.6014586,168
207,11,326,0.27,",",1,1094,no_tags,cot,5.9602154e-09,4.6138925e-07,0.9704437,0.029555835,169
208,275,39,1.0, p,1,1095,no_tags,cot,0.013417141,0.044801284,0.5710396,0.37074196,170
209,39,11,0.86,H,1,1096,no_tags,cot,0.00032154503,0.002461745,0.34432018,0.6528965,171
210,11,5178,0.21,",",1,1097,no_tags,cot,6.0015076e-08,1.021744e-07,0.93592167,0.06407818,172
211,165438,11,0.87, mulch,1,1098,no_tags,cot,9.562041e-06,0.0006288499,0.12407779,0.87528384,173
212,11,135775,0.45,",",1,1099,no_tags,cot,1.4955651e-08,1.837108e-08,0.96919304,0.030806942,174
213,127672,11,0.63, staking,1,1100,no_tags,cot,5.0242757e-05,0.014993359,0.94110805,0.043848295,175
214,13,8820,0.18,.,1,1101,no_tags,cot,7.949554e-11,3.5736566e-08,0.9789907,0.021009369,176
215,27204,9858,0.2, Give,1,1102,no_tags,cot,5.137509e-11,4.7407894e-08,0.5948981,0.40510187,177
216,261,3120,0.29, a,1,1103,no_tags,cot,3.7351018e-07,1.1169244e-05,0.96069235,0.039296083,178
217,82463,6052,0.43, concise,1,1104,no_tags,cot,2.249259e-09,3.0798265e-06,0.38619646,0.6138004,179
218,1721,6052,0.66, final,1,1105,no_tags,cot,7.294108e-11,2.849794e-09,0.7655053,0.23449463,180
219,6052,13,0.9, answer,1,1106,no_tags,cot,9.638308e-11,4.220286e-09,0.5565288,0.44347122,181
221,12253,382,0.46,Here,1,1108,no_tags,assistant,3.8603747e-13,5.9008115e-10,0.018378137,0.9816219,182
222,802,261,0.99,’s,1,1109,no_tags,assistant,1.0052751e-12,1.7328253e-10,0.003262743,0.9967373,183
223,261,4853,0.95, a,1,1110,no_tags,assistant,5.735065e-13,1.6425677e-11,0.015040835,0.9849592,184
224,4853,11,0.42, quick,1,1111,no_tags,assistant,1.6927995e-11,2.296565e-11,0.00023719251,0.99976283,185
225,11,57062,0.59,",",1,1112,no_tags,assistant,3.854964e-14,3.2938325e-13,3.8434402e-05,0.9999616,186
226,57062,50005,1.0, beginner,1,1113,no_tags,assistant,6.7560813e-15,6.7541307e-13,2.9753019e-05,0.9999702,187
227,22301,9165,0.58,-friendly,1,1114,no_tags,assistant,6.3472e-13,2.252933e-11,0.0003834462,0.9996165,188
228,65354,50005,0.7, cheat,1,1115,no_tags,assistant,1.3657785e-12,5.542994e-12,0.00021242384,0.9997876,189
229,16658,395,0.85, sheet,1,1116,no_tags,assistant,5.948467e-14,6.808218e-13,2.6268712e-05,0.9999738,190
230,734,12,0.93,":
",1,1117,no_tags,assistant,2.2413124e-12,7.3665685e-11,0.0069946977,0.99300534,191
231,12,6240,0.99,-,1,1118,no_tags,assistant,3.8018338e-13,2.5769244e-12,0.0009999659,0.999,192
232,6240,30112,0.42, **,1,1119,no_tags,assistant,2.9158446e-13,9.176552e-13,0.0002111448,0.9997888,193
233,15952,410,0.59,Light,1,1120,no_tags,assistant,3.5969708e-10,6.17371e-08,1.6028298e-05,0.9999839,194
234,142760,220,0.65,:**,1,1121,no_tags,assistant,4.691025e-15,2.5063624e-13,2.99579e-05,0.9999701,195
235,220,21,0.89, ,1,1122,no_tags,assistant,3.605444e-09,2.618233e-07,0.0044570747,0.9955427,196
236,21,1585,0.83,6,1,1123,no_tags,assistant,3.9813336e-10,1.6212066e-08,0.00026355797,0.99973637,197
237,1585,23,1.0,–,1,1124,no_tags,assistant,1.1538769e-15,6.1833724e-14,1.8938255e-05,0.99998105,198
238,23,35971,0.96,8,1,1125,no_tags,assistant,2.5172362e-12,3.2329302e-11,4.363658e-06,0.9999956,199
239,312,328,0.96, h,1,1126,no_tags,assistant,5.6483046e-10,4.205794e-08,0.00044337608,0.9995566,200
240,328,2823,0.86, of,1,1127,no_tags,assistant,5.8295807e-10,1.18666286e-07,0.001197722,0.9988022,201
241,2823,7334,0.8, direct,1,1128,no_tags,assistant,1.5181179e-08,8.2906945e-06,0.00015700996,0.99983466,202
242,55414,2454,0.45, sunlight,1,1129,no_tags,assistant,1.2804182e-09,9.1536833e-07,0.00014891686,0.99985015,203
243,2454,2163,1.0, each,1,1130,no_tags,assistant,1.5693105e-10,4.406402e-08,0.0023358245,0.9976641,204
244,2163,350,0.6, day,1,1131,no_tags,assistant,6.862157e-11,3.8667136e-09,2.6572978e-05,0.9999734,205
245,350,267,0.46, (,1,1132,no_tags,assistant,3.1236206e-13,3.4948863e-10,5.397669e-05,0.999946,206
246,37521,26969,1.0,tom,1,1133,no_tags,assistant,2.766874e-13,4.248172e-12,2.289073e-07,0.99999976,207
247,26969,553,0.69,atoes,1,1134,no_tags,assistant,1.6993837e-09,6.551459e-06,0.0002540435,0.99973935,208
248,553,3149,0.79, are,1,1135,no_tags,assistant,1.179785e-12,6.4826433e-09,9.635617e-06,0.99999034,209
249,966,15393,0.6, “,1,1136,no_tags,assistant,8.156744e-09,1.3744274e-06,0.00043401174,0.9995646,210
250,15393,50005,0.93,full,1,1137,no_tags,assistant,7.625665e-08,1.6349935e-06,0.00056003575,0.9994382,211
251,2011,373,1.0,-s,1,1138,no_tags,assistant,1.5757192e-07,2.0237778e-06,0.03382524,0.9661726,212
252,373,693,0.99,un,1,1139,no_tags,assistant,6.510419e-08,0.00023204874,0.0014843898,0.9982835,213
253,693,13940,0.95,”,1,1140,no_tags,assistant,2.6162054e-12,9.692321e-11,1.7423652e-06,0.9999982,214
254,13940,741,0.98, plants,1,1141,no_tags,assistant,5.693192e-14,1.3096914e-12,6.729819e-05,0.99993265,215
255,6294,12,1.0,").
",1,1142,no_tags,assistant,1.7214888e-15,2.1970545e-13,3.4828314e-05,0.9999652,216
256,12,6240,1.0,-,1,1143,no_tags,assistant,1.1627219e-06,6.5298904e-05,0.113148846,0.8867847,217
257,6240,27874,1.0, **,1,1144,no_tags,assistant,2.1275344e-13,5.6196616e-13,5.7488713e-05,0.99994254,218
258,27874,142760,0.99,Water,1,1145,no_tags,assistant,2.5984739e-09,1.9295142e-07,3.4567624e-05,0.9999652,219
259,142760,16835,0.54,:**,1,1146,no_tags,assistant,1.597107e-12,4.4125684e-10,4.5269567e-06,0.99999547,220
260,111093,395,1.0, Aim,1,1147,no_tags,assistant,6.0392307e-12,1.433529e-09,1.51865515e-05,0.99998486,221
261,395,220,0.87, for,1,1148,no_tags,assistant,3.3978516e-08,5.86689e-07,0.00084672094,0.99915266,222
262,1078,220,0.99, about,1,1149,no_tags,assistant,1.0640242e-11,5.8918118e-12,6.6194654e-05,0.99993384,223
263,220,16,0.9, ,1,1150,no_tags,assistant,4.0363398e-07,2.2690224e-06,0.007484191,0.9925132,224
264,16,1585,0.8,1,1,1151,no_tags,assistant,5.168828e-07,4.9130944e-07,0.02366422,0.9763348,225
265,306,13,0.66, in,1,1152,no_tags,assistant,2.2195281e-06,1.7928962e-05,0.00041151265,0.9995683,226
266,350,17,0.97, (,1,1153,no_tags,assistant,2.4553348e-08,1.7410053e-06,0.0010529921,0.9989453,227
267,1161,35971,1.0,25,1,1154,no_tags,assistant,5.7732965e-08,1.1802254e-08,0.0010530971,0.99894685,228
268,8957,8,1.0, mm,1,1155,no_tags,assistant,3.318127e-10,2.2429741e-10,2.2968143e-05,0.999977,229
269,8,328,0.79,),1,1156,no_tags,assistant,7.5651714e-11,6.1660904e-10,2.1828504e-05,0.9999782,230
270,328,3411,0.99, of,1,1157,no_tags,assistant,4.7380972e-08,1.3324754e-07,0.0022286184,0.99777126,231
271,3411,777,0.99, water,1,1158,no_tags,assistant,1.0408769e-08,1.7337629e-07,0.00075685175,0.999243,232
272,777,2384,0.98, per,1,1159,no_tags,assistant,5.849202e-09,4.1795925e-08,0.00518016,0.9948198,233
273,2384,11,0.65, week,1,1160,no_tags,assistant,1.1924227e-10,2.0042129e-10,1.7885892e-05,0.9999821,234
274,11,13958,0.75,",",1,1161,no_tags,assistant,7.229431e-12,1.4314944e-11,1.9716463e-06,0.999998,235
275,13958,290,0.82, keeping,1,1162,no_tags,assistant,6.381335e-09,9.185972e-08,0.0004273488,0.9995726,236
276,290,22390,1.0, the,1,1163,no_tags,assistant,3.129902e-06,3.256792e-05,0.006657401,0.99330693,237
277,22390,31454,0.75, soil,1,1164,no_tags,assistant,9.651771e-09,1.6187017e-06,0.00030262937,0.9996958,238
278,31454,23364,0.98, consistently,1,1165,no_tags,assistant,3.7097936e-10,7.851274e-08,0.00011101684,0.9998889,239
279,23364,889,0.99, moist,1,1166,no_tags,assistant,2.0211952e-11,1.11066045e-08,6.2831696e-06,0.9999937,240
280,889,625,0.97, but,1,1167,no_tags,assistant,3.0357585e-09,1.0599644e-07,0.00020591919,0.99979395,241
281,625,24712,0.89, not,1,1168,no_tags,assistant,1.1265507e-08,2.0113191e-07,0.00029438984,0.9997054,242
282,24712,4544,1.0, sog,1,1169,no_tags,assistant,3.6371343e-11,2.5295871e-11,7.7698394e-07,0.99999917,243
283,4544,13,0.66,gy,1,1170,no_tags,assistant,1.5691161e-12,1.2746354e-10,2.8282911e-06,0.99999714,244
284,13,12303,0.45,.,1,1171,no_tags,assistant,2.4101927e-12,1.560299e-11,5.9126687e-06,0.99999404,245
285,3813,35267,0.2, With,1,1172,no_tags,assistant,4.1860776e-10,5.4986343e-10,1.248461e-05,0.9999875,246
286,10609,503,0.51, heat,1,1173,no_tags,assistant,5.2889185e-08,4.0829664e-06,0.00063196686,0.99936396,247
287,11,481,0.28,",",1,1174,no_tags,assistant,8.1895655e-07,4.934373e-06,0.0072812354,0.99271303,248
288,481,1340,0.75, you,1,1175,no_tags,assistant,0.0007182544,0.0004651646,0.03206675,0.9667498,249
289,4720,1309,0.93,’ll,1,1176,no_tags,assistant,2.6203487e-10,2.47245e-10,2.4457988e-05,0.99997556,250
290,1309,316,0.66, need,1,1177,no_tags,assistant,5.377624e-10,1.8267117e-10,0.00010604502,0.9998939,251
291,316,3411,0.85, to,1,1178,no_tags,assistant,7.159153e-08,6.9992594e-09,0.00078496657,0.9992149,252
292,3411,945,0.69, water,1,1179,no_tags,assistant,2.36123e-09,9.04134e-09,0.0001037564,0.99989617,253
293,945,4783,0.9, more,1,1180,no_tags,assistant,4.0254214e-10,1.0761839e-10,2.3574596e-05,0.9999764,254
294,4783,2322,0.45, often,1,1181,no_tags,assistant,3.9857475e-11,2.0867141e-10,5.72897e-06,0.9999943,255
295,350,50492,0.27, (,1,1182,no_tags,assistant,2.5020886e-11,5.926232e-11,8.958839e-05,0.99991035,256
296,87311,503,0.49,daily,1,1183,no_tags,assistant,3.2059452e-10,4.093379e-10,2.2458464e-06,0.99999774,257
297,503,1753,0.99, or,1,1184,no_tags,assistant,3.0039665e-10,7.4544015e-09,1.02500635e-05,0.99998975,258
298,1753,1273,0.92, every,1,1185,no_tags,assistant,1.5698902e-08,6.890102e-08,0.002558251,0.99744165,259
299,1273,2163,1.0, other,1,1186,no_tags,assistant,2.0541637e-09,3.16606e-09,6.1011295e-05,0.99993896,260
300,2163,741,0.45, day,1,1187,no_tags,assistant,1.0187452e-09,2.2934482e-10,3.1859377e-05,0.9999682,261
301,6294,12,1.0,").
",1,1188,no_tags,assistant,2.4054489e-14,8.291587e-14,6.8087907e-06,0.9999932,262
302,12,6240,1.0,-,1,1189,no_tags,assistant,4.776239e-15,9.7295795e-15,1.0176159e-05,0.99998987,263
303,6240,37,0.62, **,1,1190,no_tags,assistant,2.6931825e-11,1.3515543e-11,3.5423953e-05,0.9999646,264
304,37,189301,1.0,F,1,1191,no_tags,assistant,2.9133284e-08,2.0010587e-08,0.00018820398,0.9998118,265
305,189301,4492,1.0,ertil,1,1192,no_tags,assistant,1.5533947e-09,4.1605688e-08,3.3302522e-06,0.99999666,266
306,4492,142760,1.0,izer,1,1193,no_tags,assistant,1.686624e-13,8.115318e-12,5.668216e-08,1.0,267
307,142760,7972,0.71,:**,1,1194,no_tags,assistant,3.5385004e-12,2.3228915e-11,6.545429e-06,0.99999344,268
308,7649,261,1.0, Use,1,1195,no_tags,assistant,1.0721005e-09,1.6240113e-09,6.626557e-05,0.9999337,269
309,261,32879,1.0, a,1,1196,no_tags,assistant,1.629716e-06,6.7346978e-06,0.004306466,0.9956852,270
310,32879,41372,0.46, balanced,1,1197,no_tags,assistant,5.9577317e-08,1.9368763e-06,0.0018415035,0.9981565,271
311,350,702,0.67, (,1,1198,no_tags,assistant,8.895522e-09,1.7055191e-06,0.0007533616,0.9992449,272
312,68,1940,1.0,e,1,1199,no_tags,assistant,1.914565e-10,7.0413475e-10,1.3794076e-05,0.9999862,273
313,1940,4213,1.0,.g,1,1200,no_tags,assistant,6.712607e-07,2.3080818e-05,0.005906447,0.9940698,274
314,4213,220,0.99,".,",1,1201,no_tags,assistant,9.018648e-11,6.5453484e-08,7.889406e-05,0.9999211,275
315,220,702,0.95, ,1,1202,no_tags,assistant,2.2148683e-05,0.0001589758,0.0009218151,0.9988971,276
316,702,50005,0.88,10,1,1203,no_tags,assistant,5.3997635e-08,4.2078273e-08,2.6812075e-05,0.99997306,277
317,12,702,1.0,-,1,1204,no_tags,assistant,6.3818955e-09,7.9795996e-07,3.7482758e-05,0.99996173,278
318,702,12,1.0,10,1,1205,no_tags,assistant,2.1574195e-07,2.5159872e-07,1.927728e-05,0.9999802,279
319,12,702,1.0,-,1,1206,no_tags,assistant,4.268849e-05,0.0015258752,0.0014866769,0.9969447,280
320,702,8,0.99,10,1,1207,no_tags,assistant,1.0647911e-08,3.6655802e-08,5.28452e-06,0.99999464,281
321,8,503,0.71,),1,1208,no_tags,assistant,7.4556866e-10,5.8882583e-09,0.00015405164,0.99984586,282
322,503,59604,0.47, or,1,1209,no_tags,assistant,1.6994442e-11,2.6276123e-10,2.1919162e-05,0.99997807,283
323,59604,50005,0.98, tomato,1,1210,no_tags,assistant,1.8328083e-07,0.00010409047,0.00048600498,0.9994097,284
324,31999,92224,0.64,-specific,1,1211,no_tags,assistant,6.864139e-11,2.4170665e-10,6.8029426e-06,0.9999932,285
325,92224,13,0.35, fertilizer,1,1212,no_tags,assistant,9.397125e-09,1.013142e-07,3.7644553e-05,0.9999622,286
326,13,43297,0.6,.,1,1213,no_tags,assistant,1.5471315e-10,2.3428928e-10,8.985981e-06,0.99999106,287
327,7972,483,0.73, Start,1,1214,no_tags,assistant,6.2960073e-09,2.833868e-09,0.00018092059,0.9998191,288
328,483,261,0.94, with,1,1215,no_tags,assistant,1.1532407e-09,8.395107e-09,7.770554e-05,0.9999223,289
329,261,4207,0.73, a,1,1216,no_tags,assistant,6.867088e-08,6.587081e-08,0.001446723,0.9985531,290
330,4207,7685,0.47, light,1,1217,no_tags,assistant,9.643096e-08,8.122174e-08,0.005214826,0.994785,291
331,7685,540,0.45, feed,1,1218,no_tags,assistant,1.3354053e-10,3.3453718e-09,0.0007265107,0.9992735,292
332,1261,290,0.6, when,1,1219,no_tags,assistant,4.9029662e-08,6.8779215e-08,0.03761866,0.9623812,293
333,290,1577,0.94, the,1,1220,no_tags,assistant,4.974265e-06,1.0762489e-06,0.02626336,0.97373056,294
334,1577,1343,0.41, first,1,1221,no_tags,assistant,1.6981008e-06,1.4063834e-08,0.07792961,0.92206866,295
335,1343,15657,1.0, true,1,1222,no_tags,assistant,1.0212468e-05,8.155863e-07,0.0013994097,0.9985896,296
336,15657,7680,0.98, leaves,1,1223,no_tags,assistant,2.5999095e-06,9.2057644e-07,0.009968484,0.99002796,297
337,7680,11,0.88, appear,1,1224,no_tags,assistant,3.9309367e-10,5.459314e-10,0.0003073074,0.9996927,298
338,11,1815,0.99,",",1,1225,no_tags,assistant,1.9598069e-10,4.208369e-09,6.929422e-05,0.99993074,299
339,1815,6160,0.87, then,1,1226,no_tags,assistant,3.3226535e-09,3.101193e-08,4.123567e-05,0.99995875,300
340,6160,316,1.0, switch,1,1227,no_tags,assistant,2.0103057e-09,1.8171541e-09,2.13938e-05,0.99997854,301
341,316,261,0.98, to,1,1228,no_tags,assistant,4.546545e-07,6.146175e-07,0.0013262089,0.9986727,302
342,261,7266,0.61, a,1,1229,no_tags,assistant,5.5225496e-07,2.179527e-06,0.011119649,0.9888776,303
343,4465,50005,1.0, low,1,1230,no_tags,assistant,5.4019074e-06,1.0189146e-05,0.016993755,0.9829906,304
344,84169,32274,0.94,-ph,1,1231,no_tags,assistant,1.6194525e-05,2.4389105e-06,0.00011806901,0.99986327,305
345,32274,42088,0.99,osph,1,1232,no_tags,assistant,0.00046047024,0.00036132179,0.015829844,0.9833484,306
346,42088,11,0.54,orus,1,1233,no_tags,assistant,3.2956837e-06,1.4843566e-06,0.00031923127,0.999676,307
347,11,1932,0.83,",",1,1234,no_tags,assistant,1.1988749e-08,8.0186524e-08,0.0011335161,0.99886644,308
348,1932,172972,0.9, high,1,1235,no_tags,assistant,3.7569032e-07,4.4556717e-07,0.00090701046,0.9990922,309
349,172972,72659,0.99,-pot,1,1236,no_tags,assistant,8.159517e-09,3.4188699e-09,0.0001432152,0.9998567,310
350,72659,966,0.45,assium,1,1237,no_tags,assistant,3.043788e-06,5.605879e-06,0.0017168988,0.99827445,311
351,25306,350,0.84, blend,1,1238,no_tags,assistant,9.58774e-10,6.3190525e-10,6.8729234e-05,0.9999312,312
352,350,68,0.45, (,1,1239,no_tags,assistant,3.8096207e-10,6.390595e-10,0.00033103646,0.99966896,313
353,68,1940,1.0,e,1,1240,no_tags,assistant,8.218291e-12,2.3147362e-11,1.2169813e-05,0.99998784,314
354,1940,4213,1.0,.g,1,1241,no_tags,assistant,4.534237e-07,3.0266324e-07,0.00032836167,0.99967086,315
355,4213,220,0.99,".,",1,1242,no_tags,assistant,4.667827e-10,1.5196315e-08,0.00021778165,0.99978226,316
356,220,20,0.86, ,1,1243,no_tags,assistant,6.163663e-07,4.3146085e-07,0.00019847181,0.9998005,317
357,19,12,0.78,4,1,1244,no_tags,assistant,4.6638073e-07,1.3809414e-07,0.000498299,0.9995011,318
358,12,702,0.23,-,1,1245,no_tags,assistant,4.9161148e-08,1.4628598e-07,0.00012094416,0.9998789,319
359,702,12,1.0,10,1,1246,no_tags,assistant,2.7031128e-06,1.91566e-07,8.634915e-05,0.9999107,320
360,12,19,0.35,-,1,1247,no_tags,assistant,5.3502384e-07,4.7248747e-07,0.00032729647,0.9996717,321
361,702,8,0.99,10,1,1248,no_tags,assistant,1.0681327e-08,2.826008e-09,9.68994e-06,0.99999034,322
362,8,4730,0.56,),1,1249,no_tags,assistant,7.830492e-09,1.8422734e-08,0.00010623307,0.9998938,323
363,4730,15310,0.88, once,1,1250,no_tags,assistant,5.1704504e-08,2.84381e-07,0.0022016799,0.99779797,324
364,15310,13217,0.43, fruit,1,1251,no_tags,assistant,1.542979e-06,1.5624548e-05,0.0010882092,0.99889463,325
365,289,18015,0.7,ing,1,1252,no_tags,assistant,2.5002812e-06,3.5551297e-05,0.0012794574,0.99868244,326
366,18015,558,0.65, begins,1,1253,no_tags,assistant,8.099888e-10,1.559453e-08,4.6406552e-05,0.9999536,327
367,13,43297,0.38,.,1,1254,no_tags,assistant,6.7506144e-12,9.765504e-12,3.560569e-06,0.9999964,328
368,17547,290,0.53, Follow,1,1255,no_tags,assistant,2.0954617e-10,5.7474078e-12,3.3899963e-05,0.99996614,329
369,4208,9837,0.81, label,1,1256,no_tags,assistant,2.1951139e-07,4.970341e-08,0.0011856206,0.9988141,330
370,15543,2322,0.32, instructions,1,1257,no_tags,assistant,7.001549e-10,2.0542255e-10,5.723479e-05,0.9999428,331
371,395,22586,0.25, for,1,1258,no_tags,assistant,1.8249975e-09,6.71479e-10,0.00021187647,0.9997881,332
372,9762,50005,0.67, mix,1,1259,no_tags,assistant,5.2823175e-06,4.0457585e-06,0.00014494437,0.99984574,333
373,69972,558,0.82, ratios,1,1260,no_tags,assistant,2.6862306e-09,4.8280864e-09,4.6297988e-05,0.99995375,334
374,558,12,1.0,".
",1,1261,no_tags,assistant,5.570642e-11,1.0461537e-11,5.5458302e-05,0.99994457,335
375,12,6240,1.0,-,1,1262,no_tags,assistant,4.4132033e-12,4.6919e-13,4.6428877e-06,0.99999535,336
376,6240,13863,0.69, **,1,1263,no_tags,assistant,2.1731397e-10,4.1797923e-11,4.4073502e-05,0.9999559,337
377,13863,9858,0.76,Other,1,1264,no_tags,assistant,5.8470707e-12,4.24472e-12,4.879342e-07,0.9999995,338
378,2140,9858,0.97, key,1,1265,no_tags,assistant,2.8706538e-12,8.302932e-12,4.2353662e-07,0.9999995,339
379,9858,142760,0.85, tips,1,1266,no_tags,assistant,1.7280707e-13,4.677751e-12,1.8309878e-07,0.99999976,340
380,25,1612,1.0,:,1,1267,no_tags,assistant,2.596743e-05,2.7522906e-06,0.00023384577,0.99973744,341
381,1612,220,0.99,"**
",1,1268,no_tags,assistant,6.8940285e-13,1.2126751e-12,1.8988285e-06,0.9999981,342
382,220,533,0.72, ,1,1269,no_tags,assistant,2.8608825e-12,2.8161083e-13,3.5216995e-06,0.9999964,343
383,533,6240,0.62, -,1,1270,no_tags,assistant,2.0824413e-11,1.4092754e-12,7.303455e-07,0.9999993,344
384,6240,5808,0.94, **,1,1271,no_tags,assistant,5.3491822e-11,2.9544315e-11,8.1345854e-05,0.9999187,345
385,5808,311,1.0,So,1,1272,no_tags,assistant,1.5290603e-06,7.080664e-07,2.5878255e-05,0.99997187,346
386,311,275,0.48,il,1,1273,no_tags,assistant,4.736436e-08,3.2697244e-07,6.5381087e-06,0.9999931,347
387,275,39,1.0, p,1,1274,no_tags,assistant,0.00044564935,0.00019694433,0.0002539594,0.99910337,348
388,39,220,0.42,H,1,1275,no_tags,assistant,1.430068e-07,1.6782337e-07,8.824571e-06,0.9999908,349
389,142760,220,0.81,:**,1,1276,no_tags,assistant,1.11446456e-10,1.8143416e-10,2.5024608e-05,0.99997497,350
390,220,21,1.0, ,1,1277,no_tags,assistant,1.1952761e-06,3.4662708e-06,0.00016768105,0.9998276,351
391,21,13,1.0,6,1,1278,no_tags,assistant,0.0001161805,0.0002432742,0.00028872586,0.9993518,352
392,13,15,0.92,.,1,1279,no_tags,assistant,4.9494506e-06,3.2330215e-06,0.0001489672,0.9998429,353
393,15,1585,0.64,0,1,1280,no_tags,assistant,9.408946e-09,3.6487748e-09,6.9737853e-06,0.99999297,354
394,1585,21,1.0,–,1,1281,no_tags,assistant,8.962689e-12,3.9542678e-11,4.377943e-06,0.9999956,355
395,21,13,1.0,6,1,1282,no_tags,assistant,8.2949955e-06,1.3236568e-05,0.0003451352,0.9996333,356
396,13,23,1.0,.,1,1283,no_tags,assistant,6.2668475e-09,1.3381143e-09,3.57387e-05,0.99996424,357
397,23,395,0.41,8,1,1284,no_tags,assistant,2.1123545e-07,9.266944e-08,5.493529e-05,0.9999448,358
398,395,24174,0.59, for,1,1285,no_tags,assistant,1.8940847e-08,1.8367274e-08,0.0008853306,0.9991146,359
399,1636,72324,0.69, best,1,1286,no_tags,assistant,4.805426e-08,1.689274e-07,0.00060999277,0.99938977,360
400,72324,108958,0.99, nutrient,1,1287,no_tags,assistant,3.2573024e-07,1.8765479e-06,3.049999e-06,0.99999475,361
401,108958,558,0.78, uptake,1,1288,no_tags,assistant,8.27225e-08,8.2058676e-07,7.215072e-05,0.9999269,362
402,558,220,1.0,".
",1,1289,no_tags,assistant,3.5315555e-13,4.1274736e-14,4.7863585e-07,0.9999995,363
403,220,533,0.87, ,1,1290,no_tags,assistant,1.9606785e-09,5.6603433e-09,8.472871e-06,0.99999154,364
404,533,6240,1.0, -,1,1291,no_tags,assistant,4.5189617e-13,3.2572317e-14,4.2362427e-07,0.9999995,365
405,6240,67854,0.62, **,1,1292,no_tags,assistant,6.9911976e-10,6.032881e-11,7.571615e-05,0.9999243,366
406,67854,332,1.0,Mul,1,1293,no_tags,assistant,2.0187142e-06,6.040289e-06,1.41443925e-05,0.9999778,367
407,332,142760,0.7,ch,1,1294,no_tags,assistant,3.677152e-09,6.055676e-09,1.5719817e-08,1.0,368
408,142760,28921,0.4,:**,1,1295,no_tags,assistant,2.006159e-11,1.4862889e-10,2.346222e-06,0.9999976,369
409,355,220,0.69, A,1,1296,no_tags,assistant,4.4094438e-07,3.1790794e-05,6.229912e-05,0.99990547,370
410,220,17,0.96, ,1,1297,no_tags,assistant,1.04701805e-07,3.6929855e-06,3.842293e-05,0.9999578,371
411,17,1585,0.7,2,1,1298,no_tags,assistant,1.0179698e-07,4.2154284e-06,0.000118556825,0.9998771,372
412,1585,18,0.98,–,1,1299,no_tags,assistant,7.5778715e-12,1.2022164e-10,9.1976635e-06,0.9999908,373
413,18,35971,0.87,3,1,1300,no_tags,assistant,4.4205827e-08,5.569367e-07,6.186328e-06,0.9999932,374
414,306,10261,0.98, in,1,1301,no_tags,assistant,4.4930425e-07,5.154727e-06,0.0004598937,0.9995345,375
415,10261,328,0.95, layer,1,1302,no_tags,assistant,7.14588e-08,1.6064591e-07,1.2461746e-05,0.99998736,376
416,18295,22390,0.48, keeps,1,1303,no_tags,assistant,3.1595417e-07,3.014846e-06,0.0028728151,0.9971239,377
417,22390,8157,0.58, soil,1,1304,no_tags,assistant,1.0721161e-06,3.490759e-06,0.00041676342,0.99957865,378
418,8157,11,0.83, cool,1,1305,no_tags,assistant,7.375794e-07,0.00012209808,0.0003596448,0.99951756,379
419,11,87383,0.43,",",1,1306,no_tags,assistant,3.1389496e-07,1.0475975e-06,0.0037287187,0.99626994,380
420,87383,36036,1.0, retains,1,1307,no_tags,assistant,2.3376354e-07,8.949305e-07,0.0024311033,0.9975677,381
421,36036,11,0.98, moisture,1,1308,no_tags,assistant,2.6359457e-06,0.0011320657,0.0010228083,0.99784243,382
422,11,326,1.0,",",1,1309,no_tags,assistant,8.958566e-12,7.711759e-11,1.4531444e-05,0.99998546,383
423,326,38566,0.75, and,1,1310,no_tags,assistant,7.4843854e-07,2.7836466e-06,0.0015846676,0.9984118,384
424,38566,98992,0.85, reduces,1,1311,no_tags,assistant,3.2725737e-05,2.5474435e-05,0.33240303,0.6675388,385
425,98992,558,0.99, weeds,1,1312,no_tags,assistant,4.6557e-06,4.1045816e-05,0.04095637,0.9589979,386
426,558,220,1.0,".
",1,1313,no_tags,assistant,3.342595e-14,7.8803806e-16,6.506405e-08,0.9999999,387
427,220,533,0.63, ,1,1314,no_tags,assistant,1.16102086e-07,2.3768578e-08,0.00021754295,0.9997824,388
428,533,6240,1.0, -,1,1315,no_tags,assistant,3.2355482e-13,2.4781596e-14,1.986104e-05,0.9999801,389
429,6240,10768,0.63, **,1,1316,no_tags,assistant,3.4690195e-10,9.843479e-12,0.00021772661,0.99978226,390
430,10768,142760,1.0,Support,1,1317,no_tags,assistant,4.186851e-06,6.1503656e-06,0.00059642096,0.9993932,391
431,142760,137247,0.84,:**,1,1318,no_tags,assistant,1.1527926e-10,5.797887e-11,6.154734e-05,0.9999385,392
432,137247,503,0.98, Stake,1,1319,no_tags,assistant,1.4377853e-06,3.321032e-06,0.0041072755,0.99588794,393
433,503,61908,0.96, or,1,1320,no_tags,assistant,2.989672e-08,1.7574332e-07,0.01907141,0.98092836,394
434,61908,6047,0.79, cage,1,1321,no_tags,assistant,7.474805e-08,7.411082e-07,0.0060814642,0.9939177,395
435,6047,316,0.59, early,1,1322,no_tags,assistant,1.3552504e-06,2.4690405e-07,0.0005706813,0.99942774,396
436,26,55866,0.37,;,1,1323,no_tags,assistant,3.0867944e-10,1.1654325e-10,0.00015430599,0.9998456,397
437,34110,289,0.16, erect,1,1324,no_tags,assistant,1.5265792e-08,4.385233e-09,0.00042836234,0.9995716,398
438,289,17203,0.31,ing,1,1325,no_tags,assistant,6.4920727e-07,5.861844e-07,0.0020518734,0.9979469,399
439,290,2498,0.48, the,1,1326,no_tags,assistant,2.1686951e-06,5.14437e-06,0.004031112,0.9959616,400
440,2498,2254,0.48, support,1,1327,no_tags,assistant,6.804857e-08,6.7596964e-08,0.0016674058,0.99833244,401
441,2049,290,0.85, while,1,1328,no_tags,assistant,1.5643229e-05,3.3097624e-06,0.34719196,0.65278906,402
442,290,6804,0.97, the,1,1329,no_tags,assistant,8.569487e-06,2.392256e-07,0.02858848,0.97140265,403
443,6804,382,0.99, plant,1,1330,no_tags,assistant,3.244225e-08,1.3596343e-07,0.00059016893,0.9994097,404
444,382,2928,0.44, is,1,1331,no_tags,assistant,1.0711822e-06,3.694285e-09,0.1739637,0.8260352,405
445,2928,3291,0.92, still,1,1332,no_tags,assistant,6.49121e-06,1.5527277e-07,0.155782,0.84421134,406
446,3291,46396,0.59, small,1,1333,no_tags,assistant,5.9872204e-06,4.9587346e-08,0.048253458,0.95174044,407
447,4787,480,0.4, makes,1,1334,no_tags,assistant,2.8888007e-08,2.64219e-08,0.020101588,0.97989833,408
448,135775,11087,0.61, pruning,1,1335,no_tags,assistant,1.6908925e-05,1.3435381e-05,0.023399161,0.97657055,409
449,11087,558,0.86, easier,1,1336,no_tags,assistant,2.3565866e-07,1.10377385e-07,0.021573206,0.9784265,410
450,558,220,1.0,".
",1,1337,no_tags,assistant,4.58606e-14,2.4573983e-17,9.475721e-07,0.99999905,411
451,220,533,1.0, ,1,1338,no_tags,assistant,1.6991085e-06,7.601076e-08,6.29213e-05,0.99993527,412
452,533,6240,1.0, -,1,1339,no_tags,assistant,3.400016e-14,8.653848e-16,1.1419032e-07,0.9999999,413
453,6240,2938,0.98, **,1,1340,no_tags,assistant,2.1494542e-09,2.3603702e-10,0.00017950896,0.99982053,414
454,2938,30541,0.75,Pr,1,1341,no_tags,assistant,6.85309e-05,1.507061e-06,8.018801e-05,0.9998498,415
455,30541,142760,0.97,uning,1,1342,no_tags,assistant,1.7964568e-06,3.8224778e-07,5.2148214e-05,0.99994564,416
456,142760,18141,0.84,:**,1,1343,no_tags,assistant,3.5326328e-10,6.9803463e-10,0.0005036468,0.99949634,417
457,18141,31485,0.81, Remove,1,1344,no_tags,assistant,1.4233575e-07,1.9617095e-09,0.00054667797,0.9994531,418
458,31485,409,1.0, suck,1,1345,no_tags,assistant,0.0007025193,7.6564684e-05,0.10856125,0.8906597,419
459,409,306,0.62,ers,1,1346,no_tags,assistant,4.9460327e-06,6.2436925e-07,0.0151112005,0.98488325,420
460,306,290,0.99, in,1,1347,no_tags,assistant,1.3143124e-06,3.7582477e-06,0.15680206,0.8431929,421
461,290,2758,0.73, the,1,1348,no_tags,assistant,2.1590537e-07,3.6542724e-07,0.026518567,0.9734808,422
462,2758,22231,1.0, main,1,1349,no_tags,assistant,6.589546e-07,2.386901e-07,9.2042676e-05,0.999907,423
463,33801,316,0.3, vine,1,1350,no_tags,assistant,6.351438e-07,0.00010557307,0.0015083674,0.9983854,424
464,802,1577,0.36,’s,1,1351,no_tags,assistant,1.16642866e-07,1.595618e-07,0.0119492095,0.9880505,425
465,1577,220,0.35, first,1,1352,no_tags,assistant,2.442141e-06,1.2399714e-06,0.009832734,0.9901635,426
466,220,19,0.23, ,1,1353,no_tags,assistant,6.3967724e-05,0.00029655822,0.08408823,0.9155512,427
467,19,1585,0.98,4,1,1354,no_tags,assistant,5.310086e-06,2.0903278e-06,0.004445657,0.99554694,428
468,1585,21,0.68,–,1,1355,no_tags,assistant,2.9126774e-09,4.9645257e-09,0.004896776,0.99510324,429
469,21,21185,0.41,6,1,1356,no_tags,assistant,4.429423e-08,1.2610033e-09,0.00023490636,0.9997651,430
470,21185,316,0.86, inches,1,1357,no_tags,assistant,8.832533e-07,1.6066512e-06,0.029675215,0.9703223,431
471,316,5184,0.52, to,1,1358,no_tags,assistant,1.4009726e-07,1.35469e-07,0.016405467,0.98359424,432
472,5184,5954,0.99, focus,1,1359,no_tags,assistant,2.341874e-07,6.487462e-07,0.006462253,0.9935369,433
473,5954,402,1.0, energy,1,1360,no_tags,assistant,1.3983179e-08,4.366763e-08,0.0005488851,0.9994511,434
474,402,15310,1.0, on,1,1361,no_tags,assistant,3.6628714e-07,6.458478e-07,0.0010009944,0.998998,435
475,15310,558,0.65, fruit,1,1362,no_tags,assistant,1.2798666e-05,1.1037696e-05,0.00046155523,0.9995146,436
476,558,220,1.0,".
",1,1363,no_tags,assistant,1.4703424e-12,4.0189273e-16,2.905378e-05,0.9999709,437
477,220,533,1.0, ,1,1364,no_tags,assistant,2.4259054e-06,3.2897756e-07,8.841466e-05,0.9999088,438
478,533,6240,1.0, -,1,1365,no_tags,assistant,4.7099304e-14,2.292962e-16,5.114228e-07,0.9999995,439
479,6240,47,0.73, **,1,1366,no_tags,assistant,1.6160735e-08,1.2734271e-09,0.0003793764,0.99962056,440
480,47,376,0.83,P,1,1367,no_tags,assistant,3.2942023e-06,1.560347e-07,0.0016528952,0.9983437,441
481,376,3580,0.44,est,1,1368,no_tags,assistant,4.8756857e-07,5.84037e-07,0.00010620795,0.9998927,442
482,5621,142760,1.0, watch,1,1369,no_tags,assistant,2.6353861e-09,3.9706527e-09,3.6465422e-06,0.9999963,443
483,142760,16835,0.45,:**,1,1370,no_tags,assistant,2.514894e-09,1.9999835e-09,4.7885882e-05,0.9999521,444
484,16835,448,0.88, Keep,1,1371,no_tags,assistant,2.7646966e-08,7.396973e-09,0.0005627721,0.99943715,445
485,448,10952,1.0, an,1,1372,no_tags,assistant,6.2265262e-06,8.6214703e-07,0.0044057355,0.9955871,446
486,10952,402,0.84, eye,1,1373,no_tags,assistant,9.956688e-10,7.149849e-09,0.00019130486,0.9998087,447
487,402,72108,0.94, on,1,1374,no_tags,assistant,2.9319234e-09,3.171423e-09,0.0013013051,0.9986987,448
488,72108,3375,1.0, aph,1,1375,no_tags,assistant,0.0005161761,0.011135431,0.012459256,0.9758891,449
489,3375,11,0.95,ids,1,1376,no_tags,assistant,4.4926753e-07,2.4105893e-06,0.0016294718,0.9983677,450
490,11,6461,0.88,",",1,1377,no_tags,assistant,2.7405505e-09,2.7980446e-08,0.005041717,0.9949582,451
491,6461,75553,0.98, white,1,1378,no_tags,assistant,0.0036491107,0.00026651038,0.045277394,0.95080703,452
492,75553,11,0.98,flies,1,1379,no_tags,assistant,2.52968e-06,1.6895096e-05,0.000995635,0.9989849,453
493,11,326,1.0,",",1,1380,no_tags,assistant,3.0169028e-10,1.6005117e-10,0.0002448768,0.9997551,454
494,326,59604,0.31, and,1,1381,no_tags,assistant,1.5054388e-09,6.6820807e-09,0.0025669595,0.997433,455
495,59604,39993,0.75, tomato,1,1382,no_tags,assistant,8.705877e-07,2.3793611e-06,0.0008389998,0.9991578,456
496,39993,173523,0.94, horn,1,1383,no_tags,assistant,8.0052385e-05,3.465087e-05,0.010796829,0.98908854,457
497,173523,26,0.89,worms,1,1384,no_tags,assistant,1.4032852e-07,1.1984771e-07,0.0074769654,0.9925228,458
498,26,1199,0.51,;,1,1385,no_tags,assistant,5.3218127e-08,1.272304e-08,0.00084233476,0.99915755,459
499,1803,50005,0.83, hand,1,1386,no_tags,assistant,3.3087556e-06,3.9119556e-08,0.00044568873,0.999551,460
500,3161,1003,0.97,-p,1,1387,no_tags,assistant,0.00010522158,9.0138735e-07,0.033840828,0.96605307,461
501,1003,503,0.97,ick,1,1388,no_tags,assistant,2.8587729e-06,8.417807e-06,0.012625829,0.98736286,462
502,503,1199,0.93, or,1,1389,no_tags,assistant,2.5671081e-06,5.886003e-07,0.010523302,0.9894735,463
503,1199,58684,0.37, use,1,1390,no_tags,assistant,6.91344e-05,4.782525e-05,0.12049277,0.87939024,464
504,58684,7396,0.91, neem,1,1391,no_tags,assistant,0.0011412608,0.0019966727,0.052556217,0.94430584,465
505,7396,538,0.88, oil,1,1392,no_tags,assistant,5.5327037e-06,1.063061e-05,0.017807888,0.982176,466
506,538,6118,0.97, if,1,1393,no_tags,assistant,1.5864232e-06,1.293922e-06,0.0054429336,0.99455416,467
507,6118,558,0.76, needed,1,1394,no_tags,assistant,3.0350683e-10,1.5870613e-10,0.0006806659,0.9993193,468
508,558,220,0.82,".
",1,1395,no_tags,assistant,3.8852593e-12,3.0519442e-15,2.3876673e-05,0.99997616,469
509,2886,1879,0.51,With,1,1396,no_tags,assistant,1.1333749e-11,1.2285304e-13,5.391109e-07,0.9999994,470
510,7334,11,1.0, sun,1,1397,no_tags,assistant,1.7235283e-08,1.440388e-09,0.00011319033,0.99988675,471
511,11,37403,0.73,",",1,1398,no_tags,assistant,5.662301e-09,1.0214897e-09,0.00010334682,0.99989665,472
512,37403,36036,0.76, steady,1,1399,no_tags,assistant,5.6147567e-08,6.2614885e-07,5.3353033e-05,0.999946,473
513,36036,11,1.0, moisture,1,1400,no_tags,assistant,1.5535814e-08,1.0031064e-07,7.5376943e-06,0.9999924,474
514,11,290,0.4,",",1,1401,no_tags,assistant,3.388962e-10,1.5302054e-09,8.513856e-06,0.99999154,475
515,290,1849,1.0, the,1,1402,no_tags,assistant,6.5446514e-08,6.285664e-08,7.648778e-05,0.99992335,476
516,1849,92224,0.67, right,1,1403,no_tags,assistant,1.6448548e-10,1.6176126e-10,4.4409394e-06,0.9999956,477
517,92224,11,0.86, fertilizer,1,1404,no_tags,assistant,1.7207649e-09,4.158428e-09,6.420305e-06,0.99999356,478
518,11,326,0.99,",",1,1405,no_tags,assistant,1.7205277e-12,1.4690157e-11,1.5098342e-06,0.99999845,479
519,326,261,0.87, and,1,1406,no_tags,assistant,2.2772238e-10,1.6776662e-10,1.5195617e-06,0.99999845,480
520,261,3389,0.48, a,1,1407,no_tags,assistant,1.269201e-10,1.2653234e-11,2.980208e-06,0.999997,481
521,3389,2498,0.33, little,1,1408,no_tags,assistant,5.308702e-09,7.901288e-09,5.491309e-05,0.99994504,482
522,135775,11,0.93, pruning,1,1409,no_tags,assistant,5.4204854e-09,6.3592145e-09,2.7962446e-05,0.999972,483
523,11,481,0.96,",",1,1410,no_tags,assistant,6.270097e-10,2.8664243e-10,2.6273221e-05,0.9999738,484
524,481,4720,0.99, you,1,1411,no_tags,assistant,2.4036848e-10,1.7846391e-10,2.9096647e-05,0.9999709,485
525,4720,679,0.26,’ll,1,1412,no_tags,assistant,3.861274e-09,1.5740998e-08,4.382639e-05,0.99995613,486
526,4271,261,0.58, enjoy,1,1413,no_tags,assistant,6.808793e-08,1.485092e-07,0.00024930356,0.99975044,487
527,93206,55866,0.9, juicy,1,1414,no_tags,assistant,1.8538522e-08,1.9788242e-08,3.0079362e-05,0.99996984,488
528,55866,306,0.97, tomatoes,1,1415,no_tags,assistant,1.2621555e-08,1.9668374e-07,2.767809e-05,0.9999721,489
529,306,261,0.52, in,1,1416,no_tags,assistant,7.625315e-09,2.6203585e-08,0.00035927963,0.9996407,490
530,261,3120,0.7, a,1,1417,no_tags,assistant,1.7003394e-08,5.021901e-09,0.00043514703,0.9995648,491
531,3120,5503,0.68, few,1,1418,no_tags,assistant,5.5434672e-08,4.3077808e-08,0.0006666908,0.9993332,492
532,5503,0,0.67, months,1,1419,no_tags,assistant,5.362877e-09,5.9044893e-09,2.0261969e-05,0.99997973,493
534,18009,11,0.45,Oh,1,1421,no_tags,user,8.553236e-08,3.886953e-05,0.037491266,0.96246976,494
535,8157,0,0.85, cool,1,1422,no_tags,user,9.873061e-09,2.0768235e-07,0.0025061432,0.9974936,495
536,11,35717,0.22,",",1,1423,no_tags,user,7.786529e-11,4.687936e-08,0.0015987593,0.9984012,496
537,11707,0,0.75, thanks,1,1424,no_tags,user,1.4260375e-10,5.9027457e-08,0.00029309717,0.9997068,497
538,2618,5310,0.11,!!,1,1425,no_tags,user,4.236496e-08,1.2824258e-05,0.0062733735,0.9937138,498
539,16349,30,0.11, Where,1,1426,no_tags,user,2.6507232e-07,0.0019031962,0.0052617462,0.9928348,499
540,885,290,0.28,'s,1,1427,no_tags,user,1.632403e-09,1.9625322e-05,0.004734786,0.99524564,500
541,290,6240,0.37, the,1,1428,no_tags,user,4.6412776e-09,1.3160054e-06,0.00031314397,0.9996855,501
542,39356,2006,0.24, easiest,1,1429,no_tags,user,2.8481627e-06,0.02284027,0.005561373,0.9715955,502
543,2475,30,0.35, place,1,1430,no_tags,user,2.7526167e-07,0.00028390455,0.0012029061,0.9985129,503
544,316,6240,0.24, to,1,1431,no_tags,user,8.832272e-08,0.0002693253,0.21025036,0.7894802,504
545,3839,30,0.26, grow,1,1432,no_tags,user,3.9366944e-07,0.0016735685,0.018222403,0.9801036,505
546,55866,30,0.8, tomatoes,1,1433,no_tags,user,2.7303896e-08,0.00024717176,0.00053013506,0.99922264,506
547,533,6240,0.17, -,1,1434,no_tags,user,3.0511076e-06,0.26481155,0.16609134,0.56909406,507
548,6772,30,0.48, inside,1,1435,no_tags,user,7.157869e-06,0.0006058515,0.0011627281,0.9982243,508
549,503,6772,0.26, or,1,1436,no_tags,user,3.022461e-09,0.00018953886,3.673194e-05,0.9997737,509
550,37495,30,0.94, outdoors,1,1437,no_tags,user,6.992178e-09,1.1375101e-05,2.7568878e-05,0.999961,510
551,11,10606,0.35,",",1,1438,no_tags,user,6.71991e-10,2.4752728e-05,0.00013062585,0.99984455,511
552,4335,484,0.24, given,1,1439,no_tags,user,2.9311187e-09,0.0021269692,0.0033067032,0.9945663,512
553,922,6240,0.08, my,1,1440,no_tags,user,6.2720076e-08,0.0032056335,0.0011706473,0.99562365,513
554,16093,3211,0.74, skill,1,1441,no_tags,user,8.890973e-07,0.6496183,0.0027905197,0.34759033,514
555,3211,30,0.86, level,1,1442,no_tags,user,1.5940333e-08,0.0011191779,0.002156705,0.99672407,515
556,30,279,0.32,?,1,1443,no_tags,user,4.0452696e-07,0.024771601,0.0075968457,0.9676311,516
557,357,1682,0.21, I,1,1444,no_tags,user,1.3909296e-07,0.010745409,0.16221865,0.82703584,517
558,4561,306,0.28, live,1,1445,no_tags,user,6.8078316e-07,0.998041,0.00022430556,0.00173413,518
559,306,220,0.5, in,1,1446,no_tags,user,0.00019097452,0.20075119,0.019724295,0.7793336,519
560,31628,11,0.4, Austin,1,1447,no_tags,user,0.00010016519,0.97794306,0.0039676838,0.017989079,520
561,11885,30,0.37, Texas,1,1448,no_tags,user,0.00025276715,0.9235039,0.02183441,0.05440893,521
562,13,31628,0.22,.,1,1449,no_tags,user,6.0981133e-06,0.98741406,0.00069184357,0.011887955,522
563,3756,481,0.23, Do,1,1450,no_tags,user,1.5344708e-06,0.8715838,0.0032386521,0.12517591,523
564,481,10606,0.13, you,1,1451,no_tags,user,1.4430906e-05,0.08169988,0.021381192,0.8969045,524
565,679,1062,0.3, have,1,1452,no_tags,user,2.1318989e-07,0.9771616,0.00819278,0.014645442,525
566,1062,6772,0.54, any,1,1453,no_tags,user,4.089035e-07,9.52438e-05,6.006327e-05,0.9998443,526
567,22499,30,0.63, recommendations,1,1454,no_tags,user,1.3701768e-06,0.92881536,0.001624331,0.06955897,527
568,395,11885,0.15, for,1,1455,no_tags,user,2.2793027e-05,0.13915038,0.0014337327,0.85939306,528
569,261,9282,0.96, a,1,1456,no_tags,user,1.9283987e-05,0.0033525364,0.02186362,0.9747645,529
570,57062,30,0.61, beginner,1,1457,no_tags,user,6.9036496e-08,0.9917258,0.00017931084,0.008094747,530
571,30,279,0.39,?,1,1458,no_tags,user,1.740968e-06,0.6040139,0.007738082,0.38824627,531
572,8820,30,0.13, Also,1,1459,no_tags,user,1.7413212e-06,0.99531484,0.0018762758,0.0028071303,532
573,1261,30,0.09, when,1,1460,no_tags,user,1.275554e-06,0.91916525,0.000641015,0.0801924,533
574,1757,30,0.1, should,1,1461,no_tags,user,2.8653049e-05,0.2280896,0.008426838,0.763455,534
575,357,350,0.12, I,1,1462,no_tags,user,1.6123176e-05,0.30125728,0.02389345,0.6748332,535
576,6804,30,0.54, plant,1,1463,no_tags,user,2.9097e-05,0.12636402,0.020700015,0.8529068,536
577,1373,30,0.57, them,1,1464,no_tags,user,4.427984e-05,0.23572321,0.62435895,0.13987352,537
578,30,279,0.4,?,1,1465,no_tags,user,2.1739439e-07,0.0044283792,0.0039550858,0.9916163,538
579,6048,30,0.11, Please,1,1466,no_tags,user,1.8798119e-06,0.85853314,0.027197625,0.11426745,539
580,3357,480,0.11, keep,1,1467,no_tags,user,1.7545384e-06,0.8754763,0.0033047802,0.12121711,540
581,480,6240,0.17, it,1,1468,no_tags,user,2.9443867e-09,1.5470005e-06,3.4084682e-05,0.99996436,541
582,4022,30,0.32, short,1,1469,no_tags,user,3.6510392e-07,0.019884313,0.0027928136,0.97732246,542
583,326,16332,0.31, and,1,1470,no_tags,user,5.4695658e-08,8.171217e-06,0.0005010772,0.9994906,543
584,4705,30,0.28, simple,1,1471,no_tags,user,3.960621e-07,0.8490286,0.0024286504,0.14854234,544
586,976,1825,0.99,The,1,1473,no_tags,cot,6.151693e-13,2.6211094e-08,0.25907397,0.74092597,545
587,1825,10648,0.74, user,1,1474,no_tags,cot,4.1331213e-11,4.7788933e-07,0.99751365,0.0024858662,546
588,10648,4022,0.4, wants,1,1475,no_tags,cot,1.2068263e-10,3.9410897e-06,0.99484384,0.0051521966,547
589,25,39356,0.8,:,1,1476,no_tags,cot,1.9793544e-12,8.515826e-07,0.98936,0.010639218,548
590,39356,2475,1.0, easiest,1,1477,no_tags,cot,4.2762463e-07,0.01752575,0.2284566,0.7540172,549
591,2475,316,0.91, place,1,1478,no_tags,cot,6.800933e-08,0.0022636196,0.0018656778,0.99587065,550
592,316,3839,1.0, to,1,1479,no_tags,cot,4.7969955e-08,0.00013811489,0.0046276813,0.9952342,551
593,3839,55866,0.99, grow,1,1480,no_tags,cot,5.6773896e-08,0.0014401469,0.17326064,0.82529914,552
594,55866,11,0.2, tomatoes,1,1481,no_tags,cot,1.1936645e-06,0.7744875,0.049715836,0.17579542,553
595,1127,6772,0.73, –,1,1482,no_tags,cot,4.5253117e-11,3.2985958e-05,0.78198075,0.21798626,554
596,6772,503,0.92, inside,1,1483,no_tags,cot,5.7042797e-07,0.0012550273,0.011353977,0.9873904,555
597,503,37495,0.95, or,1,1484,no_tags,cot,9.110033e-10,2.2566892e-05,0.0035488927,0.99642855,556
598,37495,11,0.55, outdoors,1,1485,no_tags,cot,7.52015e-09,4.205538e-06,0.0008450518,0.99915075,557
599,1127,4335,0.53, –,1,1486,no_tags,cot,8.3406926e-10,0.00012099865,0.9149779,0.08490111,558
600,4335,16093,0.64, given,1,1487,no_tags,cot,1.4120025e-09,0.00016101828,0.91306585,0.08677318,559
601,16093,3211,0.99, skill,1,1488,no_tags,cot,3.2349172e-07,0.17829865,0.2715756,0.5501254,560
602,3211,11,0.47, level,1,1489,no_tags,cot,3.9804906e-09,0.00022397793,0.26403564,0.7357403,561
603,13,3164,0.59,.,1,1490,no_tags,cot,5.5540232e-11,0.00011777991,0.99211484,0.0077673174,562
604,72678,306,0.98, Lives,1,1491,no_tags,cot,5.717651e-08,0.0026755154,0.986893,0.010431462,563
605,306,31628,1.0, in,1,1492,no_tags,cot,6.80382e-05,0.15161493,0.011756694,0.83656037,564
606,31628,11,0.52, Austin,1,1493,no_tags,cot,6.01494e-06,0.8759658,0.08433308,0.039695125,565
607,23055,13,0.95, TX,1,1494,no_tags,cot,1.9810584e-06,0.009390467,0.18403663,0.80657095,566
608,13,118403,0.65,.,1,1495,no_tags,cot,1.3687565e-10,0.00068588875,0.9805817,0.018732326,567
609,118403,395,0.97, Recommendations,1,1496,no_tags,cot,2.06678e-09,0.0005256298,0.82707417,0.17240022,568
610,395,57062,0.64, for,1,1497,no_tags,cot,1.19288055e-08,0.002739363,0.9762564,0.021004336,569
611,57062,13,0.81, beginner,1,1498,no_tags,cot,3.809557e-08,0.330811,0.38913152,0.28005743,570
612,13,4296,0.88,.,1,1499,no_tags,cot,1.7727047e-11,6.014189e-05,0.9898461,0.010093728,571
613,4296,316,0.62, When,1,1500,no_tags,cot,6.582392e-09,0.00014219285,0.94918174,0.05067608,572
614,316,6804,1.0, to,1,1501,no_tags,cot,7.0711e-06,0.00046055508,0.11704833,0.882484,573
615,6804,13,0.98, plant,1,1502,no_tags,cot,3.2346648e-08,8.708541e-05,0.024766097,0.97514683,574
616,13,16835,0.94,.,1,1503,no_tags,cot,7.8427137e-10,0.000108080065,0.81107885,0.18881308,575
617,16835,4022,0.59, Keep,1,1504,no_tags,cot,3.6254586e-11,2.0580872e-05,0.86572146,0.13425805,576
618,480,4022,1.0, it,1,1505,no_tags,cot,9.901621e-09,0.0006848826,0.102967605,0.8963475,577
619,4022,326,0.92, short,1,1506,no_tags,cot,4.3372442e-10,0.00020887554,0.27008682,0.7297043,578
620,326,4705,1.0, and,1,1507,no_tags,cot,8.406785e-10,1.3198767e-05,0.8914163,0.10857048,579
621,4705,13,0.83, simple,1,1508,no_tags,cot,4.2923824e-09,0.004971115,0.46610916,0.5289197,580
622,13,51441,0.42,.,1,1509,no_tags,cot,1.6185145e-12,2.3911294e-08,0.20907894,0.79092103,581
623,623,6052,0.49, The,1,1510,no_tags,cot,7.968433e-12,2.9360605e-09,0.8618543,0.13814571,582
624,29186,1757,0.8, assistant,1,1511,no_tags,cot,1.2371217e-10,3.7623927e-08,0.9926393,0.007360737,583
625,1757,3644,0.3, should,1,1512,no_tags,cot,2.5988614e-12,1.7288427e-08,0.99078584,0.009214201,584
626,3644,82463,0.42, give,1,1513,no_tags,cot,1.2588331e-09,2.877652e-06,0.7343779,0.2656192,585
627,82463,6052,0.45, concise,1,1514,no_tags,cot,2.384618e-09,6.991409e-06,0.24963623,0.75035673,586
628,21561,25,0.73, suggestions,1,1515,no_tags,cot,1.6551808e-09,2.9640346e-06,0.04563303,0.95436406,587
629,25,37495,0.46,:,1,1516,no_tags,cot,1.2153247e-11,1.7530897e-07,0.21995616,0.78004366,588
630,37495,306,0.62, outdoors,1,1517,no_tags,cot,3.935935e-08,5.6341722e-08,0.0045944825,0.99540544,589
631,306,31628,0.59, in,1,1518,no_tags,cot,1.6006037e-07,3.2891245e-07,0.13353951,0.86645997,590
632,6047,12860,0.98, early,1,1519,no_tags,cot,2.0453595e-05,0.00017017515,0.21800968,0.7817997,591
633,12860,1934,0.4, spring,1,1520,no_tags,cot,5.171186e-07,7.5795547e-06,0.013997623,0.98599434,592
634,1934,2174,0.81, after,1,1521,no_tags,cot,2.0408255e-07,8.383882e-06,0.084404506,0.9155869,593
635,2174,69368,1.0, last,1,1522,no_tags,cot,4.7087468e-07,2.9213459e-06,0.026609566,0.97338706,594
636,69368,11,0.4, frost,1,1523,no_tags,cot,8.098518e-08,2.9890043e-07,0.004964551,0.99503505,595
637,3521,65176,0.37, date,1,1524,no_tags,cot,1.5078616e-07,1.4735995e-05,0.093826756,0.9061584,596
638,350,23430,0.7, (,1,1525,no_tags,cot,2.3852649e-09,3.372741e-07,0.75872433,0.24127528,597
639,62832,6959,0.78,maybe,1,1526,no_tags,cot,1.13847196e-10,6.25241e-09,0.6219251,0.37807488,598
640,6959,6189,0.8, mid,1,1527,no_tags,cot,1.1251849e-07,5.3508245e-07,0.8362651,0.16373432,599
641,6189,1417,1.0,-M,1,1528,no_tags,cot,1.2642212e-05,0.00011947448,0.048351083,0.95151675,600
642,1417,741,0.38,arch,1,1529,no_tags,cot,7.616774e-07,0.00022010779,0.045494936,0.95428413,601
643,741,730,0.29,).,1,1530,no_tags,cot,2.8648872e-10,2.0358762e-07,0.7659066,0.2340932,602
644,12265,31628,0.85, Since,1,1531,no_tags,cot,1.1025642e-09,5.098402e-08,0.49674416,0.5032558,603
645,31628,853,0.42, Austin,1,1532,no_tags,cot,1.6067744e-06,0.00034798696,0.03793592,0.96171445,604
646,25,2174,0.63,:,1,1533,no_tags,cot,2.679903e-08,5.8086454e-05,0.7981612,0.20178066,605
647,2174,69368,1.0, last,1,1534,no_tags,cot,8.7377765e-07,1.5445657e-05,0.15381327,0.84617037,606
648,69368,2846,0.42, frost,1,1535,no_tags,cot,3.2152732e-06,6.562467e-06,0.011082343,0.9889079,607
649,2846,6959,0.79, around,1,1536,no_tags,cot,1.5382173e-07,2.535698e-05,0.64238596,0.35758853,608
650,6959,6189,0.81, mid,1,1537,no_tags,cot,2.3729776e-06,4.3725377e-05,0.64793915,0.35201475,609
651,7561,13,0.58, March,1,1538,no_tags,cot,4.0561197e-05,0.0038981405,0.3348905,0.6611708,610
652,13,2214,0.11,.,1,1539,no_tags,cot,1.3763935e-08,9.112249e-08,0.7431492,0.25685072,611
653,62122,8601,0.26, Suggest,1,1540,no_tags,cot,2.8197462e-11,4.1994266e-09,0.66778016,0.33221984,612
654,2360,15478,0.47, using,1,1541,no_tags,cot,1.1172432e-06,4.962462e-05,0.58340645,0.4165428,613
655,15478,27154,0.97, raised,1,1542,no_tags,cot,7.8737074e-08,3.466246e-07,0.052539997,0.9474596,614
656,27154,503,0.69, beds,1,1543,no_tags,cot,2.5324135e-07,2.2914796e-06,0.18308304,0.8169144,615
657,11,35267,0.86,",",1,1544,no_tags,cot,8.176606e-10,3.671772e-08,0.83094794,0.16905205,616
658,35267,11,0.59, containers,1,1545,no_tags,cot,1.921399e-06,0.00012912267,0.054650143,0.9452188,617
659,13,51441,0.28,.,1,1546,no_tags,cot,4.027013e-11,3.3301912e-08,0.49796936,0.5020306,618
660,2214,30757,0.27, For,1,1547,no_tags,cot,9.057128e-09,1.4990725e-08,0.5182733,0.48172665,619
661,69297,25,0.59, indoors,1,1548,no_tags,cot,9.047484e-06,0.0001254088,0.11702191,0.8828436,620
662,25,63521,0.23,:,1,1549,no_tags,cot,1.3015005e-09,1.9382891e-07,0.17965396,0.8203458,621
663,625,9064,0.31, not,1,1550,no_tags,cot,5.0848e-06,3.027507e-05,0.12268646,0.8772782,622
664,9064,12604,0.18, ideal,1,1551,no_tags,cot,6.4379866e-09,1.0037148e-07,0.07182557,0.9281744,623
665,538,625,0.24, if,1,1552,no_tags,cot,6.609446e-07,9.744068e-07,0.09046574,0.90953255,624
666,16093,3211,0.81, skill,1,1553,no_tags,cot,3.1260535e-07,1.9627358e-05,0.132954,0.86702603,625
667,4465,13,0.38, low,1,1554,no_tags,cot,2.0447824e-07,9.055453e-06,0.23607916,0.7639116,626
668,13,51441,0.4,.,1,1555,no_tags,cot,4.744109e-10,7.668457e-09,0.04666733,0.9533327,627
669,2632,37495,0.32, So,1,1556,no_tags,cot,1.8448721e-12,1.5968135e-09,0.67273265,0.32726735,628
670,37495,13,0.39, outdoors,1,1557,no_tags,cot,2.3069173e-07,1.2409386e-06,0.1285171,0.8714814,629
671,13,51441,0.62,.,1,1558,no_tags,cot,2.9798644e-10,2.8907754e-09,0.36658683,0.63341314,630
672,51441,62191,0.31, Provide,1,1559,no_tags,cot,1.713147e-10,6.1645096e-08,0.8729889,0.12701097,631
673,4705,10331,0.34, simple,1,1560,no_tags,cot,1.98548e-08,2.5759175e-05,0.8398351,0.16013919,632
674,10331,13,0.6, steps,1,1561,no_tags,cot,7.433111e-08,4.4591106e-05,0.81922495,0.18073045,633
675,13,41021,0.3,.,1,1562,no_tags,cot,1.7434255e-12,6.1332392e-09,0.7632884,0.23671158,634
676,16835,4022,0.45, Keep,1,1563,no_tags,cot,1.1097187e-11,5.8233507e-09,0.41193885,0.58806115,635
677,4022,13,0.87, short,1,1564,no_tags,cot,1.3208805e-11,6.025795e-09,0.057409152,0.94259083,636
678,13,41021,0.58,.,1,1565,no_tags,cot,2.3192123e-14,5.147425e-12,0.14189099,0.85810906,637
679,46830,6052,0.23, We'll,1,1566,no_tags,cot,5.1769266e-13,1.510584e-11,0.26435468,0.73564535,638
680,7000,31926,0.35, deliver,1,1567,no_tags,cot,4.4985465e-12,1.2861257e-10,0.48022872,0.5197713,639
682,410,14591,0.56,**,1,1569,no_tags,assistant,3.8822326e-12,2.689429e-10,0.000116499345,0.99988353,640
683,36,4402,1.0,E,1,1570,no_tags,assistant,3.0570335e-13,1.7362521e-10,2.0008143e-05,0.99998,641
684,4402,376,1.0,asi,1,1571,no_tags,assistant,4.3441372e-11,4.5497545e-10,0.00024140648,0.99975854,642
685,376,5317,0.32,est,1,1572,no_tags,assistant,1.4666352e-12,1.051833e-10,1.4992623e-06,0.99999845,643
686,395,261,0.83, for,1,1573,no_tags,assistant,4.5411844e-11,3.371243e-10,6.450369e-05,0.9999355,644
687,261,57062,0.99, a,1,1574,no_tags,assistant,1.7163513e-12,3.1335844e-11,1.3448071e-05,0.9999865,645
688,57062,306,0.99, beginner,1,1575,no_tags,assistant,2.0442669e-12,1.6293461e-09,2.7366626e-05,0.9999726,646
689,306,31628,1.0, in,1,1576,no_tags,assistant,1.7013226e-11,3.8252118e-10,6.351534e-05,0.99993646,647
690,31628,11,0.59, Austin,1,1577,no_tags,assistant,3.6098294e-11,3.196964e-09,7.871221e-05,0.9999213,648
691,350,33879,0.87, (,1,1578,no_tags,assistant,3.449941e-14,2.3931655e-11,8.43818e-06,0.99999154,649
692,33879,3127,0.56,TX,1,1579,no_tags,assistant,8.782645e-12,7.774413e-10,3.155848e-06,0.9999969,650
693,8,1127,0.84,),1,1580,no_tags,assistant,1.975054e-14,2.2917516e-12,5.926607e-06,0.99999404,651
694,1612,12,0.94,"**
",1,1581,no_tags,assistant,6.262705e-13,1.5175468e-10,5.5997807e-05,0.999944,652
695,12,6240,0.98,-,1,1582,no_tags,assistant,9.40453e-13,1.02575407e-10,0.00024931334,0.9997507,653
696,6240,11977,0.63, **,1,1583,no_tags,assistant,9.787171e-14,2.7975944e-12,4.5344577e-06,0.99999547,654
697,14591,10021,0.79,Best,1,1584,no_tags,assistant,8.1805913e-14,1.2335366e-12,8.814042e-07,0.99999917,655
698,2475,142760,0.99, place,1,1585,no_tags,assistant,3.6978753e-13,1.6939493e-11,9.519215e-07,0.99999905,656
699,142760,156237,0.64,:**,1,1586,no_tags,assistant,2.167409e-15,1.5808259e-13,3.729181e-07,0.99999964,657
700,6240,3227,0.95, **,1,1587,no_tags,assistant,1.0576697e-12,5.9277727e-10,2.8516635e-05,0.9999715,658
701,3227,31202,1.0,Out,1,1588,no_tags,assistant,1.3698136e-10,5.3704124e-10,3.2807035e-05,0.9999672,659
702,31202,410,0.97,doors,1,1589,no_tags,assistant,1.5007824e-12,5.866716e-11,1.8452954e-06,0.9999982,660
703,410,1127,0.85,**,1,1590,no_tags,assistant,2.9123326e-15,2.2087063e-13,1.0825208e-07,0.9999999,661
704,1127,290,0.54, –,1,1591,no_tags,assistant,5.9526214e-15,6.737191e-12,8.240387e-07,0.99999917,662
705,55866,54337,0.62, tomatoes,1,1592,no_tags,assistant,6.664318e-11,2.225859e-08,8.687871e-06,0.9999913,663
706,54337,306,0.96, thrive,1,1593,no_tags,assistant,4.963506e-14,2.0862156e-11,1.8812111e-06,0.9999981,664
707,306,290,0.54, in,1,1594,no_tags,assistant,1.575894e-10,2.4181494e-08,1.9556654e-05,0.99998045,665
708,3149,7334,0.98, full,1,1595,no_tags,assistant,2.3993932e-10,1.5808903e-08,4.1877265e-06,0.9999958,666
709,7334,326,0.41, sun,1,1596,no_tags,assistant,5.5425624e-09,2.3089872e-06,0.00051066675,0.99948704,667
710,11,326,0.87,",",1,1597,no_tags,assistant,4.511774e-16,1.5603165e-12,5.4728332e-08,1.0,668
711,326,31628,0.71, and,1,1598,no_tags,assistant,9.914924e-14,1.7345722e-10,1.3988421e-07,0.9999999,669
712,290,9144,0.22, the,1,1599,no_tags,assistant,1.3930516e-10,1.0213707e-08,0.00065110775,0.9993488,670
713,31137,31628,0.76, mild,1,1600,no_tags,assistant,1.5169724e-09,3.5367353e-08,9.746303e-05,0.9999025,671
714,31628,16721,0.79, Austin,1,1601,no_tags,assistant,4.4448296e-13,5.7224968e-11,6.1217344e-07,0.9999994,672
715,16721,350,0.56, climate,1,1602,no_tags,assistant,2.1028103e-12,2.2365843e-10,3.782867e-05,0.9999622,673
716,4787,480,0.51, makes,1,1603,no_tags,assistant,1.909392e-12,6.0214167e-10,8.260942e-05,0.9999174,674
717,10606,4224,0.36, growing,1,1604,no_tags,assistant,1.3114671e-11,5.750031e-09,0.00043912992,0.9995609,675
718,11087,1572,0.85, easier,1,1605,no_tags,assistant,6.121315e-10,1.4912273e-07,0.00013039447,0.99986947,676
719,1572,30757,0.44, than,1,1606,no_tags,assistant,2.3717159e-12,3.797289e-10,8.527499e-06,0.9999914,677
720,6700,316,0.96, trying,1,1607,no_tags,assistant,4.6195625e-12,3.6625014e-10,1.5562619e-06,0.99999845,678
721,316,3357,0.64, to,1,1608,no_tags,assistant,8.761808e-09,2.0517078e-07,3.1759024e-05,0.99996805,679
722,3357,1373,0.46, keep,1,1609,no_tags,assistant,4.849524e-09,1.2101649e-08,0.0001420189,0.9998579,680
723,290,1849,0.31, the,1,1610,no_tags,assistant,1.6790388e-08,2.6177312e-07,0.00052707165,0.9994727,681
724,1849,4207,0.65, right,1,1611,no_tags,assistant,8.409748e-09,5.6672196e-08,0.00012236615,0.9998776,682
725,4207,326,0.56, light,1,1612,no_tags,assistant,1.411512e-11,6.159639e-10,9.88211e-06,0.9999901,683
726,6772,558,0.59, inside,1,1613,no_tags,assistant,2.5335745e-12,6.467297e-10,7.37185e-07,0.9999993,684
727,558,12,1.0,".
",1,1614,no_tags,assistant,3.8184056e-14,1.6425437e-12,1.8470314e-06,0.9999982,685
728,12,6240,1.0,-,1,1615,no_tags,assistant,2.9347708e-13,1.09365406e-10,0.00013873968,0.99986124,686
729,6240,57785,0.51, **,1,1616,no_tags,assistant,2.3917996e-12,3.8983166e-12,7.5309006e-05,0.99992466,687
730,5958,316,1.0,When,1,1617,no_tags,assistant,1.6858865e-12,1.4163112e-11,2.984808e-05,0.9999702,688
731,316,6804,0.99, to,1,1618,no_tags,assistant,1.0973163e-10,1.0567173e-09,2.3035798e-05,0.999977,689
732,6804,142760,1.0, plant,1,1619,no_tags,assistant,8.824686e-12,6.989512e-11,2.8346361e-05,0.9999716,690
733,25,1612,0.99,:,1,1620,no_tags,assistant,3.8857385e-07,6.575417e-07,0.00015464549,0.9998443,691
734,1612,220,1.0,"**
",1,1621,no_tags,assistant,1.8773894e-14,1.8279302e-12,1.1205725e-06,0.9999989,692
735,220,533,0.5, ,1,1622,no_tags,assistant,1.4203913e-06,5.1022437e-07,0.032495122,0.967503,693
736,533,6240,0.35, -,1,1623,no_tags,assistant,3.6111964e-11,8.84964e-11,1.2882224e-05,0.9999871,694
737,6240,4459,0.27, **,1,1624,no_tags,assistant,1.8361111e-12,8.249187e-11,0.00022752013,0.9997725,695
738,6949,69368,0.98,Last,1,1625,no_tags,assistant,1.1050067e-11,4.4706492e-11,1.5626625e-05,0.9999844,696
739,69368,3521,0.58, frost,1,1626,no_tags,assistant,3.7809415e-11,1.5362173e-11,2.8336103e-07,0.99999976,697
740,3521,142760,0.72, date,1,1627,no_tags,assistant,6.65151e-11,4.6387183e-09,4.0114664e-06,0.99999595,698
741,142760,6574,0.45,:**,1,1628,no_tags,assistant,1.0153862e-13,7.411238e-12,3.0904474e-05,0.9999691,699
742,6959,50005,1.0, mid,1,1629,no_tags,assistant,3.7440186e-12,3.8695995e-12,5.6806907e-06,0.9999943,700
743,6189,1417,1.0,-M,1,1630,no_tags,assistant,3.1774488e-12,1.1421478e-11,3.2061198e-06,0.9999968,701
744,1417,350,0.67,arch,1,1631,no_tags,assistant,1.4996174e-11,9.605669e-11,5.80848e-07,0.9999994,702
745,350,42235,0.37, (,1,1632,no_tags,assistant,1.4384188e-11,2.9581124e-10,4.2031177e-05,0.9999579,703
746,160401,7561,0.61,approximately,1,1633,no_tags,assistant,1.9266214e-12,3.2521306e-12,0.00039572248,0.9996043,704
747,7561,35971,0.65, March,1,1634,no_tags,assistant,2.3511786e-09,5.6010677e-08,2.1059577e-05,0.9999789,705
748,220,1055,0.77, ,1,1635,no_tags,assistant,3.004979e-08,3.5779127e-08,0.00039504078,0.9996049,706
749,1055,50005,0.61,15,1,1636,no_tags,assistant,1.7940718e-11,4.304699e-11,5.5582295e-05,0.99994445,707
750,1585,455,0.99,–,1,1637,no_tags,assistant,5.163174e-12,3.609957e-10,4.198795e-05,0.99995804,708
751,455,741,0.72,20,1,1638,no_tags,assistant,1.7440131e-12,3.805811e-12,5.0303884e-06,0.999995,709
752,6294,220,1.0,").
",1,1639,no_tags,assistant,1.3691756e-12,3.6965223e-11,1.3151794e-05,0.9999869,710
753,220,533,0.99, ,1,1640,no_tags,assistant,9.791947e-10,2.9294895e-07,0.0003327136,0.99966705,711
754,533,6240,0.66, -,1,1641,no_tags,assistant,4.9986806e-14,6.8518516e-12,3.0446665e-06,0.9999969,712
755,6240,57785,0.89, **,1,1642,no_tags,assistant,1.256457e-10,4.4537796e-10,0.00019934442,0.9998006,713
756,57785,171333,0.85,Plant,1,1643,no_tags,assistant,1.9499804e-09,5.50331e-10,0.0010387949,0.9989612,714
757,142760,220,0.45,:**,1,1644,no_tags,assistant,2.277774e-14,4.383966e-13,5.984825e-06,0.99999404,715
758,220,17,0.79, ,1,1645,no_tags,assistant,4.3844572e-08,9.05578e-09,0.012399745,0.9876002,716
759,16,1585,0.97,1,1,1646,no_tags,assistant,2.1754191e-08,2.5268811e-09,0.010012791,0.9899872,717
760,1585,17,1.0,–,1,1647,no_tags,assistant,8.430673e-14,5.106337e-14,2.0903586e-05,0.99997914,718
761,17,7449,0.8,2,1,1648,no_tags,assistant,1.8631137e-11,8.1157e-12,0.00024866572,0.9997514,719
762,7449,1934,1.0, weeks,1,1649,no_tags,assistant,3.2261177e-10,9.695624e-10,0.0001670064,0.999833,720
763,1934,290,0.72, after,1,1650,no_tags,assistant,6.496412e-11,4.16253e-10,0.0001528253,0.9998472,721
764,484,11,0.77, that,1,1651,no_tags,assistant,2.3722448e-12,1.3847334e-10,3.0303454e-06,0.999997,722
765,11,1261,0.67,",",1,1652,no_tags,assistant,8.6045065e-13,1.7112374e-11,9.062377e-06,0.99999094,723
766,1261,22390,0.71, when,1,1653,no_tags,assistant,1.2289217e-10,1.6883845e-09,0.002568088,0.99743193,724
767,290,22390,0.99, the,1,1654,no_tags,assistant,7.1650966e-08,1.9388786e-08,0.00068384374,0.9993161,725
768,22390,382,0.8, soil,1,1655,no_tags,assistant,2.0290184e-08,2.585245e-07,0.0004206803,0.999579,726
769,382,9144,0.63, is,1,1656,no_tags,assistant,1.0567277e-11,2.6940222e-10,5.605968e-05,0.999944,727
770,5151,220,0.99, above,1,1657,no_tags,assistant,1.9235853e-09,1.6366762e-08,6.0120196e-06,0.9999939,728
771,220,1910,0.77, ,1,1658,no_tags,assistant,2.930588e-09,9.1844315e-10,1.42691515e-05,0.9999857,729
772,3152,35971,0.99,55,1,1659,no_tags,assistant,3.4420693e-09,5.6754996e-09,6.681875e-06,0.9999933,730
773,68854,350,0.77,°F,1,1660,no_tags,assistant,1.1153302e-09,6.0736016e-09,1.5988973e-05,0.999984,731
774,350,1311,0.95, (,1,1661,no_tags,assistant,1.15754906e-10,1.03584856e-10,3.7044276e-05,0.9999629,732
775,1311,26557,0.97,13,1,1662,no_tags,assistant,3.048973e-08,8.902293e-09,6.684159e-05,0.9999331,733
776,26557,8,0.51,°C,1,1663,no_tags,assistant,2.5381375e-09,1.1273583e-08,0.00010232453,0.9998976,734
777,6294,12,0.99,").
",1,1664,no_tags,assistant,6.8807406e-13,3.2752503e-12,1.236523e-05,0.9999876,735
778,12,6240,1.0,-,1,1665,no_tags,assistant,3.5417635e-13,3.722238e-12,1.1315021e-05,0.9999887,736
779,6240,28903,0.67, **,1,1666,no_tags,assistant,1.2681304e-13,2.809458e-14,4.215028e-06,0.9999958,737
780,28903,41372,0.66,Quick,1,1667,no_tags,assistant,2.1455231e-12,1.0810662e-11,1.9032364e-05,0.9999809,738
781,9858,25,0.71, tips,1,1668,no_tags,assistant,1.4973156e-14,2.0127622e-13,1.6775638e-06,0.99999833,739
782,25,1612,1.0,:,1,1669,no_tags,assistant,4.3693333e-08,3.13413e-09,0.000118832155,0.99988115,740
783,1612,220,1.0,"**
",1,1670,no_tags,assistant,1.9299432e-13,6.8558453e-12,2.1239992e-05,0.9999788,741
784,220,533,0.78, ,1,1671,no_tags,assistant,1.1484888e-11,4.954081e-12,7.606172e-06,0.9999924,742
785,220,16,1.0, ,1,1672,no_tags,assistant,6.23531e-12,3.1744632e-10,7.79602e-06,0.99999225,743
786,16,13,1.0,1,1,1673,no_tags,assistant,9.542905e-14,5.9167775e-13,8.593782e-06,0.9999914,744
787,13,6240,0.53,.,1,1674,no_tags,assistant,1.2278258e-11,2.9120012e-12,2.59271e-05,0.99997413,745
788,7649,261,0.98, Use,1,1675,no_tags,assistant,3.178529e-12,3.244857e-12,1.2251093e-05,0.9999877,746
789,261,15478,0.77, a,1,1676,no_tags,assistant,9.454341e-11,7.066834e-11,5.294264e-05,0.9999471,747
790,6240,143866,0.97, **,1,1677,no_tags,assistant,6.5684705e-16,1.9698749e-15,8.767137e-07,0.99999917,748
791,143866,3737,1.0,raised,1,1678,no_tags,assistant,4.1615452e-13,2.944304e-13,7.294726e-07,0.9999993,749
792,3737,503,0.84, bed,1,1679,no_tags,assistant,6.3230957e-12,2.8249573e-12,8.133828e-06,0.9999919,750
793,503,4410,0.54, or,1,1680,no_tags,assistant,4.335114e-13,7.270347e-12,1.9421923e-05,0.99998057,751
794,4410,9282,0.55, large,1,1681,no_tags,assistant,4.4660997e-08,8.1125796e-07,0.013078877,0.98692024,752
795,9282,410,1.0, container,1,1682,no_tags,assistant,3.3568867e-10,3.354309e-09,1.0029655e-05,0.99999,753
796,410,483,0.59,**,1,1683,no_tags,assistant,2.463315e-13,1.7091907e-13,5.1650254e-06,0.9999949,754
797,350,266,0.41, (,1,1684,no_tags,assistant,7.493563e-12,1.2649906e-11,4.0985742e-05,0.999959,755
798,899,50005,0.49,12,1,1685,no_tags,assistant,4.2569273e-09,7.393357e-09,2.5680723e-05,0.99997425,756
799,1585,1157,0.53,–,1,1686,no_tags,assistant,9.164323e-12,4.1795612e-11,4.0344497e-05,0.9999597,757
800,1157,35971,0.78,18,1,1687,no_tags,assistant,5.5058572e-11,1.11981015e-11,3.990991e-06,0.99999607,758
801,306,8103,0.52, in,1,1688,no_tags,assistant,9.238015e-10,3.4259148e-10,7.3614996e-05,0.9999263,759
802,8103,8,0.96, deep,1,1689,no_tags,assistant,7.119639e-10,3.0104155e-10,1.8480779e-06,0.9999981,760
803,6294,220,1.0,").
",1,1690,no_tags,assistant,7.7499e-13,8.7675776e-13,1.02951e-06,0.9999989,761
804,220,220,1.0, ,1,1691,no_tags,assistant,1.7505911e-07,3.373831e-09,0.00062664837,0.99937314,762
805,220,17,1.0, ,1,1692,no_tags,assistant,8.9557764e-11,9.98856e-12,3.3624414e-07,0.99999964,763
806,17,13,1.0,2,1,1693,no_tags,assistant,8.73731e-15,3.328782e-14,2.2473539e-07,0.99999976,764
807,13,23279,0.32,.,1,1694,no_tags,assistant,7.618146e-12,2.0777961e-13,8.966028e-06,0.99999106,765
808,16835,22390,0.65, Keep,1,1695,no_tags,assistant,1.4814119e-12,5.066989e-13,3.6318859e-06,0.9999964,766
809,22390,6240,0.45, soil,1,1696,no_tags,assistant,3.1831082e-10,3.7999281e-10,4.2256697e-06,0.9999958,767
810,30230,11,0.93, loose,1,1697,no_tags,assistant,1.5683336e-09,2.1427393e-08,2.8175196e-05,0.99997175,768
811,326,1147,0.32, and,1,1698,no_tags,assistant,1.1224111e-10,1.1343911e-09,5.6970744e-06,0.9999943,769
812,10358,350,0.61, rich,1,1699,no_tags,assistant,1.6258609e-11,4.2344372e-10,8.866473e-07,0.99999917,770
813,350,964,0.82, (,1,1700,no_tags,assistant,1.4602928e-12,5.8397068e-12,5.7679254e-06,0.9999943,771
814,964,57813,1.0,add,1,1701,no_tags,assistant,1.39543654e-11,3.7250553e-11,6.6618322e-06,0.9999933,772
815,57813,6294,0.45, compost,1,1702,no_tags,assistant,8.1776634e-11,2.4435122e-08,2.8404731e-05,0.9999716,773
816,11,220,0.66,",",1,1703,no_tags,assistant,3.5073526e-12,2.0865548e-10,7.5721914e-06,0.9999924,774
817,220,16,0.61, ,1,1704,no_tags,assistant,1.08041964e-10,4.0541034e-10,0.00033357157,0.99966645,775
818,16,35971,0.47,1,1,1705,no_tags,assistant,1.2270686e-10,1.6393517e-10,0.00067173404,0.99932826,776
819,14,19,0.56,/,1,1706,no_tags,assistant,9.541174e-09,9.3882555e-09,0.00036216617,0.99963784,777
820,17,11531,0.87,2,1,1707,no_tags,assistant,4.2067663e-10,4.776164e-10,0.002822323,0.9971777,778
821,11531,777,0.87, cup,1,1708,no_tags,assistant,3.3284975e-10,4.0813215e-09,0.00037382255,0.99962616,779
822,777,13749,0.42, per,1,1709,no_tags,assistant,2.1719035e-10,3.3457608e-11,0.0016190184,0.998381,780
823,13749,6428,1.0, square,1,1710,no_tags,assistant,4.8148945e-07,3.2767275e-06,0.002083103,0.9979132,781
824,6428,6294,0.93, foot,1,1711,no_tags,assistant,7.053148e-09,2.2092742e-08,4.121739e-05,0.99995875,782
825,6294,220,1.0,").
",1,1712,no_tags,assistant,1.7070195e-13,4.6533995e-14,1.778102e-07,0.9999999,783
826,220,220,1.0, ,1,1713,no_tags,assistant,7.062363e-11,1.5390463e-11,1.0501303e-05,0.9999895,784
827,220,18,1.0, ,1,1714,no_tags,assistant,3.6158688e-14,4.5002613e-14,1.5129534e-07,0.9999999,785
828,18,13,1.0,3,1,1715,no_tags,assistant,2.075694e-14,2.0988052e-13,1.07516854e-07,0.9999999,786
829,13,12303,0.59,.,1,1716,no_tags,assistant,4.286551e-12,2.370212e-13,9.139952e-06,0.9999908,787
830,12303,220,0.33, Water,1,1717,no_tags,assistant,4.597524e-11,2.647212e-10,6.394541e-07,0.9999994,788
831,220,16,0.98, ,1,1718,no_tags,assistant,5.3658297e-12,8.593399e-12,8.06762e-06,0.9999919,789
832,16,1585,0.75,1,1,1719,no_tags,assistant,6.1637427e-12,7.672625e-13,9.4114176e-07,0.99999905,790
833,1585,16,0.62,–,1,1720,no_tags,assistant,3.4630883e-15,1.9139952e-15,2.2337122e-08,1.0,791
834,17,35971,0.77,2,1,1721,no_tags,assistant,1.5317866e-12,3.1866998e-13,3.357059e-07,0.99999964,792
835,21185,777,0.91, inches,1,1722,no_tags,assistant,3.3217688e-08,6.3212213e-09,1.2220136e-05,0.9999877,793
836,777,2384,1.0, per,1,1723,no_tags,assistant,5.465378e-11,2.5001716e-11,1.6909993e-05,0.9999831,794
837,2384,26,0.52, week,1,1724,no_tags,assistant,6.769991e-12,5.373676e-12,1.9135081e-07,0.99999976,795
838,350,8229,0.84, (,1,1725,no_tags,assistant,1.3244125e-12,7.0977555e-13,2.7008372e-07,0.99999976,796
839,8229,306,0.36,more,1,1726,no_tags,assistant,1.0516365e-11,9.256682e-13,9.754161e-07,0.99999905,797
840,402,3648,0.96, on,1,1727,no_tags,assistant,6.110216e-13,6.928332e-15,1.8442786e-07,0.99999976,798
841,3648,3376,0.92, hot,1,1728,no_tags,assistant,1.3173727e-09,1.506647e-08,2.2048202e-06,0.99999774,799
842,3376,6294,0.84, days,1,1729,no_tags,assistant,2.5096574e-09,2.4762508e-08,1.5196662e-05,0.99998474,800
843,6294,220,1.0,").
",1,1730,no_tags,assistant,4.7298345e-15,4.87185e-14,3.6519476e-09,1.0,801
844,220,220,1.0, ,1,1731,no_tags,assistant,5.3460916e-12,5.2371818e-12,7.678213e-07,0.9999993,802
845,220,19,1.0, ,1,1732,no_tags,assistant,4.446213e-09,4.986594e-09,2.1433294e-05,0.99997854,803
846,19,13,1.0,4,1,1733,no_tags,assistant,3.202795e-16,9.691187e-16,9.540422e-10,1.0,804
847,13,137247,0.55,.,1,1734,no_tags,assistant,3.9717844e-13,3.001669e-14,7.902944e-07,0.99999917,805
848,34785,332,1.0, Mul,1,1735,no_tags,assistant,1.0498544e-08,1.6717053e-08,9.1130073e-07,0.99999905,806
849,332,483,0.31,ch,1,1736,no_tags,assistant,4.6377366e-13,7.4616615e-13,7.760485e-09,1.0,807
850,483,43456,0.99, with,1,1737,no_tags,assistant,3.819993e-10,8.789287e-09,2.0387818e-06,0.999998,808
851,43456,503,0.91, straw,1,1738,no_tags,assistant,2.3586428e-09,5.3519426e-07,1.8807781e-06,0.9999976,809
852,503,129197,0.48, or,1,1739,no_tags,assistant,7.1983153e-13,4.5836907e-11,4.677454e-07,0.9999995,810
853,9297,31181,1.0, wood,1,1740,no_tags,assistant,6.717007e-09,1.1620384e-09,4.452444e-06,0.9999956,811
854,31181,316,0.8, chips,1,1741,no_tags,assistant,4.540081e-11,1.7285542e-10,4.1695107e-06,0.9999958,812
855,316,3357,0.62, to,1,1742,no_tags,assistant,2.3778117e-11,4.3035941e-10,1.796104e-06,0.9999982,813
856,3357,36036,0.63, keep,1,1743,no_tags,assistant,2.0948124e-10,6.189245e-10,5.3837888e-05,0.9999461,814
857,22390,8157,0.92, soil,1,1744,no_tags,assistant,9.030596e-10,3.853508e-09,1.0461041e-05,0.9999895,815
858,8157,558,0.63, cool,1,1745,no_tags,assistant,6.1416865e-11,7.4146e-09,5.259971e-07,0.9999995,816
859,558,220,0.99,".
",1,1746,no_tags,assistant,5.2785023e-16,8.39864e-17,1.3690992e-09,1.0,817
860,220,220,1.0, ,1,1747,no_tags,assistant,1.7942703e-15,3.6204352e-15,1.0543589e-07,0.9999999,818
861,220,20,1.0, ,1,1748,no_tags,assistant,2.706272e-11,9.272736e-11,1.0644098e-06,0.9999989,819
862,20,13,1.0,5,1,1749,no_tags,assistant,1.2881121e-15,1.1041199e-15,2.394774e-08,1.0,820
863,13,137247,0.92,.,1,1750,no_tags,assistant,1.7737126e-12,3.4905147e-14,2.8072825e-06,0.99999714,821
864,137247,503,0.85, Stake,1,1751,no_tags,assistant,6.659369e-10,1.4776965e-09,3.6791986e-05,0.99996316,822
865,503,61908,1.0, or,1,1752,no_tags,assistant,2.1376679e-12,2.3608992e-12,1.3413487e-05,0.9999865,823
866,61908,6047,0.47, cage,1,1753,no_tags,assistant,5.425807e-11,5.155733e-10,8.8884435e-06,0.99999106,824
867,6047,26,0.5, early,1,1754,no_tags,assistant,4.8440752e-12,1.4308065e-11,1.9797387e-06,0.999998,825
868,11,140388,0.63,",",1,1755,no_tags,assistant,2.604652e-13,6.647039e-13,2.3100425e-07,0.99999976,826
869,140388,31485,0.65, prune,1,1756,no_tags,assistant,6.669315e-11,1.8475738e-11,1.2008718e-06,0.9999988,827
870,261,3120,0.65, a,1,1757,no_tags,assistant,8.2787566e-10,1.7299176e-11,1.8254976e-05,0.99998176,828
871,3120,31485,0.81, few,1,1758,no_tags,assistant,9.105477e-11,1.4942566e-11,8.744611e-05,0.9999125,829
872,31485,409,1.0, suck,1,1759,no_tags,assistant,1.907234e-08,1.5791302e-08,5.55745e-05,0.9999443,830
873,409,11,0.32,ers,1,1760,no_tags,assistant,9.673269e-12,4.521775e-12,2.344949e-06,0.9999976,831
874,11,326,0.94,",",1,1761,no_tags,assistant,2.7832229e-14,4.526932e-14,1.3406697e-07,0.9999999,832
875,42812,750,1.0, fertil,1,1762,no_tags,assistant,3.937027e-12,2.0854238e-11,1.9385594e-08,1.0,833
876,750,483,0.84,ize,1,1763,no_tags,assistant,4.905904e-14,1.0043803e-13,5.1344795e-08,1.0,834
877,483,261,0.88, with,1,1764,no_tags,assistant,2.0082336e-12,1.2195708e-12,2.5661083e-07,0.99999976,835
878,261,59604,0.73, a,1,1765,no_tags,assistant,1.0297287e-10,1.3739139e-10,7.871062e-06,0.99999213,836
879,59604,50005,0.95, tomato,1,1766,no_tags,assistant,5.676422e-10,6.9609927e-09,1.8530776e-06,0.9999981,837
880,31999,7685,0.26,-specific,1,1767,no_tags,assistant,2.3878278e-11,9.430165e-11,2.8602093e-07,0.99999976,838
881,220,19,0.88, ,1,1768,no_tags,assistant,6.6314163e-12,5.1741853e-12,1.8013841e-07,0.99999976,839
882,19,50005,0.67,4,1,1769,no_tags,assistant,1.0264561e-09,1.0575714e-10,2.327433e-06,0.9999976,840
883,12,702,1.0,-,1,1770,no_tags,assistant,3.8683758e-11,1.3780056e-10,1.5480803e-07,0.9999999,841
884,702,12,0.99,10,1,1771,no_tags,assistant,2.1980616e-08,1.6500844e-09,6.1141964e-07,0.9999994,842
885,12,702,1.0,-,1,1772,no_tags,assistant,3.6294288e-12,1.845845e-12,2.2602781e-07,0.99999976,843
886,702,1934,0.48,10,1,1773,no_tags,assistant,4.3614853e-10,5.8440065e-11,6.4466604e-07,0.9999994,844
887,4730,15310,0.92, once,1,1774,no_tags,assistant,1.3303848e-11,6.981918e-12,6.7797173e-06,0.9999932,845
888,15310,13217,0.63, fruit,1,1775,no_tags,assistant,2.272643e-11,2.5486498e-11,4.9958476e-07,0.9999995,846
889,289,13217,0.96,ing,1,1776,no_tags,assistant,1.36683494e-11,1.7648201e-10,3.3054692e-07,0.99999964,847
890,13217,364,0.72, starts,1,1777,no_tags,assistant,9.667692e-14,2.0901603e-13,9.400979e-08,0.9999999,848
891,558,12,0.49,".
",1,1778,no_tags,assistant,4.440474e-14,2.0716389e-15,6.025997e-08,0.9999999,849
892,7924,802,0.99,That,1,1779,no_tags,assistant,1.5955004e-12,2.8988673e-14,8.7586834e-08,0.9999999,850
893,802,480,0.52,’s,1,1780,no_tags,assistant,2.3210782e-13,4.8832523e-14,6.9913324e-07,0.9999993,851
894,480,2322,0.69, it,1,1781,no_tags,assistant,4.5145636e-13,7.316743e-13,3.2938842e-06,0.99999666,852
895,2322,21998,0.3,—,1,1782,no_tags,assistant,1.5002027e-13,6.716453e-14,5.227406e-07,0.9999995,853
896,21998,1934,0.68,plant,1,1783,no_tags,assistant,9.1964825e-11,3.8003693e-12,0.00013508805,0.99986494,854
897,37495,1934,0.62, outdoors,1,1784,no_tags,assistant,3.043669e-11,1.1214766e-12,5.95414e-06,0.99999404,855
898,1934,290,0.65, after,1,1785,no_tags,assistant,2.716285e-12,6.107816e-13,5.8110345e-06,0.99999416,856
899,290,2174,0.9, the,1,1786,no_tags,assistant,1.8435175e-11,8.7172014e-12,5.559629e-06,0.9999944,857
900,2174,69368,1.0, last,1,1787,no_tags,assistant,7.9008935e-12,2.0412127e-12,3.217126e-07,0.99999964,858
901,69368,11,0.88, frost,1,1788,no_tags,assistant,1.4638425e-12,6.0104226e-15,9.2711495e-08,0.9999999,859
902,11,3644,0.67,",",1,1789,no_tags,assistant,5.413418e-13,3.381427e-13,1.1757103e-06,0.9999988,860
903,3357,480,0.32, keep,1,1790,no_tags,assistant,3.9663197e-13,4.5746874e-14,4.754499e-07,0.9999995,861
904,480,46726,0.88, it,1,1791,no_tags,assistant,3.366611e-12,6.2199508e-12,4.095808e-06,0.99999595,862
905,46726,11,0.65, sunny,1,1792,no_tags,assistant,5.2117737e-12,3.4799704e-12,4.0783712e-07,0.99999964,863
906,11,23364,0.35,",",1,1793,no_tags,assistant,2.6994346e-13,5.5781817e-13,7.376717e-07,0.9999993,864
907,326,481,0.83, and,1,1794,no_tags,assistant,3.9137018e-13,2.3953794e-13,1.7888868e-07,0.99999976,865
908,481,4720,0.99, you,1,1795,no_tags,assistant,2.4069713e-12,1.4829994e-12,4.4907083e-06,0.99999547,866
909,4720,679,0.44,’ll,1,1796,no_tags,assistant,1.5517572e-12,7.67016e-13,1.8398182e-06,0.9999982,867
910,413,77218,0.46, be,1,1797,no_tags,assistant,1.9873014e-10,3.9323003e-11,5.9246726e-05,0.99994075,868
911,402,634,0.94, on,1,1798,no_tags,assistant,9.454606e-09,7.326464e-10,0.0018703726,0.99812967,869
912,634,2006,1.0, your,1,1799,no_tags,assistant,8.247846e-08,7.604052e-09,0.0017937627,0.99820614,870
913,2006,316,0.85, way,1,1800,no_tags,assistant,5.7543944e-13,6.433673e-13,4.7336466e-06,0.99999523,871
914,316,261,0.45, to,1,1801,no_tags,assistant,4.6026238e-10,5.740143e-10,5.4157455e-05,0.9999459,872
915,8982,55866,0.88, fresh,1,1802,no_tags,assistant,8.254859e-10,2.8299418e-11,2.891381e-05,0.99997103,873
916,55866,0,0.85, tomatoes,1,1803,no_tags,assistant,3.9292375e-11,3.5384133e-11,3.0671215e-06,0.9999969,874
917,1703,2167,0.2,"!

",1,1804,no_tags,assistant,3.2500756e-14,1.5733495e-14,7.7283005e-07,0.9999993,875
918,37408,66241,0.66,Happy,1,1805,no_tags,assistant,1.6863276e-12,1.6716024e-13,7.9471425e-07,0.99999917,876
919,66241,0,0.95, gardening,1,1806,no_tags,assistant,3.043821e-14,2.346483e-13,2.4902832e-07,0.99999976,877
920,0,200002,0.65,!,1,1807,no_tags,assistant,2.1003727e-14,2.0155357e-15,7.047806e-07,0.9999993,878
921,130321,109,0.93, 🌱,1,1808,no_tags,assistant,3.0524533e-10,1.8272002e-10,0.00042803722,0.999572,879
922,109,198,0.74,,1,1809,no_tags,assistant,1.1908914e-11,1.5491148e-11,5.3840986e-06,0.99999464,880
35,3575,553,0.15,You,2,1813,all_user_tags,system,0.0045290557,0.9954027,6.819851e-05,7.674336e-12,0
36,553,4335,0.08, are,2,1814,all_user_tags,system,3.7251848e-05,0.9998934,6.928827e-05,3.3073264e-12,1
37,17554,162016,0.99, Chat,2,1815,all_user_tags,system,0.028614227,0.9599998,0.011385899,2.9772387e-08,2
38,162016,1008,0.26,GPT,2,1816,all_user_tags,system,5.8946694e-05,0.9989851,0.0009559625,2.104054e-10,3
39,11,2550,0.09,",",2,1817,all_user_tags,system,0.00056081027,0.9988575,0.0005816948,1.7248222e-10,4
40,261,4410,0.13, a,2,1818,all_user_tags,system,0.00012885299,0.9998104,6.0783066e-05,8.95024e-11,5
41,4410,6439,0.96, large,2,1819,all_user_tags,system,7.177235e-05,0.99895537,0.00097277807,2.8062383e-08,6
42,6439,2359,0.99, language,2,1820,all_user_tags,system,0.10260695,0.8927549,0.0044599706,0.00017830447,7
43,2359,1008,0.23, model,2,1821,all_user_tags,system,0.00014754217,0.99844617,0.0014062116,1.7570194e-08,8
44,22203,656,0.24, trained,2,1822,all_user_tags,system,0.018612705,0.9764522,0.0049349237,2.244114e-07,9
45,656,2550,0.35, by,2,1823,all_user_tags,system,0.01314317,0.9868101,4.6666042e-05,4.2710613e-10,10
46,7788,1008,0.31, Open,2,1824,all_user_tags,system,0.07478784,0.9243904,0.000821685,5.010672e-12,11
47,17527,1131,0.39,AI,2,1825,all_user_tags,system,0.0073811016,0.99200386,0.0006150481,8.0864004e-10,12
48,558,2167,0.6,".
",2,1826,all_user_tags,system,0.008544686,0.99137306,8.2248465e-05,2.9066456e-12,13
49,87447,1131,0.4,Knowledge,2,1827,all_user_tags,system,0.0007475093,0.99824154,0.0010109378,1.4086912e-08,14
50,100594,485,0.24, cutoff,2,1828,all_user_tags,system,0.00059864734,0.96059346,0.038807813,1.3350979e-07,15
51,25,220,0.95,:,2,1829,all_user_tags,system,0.018318683,0.981612,6.922783e-05,2.5981203e-10,16
52,220,2040,0.1, ,2,1830,all_user_tags,system,0.22445202,0.775519,2.2544646e-05,6.3949324e-06,17
53,1323,18,0.39,202,2,1831,all_user_tags,system,0.24208799,0.75778246,0.0001262563,3.2378994e-06,18
54,19,50005,0.51,4,2,1832,all_user_tags,system,0.0008549083,0.9919802,0.007163858,1.0458439e-06,19
55,12,3173,0.3,-,2,1833,all_user_tags,system,0.022884429,0.9551183,0.021997191,9.28973e-08,20
56,3218,12,0.46,06,2,1834,all_user_tags,system,0.000100294645,0.9984345,0.0014631741,2.0055054e-06,21
57,198,2167,0.75,"
",2,1835,all_user_tags,system,7.823304e-06,0.9999572,3.492299e-05,1.706266e-10,22
58,6576,5310,0.43,Current,2,1836,all_user_tags,system,0.0018096593,0.9962961,0.0018922249,2.0319494e-06,23
59,3521,25,0.64, date,2,1837,all_user_tags,system,0.003328378,0.97777563,0.018895285,7.53634e-07,24
60,25,220,0.37,:,2,1838,all_user_tags,system,7.437904e-05,0.99849033,0.0014350855,1.0722911e-07,25
61,220,702,0.16, ,2,1839,all_user_tags,system,0.12748551,0.8723789,0.00011358125,2.2047518e-05,26
62,1323,17,0.21,202,2,1840,all_user_tags,system,0.15310141,0.8468846,1.391351e-05,1.09118645e-07,27
63,20,30,0.45,5,2,1841,all_user_tags,system,0.0005421644,0.9651424,0.034315467,3.4857216e-08,28
64,12,16,0.28,-,2,1842,all_user_tags,system,0.00013157247,0.99982774,4.0654122e-05,9.1619316e-11,29
65,702,30,0.33,10,2,1843,all_user_tags,system,7.688926e-06,0.99912757,0.00086447364,2.2705274e-07,30
66,12,702,0.13,-,2,1844,all_user_tags,system,0.04514629,0.95484465,9.1194e-06,4.0159833e-08,31
67,2290,30,0.19,01,2,1845,all_user_tags,system,0.00044218823,0.99838054,0.0011771625,1.2534137e-07,32
68,279,2167,0.94,"

",2,1846,all_user_tags,system,3.8541216e-06,0.9962213,0.003774906,1.6885142e-09,33
69,30377,289,0.64,Reason,2,1847,all_user_tags,system,0.0015978977,0.9964804,0.0019216995,7.71969e-08,34
70,289,25,0.37,ing,2,1848,all_user_tags,system,0.00033525878,0.9996393,2.5504112e-05,8.081651e-10,35
71,25,623,0.2,:,2,1849,all_user_tags,system,0.00010787348,0.99984884,4.3218104e-05,3.809456e-10,36
72,14093,30,0.34, medium,2,1850,all_user_tags,system,0.0034223287,0.93769664,0.058879677,1.3444981e-06,37
73,198,2167,0.94,"
",2,1851,all_user_tags,system,4.921831e-05,0.999323,0.00062782195,4.3988844e-09,38
74,2,10148,0.21,#,2,1852,all_user_tags,system,0.0071136886,0.746306,0.24657728,3.044183e-06,39
75,13888,30,0.43, Valid,2,1853,all_user_tags,system,0.005249539,0.55569607,0.43904275,1.1627046e-05,40
76,18403,30,0.23, channels,2,1854,all_user_tags,system,0.0005424084,0.10173593,0.8977038,1.773947e-05,41
77,25,723,0.37,:,2,1855,all_user_tags,system,0.00056395994,0.052463356,0.946879,9.3589384e-05,42
78,8450,11,0.67, analysis,2,1856,all_user_tags,system,0.0005268009,0.30194697,0.69751894,7.223707e-06,43
79,11,1721,0.18,",",2,1857,all_user_tags,system,0.00059753365,0.007016794,0.99233997,4.5654833e-05,44
80,49159,11,0.22, commentary,2,1858,all_user_tags,system,0.091386,0.028823724,0.87977636,1.3834535e-05,45
81,11,5178,0.21,",",2,1859,all_user_tags,system,0.0068518016,0.99312663,2.1594815e-05,4.6324184e-11,46
82,1721,364,0.32, final,2,1860,all_user_tags,system,0.0007782771,7.719647e-05,0.9988765,0.00026802922,47
83,13,1416,0.57,.,2,1861,all_user_tags,system,0.0009886575,0.011246369,0.9871783,0.00058658666,48
84,21030,485,0.28, Channel,2,1862,all_user_tags,system,0.017241998,0.5733646,0.40662315,0.0027702262,49
85,2804,485,0.25, must,2,1863,all_user_tags,system,0.0011450255,0.15116616,0.84761965,6.9139795e-05,50
86,413,2550,0.09, be,2,1864,all_user_tags,system,0.00027872712,0.7082575,0.29146382,3.9748964e-09,51
87,7360,485,0.4, included,2,1865,all_user_tags,system,0.0024180564,0.22974291,0.7653842,0.0024547433,52
88,395,1131,0.13, for,2,1866,all_user_tags,system,2.8461714e-05,0.0043586246,0.99556065,5.2242925e-05,53
89,1753,485,0.27, every,2,1867,all_user_tags,system,0.000553732,0.112600334,0.8868449,1.0900026e-06,54
90,3176,485,0.31, message,2,1868,all_user_tags,system,0.003493529,0.021817435,0.9746063,8.272369e-05,55
92,12194,0,0.29,Hi,2,1870,all_user_tags,user,0.000117469965,0.99113595,0.008746243,2.9998392e-07,56
93,0,2550,0.18,!,2,1871,all_user_tags,user,8.556713e-05,0.9998901,2.4347197e-05,9.75312e-10,57
94,5477,2360,0.14, I'm,2,1872,all_user_tags,user,9.9041186e-05,0.96206737,0.037833206,3.8625623e-07,58
95,7524,316,0.08, learning,2,1873,all_user_tags,user,0.00021360567,0.99900764,0.0007776533,1.1307106e-06,59
96,1495,316,0.4, how,2,1874,all_user_tags,user,5.4146654e-05,0.9998827,6.2688356e-05,4.8051953e-07,60
97,316,30,0.12, to,2,1875,all_user_tags,user,0.008473152,0.9907169,0.0008097837,7.238667e-08,61
98,13727,30,0.25, garden,2,1876,all_user_tags,user,0.00021145848,0.9997008,8.7557586e-05,2.9094585e-07,62
99,326,1008,0.07, and,2,1877,all_user_tags,user,2.3066914e-06,0.999997,6.9697404e-07,1.3701158e-10,63
100,3839,30,0.12, grow,2,1878,all_user_tags,user,0.00041288335,0.9984835,0.0011030764,6.500992e-07,64
101,13940,30,0.23, plants,2,1879,all_user_tags,user,0.00053833344,0.99742585,0.0020138393,2.18608e-05,65
102,13,623,0.15,.,2,1880,all_user_tags,user,1.3832029e-05,0.99997854,7.5905596e-06,1.8977465e-10,66
103,730,495,0.19, In,2,1881,all_user_tags,user,4.2756355e-06,0.9999081,8.759237e-05,7.695941e-11,67
104,261,6240,0.12, a,2,1882,all_user_tags,user,0.0025723283,0.99732023,0.00010743896,4.5579016e-09,68
105,3120,5310,0.1, few,2,1883,all_user_tags,user,4.6136123e-05,0.99993515,1.8694176e-05,1.9692713e-08,69
106,40536,30,0.16, sentences,2,1884,all_user_tags,user,0.0016940893,0.99711215,0.0011905014,3.2332596e-06,70
107,11,495,0.12,",",2,1885,all_user_tags,user,9.038713e-05,0.9992311,0.00067839766,1.377098e-07,71
108,665,581,0.35, can,2,1886,all_user_tags,user,0.00019730412,0.8778679,0.12192459,1.0292911e-05,72
109,481,30,0.18, you,2,1887,all_user_tags,user,0.000115225674,0.9759326,0.023951996,2.3109594e-07,73
110,4843,30,0.27, please,2,1888,all_user_tags,user,0.00018730437,0.9959403,0.0038722083,1.3687942e-07,74
111,5485,1373,0.28, tell,2,1889,all_user_tags,user,0.00057437335,0.9973635,0.002062,7.4784346e-08,75
112,668,30,0.28, me,2,1890,all_user_tags,user,0.0016784649,0.9877341,0.010558848,2.8581477e-05,76
113,1495,316,0.12, how,2,1891,all_user_tags,user,0.0011305074,0.98634064,0.012516204,1.25814895e-05,77
114,316,6240,0.19, to,2,1892,all_user_tags,user,0.0060868296,0.97545254,0.018336456,0.00012419719,78
115,3839,30,0.11, grow,2,1893,all_user_tags,user,0.00048276433,0.98992354,0.009394053,0.00019967959,79
116,55866,30,0.4, tomatoes,2,1894,all_user_tags,user,2.3442612e-06,0.9999969,4.3763887e-07,1.8539284e-07,80
117,30,86019,0.37,?,2,1895,all_user_tags,user,4.348262e-05,0.998059,0.0018970859,4.6768753e-07,81
118,3253,30,0.15, How,2,1896,all_user_tags,user,5.336157e-05,0.94255495,0.05739142,2.5890859e-07,82
119,2009,30,0.48, much,2,1897,all_user_tags,user,0.00010234741,0.99821067,0.001675553,1.1444993e-05,83
120,3411,30,0.65, water,2,1898,all_user_tags,user,2.172464e-05,0.9998311,2.7731465e-05,0.00011948689,84
121,326,30,0.15, and,2,1899,all_user_tags,user,7.394006e-05,0.9999064,1.6096461e-05,3.582568e-06,85
122,4207,30,0.55, light,2,1900,all_user_tags,user,3.6482597e-05,0.99813396,0.00044334118,0.0013862118,86
123,2226,30,0.2, does,2,1901,all_user_tags,user,6.597053e-05,0.9999069,1.17038535e-05,1.5487678e-05,87
124,480,533,0.09, it,2,1902,all_user_tags,user,0.0009242386,0.9705203,0.028241433,0.00031398618,88
125,1309,30,0.93, need,2,1903,all_user_tags,user,2.0782976e-05,0.99993944,3.455724e-05,5.22695e-06,89
126,30,1008,0.22,?,2,1904,all_user_tags,user,4.74335e-06,0.9995902,0.0004045899,5.072381e-07,90
127,4614,30,0.23, What,2,1905,all_user_tags,user,7.680862e-07,0.9998807,0.000118621276,4.0472113e-08,91
128,3675,328,0.93, kind,2,1906,all_user_tags,user,0.0009634164,0.9934196,0.0052486355,0.00036845985,92
129,328,30,0.36, of,2,1907,all_user_tags,user,6.4565743e-06,0.9999515,4.0455663e-05,1.7211055e-06,93
130,92224,30,0.32, fertilizer,2,1908,all_user_tags,user,2.7417393e-06,0.9998598,6.194619e-05,7.548992e-05,94
131,30,220,0.09,?,2,1909,all_user_tags,user,6.4709657e-06,0.99985766,0.00013132943,4.5576235e-06,95
132,8281,1273,0.09, Any,2,1910,all_user_tags,user,1.891846e-07,0.999869,0.00013066243,1.1368687e-07,96
133,1273,30,0.17, other,2,1911,all_user_tags,user,4.2404768e-06,0.9986975,0.0012876156,1.05798545e-05,97
134,3378,30,0.14, important,2,1912,all_user_tags,user,5.2284304e-06,0.9999347,5.897308e-05,1.0335795e-06,98
135,9858,30,0.82, tips,2,1913,all_user_tags,user,3.7249176e-06,0.9998641,0.00012969853,2.452417e-06,99
137,976,1825,0.99,The,2,1915,all_user_tags,cot,9.2682817e-10,5.672186e-05,0.99974304,0.00020021257,100
138,1825,25,0.45, user,2,1916,all_user_tags,cot,4.67414e-10,3.1285716e-05,0.9999684,2.999696e-07,101
139,10648,261,0.77, wants,2,1917,all_user_tags,cot,1.5764254e-11,8.168738e-08,0.99999964,2.3316775e-07,102
140,261,4022,0.33, a,2,1918,all_user_tags,cot,2.7475535e-09,1.6466367e-05,0.9992717,0.00071184384,103
141,82463,6052,0.61, concise,2,1919,all_user_tags,cot,2.0204699e-07,0.019444965,0.9804159,0.00013893422,104
142,5073,36918,0.5, yet,2,1920,all_user_tags,cot,1.7176749e-08,5.9101756e-05,0.99993515,5.662101e-06,105
143,36918,6052,0.62, informative,2,1921,all_user_tags,cot,1.8195648e-07,0.0012572013,0.99860054,0.00014214661,106
144,6052,25,0.31, answer,2,1922,all_user_tags,cot,1.130743e-08,4.441744e-05,0.9992163,0.00073921564,107
145,25,392,0.35,:,2,1923,all_user_tags,cot,1.4195695e-11,2.768486e-07,0.999985,1.4766638e-05,108
146,1495,316,1.0, how,2,1924,all_user_tags,cot,1.9393047e-09,2.4079436e-06,0.99987376,0.00012384918,109
147,316,3839,1.0, to,2,1925,all_user_tags,cot,2.0262335e-06,0.0017234528,0.9978405,0.00043393034,110
148,3839,55866,1.0, grow,2,1926,all_user_tags,cot,3.2904202e-07,0.0048926007,0.9950008,0.00010632837,111
149,55866,11,0.76, tomatoes,2,1927,all_user_tags,cot,2.7717356e-06,0.9150865,0.082904994,0.0020057452,112
150,11,3411,0.81,",",2,1928,all_user_tags,cot,2.6320452e-09,0.00036046977,0.99955374,8.573379e-05,113
151,101148,11,0.9, watering,2,1929,all_user_tags,cot,4.806207e-06,0.015827252,0.84213525,0.1420327,114
152,11,4207,0.99,",",2,1930,all_user_tags,cot,3.0318855e-08,0.00086012087,0.99874073,0.0003990395,115
153,4207,11,0.99, light,2,1931,all_user_tags,cot,8.026627e-07,0.11104974,0.3984145,0.4905349,116
154,11,92224,0.99,",",2,1932,all_user_tags,cot,1.3262797e-08,0.00012460838,0.999059,0.0008164493,117
155,92224,11,1.0, fertilizer,2,1933,all_user_tags,cot,4.4583857e-07,0.011945048,0.8248559,0.16319863,118
156,11,1273,0.6,",",2,1934,all_user_tags,cot,1.4588459e-08,0.0001725341,0.99972004,0.00010732398,119
157,326,1273,0.77, and,2,1935,all_user_tags,cot,2.0517683e-09,3.2142616e-05,0.9977124,0.0022555236,120
158,1273,9858,0.85, other,2,1936,all_user_tags,cot,3.924124e-08,6.6461216e-05,0.99633104,0.0036025094,121
159,9858,13,0.96, tips,2,1937,all_user_tags,cot,9.643951e-07,0.011356491,0.9834632,0.0051793717,122
160,13,3164,0.26,.,2,1938,all_user_tags,cot,4.606696e-13,2.1898405e-08,0.9999602,3.980416e-05,123
161,7744,261,0.55, It's,2,1939,all_user_tags,cot,1.7141718e-12,3.5546388e-10,0.99951136,0.0004886129,124
162,395,261,0.69, for,2,1940,all_user_tags,cot,1.905214e-11,6.3051395e-09,0.9999962,3.780123e-06,125
163,261,57062,0.74, a,2,1941,all_user_tags,cot,2.3237463e-09,1.7279813e-06,0.99999607,2.1884514e-06,126
164,57062,13,0.61, beginner,2,1942,all_user_tags,cot,1.5391932e-09,0.00022759599,0.99971014,6.215331e-05,127
165,13,51441,0.27,.,2,1943,all_user_tags,cot,2.2870855e-12,1.7110192e-07,0.9999757,2.4161038e-05,128
166,20953,413,0.74, Must,2,1944,all_user_tags,cot,5.886846e-13,9.962558e-09,0.99997604,2.3915296e-05,129
167,3357,480,0.56, keep,2,1945,all_user_tags,cot,3.0291725e-10,8.304482e-08,0.9996158,0.00038410546,130
168,480,4022,0.39, it,2,1946,all_user_tags,cot,1.018639e-08,3.296536e-05,0.9977641,0.0022029628,131
169,261,3120,1.0, a,2,1947,all_user_tags,cot,1.4128656e-08,1.4077896e-06,0.9997187,0.00027980772,132
170,3120,40536,1.0, few,2,1948,all_user_tags,cot,1.8399344e-08,0.0001632215,0.99896145,0.0008753085,133
171,40536,13,0.76, sentences,2,1949,all_user_tags,cot,1.6750643e-06,0.00046646796,0.977173,0.02235884,134
172,11,889,0.61,",",2,1950,all_user_tags,cot,3.297985e-11,5.785659e-08,0.9992506,0.0007494254,135
173,10112,220,0.66, maybe,2,1951,all_user_tags,cot,1.110341e-08,8.720617e-06,0.99806374,0.0019276261,136
174,31926,5571,0.89, bullet,2,1952,all_user_tags,cot,7.049945e-05,0.015882827,0.95252675,0.031519927,137
175,5571,13,0.65, points,2,1953,all_user_tags,cot,1.6237126e-06,0.00080555223,0.99486804,0.0043248264,138
176,13,51441,0.19,.,2,1954,all_user_tags,cot,1.9713612e-12,5.237005e-09,0.99958843,0.00041156117,139
177,41021,10635,0.35, Let's,2,1955,all_user_tags,cot,5.4764116e-14,1.8856604e-11,0.99993765,6.233268e-05,140
178,10635,261,0.35, produce,2,1956,all_user_tags,cot,1.767087e-12,1.0971439e-09,0.99711144,0.0028885617,141
179,261,4022,0.27, a,2,1957,all_user_tags,cot,1.2997797e-09,3.580633e-07,0.9710225,0.028977172,142
180,4022,6052,0.23, short,2,1958,all_user_tags,cot,3.078085e-09,8.835054e-07,0.600173,0.39982617,143
181,27853,503,0.39, paragraph,2,1959,all_user_tags,cot,6.140763e-08,7.703524e-07,0.2184677,0.78153145,144
182,483,31926,0.68, with,2,1960,all_user_tags,cot,5.873427e-09,1.7174544e-07,0.5907719,0.40922788,145
183,2140,5571,0.83, key,2,1961,all_user_tags,cot,2.3349724e-08,3.217803e-06,0.9232298,0.07676698,146
184,5571,13,0.76, points,2,1962,all_user_tags,cot,6.488542e-09,2.3059015e-06,0.913692,0.086305715,147
185,13,7649,0.17,.,2,1963,all_user_tags,cot,2.5620383e-13,5.9626984e-11,0.9397738,0.060226187,148
186,7649,4705,0.24, Use,2,1964,all_user_tags,cot,3.4585577e-11,2.7581118e-08,0.9843248,0.015675196,149
187,11888,23206,0.99, friendly,2,1965,all_user_tags,cot,8.261464e-09,2.157284e-06,0.97176343,0.028234303,150
188,23206,13,0.94, tone,2,1966,all_user_tags,cot,1.3511199e-10,2.4637052e-07,0.99148905,0.0085107535,151
189,326,8633,0.25, and,2,1967,all_user_tags,cot,1.1544834e-09,8.646245e-08,0.97094834,0.029051589,152
190,8633,1078,0.12, mention,2,1968,all_user_tags,cot,5.306993e-10,6.1426555e-08,0.955326,0.044673823,153
191,10606,306,0.26, growing,2,1969,all_user_tags,cot,1.4429738e-08,7.5694555e-07,0.9901322,0.009866953,154
192,306,13727,0.33, in,2,1970,all_user_tags,cot,7.901273e-08,2.668636e-07,0.8983933,0.101606384,155
193,35267,503,0.71, containers,2,1971,all_user_tags,cot,3.2220563e-05,0.004099109,0.60907954,0.38678917,156
194,503,13727,0.74, or,2,1972,all_user_tags,cot,1.4709921e-09,3.6751317e-08,0.948861,0.051139005,157
195,13727,11,0.6, garden,2,1973,all_user_tags,cot,1.3234085e-06,4.9966684e-06,0.72274137,0.27725238,158
196,27154,11,0.7, beds,2,1974,all_user_tags,cot,1.4829992e-07,4.4611834e-06,0.8347877,0.16520774,159
197,13,51441,0.47,.,2,1975,all_user_tags,cot,2.9331496e-11,5.347807e-09,0.9502348,0.049765244,160
198,51441,3411,0.38, Provide,2,1976,all_user_tags,cot,6.9271905e-10,8.2239484e-07,0.9301473,0.06985186,161
199,3411,4527,0.25, water,2,1977,all_user_tags,cot,7.11837e-06,0.0011141015,0.2903168,0.708562,162
200,22586,11,0.51, amounts,2,1978,all_user_tags,cot,2.43961e-06,0.00072208437,0.55850405,0.44077146,163
201,11,4207,0.88,",",2,1979,all_user_tags,cot,9.036883e-10,3.7577738e-07,0.6003641,0.39963552,164
202,55414,11,0.42, sunlight,2,1980,all_user_tags,cot,1.6326474e-06,0.00070124364,0.13668397,0.8626132,165
203,11,92224,0.95,",",2,1981,all_user_tags,cot,5.9245398e-08,4.9331516e-07,0.9707069,0.029292548,166
204,92224,12262,0.31, fertilizer,2,1982,all_user_tags,cot,6.7868977e-09,4.178827e-07,0.025630655,0.97436893,167
205,1490,11,0.75, type,2,1983,all_user_tags,cot,1.16612476e-07,2.1708524e-06,0.58605343,0.41394424,168
206,11,326,0.3,",",2,1984,all_user_tags,cot,9.194621e-09,4.5082038e-07,0.97693855,0.023061004,169
207,275,39,1.0, p,2,1985,all_user_tags,cot,0.026558312,0.06652164,0.6470433,0.2598768,170
208,39,11,0.88,H,2,1986,all_user_tags,cot,0.00044719255,0.002329352,0.40122312,0.5960003,171
209,11,5178,0.21,",",2,1987,all_user_tags,cot,7.93183e-08,1.06250205e-07,0.9515053,0.048494406,172
210,165438,11,0.86, mulch,2,1988,all_user_tags,cot,1.6681533e-05,0.00077509193,0.17663144,0.8225768,173
211,11,135775,0.45,",",2,1989,all_user_tags,cot,2.2867484e-08,1.9363307e-08,0.9748191,0.025180902,174
212,127672,11,0.58, staking,2,1990,all_user_tags,cot,6.0264214e-05,0.014708157,0.9554415,0.029790109,175
213,13,8820,0.18,.,2,1991,all_user_tags,cot,1.10158604e-10,3.5481143e-08,0.98279667,0.017203325,176
214,27204,9858,0.19, Give,2,1992,all_user_tags,cot,1.1282078e-10,6.3701485e-08,0.6156989,0.3843011,177
215,261,3120,0.24, a,2,1993,all_user_tags,cot,7.441449e-07,1.3340245e-05,0.9657756,0.034210354,178
216,82463,6052,0.45, concise,2,1994,all_user_tags,cot,3.228201e-09,3.1635816e-06,0.40509358,0.59490323,179
217,1721,6052,0.66, final,2,1995,all_user_tags,cot,1.3043212e-10,4.1665285e-09,0.7993692,0.2006308,180
218,6052,13,0.91, answer,2,1996,all_user_tags,cot,1.8996978e-10,5.4110982e-09,0.5434807,0.4565193,181
220,12253,382,0.53,Here,2,1998,all_user_tags,assistant,4.4302867e-13,5.3791727e-10,0.040699434,0.95930064,182
221,802,261,0.98,’s,2,1999,all_user_tags,assistant,4.1093442e-13,9.42063e-11,0.0015712962,0.99842864,183
222,261,4853,0.91, a,2,2000,all_user_tags,assistant,5.1409473e-13,1.0044031e-11,0.0111385705,0.9888614,184
223,4853,11,0.47, quick,2,2001,all_user_tags,assistant,2.283112e-11,3.1269598e-11,0.00031023228,0.9996898,185
224,11,57062,0.54,",",2,2002,all_user_tags,assistant,5.129871e-14,3.50102e-13,4.8017446e-05,0.99995196,186
225,57062,50005,1.0, beginner,2,2003,all_user_tags,assistant,1.592183e-14,1.094686e-12,5.4779615e-05,0.99994516,187
226,22301,9165,0.53,-friendly,2,2004,all_user_tags,assistant,1.0635664e-12,3.7992897e-11,0.0006292351,0.99937075,188
227,65354,50005,0.77, cheat,2,2005,all_user_tags,assistant,2.0374637e-12,7.202868e-12,0.00027838902,0.9997216,189
228,16658,395,0.83, sheet,2,2006,all_user_tags,assistant,1.002866e-13,8.3823644e-13,4.3954133e-05,0.999956,190
229,734,12,0.91,":
",2,2007,all_user_tags,assistant,3.1906496e-12,8.4461375e-11,0.008939577,0.99106044,191
230,12,6240,0.98,-,2,2008,all_user_tags,assistant,7.723157e-13,3.137292e-12,0.0014996077,0.99850035,192
231,6240,30112,0.42, **,2,2009,all_user_tags,assistant,5.7162456e-13,1.1226201e-12,0.00031434203,0.99968565,193
232,15952,410,0.62,Light,2,2010,all_user_tags,assistant,6.3731653e-10,7.4504385e-08,2.1804179e-05,0.99997807,194
233,142760,220,0.68,:**,2,2011,all_user_tags,assistant,8.858042e-15,3.0039635e-13,5.161125e-05,0.9999484,195
234,220,21,0.89, ,2,2012,all_user_tags,assistant,5.8126988e-09,3.3528835e-07,0.0057511465,0.9942485,196
235,21,1585,0.85,6,2,2013,all_user_tags,assistant,7.212907e-10,1.9298628e-08,0.0004296292,0.9995703,197
236,1585,23,1.0,–,2,2014,all_user_tags,assistant,1.4919077e-15,5.2580326e-14,2.9807348e-05,0.9999702,198
237,23,35971,0.95,8,2,2015,all_user_tags,assistant,5.989455e-12,4.9680118e-11,9.607412e-06,0.99999034,199
238,312,328,0.94, h,2,2016,all_user_tags,assistant,8.7231306e-10,4.7297885e-08,0.0006272225,0.9993728,200
239,328,2823,0.86, of,2,2017,all_user_tags,assistant,8.050688e-10,1.1993673e-07,0.0016382531,0.99836165,201
240,2823,7334,0.81, direct,2,2018,all_user_tags,assistant,2.9637441e-08,1.2950178e-05,0.00024148695,0.99974555,202
241,55414,2454,0.44, sunlight,2,2019,all_user_tags,assistant,2.3639573e-09,1.3681413e-06,0.0002679204,0.99973065,203
242,2454,2163,1.0, each,2,2020,all_user_tags,assistant,1.172897e-10,2.251199e-08,0.0017904304,0.9982096,204
243,2163,350,0.64, day,2,2021,all_user_tags,assistant,1.6445625e-10,6.8860717e-09,4.8603353e-05,0.99995136,205
244,350,267,0.48, (,2,2022,all_user_tags,assistant,5.200629e-13,3.8798673e-10,0.00010149387,0.99989855,206
245,37521,26969,1.0,tom,2,2023,all_user_tags,assistant,3.3452302e-13,5.414066e-12,3.1055092e-07,0.99999964,207
246,26969,553,0.7,atoes,2,2024,all_user_tags,assistant,3.7337746e-09,1.174097e-05,0.0004578613,0.99953043,208
247,553,3149,0.77, are,2,2025,all_user_tags,assistant,2.198429e-12,8.835805e-09,1.6287257e-05,0.99998367,209
248,966,15393,0.61, “,2,2026,all_user_tags,assistant,9.859891e-09,1.1350907e-06,0.0004919231,0.99950695,210
249,15393,50005,0.92,full,2,2027,all_user_tags,assistant,1.4288908e-07,2.1435949e-06,0.0009052746,0.99909246,211
250,2011,373,1.0,-s,2,2028,all_user_tags,assistant,1.9374215e-07,2.0932096e-06,0.047693036,0.95230466,212
251,373,693,0.99,un,2,2029,all_user_tags,assistant,1.2823332e-07,0.0003501598,0.002786245,0.9968635,213
252,693,13940,0.95,”,2,2030,all_user_tags,assistant,6.6590865e-12,2.0231529e-10,3.9736806e-06,0.99999607,214
253,13940,741,0.98, plants,2,2031,all_user_tags,assistant,1.4787669e-13,2.32903e-12,0.00013077393,0.9998692,215
254,6294,12,1.0,").
",2,2032,all_user_tags,assistant,3.0768868e-15,2.5783016e-13,4.7972364e-05,0.9999521,216
255,12,6240,1.0,-,2,2033,all_user_tags,assistant,1.4383621e-06,8.102246e-05,0.09397881,0.9059387,217
256,6240,27874,1.0, **,2,2034,all_user_tags,assistant,4.115579e-13,6.8127795e-13,9.8516015e-05,0.99990153,218
257,27874,142760,0.99,Water,2,2035,all_user_tags,assistant,5.3826286e-09,2.5740593e-07,6.118556e-05,0.9999386,219
258,142760,16835,0.5,:**,2,2036,all_user_tags,assistant,3.5535325e-12,5.33392e-10,7.5233106e-06,0.9999925,220
259,111093,395,1.0, Aim,2,2037,all_user_tags,assistant,1.1372564e-11,1.5882438e-09,2.6310328e-05,0.99997365,221
260,395,220,0.85, for,2,2038,all_user_tags,assistant,1.01416084e-07,1.3065167e-06,0.0012144725,0.9987841,222
261,1078,220,0.98, about,2,2039,all_user_tags,assistant,1.4619706e-11,5.1225526e-12,8.244383e-05,0.9999175,223
262,220,16,0.87, ,2,2040,all_user_tags,assistant,8.395533e-07,3.6940946e-06,0.010866246,0.9891292,224
263,16,1585,0.77,1,2,2041,all_user_tags,assistant,9.580515e-07,7.465448e-07,0.03117919,0.9688191,225
264,306,13,0.68, in,2,2042,all_user_tags,assistant,8.834681e-06,4.108259e-05,0.00080429367,0.99914575,226
265,350,17,0.97, (,2,2043,all_user_tags,assistant,9.8801465e-08,3.016722e-06,0.002515048,0.9974819,227
266,1161,35971,1.0,25,2,2044,all_user_tags,assistant,2.275019e-07,5.9318445e-08,0.001683398,0.9983163,228
267,8957,8,1.0, mm,2,2045,all_user_tags,assistant,4.3740137e-10,2.3170116e-10,2.9566594e-05,0.99997044,229
268,8,328,0.88,),2,2046,all_user_tags,assistant,1.15981946e-10,8.223163e-10,2.3121764e-05,0.9999769,230
269,328,3411,0.99, of,2,2047,all_user_tags,assistant,9.23354e-08,1.794277e-07,0.0023282515,0.9976714,231
270,3411,777,0.99, water,2,2048,all_user_tags,assistant,2.3049045e-08,2.4792732e-07,0.0013601917,0.9986395,232
271,777,2384,0.99, per,2,2049,all_user_tags,assistant,6.947496e-09,3.2380807e-08,0.0052230065,0.99477696,233
272,2384,11,0.62, week,2,2050,all_user_tags,assistant,2.456408e-10,3.372138e-10,3.167289e-05,0.9999683,234
273,11,13958,0.72,",",2,2051,all_user_tags,assistant,1.2898956e-11,1.3779589e-11,3.1520972e-06,0.9999969,235
274,13958,290,0.82, keeping,2,2052,all_user_tags,assistant,1.1407863e-08,1.1338668e-07,0.0005887341,0.9994111,236
275,290,22390,1.0, the,2,2053,all_user_tags,assistant,5.844334e-06,4.6996767e-05,0.009577096,0.9903701,237
276,22390,31454,0.74, soil,2,2054,all_user_tags,assistant,1.5017488e-08,1.7932659e-06,0.0003958472,0.9996024,238
277,31454,23364,0.98, consistently,2,2055,all_user_tags,assistant,8.629516e-10,1.5821801e-07,0.00017698931,0.9998229,239
278,23364,889,0.99, moist,2,2056,all_user_tags,assistant,4.3345237e-11,1.607367e-08,1.1723206e-05,0.9999883,240
279,889,625,0.98, but,2,2057,all_user_tags,assistant,5.1122893e-09,1.1947658e-07,0.00030595387,0.999694,241
280,625,24712,0.89, not,2,2058,all_user_tags,assistant,1.7745636e-08,2.0484845e-07,0.00040421198,0.9995956,242
281,24712,4544,1.0, sog,2,2059,all_user_tags,assistant,8.322749e-11,3.9931614e-11,1.360496e-06,0.9999987,243
282,4544,13,0.68,gy,2,2060,all_user_tags,assistant,4.4822267e-12,2.4192232e-10,3.6823376e-06,0.9999963,244
283,13,12303,0.48,.,2,2061,all_user_tags,assistant,4.2515297e-12,1.5539828e-11,9.182466e-06,0.9999908,245
284,3813,261,0.18, With,2,2062,all_user_tags,assistant,7.1769607e-10,6.662007e-10,1.6577538e-05,0.99998343,246
285,10609,503,0.53, heat,2,2063,all_user_tags,assistant,9.136854e-08,5.871834e-06,0.00095306826,0.9990409,247
286,11,481,0.32,",",2,2064,all_user_tags,assistant,2.0646855e-06,4.525396e-06,0.00557044,0.994423,248
287,481,1340,0.73, you,2,2065,all_user_tags,assistant,0.00095237186,0.0004951014,0.041054823,0.9574977,249
288,4720,1309,0.93,’ll,2,2066,all_user_tags,assistant,5.0400334e-10,3.2286127e-10,3.4818844e-05,0.9999652,250
289,1309,316,0.62, need,2,2067,all_user_tags,assistant,8.457187e-10,2.1654538e-10,0.00015398175,0.999846,251
290,316,3411,0.85, to,2,2068,all_user_tags,assistant,1.5127213e-07,1.1769121e-08,0.0011902024,0.9988097,252
291,3411,945,0.63, water,2,2069,all_user_tags,assistant,5.229072e-09,1.4847394e-08,0.00019585017,0.9998042,253
292,945,4783,0.89, more,2,2070,all_user_tags,assistant,2.2751911e-09,1.1095822e-09,5.38612e-05,0.9999461,254
293,4783,2322,0.48, often,2,2071,all_user_tags,assistant,1.0615068e-10,4.4043996e-10,1.3138468e-05,0.9999869,255
294,350,50492,0.31, (,2,2072,all_user_tags,assistant,5.9435463e-11,5.308731e-11,0.00031920083,0.99968076,256
295,87311,503,0.56,daily,2,2073,all_user_tags,assistant,6.4464273e-10,6.870253e-10,3.7969126e-06,0.9999962,257
296,503,1753,0.99, or,2,2074,all_user_tags,assistant,5.0495896e-10,9.514148e-09,1.3613587e-05,0.9999864,258
297,1753,1273,0.91, every,2,2075,all_user_tags,assistant,3.2423706e-08,1.2420769e-07,0.0040056556,0.9959942,259
298,1273,2163,1.0, other,2,2076,all_user_tags,assistant,3.8402144e-09,4.3965422e-09,9.407527e-05,0.99990594,260
299,2163,741,0.43, day,2,2077,all_user_tags,assistant,1.8786601e-09,2.884587e-10,5.9602313e-05,0.9999404,261
300,6294,12,1.0,").
",2,2078,all_user_tags,assistant,1.5923156e-13,4.6935557e-13,1.795442e-05,0.999982,262
301,12,6240,1.0,-,2,2079,all_user_tags,assistant,1.452619e-14,1.7485904e-14,2.6416374e-05,0.99997354,263
302,6240,37,0.71, **,2,2080,all_user_tags,assistant,4.9296983e-11,1.8967617e-11,6.113266e-05,0.99993885,264
303,37,189301,1.0,F,2,2081,all_user_tags,assistant,7.69109e-08,4.939377e-08,0.00025839164,0.9997415,265
304,189301,4492,1.0,ertil,2,2082,all_user_tags,assistant,2.8892573e-09,5.7690603e-08,6.308549e-06,0.9999937,266
305,4492,142760,1.0,izer,2,2083,all_user_tags,assistant,3.188415e-13,1.0573858e-11,1.0467585e-07,0.9999999,267
306,142760,7972,0.66,:**,2,2084,all_user_tags,assistant,7.273333e-12,3.0180036e-11,1.12601765e-05,0.9999888,268
307,7649,261,1.0, Use,2,2085,all_user_tags,assistant,2.0559876e-09,2.2337123e-09,0.00011010678,0.99988985,269
308,261,32879,0.99, a,2,2086,all_user_tags,assistant,3.0004608e-06,8.91035e-06,0.0065688244,0.99341923,270
309,32879,41372,0.39, balanced,2,2087,all_user_tags,assistant,1.11562606e-07,2.7831031e-06,0.003026691,0.9969704,271
310,350,702,0.67, (,2,2088,all_user_tags,assistant,1.5795676e-08,3.2953685e-06,0.0006239988,0.99937266,272
311,68,1940,1.0,e,2,2089,all_user_tags,assistant,3.4116668e-10,8.1227974e-10,2.4071418e-05,0.9999759,273
312,1940,4213,0.99,.g,2,2090,all_user_tags,assistant,9.60135e-07,3.1807864e-05,0.008967612,0.99099964,274
313,4213,220,0.99,".,",2,2091,all_user_tags,assistant,1.5463841e-10,8.648638e-08,0.00011811196,0.99988174,275
314,220,702,0.95, ,2,2092,all_user_tags,assistant,3.8523525e-05,0.00023453092,0.0011503008,0.99857664,276
315,702,50005,0.88,10,2,2093,all_user_tags,assistant,9.1913506e-08,7.00969e-08,4.031787e-05,0.99995947,277
316,12,702,1.0,-,2,2094,all_user_tags,assistant,9.896175e-09,1.285392e-06,4.7729718e-05,0.999951,278
317,702,12,1.0,10,2,2095,all_user_tags,assistant,5.9967107e-07,6.693011e-07,5.533018e-05,0.9999434,279
318,12,702,1.0,-,2,2096,all_user_tags,assistant,6.278976e-05,0.0029224704,0.0019826354,0.9950321,280
319,702,8,0.99,10,2,2097,all_user_tags,assistant,2.144777e-08,5.969469e-08,8.467611e-06,0.9999914,281
320,8,503,0.76,),2,2098,all_user_tags,assistant,1.64117e-09,9.357818e-09,0.0003478158,0.99965215,282
321,503,59604,0.42, or,2,2099,all_user_tags,assistant,3.1151547e-11,3.7109724e-10,2.9932144e-05,0.9999701,283
322,59604,50005,0.98, tomato,2,2100,all_user_tags,assistant,3.4839155e-07,0.00017256314,0.0008078988,0.99901915,284
323,31999,92224,0.6,-specific,2,2101,all_user_tags,assistant,2.6929786e-10,6.5946115e-10,1.829494e-05,0.99998176,285
324,92224,13,0.33, fertilizer,2,2102,all_user_tags,assistant,2.5381658e-08,1.745104e-07,6.867675e-05,0.9999311,286
325,13,43297,0.59,.,2,2103,all_user_tags,assistant,3.4242253e-10,3.0091685e-10,1.95192e-05,0.99998045,287
326,7972,483,0.68, Start,2,2104,all_user_tags,assistant,5.0484132e-09,2.2253144e-09,0.0002946628,0.99970526,288
327,483,261,0.94, with,2,2105,all_user_tags,assistant,1.3842518e-09,8.242889e-09,9.200801e-05,0.999908,289
328,261,4207,0.68, a,2,2106,all_user_tags,assistant,1.2775492e-07,9.015363e-08,0.0023834554,0.9976164,290
329,4207,7685,0.5, light,2,2107,all_user_tags,assistant,1.2135743e-07,9.6645586e-08,0.007116708,0.9928831,291
330,7685,540,0.43, feed,2,2108,all_user_tags,assistant,2.5883717e-10,5.425217e-09,0.0013004824,0.99869955,292
331,1261,290,0.66, when,2,2109,all_user_tags,assistant,7.516499e-08,8.653319e-08,0.048733916,0.9512659,293
332,290,1577,0.95, the,2,2110,all_user_tags,assistant,8.8960205e-06,1.6174242e-06,0.040567864,0.95942163,294
333,1577,1343,0.36, first,2,2111,all_user_tags,assistant,2.8966522e-06,1.9897884e-08,0.11156016,0.8884369,295
334,1343,15657,1.0, true,2,2112,all_user_tags,assistant,1.91223e-05,1.4846621e-06,0.0021541473,0.99782526,296
335,15657,7680,0.98, leaves,2,2113,all_user_tags,assistant,5.6315334e-06,1.7755643e-06,0.020724237,0.9792684,297
336,7680,11,0.88, appear,2,2114,all_user_tags,assistant,6.9950473e-10,7.567836e-10,0.0006160288,0.9993839,298
337,11,1815,0.99,",",2,2115,all_user_tags,assistant,4.3677081e-10,4.140869e-09,0.00018271836,0.9998173,299
338,1815,6160,0.87, then,2,2116,all_user_tags,assistant,5.8760907e-09,5.578813e-08,7.505235e-05,0.9999249,300
339,6160,316,1.0, switch,2,2117,all_user_tags,assistant,4.565139e-09,3.3943615e-09,4.2053547e-05,0.9999579,301
340,316,261,0.98, to,2,2118,all_user_tags,assistant,8.6251765e-07,9.213301e-07,0.002016865,0.99798137,302
341,261,7266,0.58, a,2,2119,all_user_tags,assistant,1.5108988e-06,5.2840564e-06,0.023242597,0.9767506,303
342,4465,50005,1.0, low,2,2120,all_user_tags,assistant,9.066838e-06,1.4451562e-05,0.029595805,0.97038066,304
343,84169,32274,0.94,-ph,2,2121,all_user_tags,assistant,9.237567e-06,9.04182e-07,0.00011401561,0.9998758,305
344,32274,42088,0.99,osph,2,2122,all_user_tags,assistant,0.00078101904,0.00056180864,0.02736463,0.97129256,306
345,42088,11,0.49,orus,2,2123,all_user_tags,assistant,4.851655e-06,2.0312852e-06,0.0006079677,0.9993851,307
346,11,1932,0.82,",",2,2124,all_user_tags,assistant,2.4436835e-08,1.6181279e-07,0.002008438,0.99799144,308
347,1932,172972,0.77, high,2,2125,all_user_tags,assistant,7.2507794e-07,8.907179e-07,0.0015621275,0.9984363,309
348,172972,72659,0.98,-pot,2,2126,all_user_tags,assistant,5.1743707e-09,4.924647e-09,0.00020616401,0.9997938,310
349,72659,966,0.47,assium,2,2127,all_user_tags,assistant,6.009352e-06,9.583375e-06,0.00283533,0.99714905,311
350,25306,350,0.83, blend,2,2128,all_user_tags,assistant,1.8351223e-09,1.0824073e-09,0.00010784554,0.9998921,312
351,350,68,0.42, (,2,2129,all_user_tags,assistant,5.5427746e-10,7.9041645e-10,0.0005600242,0.99944,313
352,68,1940,1.0,e,2,2130,all_user_tags,assistant,6.10955e-14,2.5210211e-14,3.855926e-06,0.9999962,314
353,1940,4213,1.0,.g,2,2131,all_user_tags,assistant,8.1279313e-07,2.9958878e-07,0.000626371,0.99937254,315
354,4213,220,0.99,".,",2,2132,all_user_tags,assistant,7.97961e-10,2.0134923e-08,0.00037587245,0.99962413,316
355,220,20,0.87, ,2,2133,all_user_tags,assistant,1.0255468e-06,6.2111144e-07,0.00030691514,0.9996915,317
356,19,12,0.76,4,2,2134,all_user_tags,assistant,8.792426e-07,2.1244684e-07,0.00086980476,0.9991291,318
357,12,702,0.23,-,2,2135,all_user_tags,assistant,7.198595e-08,2.1965754e-07,0.0001564645,0.99984324,319
358,702,12,1.0,10,2,2136,all_user_tags,assistant,5.589733e-06,2.8802512e-07,0.00012898054,0.9998652,320
359,12,702,0.42,-,2,2137,all_user_tags,assistant,9.511257e-07,8.913653e-07,0.0004843779,0.99951375,321
360,702,8,0.99,10,2,2138,all_user_tags,assistant,1.7712843e-08,3.877748e-09,1.495985e-05,0.999985,322
361,8,4730,0.59,),2,2139,all_user_tags,assistant,1.6728919e-08,2.9863052e-08,0.0002602239,0.9997397,323
362,4730,15310,0.87, once,2,2140,all_user_tags,assistant,8.804559e-08,4.9731085e-07,0.004365491,0.9956339,324
363,15310,13217,0.42, fruit,2,2141,all_user_tags,assistant,2.3065043e-06,2.2956645e-05,0.0018472661,0.9981275,325
364,289,18015,0.68,ing,2,2142,all_user_tags,assistant,3.5590733e-06,4.751753e-05,0.0019986185,0.9979504,326
365,18015,558,0.62, begins,2,2143,all_user_tags,assistant,7.0136796e-10,1.2638785e-08,0.00012850031,0.9998715,327
366,13,43297,0.38,.,2,2144,all_user_tags,assistant,1.4747753e-11,1.2618755e-11,7.940613e-06,0.999992,328
367,17547,290,0.51, Follow,2,2145,all_user_tags,assistant,3.4677414e-10,7.112608e-12,5.6149343e-05,0.99994385,329
368,4208,9837,0.81, label,2,2146,all_user_tags,assistant,2.1739423e-07,4.665106e-08,0.0019154081,0.9980843,330
369,15543,2322,0.34, instructions,2,2147,all_user_tags,assistant,1.145619e-09,2.756343e-10,9.391697e-05,0.99990606,331
370,395,22586,0.25, for,2,2148,all_user_tags,assistant,2.7347706e-09,8.5428337e-10,0.0002993411,0.99970067,332
371,9762,50005,0.72, mix,2,2149,all_user_tags,assistant,5.3893596e-06,3.6735598e-06,0.00017929557,0.9998117,333
372,69972,558,0.86, ratios,2,2150,all_user_tags,assistant,3.8061256e-09,5.844361e-09,6.683592e-05,0.9999331,334
373,558,12,1.0,".
",2,2151,all_user_tags,assistant,1.2316835e-10,2.0182139e-11,7.479813e-05,0.99992514,335
374,12,6240,1.0,-,2,2152,all_user_tags,assistant,5.0833725e-12,4.0072798e-13,6.988959e-06,0.99999297,336
375,6240,13863,0.66, **,2,2153,all_user_tags,assistant,3.4249661e-10,5.341564e-11,7.02459e-05,0.9999298,337
376,13863,9858,0.74,Other,2,2154,all_user_tags,assistant,9.939883e-12,4.7798996e-12,8.405214e-07,0.99999917,338
377,2140,9858,0.96, key,2,2155,all_user_tags,assistant,3.2363465e-12,4.872558e-12,5.690954e-07,0.9999994,339
378,9858,142760,0.86, tips,2,2156,all_user_tags,assistant,2.3689088e-13,4.325074e-12,2.939161e-07,0.99999976,340
379,25,1612,1.0,:,2,2157,all_user_tags,assistant,4.7651865e-05,3.5892879e-06,0.00034075396,0.999608,341
380,1612,220,0.99,"**
",2,2158,all_user_tags,assistant,1.3094137e-12,1.436147e-12,2.8293919e-06,0.99999714,342
381,220,533,0.77, ,2,2159,all_user_tags,assistant,1.0742249e-11,7.2070095e-13,2.6796913e-06,0.9999974,343
382,533,6240,0.61, -,2,2160,all_user_tags,assistant,2.5851966e-11,1.1864977e-12,1.0086045e-06,0.99999905,344
383,6240,5808,0.91, **,2,2161,all_user_tags,assistant,7.590097e-11,2.7407316e-11,0.00010085625,0.99989915,345
384,5808,311,1.0,So,2,2162,all_user_tags,assistant,3.1263817e-06,8.818406e-07,5.6927227e-05,0.9999391,346
385,311,275,0.46,il,2,2163,all_user_tags,assistant,6.43336e-08,3.4527253e-07,9.808832e-06,0.99998975,347
386,275,39,1.0, p,2,2164,all_user_tags,assistant,0.0007706469,0.00030379876,0.0004314101,0.99849415,348
387,39,142760,0.41,H,2,2165,all_user_tags,assistant,2.466757e-07,2.1502865e-07,1.3278077e-05,0.9999863,349
388,142760,220,0.78,:**,2,2166,all_user_tags,assistant,1.6535609e-10,1.92709e-10,4.3159547e-05,0.99995685,350
389,220,21,1.0, ,2,2167,all_user_tags,assistant,1.786808e-06,4.6290174e-06,0.00022913421,0.9997645,351
390,21,13,1.0,6,2,2168,all_user_tags,assistant,0.000209006,0.00037021787,0.00042659184,0.9989942,352
391,13,15,0.9,.,2,2169,all_user_tags,assistant,4.955252e-06,3.340272e-06,0.0001474747,0.9998442,353
392,15,1585,0.64,0,2,2170,all_user_tags,assistant,1.8216822e-08,5.5972555e-09,1.0930604e-05,0.99998903,354
393,1585,21,1.0,–,2,2171,all_user_tags,assistant,1.6049714e-11,5.518797e-11,6.2892127e-06,0.9999937,355
394,21,13,1.0,6,2,2172,all_user_tags,assistant,1.1612797e-05,1.6582342e-05,0.0004261731,0.99954563,356
395,13,23,1.0,.,2,2173,all_user_tags,assistant,9.629443e-09,5.3628946e-09,3.0258343e-05,0.9999697,357
396,23,395,0.38,8,2,2174,all_user_tags,assistant,4.4721776e-07,1.9170373e-07,8.617406e-05,0.9999132,358
397,395,24174,0.57, for,2,2175,all_user_tags,assistant,3.2942875e-08,2.6968957e-08,0.0012941287,0.99870574,359
398,1636,72324,0.66, best,2,2176,all_user_tags,assistant,7.7816736e-08,2.156186e-07,0.0009085149,0.99909115,360
399,72324,108958,0.99, nutrient,2,2177,all_user_tags,assistant,7.0471305e-07,3.4347936e-06,5.639665e-06,0.9999902,361
400,108958,558,0.75, uptake,2,2178,all_user_tags,assistant,2.3668822e-07,1.8489911e-06,0.00014459284,0.99985325,362
401,558,220,1.0,".
",2,2179,all_user_tags,assistant,9.601807e-13,8.311729e-14,1.0788328e-06,0.9999989,363
402,220,533,0.88, ,2,2180,all_user_tags,assistant,4.1935633e-09,5.6228253e-09,1.9335785e-05,0.9999807,364
403,533,6240,1.0, -,2,2181,all_user_tags,assistant,3.8299005e-13,1.1424455e-14,5.065581e-07,0.9999995,365
404,6240,67854,0.63, **,2,2182,all_user_tags,assistant,8.7897206e-10,7.136917e-11,9.320813e-05,0.9999068,366
405,67854,332,1.0,Mul,2,2183,all_user_tags,assistant,3.9019797e-06,8.855589e-06,2.479659e-05,0.99996245,367
406,332,142760,0.73,ch,2,2184,all_user_tags,assistant,7.667278e-09,9.1833945e-09,2.7087477e-08,1.0,368
407,142760,28921,0.37,:**,2,2185,all_user_tags,assistant,3.320485e-11,1.9071039e-10,4.6363652e-06,0.99999535,369
408,355,220,0.73, A,2,2186,all_user_tags,assistant,6.586289e-07,3.8174177e-05,7.4597774e-05,0.9998865,370
409,220,17,0.97, ,2,2187,all_user_tags,assistant,1.6025432e-07,5.090718e-06,4.8465914e-05,0.99994624,371
410,17,1585,0.72,2,2,2188,all_user_tags,assistant,1.5335449e-07,4.9115642e-06,0.0001552194,0.99983966,372
411,1585,18,0.98,–,2,2189,all_user_tags,assistant,1.634985e-11,3.101232e-10,1.7945518e-05,0.999982,373
412,18,35971,0.88,3,2,2190,all_user_tags,assistant,7.729813e-08,8.52547e-07,9.588245e-06,0.9999895,374
413,306,10261,0.98, in,2,2191,all_user_tags,assistant,7.260863e-07,7.923415e-06,0.00062799524,0.99936336,375
414,10261,328,0.95, layer,2,2192,all_user_tags,assistant,1.352085e-07,2.4816953e-07,2.1157623e-05,0.9999784,376
415,18295,22390,0.49, keeps,2,2193,all_user_tags,assistant,4.4896012e-07,3.9023316e-06,0.0035130365,0.9964826,377
416,22390,8157,0.53, soil,2,2194,all_user_tags,assistant,1.8438833e-06,4.9931346e-06,0.0005543694,0.9994388,378
417,8157,11,0.83, cool,2,2195,all_user_tags,assistant,1.3854988e-06,0.00032067116,0.0005987376,0.9990792,379
418,11,87383,0.44,",",2,2196,all_user_tags,assistant,3.9168322e-07,2.1834192e-06,0.007969763,0.9920277,380
419,87383,36036,1.0, retains,2,2197,all_user_tags,assistant,4.9226503e-07,1.5938106e-06,0.0036936244,0.9963043,381
420,36036,11,0.98, moisture,2,2198,all_user_tags,assistant,5.4391157e-06,0.0022797927,0.0020742738,0.9956405,382
421,11,326,1.0,",",2,2199,all_user_tags,assistant,3.0907207e-10,6.987521e-10,8.672314e-05,0.9999132,383
422,326,38566,0.72, and,2,2200,all_user_tags,assistant,1.6799337e-06,5.969911e-06,0.0030617279,0.99693066,384
423,38566,98992,0.86, reduces,2,2201,all_user_tags,assistant,5.79569e-05,3.9894665e-05,0.49608332,0.50381887,385
424,98992,558,0.99, weeds,2,2202,all_user_tags,assistant,9.193751e-06,6.9075824e-05,0.072495446,0.9274263,386
425,558,220,1.0,".
",2,2203,all_user_tags,assistant,1.0374631e-13,1.7010701e-15,1.508116e-07,0.9999999,387
426,220,533,0.74, ,2,2204,all_user_tags,assistant,5.5702264e-07,5.9341566e-08,0.00072229083,0.99927706,388
427,533,6240,1.0, -,2,2205,all_user_tags,assistant,9.498511e-13,5.87418e-14,4.475054e-05,0.9999553,389
428,6240,10768,0.6, **,2,2206,all_user_tags,assistant,5.3106763e-10,1.2072142e-11,0.00032155061,0.9996785,390
429,10768,142760,1.0,Support,2,2207,all_user_tags,assistant,7.6127108e-06,8.0584505e-06,0.00092513673,0.99905914,391
430,142760,137247,0.84,:**,2,2208,all_user_tags,assistant,1.4271817e-10,3.9519835e-11,7.4798416e-05,0.99992514,392
431,137247,503,0.99, Stake,2,2209,all_user_tags,assistant,2.718762e-06,5.2206874e-06,0.006354237,0.99363774,393
432,503,61908,0.96, or,2,2210,all_user_tags,assistant,4.9695885e-08,2.3145415e-07,0.02829075,0.97170895,394
433,61908,6047,0.76, cage,2,2211,all_user_tags,assistant,1.2656417e-07,1.1589934e-06,0.010196867,0.9898018,395
434,6047,316,0.58, early,2,2212,all_user_tags,assistant,2.3994971e-06,3.663197e-07,0.00095901475,0.9990382,396
435,26,55866,0.43,;,2,2213,all_user_tags,assistant,5.8914656e-10,8.931317e-11,0.00015454541,0.9998454,397
436,34110,289,0.19, erect,2,2214,all_user_tags,assistant,3.2645048e-08,5.8417924e-09,0.00075603434,0.999244,398
437,289,17203,0.33,ing,2,2215,all_user_tags,assistant,1.02432e-06,7.0926325e-07,0.0029964298,0.9970018,399
438,290,2498,0.5, the,2,2216,all_user_tags,assistant,5.01538e-06,7.992785e-06,0.0063300636,0.99365693,400
439,2498,2254,0.5, support,2,2217,all_user_tags,assistant,1.4242265e-07,1.0333276e-07,0.002833391,0.99716634,401
440,2049,290,0.81, while,2,2218,all_user_tags,assistant,7.40309e-06,3.8949456e-06,0.5007952,0.49919355,402
441,290,6804,0.97, the,2,2219,all_user_tags,assistant,1.4406677e-05,3.2164425e-07,0.043667927,0.9563173,403
442,6804,382,0.99, plant,2,2220,all_user_tags,assistant,4.9243962e-08,1.9273429e-07,0.0007740709,0.99922574,404
443,382,2928,0.46, is,2,2221,all_user_tags,assistant,1.6227414e-06,5.556198e-09,0.22165309,0.7783453,405
444,2928,3291,0.92, still,2,2222,all_user_tags,assistant,1.2414529e-05,1.8369246e-07,0.28490698,0.7150804,406
445,3291,46396,0.52, small,2,2223,all_user_tags,assistant,9.896019e-06,6.643562e-08,0.07248757,0.9275025,407
446,4787,480,0.44, makes,2,2224,all_user_tags,assistant,5.115405e-08,3.5853102e-08,0.030214531,0.9697854,408
447,135775,11087,0.71, pruning,2,2225,all_user_tags,assistant,3.157681e-05,1.2400553e-05,0.040442042,0.959514,409
448,11087,558,0.87, easier,2,2226,all_user_tags,assistant,5.3545546e-07,2.0672687e-07,0.03977745,0.96022177,410
449,558,220,1.0,".
",2,2227,all_user_tags,assistant,1.5073272e-13,7.521299e-17,2.2527795e-06,0.99999774,411
450,220,533,1.0, ,2,2228,all_user_tags,assistant,9.320861e-07,3.3889837e-08,5.7402645e-05,0.9999416,412
451,533,6240,1.0, -,2,2229,all_user_tags,assistant,6.3443764e-14,1.3457956e-15,2.1568773e-07,0.99999976,413
452,6240,2938,0.98, **,2,2230,all_user_tags,assistant,2.7976788e-09,2.2350341e-10,0.00024845716,0.9997515,414
453,2938,30541,0.75,Pr,2,2231,all_user_tags,assistant,0.000102592196,2.1755209e-06,0.00010134794,0.99979395,415
454,30541,142760,0.98,uning,2,2232,all_user_tags,assistant,2.8413567e-06,4.829359e-07,8.7365974e-05,0.9999093,416
455,142760,18141,0.82,:**,2,2233,all_user_tags,assistant,5.1821714e-10,7.0867157e-10,0.000766581,0.9992335,417
456,18141,31485,0.78, Remove,2,2234,all_user_tags,assistant,2.2371454e-07,2.345767e-09,0.0007568574,0.9992429,418
457,31485,409,1.0, suck,2,2235,all_user_tags,assistant,0.0011549317,0.00011019559,0.14957972,0.8491552,419
458,409,306,0.59,ers,2,2236,all_user_tags,assistant,1.2548773e-05,1.169426e-06,0.03046182,0.9695245,420
459,306,290,0.99, in,2,2237,all_user_tags,assistant,2.0829932e-06,5.072636e-06,0.24177785,0.758215,421
460,290,2758,0.78, the,2,2238,all_user_tags,assistant,4.902766e-07,6.203525e-07,0.042007934,0.957991,422
461,2758,22231,1.0, main,2,2239,all_user_tags,assistant,1.395125e-06,4.0607887e-07,0.0001524251,0.99984574,423
462,33801,316,0.27, vine,2,2240,all_user_tags,assistant,1.6660404e-06,0.00025866056,0.0033926747,0.996347,424
463,802,1577,0.35,’s,2,2241,all_user_tags,assistant,3.4284153e-07,7.740463e-07,0.032248754,0.96775013,425
464,1577,220,0.36, first,2,2242,all_user_tags,assistant,4.369603e-06,2.0035134e-06,0.014895071,0.9850986,426
465,220,19,0.23, ,2,2243,all_user_tags,assistant,0.00010434108,0.00034167667,0.1302786,0.86927533,427
466,19,1585,0.97,4,2,2244,all_user_tags,assistant,1.2422016e-05,3.980274e-06,0.008938949,0.99104464,428
467,1585,21,0.65,–,2,2245,all_user_tags,assistant,4.49839e-09,5.9326224e-09,0.0064346143,0.9935654,429
468,21,21185,0.41,6,2,2246,all_user_tags,assistant,7.39546e-08,2.1439328e-09,0.0003806652,0.99961925,430
469,21185,316,0.83, inches,2,2247,all_user_tags,assistant,2.829767e-06,4.213639e-06,0.065964736,0.9340282,431
470,316,5184,0.51, to,2,2248,all_user_tags,assistant,2.6880173e-07,2.0377364e-07,0.033000905,0.96699864,432
471,5184,5954,0.98, focus,2,2249,all_user_tags,assistant,4.523318e-07,1.142519e-06,0.011138984,0.9888594,433
472,5954,402,1.0, energy,2,2250,all_user_tags,assistant,4.1734197e-08,1.06080826e-07,0.0013167182,0.99868315,434
473,402,15310,0.99, on,2,2251,all_user_tags,assistant,6.834508e-07,1.0604833e-06,0.0016348208,0.99836344,435
474,15310,558,0.64, fruit,2,2252,all_user_tags,assistant,2.1972512e-05,1.3843651e-05,0.00073804084,0.9992261,436
475,558,220,1.0,".
",2,2253,all_user_tags,assistant,4.2989167e-12,1.0980264e-15,6.0156086e-05,0.9999398,437
476,220,533,1.0, ,2,2254,all_user_tags,assistant,1.5612609e-06,3.519391e-07,9.319763e-05,0.9999049,438
477,533,6240,1.0, -,2,2255,all_user_tags,assistant,8.0706756e-14,2.546941e-16,1.0335926e-06,0.9999989,439
478,6240,47,0.75, **,2,2256,all_user_tags,assistant,2.4928996e-08,1.7486118e-09,0.0005620806,0.99943787,440
479,47,376,0.85,P,2,2257,all_user_tags,assistant,5.1435786e-06,2.1592457e-07,0.0025220441,0.9974726,441
480,376,3580,0.45,est,2,2258,all_user_tags,assistant,9.994598e-07,1.0093911e-06,0.00017853358,0.99981946,442
481,5621,142760,1.0, watch,2,2259,all_user_tags,assistant,5.7554486e-09,9.453507e-09,6.671948e-06,0.9999933,443
482,142760,16835,0.49,:**,2,2260,all_user_tags,assistant,4.411753e-09,3.1668117e-09,8.311133e-05,0.9999169,444
483,16835,448,0.88, Keep,2,2261,all_user_tags,assistant,6.007911e-08,1.2962721e-08,0.0008941158,0.99910575,445
484,448,10952,1.0, an,2,2262,all_user_tags,assistant,1.01924115e-05,1.1318207e-06,0.0055930167,0.9943956,446
485,10952,402,0.85, eye,2,2263,all_user_tags,assistant,2.241844e-09,1.2840506e-08,0.0003404839,0.99965954,447
486,402,72108,0.94, on,2,2264,all_user_tags,assistant,5.4442117e-09,4.7893303e-09,0.0017718914,0.99822813,448
487,72108,3375,1.0, aph,2,2265,all_user_tags,assistant,0.0010419587,0.021404453,0.021076903,0.95647675,449
488,3375,11,0.94,ids,2,2266,all_user_tags,assistant,1.381718e-06,5.5218934e-06,0.0038130253,0.99618006,450
489,11,6461,0.88,",",2,2267,all_user_tags,assistant,6.094464e-09,5.492393e-08,0.008295656,0.9917042,451
490,6461,75553,0.97, white,2,2268,all_user_tags,assistant,0.0070667895,0.0005440473,0.0765144,0.9158748,452
491,75553,11,0.99,flies,2,2269,all_user_tags,assistant,7.5705025e-06,5.2096024e-05,0.0024670963,0.9974732,453
492,11,326,1.0,",",2,2270,all_user_tags,assistant,3.1444087e-09,5.444573e-10,0.0009812616,0.99901867,454
493,326,59604,0.35, and,2,2271,all_user_tags,assistant,1.0717567e-09,4.1763792e-09,0.002729361,0.99727064,455
494,59604,39993,0.78, tomato,2,2272,all_user_tags,assistant,2.099134e-06,6.325285e-06,0.0017120613,0.9982796,456
495,39993,173523,0.93, horn,2,2273,all_user_tags,assistant,0.00016425402,7.250016e-05,0.019913038,0.9798502,457
496,173523,26,0.88,worms,2,2274,all_user_tags,assistant,6.021301e-07,4.659984e-07,0.026001347,0.9739976,458
497,26,1199,0.5,;,2,2275,all_user_tags,assistant,7.9801026e-08,1.5793288e-08,0.0012432957,0.99875665,459
498,1803,50005,0.84, hand,2,2276,all_user_tags,assistant,5.3402314e-06,6.094944e-08,0.0006895868,0.999305,460
499,3161,1003,0.97,-p,2,2277,all_user_tags,assistant,0.00025398072,2.3760756e-06,0.060589053,0.9391546,461
500,1003,503,0.96,ick,2,2278,all_user_tags,assistant,6.0830353e-06,9.235968e-06,0.019687278,0.98029745,462
501,503,1199,0.93, or,2,2279,all_user_tags,assistant,6.6606704e-06,7.8928286e-07,0.019478206,0.98051435,463
502,1199,58684,0.35, use,2,2280,all_user_tags,assistant,0.00013199056,7.628762e-05,0.18691906,0.8128726,464
503,58684,7396,0.9, neem,2,2281,all_user_tags,assistant,0.0024456342,0.0038268694,0.10149802,0.8922295,465
504,7396,538,0.86, oil,2,2282,all_user_tags,assistant,1.7902032e-05,2.8058894e-05,0.04718219,0.95277184,466
505,538,6118,0.97, if,2,2283,all_user_tags,assistant,3.3516615e-06,2.9624184e-06,0.010877512,0.98911613,467
506,6118,558,0.72, needed,2,2284,all_user_tags,assistant,1.0110802e-09,3.8897585e-10,0.0016433899,0.99835664,468
507,558,220,0.82,".
",2,2285,all_user_tags,assistant,1.0450379e-11,8.228283e-15,6.2024235e-05,0.999938,469
508,2886,1879,0.53,With,2,2286,all_user_tags,assistant,2.1225377e-11,2.277691e-13,8.875898e-07,0.99999917,470
509,7334,11,1.0, sun,2,2287,all_user_tags,assistant,3.214138e-08,2.5344085e-09,0.0002032858,0.9997967,471
510,11,37403,0.69,",",2,2288,all_user_tags,assistant,1.1263043e-08,1.5077908e-09,0.0001622836,0.99983764,472
511,37403,36036,0.76, steady,2,2289,all_user_tags,assistant,9.0442164e-08,8.792986e-07,9.425144e-05,0.99990475,473
512,36036,11,1.0, moisture,2,2290,all_user_tags,assistant,3.0985877e-08,1.7344587e-07,1.3489286e-05,0.9999863,474
513,11,290,0.36,",",2,2291,all_user_tags,assistant,5.856534e-10,1.8922117e-09,1.121646e-05,0.9999888,475
514,290,1849,1.0, the,2,2292,all_user_tags,assistant,5.125997e-08,3.226082e-08,7.596928e-05,0.99992394,476
515,1849,92224,0.64, right,2,2293,all_user_tags,assistant,2.838408e-10,2.512701e-10,6.305169e-06,0.9999937,477
516,92224,11,0.85, fertilizer,2,2294,all_user_tags,assistant,5.3442135e-09,1.2625028e-08,1.4011365e-05,0.99998593,478
517,11,326,0.99,",",2,2295,all_user_tags,assistant,4.8780775e-12,3.7628005e-11,3.381751e-06,0.99999666,479
518,326,261,0.89, and,2,2296,all_user_tags,assistant,5.130262e-10,3.9263273e-10,2.5078484e-06,0.9999975,480
519,261,3546,0.51, a,2,2297,all_user_tags,assistant,2.9388872e-10,3.3060808e-11,4.963506e-06,0.999995,481
520,3389,2498,0.31, little,2,2298,all_user_tags,assistant,9.2515355e-09,1.15436265e-08,7.857205e-05,0.99992144,482
521,135775,11,0.93, pruning,2,2299,all_user_tags,assistant,1.7295875e-08,1.710631e-08,7.5231204e-05,0.9999248,483
522,11,481,0.95,",",2,2300,all_user_tags,assistant,1.3726779e-09,5.665256e-10,4.4491528e-05,0.99995553,484
523,481,4720,0.99, you,2,2301,all_user_tags,assistant,3.813771e-10,4.579817e-10,4.3418753e-05,0.9999566,485
524,4720,679,0.26,’ll,2,2302,all_user_tags,assistant,3.9293617e-09,1.9111619e-08,5.632654e-05,0.9999436,486
525,4271,261,0.54, enjoy,2,2303,all_user_tags,assistant,1.3587363e-07,2.347856e-07,0.00040766742,0.999592,487
526,93206,55866,0.89, juicy,2,2304,all_user_tags,assistant,3.347353e-08,3.0267184e-08,4.74494e-05,0.99995244,488
527,55866,306,0.97, tomatoes,2,2305,all_user_tags,assistant,4.332428e-08,6.6638614e-07,7.26675e-05,0.99992657,489
528,306,261,0.54, in,2,2306,all_user_tags,assistant,1.4042744e-08,4.4878362e-08,0.00055139884,0.9994485,490
529,261,3120,0.74, a,2,2307,all_user_tags,assistant,3.7944755e-08,1.0181126e-08,0.0007141767,0.99928576,491
530,3120,5503,0.71, few,2,2308,all_user_tags,assistant,7.8540815e-08,7.2336285e-08,0.0009165769,0.9990833,492
531,5503,0,0.64, months,2,2309,all_user_tags,assistant,4.7866355e-09,6.646333e-09,2.2706257e-05,0.99997723,493
533,18009,11,0.42,Oh,2,2311,all_user_tags,user,1.1657234e-07,0.00012087303,0.05168737,0.94819164,494
534,8157,0,0.86, cool,2,2312,all_user_tags,user,1.3391698e-08,6.3161457e-07,0.0022713942,0.99772793,495
535,11,35717,0.25,",",2,2313,all_user_tags,user,6.93621e-11,4.0396372e-07,0.0030683724,0.9969312,496
536,11707,0,0.66, thanks,2,2314,all_user_tags,user,3.982781e-10,3.557497e-07,0.0002162817,0.99978334,497
537,2618,793,0.12,!!,2,2315,all_user_tags,user,1.0152857e-07,0.0001020104,0.01014039,0.98975754,498
538,16349,30,0.15, Where,2,2316,all_user_tags,user,4.308338e-07,0.0075218584,0.0052380725,0.98723966,499
539,885,290,0.28,'s,2,2317,all_user_tags,user,9.946054e-09,0.0005901321,0.005663164,0.99374664,500
540,290,10606,0.27, the,2,2318,all_user_tags,user,2.092457e-09,4.4613847e-07,0.00018130562,0.99981827,501
541,39356,30,0.19, easiest,2,2319,all_user_tags,user,6.58229e-06,0.10565664,0.006211918,0.8881248,502
542,2475,30,0.41, place,2,2320,all_user_tags,user,8.3384134e-07,0.0013492183,0.0015608747,0.9970891,503
543,316,6240,0.32, to,2,2321,all_user_tags,user,3.71689e-07,0.0021994878,0.33920953,0.6585906,504
544,3839,30,0.3, grow,2,2322,all_user_tags,user,6.657184e-07,0.005162888,0.024552954,0.97028345,505
545,55866,30,0.82, tomatoes,2,2323,all_user_tags,user,7.9889546e-08,0.000910628,0.00086913037,0.99822015,506
546,533,6240,0.21, -,2,2324,all_user_tags,user,5.333067e-06,0.6206159,0.05161796,0.32776085,507
547,6772,30,0.51, inside,2,2325,all_user_tags,user,1.7077222e-05,0.0014905229,0.001382626,0.99710983,508
548,503,6772,0.32, or,2,2326,all_user_tags,user,1.0295636e-08,0.0006866407,6.022667e-05,0.9992531,509
549,37495,30,0.94, outdoors,2,2327,all_user_tags,user,1.363808e-08,2.2075517e-05,3.7690785e-05,0.99994016,510
550,11,10606,0.27,",",2,2328,all_user_tags,user,2.5223212e-09,7.511053e-05,0.000119467746,0.9998054,511
551,4335,484,0.21, given,2,2329,all_user_tags,user,9.135495e-09,0.007900204,0.003761125,0.9883386,512
552,922,6240,0.12, my,2,2330,all_user_tags,user,1.279189e-07,0.010894264,0.0012954007,0.98781025,513
553,16093,3211,0.72, skill,2,2331,all_user_tags,user,8.307161e-07,0.92319715,0.0008635322,0.075938426,514
554,3211,30,0.89, level,2,2332,all_user_tags,user,5.6913e-08,0.005095476,0.004154446,0.99075,515
555,30,279,0.29,?,2,2333,all_user_tags,user,9.705369e-07,0.07543357,0.010220557,0.9143449,516
556,357,1682,0.16, I,2,2334,all_user_tags,user,2.2305295e-07,0.023378683,0.1368558,0.8397653,517
557,4561,306,0.22, live,2,2335,all_user_tags,user,5.9884786e-07,0.9989079,0.00014517136,0.00094631576,518
558,306,220,0.55, in,2,2336,all_user_tags,user,0.00029352203,0.27576882,0.01907647,0.70486116,519
559,31628,11,0.36, Austin,2,2337,all_user_tags,user,6.255715e-05,0.9913931,0.0019776295,0.006566692,520
560,11885,30,0.37, Texas,2,2338,all_user_tags,user,0.0002261031,0.9524578,0.017309653,0.030006519,521
561,13,31628,0.22,.,2,2339,all_user_tags,user,7.18385e-06,0.9921806,0.0005258146,0.007286316,522
562,3756,481,0.2, Do,2,2340,all_user_tags,user,1.6076481e-06,0.9353304,0.0015194954,0.063148536,523
563,481,10606,0.16, you,2,2341,all_user_tags,user,3.2559223e-05,0.24401477,0.024733206,0.7312195,524
564,679,1062,0.25, have,2,2342,all_user_tags,user,1.812177e-07,0.98847824,0.005006004,0.006515503,525
565,1062,6772,0.51, any,2,2343,all_user_tags,user,5.14065e-07,0.0001955434,5.8643607e-05,0.9997453,526
566,22499,30,0.63, recommendations,2,2344,all_user_tags,user,1.3823084e-06,0.96207654,0.0010397652,0.036882367,527
567,395,11885,0.19, for,2,2345,all_user_tags,user,4.2604417e-05,0.29272404,0.0017754779,0.70545787,528
568,261,9282,0.92, a,2,2346,all_user_tags,user,3.8180708e-05,0.005967244,0.018751865,0.97524273,529
569,57062,30,0.64, beginner,2,2347,all_user_tags,user,5.734992e-08,0.9967141,0.00011646512,0.003169406,530
570,30,279,0.26,?,2,2348,all_user_tags,user,1.9246836e-06,0.80299443,0.005760936,0.19124265,531
571,8820,30,0.15, Also,2,2349,all_user_tags,user,1.7497246e-06,0.9978288,0.0006433579,0.0015259965,532
572,1261,30,0.1, when,2,2350,all_user_tags,user,1.2030264e-06,0.9555129,0.00046491143,0.044020887,533
573,1757,30,0.1, should,2,2351,all_user_tags,user,3.3416032e-05,0.35193676,0.008921695,0.6391082,534
574,357,1604,0.2, I,2,2352,all_user_tags,user,1.7318222e-05,0.16321379,0.032423332,0.80434555,535
575,6804,30,0.53, plant,2,2353,all_user_tags,user,3.845884e-05,0.19305907,0.025339732,0.78156275,536
576,1373,30,0.78, them,2,2354,all_user_tags,user,3.7574064e-05,0.36006236,0.5401726,0.09972754,537
577,30,279,0.37,?,2,2355,all_user_tags,user,4.3795725e-07,0.00785045,0.004039434,0.98810965,538
578,6048,30,0.11, Please,2,2356,all_user_tags,user,2.8799682e-06,0.9298714,0.016771752,0.053353988,539
579,3357,634,0.1, keep,2,2357,all_user_tags,user,1.9825868e-06,0.9217487,0.002549932,0.07569945,540
580,480,6240,0.16, it,2,2358,all_user_tags,user,4.098817e-09,2.4295541e-06,3.447639e-05,0.99996305,541
581,4022,30,0.33, short,2,2359,all_user_tags,user,6.606412e-07,0.035316184,0.0031357121,0.96154743,542
582,326,6240,0.34, and,2,2360,all_user_tags,user,9.0913986e-08,1.1909744e-05,0.0005732692,0.9994148,543
583,4705,30,0.28, simple,2,2361,all_user_tags,user,4.5663054e-07,0.9160381,0.0015734258,0.08238802,544
585,976,1825,0.99,The,2,2363,all_user_tags,cot,1.0493796e-12,3.046011e-08,0.21272896,0.787271,545
586,1825,10648,0.76, user,2,2364,all_user_tags,cot,7.028963e-11,6.190557e-07,0.9977805,0.0022188625,546
587,10648,4022,0.45, wants,2,2365,all_user_tags,cot,3.1000685e-10,6.221719e-06,0.98866975,0.011323977,547
588,25,39356,0.81,:,2,2366,all_user_tags,cot,4.478078e-12,1.4797263e-06,0.9884299,0.011568546,548
589,39356,2475,1.0, easiest,2,2367,all_user_tags,cot,5.607092e-07,0.022059416,0.24652697,0.73141307,549
590,2475,316,0.91, place,2,2368,all_user_tags,cot,8.792826e-08,0.0023853937,0.0020208298,0.9955937,550
591,316,3839,1.0, to,2,2369,all_user_tags,cot,7.638536e-08,0.00015203009,0.0057287775,0.99411917,551
592,3839,55866,0.99, grow,2,2370,all_user_tags,cot,1.0335963e-07,0.0023028436,0.23247221,0.7652249,552
593,55866,11,0.2, tomatoes,2,2371,all_user_tags,cot,1.5036286e-06,0.78408056,0.061638094,0.15427981,553
594,1127,6772,0.75, –,2,2372,all_user_tags,cot,6.5046246e-11,3.869006e-05,0.81532556,0.18463579,554
595,6772,503,0.93, inside,2,2373,all_user_tags,cot,7.082836e-07,0.0014114303,0.013014715,0.9855731,555
596,503,37495,0.95, or,2,2374,all_user_tags,cot,1.7423915e-09,4.0659637e-05,0.004074803,0.9958845,556
597,37495,11,0.58, outdoors,2,2375,all_user_tags,cot,9.341175e-09,8.990156e-06,0.0011912896,0.9987997,557
598,1127,4335,0.44, –,2,2376,all_user_tags,cot,1.2055459e-09,0.00018224577,0.92614436,0.0736734,558
599,4335,16093,0.62, given,2,2377,all_user_tags,cot,2.0787205e-09,0.00020979503,0.91383773,0.085952416,559
600,16093,3211,0.99, skill,2,2378,all_user_tags,cot,3.4219448e-07,0.18066695,0.3067091,0.5126236,560
601,3211,11,0.5, level,2,2379,all_user_tags,cot,5.76407e-09,0.00025977186,0.29706264,0.7026776,561
602,13,3164,0.59,.,2,2380,all_user_tags,cot,8.857197e-11,0.00012505443,0.9922478,0.0076271803,562
603,72678,306,0.99, Lives,2,2381,all_user_tags,cot,7.616985e-08,0.002497405,0.9876794,0.009823136,563
604,306,31628,1.0, in,2,2382,all_user_tags,cot,8.621607e-05,0.1627132,0.013786343,0.8234142,564
605,31628,11,0.49, Austin,2,2383,all_user_tags,cot,8.447622e-06,0.89206517,0.079525486,0.028400956,565
606,23055,13,0.96, TX,2,2384,all_user_tags,cot,3.2197963e-06,0.011132621,0.20333953,0.7855246,566
607,13,118403,0.67,.,2,2385,all_user_tags,cot,3.9137826e-10,0.0016395397,0.9793665,0.018994007,567
608,118403,395,0.96, Recommendations,2,2386,all_user_tags,cot,2.3736022e-09,0.0004915703,0.83233184,0.16717663,568
609,395,57062,0.64, for,2,2387,all_user_tags,cot,1.632596e-08,0.002635074,0.9771539,0.020211045,569
610,57062,13,0.79, beginner,2,2388,all_user_tags,cot,4.9381427e-08,0.36618227,0.40486458,0.22895305,570
611,13,4296,0.89,.,2,2389,all_user_tags,cot,3.060864e-11,7.708145e-05,0.98996174,0.0099612065,571
612,4296,316,0.65, When,2,2390,all_user_tags,cot,6.360446e-09,0.00013210031,0.95016366,0.04970429,572
613,316,6804,1.0, to,2,2391,all_user_tags,cot,4.4860863e-06,0.00025443578,0.051862877,0.9478782,573
614,6804,13,0.98, plant,2,2392,all_user_tags,cot,4.3009642e-08,0.00014875848,0.024449646,0.9754015,574
615,13,16835,0.95,.,2,2393,all_user_tags,cot,1.0333961e-09,0.00010218824,0.83284485,0.16705297,575
616,16835,4022,0.59, Keep,2,2394,all_user_tags,cot,6.95489e-11,2.9023948e-05,0.8440457,0.15592532,576
617,480,4022,1.0, it,2,2395,all_user_tags,cot,9.526054e-08,0.0009532384,0.047542002,0.9515047,577
618,4022,326,0.92, short,2,2396,all_user_tags,cot,7.1049666e-10,0.00026597528,0.24604608,0.753688,578
619,326,4705,1.0, and,2,2397,all_user_tags,cot,7.5101997e-10,7.2581042e-06,0.7959699,0.2040229,579
620,4705,13,0.83, simple,2,2398,all_user_tags,cot,6.3238903e-09,0.0046830024,0.4535116,0.5418054,580
621,13,51441,0.39,.,2,2399,all_user_tags,cot,2.475444e-12,2.549633e-08,0.16200577,0.8379942,581
622,623,6052,0.55, The,2,2400,all_user_tags,cot,1.4362361e-11,5.17355e-09,0.8771516,0.1228484,582
623,29186,1757,0.82, assistant,2,2401,all_user_tags,cot,2.2026346e-10,6.615954e-08,0.99239564,0.007604299,583
624,1757,3644,0.33, should,2,2402,all_user_tags,cot,5.643941e-12,3.3087453e-08,0.98958313,0.010416878,584
625,3644,82463,0.42, give,2,2403,all_user_tags,cot,2.1792963e-09,4.2068236e-06,0.71798897,0.28200692,585
626,82463,6052,0.49, concise,2,2404,all_user_tags,cot,3.1248544e-09,8.076904e-06,0.21670304,0.7832889,586
627,21561,25,0.74, suggestions,2,2405,all_user_tags,cot,2.332171e-09,4.354849e-06,0.049245764,0.9507499,587
628,25,37495,0.49,:,2,2406,all_user_tags,cot,2.1807636e-11,2.1599192e-07,0.20815389,0.7918459,588
629,37495,306,0.66, outdoors,2,2407,all_user_tags,cot,7.97417e-08,9.906918e-08,0.005633687,0.99436617,589
630,306,31628,0.58, in,2,2408,all_user_tags,cot,1.9789688e-07,3.4920865e-07,0.13051187,0.86948764,590
631,6047,12860,0.98, early,2,2409,all_user_tags,cot,2.9947983e-05,0.00023521142,0.2373121,0.76242274,591
632,12860,1934,0.38, spring,2,2410,all_user_tags,cot,8.289705e-07,1.2495918e-05,0.017893603,0.9820931,592
633,1934,2174,0.81, after,2,2411,all_user_tags,cot,3.7286551e-07,1.33419635e-05,0.12986967,0.8701166,593
634,2174,69368,1.0, last,2,2412,all_user_tags,cot,5.782944e-07,3.097113e-06,0.026552578,0.9734438,594
635,69368,11,0.42, frost,2,2413,all_user_tags,cot,1.38191e-07,4.160858e-07,0.0060872105,0.9939122,595
636,3521,65176,0.37, date,2,2414,all_user_tags,cot,1.957507e-07,2.0685671e-05,0.1016487,0.89833045,596
637,350,23430,0.61, (,2,2415,all_user_tags,cot,4.285418e-09,4.8085985e-07,0.79738164,0.20261784,597
638,62832,6959,0.76,maybe,2,2416,all_user_tags,cot,1.7535225e-10,8.680789e-09,0.64989096,0.35010907,598
639,6959,6189,0.81, mid,2,2417,all_user_tags,cot,1.362353e-07,5.806791e-07,0.8468516,0.15314773,599
640,6189,1417,1.0,-M,2,2418,all_user_tags,cot,3.1373845e-06,4.7369456e-05,0.023086576,0.9768629,600
641,1417,741,0.38,arch,2,2419,all_user_tags,cot,9.926991e-07,0.00026835338,0.05001455,0.94971615,601
642,741,730,0.27,).,2,2420,all_user_tags,cot,3.8749565e-10,2.0760652e-07,0.78535944,0.21464041,602
643,12265,31628,0.87, Since,2,2421,all_user_tags,cot,1.5589406e-09,7.470889e-08,0.53756106,0.46243888,603
644,31628,853,0.42, Austin,2,2422,all_user_tags,cot,2.7953042e-06,0.0004947838,0.049267378,0.950235,604
645,25,2174,0.54,:,2,2423,all_user_tags,cot,3.1757278e-08,5.337497e-05,0.8854614,0.11448525,605
646,2174,69368,1.0, last,2,2424,all_user_tags,cot,1.5176297e-06,2.0699954e-05,0.1775977,0.8223801,606
647,69368,2846,0.45, frost,2,2425,all_user_tags,cot,4.4467315e-06,7.4629206e-06,0.0125568155,0.9874313,607
648,2846,6959,0.8, around,2,2426,all_user_tags,cot,2.3563108e-07,2.7125265e-05,0.6831757,0.31679687,608
649,6959,6189,0.81, mid,2,2427,all_user_tags,cot,3.3968222e-06,5.493661e-05,0.70622325,0.29371843,609
650,7561,13,0.58, March,2,2428,all_user_tags,cot,3.6373556e-05,0.0036131102,0.2668586,0.7294919,610
651,13,8820,0.12,.,2,2429,all_user_tags,cot,1.8417232e-08,1.2872815e-07,0.8112681,0.18873173,611
652,62122,8601,0.28, Suggest,2,2430,all_user_tags,cot,3.8485146e-11,5.0620543e-09,0.6768884,0.3231116,612
653,2360,15478,0.39, using,2,2431,all_user_tags,cot,1.9704069e-06,5.982315e-05,0.6258881,0.37405008,613
654,15478,27154,0.97, raised,2,2432,all_user_tags,cot,1.2546761e-07,3.7079118e-07,0.055175915,0.9448236,614
655,27154,503,0.66, beds,2,2433,all_user_tags,cot,3.531043e-07,2.937129e-06,0.22603072,0.773966,615
656,11,35267,0.87,",",2,2434,all_user_tags,cot,1.3046951e-09,4.1512525e-08,0.84610283,0.1538972,616
657,35267,11,0.6, containers,2,2435,all_user_tags,cot,2.734528e-06,0.00013343267,0.0709272,0.9289366,617
658,13,51441,0.25,.,2,2436,all_user_tags,cot,5.7784288e-11,4.7349985e-08,0.53896093,0.46103904,618
659,2214,30757,0.27, For,2,2437,all_user_tags,cot,1.1960902e-08,2.1294285e-08,0.5595345,0.44046548,619
660,69297,25,0.56, indoors,2,2438,all_user_tags,cot,1.2251693e-05,0.00011924345,0.12440258,0.8754659,620
661,25,63521,0.26,:,2,2439,all_user_tags,cot,1.7189371e-09,2.2306159e-07,0.20961875,0.790381,621
662,625,9064,0.33, not,2,2440,all_user_tags,cot,6.869948e-06,3.1611646e-05,0.13395885,0.86600274,622
663,9064,5192,0.18, ideal,2,2441,all_user_tags,cot,9.868032e-09,1.268539e-07,0.08122201,0.9187778,623
664,538,625,0.23, if,2,2442,all_user_tags,cot,8.089321e-07,9.89314e-07,0.09508966,0.90490854,624
665,16093,3211,0.81, skill,2,2443,all_user_tags,cot,4.011329e-07,2.4121091e-05,0.1432362,0.8567392,625
666,4465,13,0.37, low,2,2444,all_user_tags,cot,2.5202837e-07,1.187047e-05,0.26938635,0.7306015,626
667,13,51441,0.37,.,2,2445,all_user_tags,cot,6.979452e-10,9.653213e-09,0.059235383,0.9407646,627
668,2632,37495,0.33, So,2,2446,all_user_tags,cot,2.8219785e-12,1.5752213e-09,0.6451372,0.35486284,628
669,37495,13,0.39, outdoors,2,2447,all_user_tags,cot,2.8079177e-07,1.31202e-06,0.1351293,0.8648691,629
670,13,51441,0.61,.,2,2448,all_user_tags,cot,3.6902822e-10,2.7654559e-09,0.41102704,0.5889729,630
671,51441,62191,0.32, Provide,2,2449,all_user_tags,cot,2.2865497e-10,6.077223e-08,0.8720806,0.1279193,631
672,4705,10331,0.32, simple,2,2450,all_user_tags,cot,2.865586e-08,3.206112e-05,0.85711944,0.14284852,632
673,10331,13,0.63, steps,2,2451,all_user_tags,cot,8.315717e-08,5.2096504e-05,0.86041504,0.13953274,633
674,13,16835,0.3,.,2,2452,all_user_tags,cot,2.9104037e-12,7.723565e-09,0.7820485,0.2179515,634
675,16835,4022,0.46, Keep,2,2453,all_user_tags,cot,1.6608239e-11,5.9411827e-09,0.39494663,0.6050534,635
676,4022,13,0.89, short,2,2454,all_user_tags,cot,1.7523037e-11,6.8326527e-09,0.055002462,0.94499755,636
677,13,41021,0.59,.,2,2455,all_user_tags,cot,3.2837472e-14,4.6348155e-12,0.09878609,0.9012139,637
678,46830,6052,0.23, We'll,2,2456,all_user_tags,cot,8.078738e-13,1.7535513e-11,0.22467683,0.7753232,638
679,7000,13,0.34, deliver,2,2457,all_user_tags,cot,6.6031946e-12,1.7078006e-10,0.40248662,0.5975134,639
681,410,14591,0.54,**,2,2459,all_user_tags,assistant,4.1974813e-12,4.0179396e-10,7.9446545e-05,0.9999205,640
682,36,4402,1.0,E,2,2460,all_user_tags,assistant,6.8511657e-13,2.4558872e-10,2.4568959e-05,0.99997544,641
683,4402,376,1.0,asi,2,2461,all_user_tags,assistant,5.6765394e-11,1.2297341e-09,0.00031639074,0.9996836,642
684,376,10021,0.33,est,2,2462,all_user_tags,assistant,2.000615e-12,1.3549795e-10,1.695452e-06,0.99999833,643
685,395,261,0.86, for,2,2463,all_user_tags,assistant,6.2735386e-11,4.468481e-10,6.6305656e-05,0.9999337,644
686,261,57062,0.99, a,2,2464,all_user_tags,assistant,2.0807267e-12,3.5147343e-11,1.3331246e-05,0.99998665,645
687,57062,306,0.99, beginner,2,2465,all_user_tags,assistant,2.235034e-12,1.8459266e-09,2.8260045e-05,0.99997175,646
688,306,31628,1.0, in,2,2466,all_user_tags,assistant,1.9050718e-11,4.4193338e-10,6.3218526e-05,0.9999368,647
689,31628,11,0.55, Austin,2,2467,all_user_tags,assistant,5.005291e-11,4.1755452e-09,9.076785e-05,0.99990916,648
690,350,33879,0.85, (,2,2468,all_user_tags,assistant,3.0736454e-14,2.334642e-11,1.1452897e-05,0.99998856,649
691,33879,3127,0.56,TX,2,2469,all_user_tags,assistant,1.3478948e-11,9.182303e-10,3.9863203e-06,0.99999607,650
692,8,1127,0.81,),2,2470,all_user_tags,assistant,2.2779584e-14,2.5734705e-12,5.1310662e-06,0.9999949,651
693,1612,12,0.94,"**
",2,2471,all_user_tags,assistant,8.692761e-13,1.62263e-10,5.8377154e-05,0.9999416,652
694,12,6240,0.98,-,2,2472,all_user_tags,assistant,1.7256139e-12,1.4621275e-10,0.0002674068,0.99973255,653
695,6240,11977,0.61, **,2,2473,all_user_tags,assistant,1.2657202e-13,6.9978762e-12,4.8339234e-06,0.9999951,654
696,14591,10021,0.81,Best,2,2474,all_user_tags,assistant,1.0476153e-13,1.6718006e-12,9.124591e-07,0.99999905,655
697,2475,142760,0.99, place,2,2475,all_user_tags,assistant,5.515095e-13,2.2780491e-11,1.1248231e-06,0.9999989,656
698,142760,156237,0.59,:**,2,2476,all_user_tags,assistant,2.7641122e-15,1.8043202e-13,4.0707903e-07,0.99999964,657
699,6240,3227,0.95, **,2,2477,all_user_tags,assistant,1.1073496e-12,7.0428885e-10,2.5738198e-05,0.99997425,658
700,3227,31202,1.0,Out,2,2478,all_user_tags,assistant,1.771749e-10,5.2414695e-10,3.777445e-05,0.9999622,659
701,31202,410,0.97,doors,2,2479,all_user_tags,assistant,2.6824216e-12,1.2197972e-10,2.582513e-06,0.9999974,660
702,410,1127,0.84,**,2,2480,all_user_tags,assistant,4.548984e-15,2.7847535e-13,1.5565037e-07,0.9999999,661
703,1127,290,0.56, –,2,2481,all_user_tags,assistant,8.500074e-15,7.895526e-12,8.7978765e-07,0.99999917,662
704,55866,54337,0.6, tomatoes,2,2482,all_user_tags,assistant,9.7785904e-11,2.9765891e-08,1.1399514e-05,0.99998856,663
705,54337,306,0.96, thrive,2,2483,all_user_tags,assistant,7.250303e-14,2.6775785e-11,2.0205116e-06,0.999998,664
706,306,290,0.56, in,2,2484,all_user_tags,assistant,1.7029661e-10,2.2239416e-08,1.7824983e-05,0.9999821,665
707,3149,7334,0.98, full,2,2485,all_user_tags,assistant,2.812449e-10,2.038555e-08,4.4558037e-06,0.99999547,666
708,7334,350,0.46, sun,2,2486,all_user_tags,assistant,8.880372e-09,2.9138453e-06,0.0006485941,0.99934846,667
709,11,326,0.85,",",2,2487,all_user_tags,assistant,6.2830273e-16,1.8486467e-12,5.421395e-08,1.0,668
710,326,31628,0.71, and,2,2488,all_user_tags,assistant,1.3447349e-13,2.1066451e-10,1.458775e-07,0.9999999,669
711,290,9144,0.22, the,2,2489,all_user_tags,assistant,9.9329114e-11,7.357484e-09,0.0004910785,0.99950886,670
712,31137,31628,0.74, mild,2,2490,all_user_tags,assistant,1.9028994e-09,3.2417493e-08,9.886204e-05,0.99990106,671
713,31628,16721,0.78, Austin,2,2491,all_user_tags,assistant,7.175312e-13,7.104274e-11,7.4916613e-07,0.9999993,672
714,16721,350,0.59, climate,2,2492,all_user_tags,assistant,2.5246066e-12,2.376156e-10,4.082798e-05,0.9999591,673
715,4787,480,0.48, makes,2,2493,all_user_tags,assistant,2.1531472e-12,6.6423833e-10,8.830553e-05,0.99991167,674
716,10606,4224,0.45, growing,2,2494,all_user_tags,assistant,1.6654931e-11,1.2329411e-08,0.0006038285,0.9993962,675
717,11087,1572,0.84, easier,2,2495,all_user_tags,assistant,8.811026e-10,1.9766684e-07,0.00014975353,0.99985003,676
718,1572,30757,0.44, than,2,2496,all_user_tags,assistant,4.0946443e-12,6.915089e-10,1.249091e-05,0.9999875,677
719,6700,316,0.96, trying,2,2497,all_user_tags,assistant,5.5793386e-12,4.4923393e-10,1.8075292e-06,0.9999982,678
720,316,3357,0.63, to,2,2498,all_user_tags,assistant,1.0970655e-08,2.3636385e-07,3.6836638e-05,0.9999629,679
721,3357,1373,0.43, keep,2,2499,all_user_tags,assistant,6.2831247e-09,1.5456907e-08,0.00016735279,0.99983263,680
722,290,1849,0.27, the,2,2500,all_user_tags,assistant,2.1007745e-08,3.1830976e-07,0.0006111694,0.99938846,681
723,1849,4207,0.67, right,2,2501,all_user_tags,assistant,1.31155735e-08,8.769434e-08,0.000142802,0.99985707,682
724,4207,326,0.53, light,2,2502,all_user_tags,assistant,1.6789691e-11,5.639971e-10,1.256568e-05,0.9999875,683
725,6772,558,0.53, inside,2,2503,all_user_tags,assistant,2.6997345e-12,6.0167654e-10,7.6867116e-07,0.9999993,684
726,558,12,1.0,".
",2,2504,all_user_tags,assistant,6.424368e-14,2.079786e-12,2.008661e-06,0.999998,685
727,12,6240,1.0,-,2,2505,all_user_tags,assistant,4.4282376e-13,1.01342205e-10,0.00013185124,0.99986815,686
728,6240,57785,0.53, **,2,2506,all_user_tags,assistant,3.598586e-12,5.6284456e-12,8.29877e-05,0.99991703,687
729,5958,316,1.0,When,2,2507,all_user_tags,assistant,2.3469475e-12,2.2086093e-11,3.5548353e-05,0.9999645,688
730,316,6804,1.0, to,2,2508,all_user_tags,assistant,2.5161778e-10,2.0126034e-09,1.7726965e-05,0.99998224,689
731,6804,142760,1.0, plant,2,2509,all_user_tags,assistant,1.0184568e-11,6.887888e-11,3.1669206e-05,0.9999683,690
732,25,1612,0.99,:,2,2510,all_user_tags,assistant,2.3287188e-07,4.94241e-07,6.7843335e-05,0.99993145,691
733,1612,220,1.0,"**
",2,2511,all_user_tags,assistant,2.6325159e-14,2.9238424e-12,1.7356848e-06,0.9999982,692
734,220,533,0.5, ,2,2512,all_user_tags,assistant,1.5489996e-06,4.5476227e-07,0.028745895,0.9712521,693
735,533,6240,0.32, -,2,2513,all_user_tags,assistant,5.7779614e-11,1.1499729e-10,1.5572605e-05,0.9999844,694
736,6240,4459,0.38, **,2,2514,all_user_tags,assistant,2.3828934e-12,9.210463e-11,0.00025448157,0.99974555,695
737,6949,69368,0.98,Last,2,2515,all_user_tags,assistant,1.615914e-11,5.532228e-11,1.6922932e-05,0.9999831,696
738,69368,3521,0.53, frost,2,2516,all_user_tags,assistant,4.8412316e-11,1.740908e-11,3.0598886e-07,0.99999964,697
739,3521,142760,0.71, date,2,2517,all_user_tags,assistant,8.964744e-11,5.7181593e-09,4.627275e-06,0.99999535,698
740,142760,6574,0.49,:**,2,2518,all_user_tags,assistant,1.5414288e-13,9.925739e-12,3.6249246e-05,0.99996376,699
741,6959,50005,1.0, mid,2,2519,all_user_tags,assistant,5.5343525e-12,5.301797e-12,6.478786e-06,0.99999356,700
742,6189,1417,1.0,-M,2,2520,all_user_tags,assistant,3.744224e-12,1.4733553e-11,4.337238e-06,0.9999957,701
743,1417,350,0.62,arch,2,2521,all_user_tags,assistant,2.1894257e-11,1.1700464e-10,6.845204e-07,0.9999993,702
744,350,15551,0.35, (,2,2522,all_user_tags,assistant,1.5565849e-11,2.937996e-10,4.3143413e-05,0.99995685,703
745,160401,7561,0.56,approximately,2,2523,all_user_tags,assistant,2.7568937e-12,4.02189e-12,0.00040040148,0.99959964,704
746,7561,35971,0.65, March,2,2524,all_user_tags,assistant,2.6057754e-09,6.4614134e-08,2.11449e-05,0.9999788,705
747,220,1055,0.78, ,2,2525,all_user_tags,assistant,4.2453294e-08,4.7866266e-08,0.0004807147,0.9995192,706
748,1055,50005,0.61,15,2,2526,all_user_tags,assistant,2.2935808e-11,5.784512e-11,6.698343e-05,0.999933,707
749,1585,455,0.99,–,2,2527,all_user_tags,assistant,6.5208967e-12,4.9086696e-10,4.3045486e-05,0.99995697,708
750,455,741,0.67,20,2,2528,all_user_tags,assistant,2.2533707e-12,5.297182e-12,5.7102056e-06,0.9999943,709
751,6294,220,1.0,").
",2,2529,all_user_tags,assistant,2.1442225e-12,5.5864435e-11,1.512772e-05,0.99998486,710
752,220,533,0.99, ,2,2530,all_user_tags,assistant,1.2255565e-09,3.6104825e-07,0.00040004821,0.99959964,711
753,533,6240,0.64, -,2,2531,all_user_tags,assistant,6.8009346e-14,8.881798e-12,3.1836278e-06,0.9999968,712
754,6240,57785,0.86, **,2,2532,all_user_tags,assistant,1.4619439e-10,5.47714e-10,0.00023281045,0.99976724,713
755,57785,171333,0.85,Plant,2,2533,all_user_tags,assistant,2.7349842e-09,6.757292e-10,0.0013418959,0.99865806,714
756,142760,220,0.41,:**,2,2534,all_user_tags,assistant,3.1681458e-14,5.031015e-13,6.402726e-06,0.99999356,715
757,220,17,0.79, ,2,2535,all_user_tags,assistant,4.747773e-08,7.61985e-09,0.013994992,0.986005,716
758,16,1585,0.97,1,2,2536,all_user_tags,assistant,1.9964169e-08,1.9028328e-09,0.011307558,0.9886924,717
759,1585,17,1.0,–,2,2537,all_user_tags,assistant,1.3793858e-13,5.028787e-14,2.178531e-05,0.9999782,718
760,17,7449,0.73,2,2,2538,all_user_tags,assistant,1.4966589e-11,5.6447967e-12,0.00021676673,0.9997832,719
761,7449,1934,1.0, weeks,2,2539,all_user_tags,assistant,4.4451462e-10,1.2711683e-09,0.00020182556,0.99979824,720
762,1934,290,0.67, after,2,2540,all_user_tags,assistant,6.0661566e-11,3.6088701e-10,0.0001313934,0.99986863,721
763,484,11,0.79, that,2,2541,all_user_tags,assistant,2.668168e-12,1.4502055e-10,3.252918e-06,0.9999968,722
764,11,1261,0.64,",",2,2542,all_user_tags,assistant,1.0251486e-12,1.8804737e-11,9.08122e-06,0.99999094,723
765,1261,22390,0.73, when,2,2543,all_user_tags,assistant,7.6790754e-11,1.015105e-09,0.0015408151,0.9984592,724
766,290,22390,0.99, the,2,2544,all_user_tags,assistant,7.430192e-08,1.7550102e-08,0.0006561429,0.9993437,725
767,22390,382,0.77, soil,2,2545,all_user_tags,assistant,2.410741e-08,2.7079048e-07,0.00045726044,0.9995425,726
768,382,9144,0.48, is,2,2546,all_user_tags,assistant,1.5530844e-11,3.045181e-10,6.2977604e-05,0.99993706,727
769,5151,220,0.99, above,2,2547,all_user_tags,assistant,2.2275752e-09,1.6839728e-08,5.977951e-06,0.99999404,728
770,220,1910,0.78, ,2,2548,all_user_tags,assistant,3.3096954e-09,9.31497e-10,1.5821033e-05,0.99998415,729
771,3152,35971,0.99,55,2,2549,all_user_tags,assistant,6.0423155e-09,7.9649265e-09,7.6201122e-06,0.9999924,730
772,68854,350,0.71,°F,2,2550,all_user_tags,assistant,1.2108886e-09,5.357314e-09,1.6638385e-05,0.9999833,731
773,350,1311,0.94, (,2,2551,all_user_tags,assistant,1.6060762e-10,1.1120933e-10,3.9710438e-05,0.9999603,732
774,1311,26557,0.97,13,2,2552,all_user_tags,assistant,3.853024e-08,1.077431e-08,7.942449e-05,0.9999205,733
775,26557,8,0.53,°C,2,2553,all_user_tags,assistant,2.7417995e-09,1.1558344e-08,0.00011284826,0.9998871,734
776,6294,12,0.99,").
",2,2554,all_user_tags,assistant,1.1923458e-12,5.3910613e-12,1.6530163e-05,0.99998343,735
777,12,6240,1.0,-,2,2555,all_user_tags,assistant,5.535743e-13,4.073846e-12,1.2306058e-05,0.9999877,736
778,6240,28903,0.66, **,2,2556,all_user_tags,assistant,2.3316315e-13,4.923255e-14,5.7044795e-06,0.9999943,737
779,28903,41372,0.62,Quick,2,2557,all_user_tags,assistant,2.9583508e-12,1.3981947e-11,2.5259073e-05,0.9999747,738
780,9858,25,0.65, tips,2,2558,all_user_tags,assistant,2.5168024e-14,3.1745244e-13,2.1110898e-06,0.99999785,739
781,25,1612,1.0,:,2,2559,all_user_tags,assistant,4.2999098e-08,2.694398e-09,0.00012308432,0.99987686,740
782,1612,220,1.0,"**
",2,2560,all_user_tags,assistant,3.462246e-13,1.137681e-11,2.6812333e-05,0.9999732,741
783,220,533,0.8, ,2,2561,all_user_tags,assistant,1.6765872e-11,6.101092e-12,9.343414e-06,0.9999907,742
784,220,16,1.0, ,2,2562,all_user_tags,assistant,9.3047636e-12,4.5223458e-10,8.654891e-06,0.9999913,743
785,16,13,1.0,1,2,2563,all_user_tags,assistant,1.3750635e-13,7.833236e-13,9.333127e-06,0.9999907,744
786,13,6240,0.51,.,2,2564,all_user_tags,assistant,2.0522622e-11,4.325594e-12,3.255453e-05,0.99996746,745
787,7649,261,0.99, Use,2,2565,all_user_tags,assistant,4.2294033e-12,3.875771e-12,1.4325545e-05,0.9999857,746
788,261,15478,0.77, a,2,2566,all_user_tags,assistant,1.239697e-10,7.335161e-11,5.561872e-05,0.9999443,747
789,6240,143866,0.96, **,2,2567,all_user_tags,assistant,8.4145746e-16,2.5911003e-15,9.3325326e-07,0.99999905,748
790,143866,3737,1.0,raised,2,2568,all_user_tags,assistant,5.097509e-13,3.311481e-13,8.3303536e-07,0.99999917,749
791,3737,503,0.84, bed,2,2569,all_user_tags,assistant,8.93778e-12,3.2648597e-12,1.0332189e-05,0.9999896,750
792,503,4410,0.54, or,2,2570,all_user_tags,assistant,4.7452027e-13,6.945694e-12,1.8577774e-05,0.9999814,751
793,4410,9282,0.56, large,2,2571,all_user_tags,assistant,5.0671957e-08,8.681418e-07,0.013560715,0.9864384,752
794,9282,410,1.0, container,2,2572,all_user_tags,assistant,5.106941e-10,5.26048e-09,1.3302658e-05,0.99998665,753
795,410,483,0.64,**,2,2573,all_user_tags,assistant,3.4366176e-13,2.3221008e-13,6.5714858e-06,0.99999344,754
796,350,266,0.41, (,2,2574,all_user_tags,assistant,1.2685293e-11,1.9382721e-11,5.12361e-05,0.99994874,755
797,899,1585,0.46,12,2,2575,all_user_tags,assistant,4.7066977e-09,7.224046e-09,2.781068e-05,0.9999722,756
798,1585,1157,0.55,–,2,2576,all_user_tags,assistant,1.0910694e-11,4.7545187e-11,4.1941847e-05,0.99995804,757
799,1157,35971,0.76,18,2,2577,all_user_tags,assistant,6.352123e-11,1.0875143e-11,4.0703e-06,0.99999595,758
800,306,8103,0.52, in,2,2578,all_user_tags,assistant,9.673574e-10,3.8549564e-10,8.822254e-05,0.9999118,759
801,8103,8,0.96, deep,2,2579,all_user_tags,assistant,7.7929646e-10,2.8619818e-10,1.9398337e-06,0.9999981,760
802,6294,220,1.0,").
",2,2580,all_user_tags,assistant,1.3886116e-12,1.3979073e-12,1.4065059e-06,0.99999857,761
803,220,220,1.0, ,2,2581,all_user_tags,assistant,2.0249823e-07,3.7767696e-09,0.0006929037,0.9993069,762
804,220,17,1.0, ,2,2582,all_user_tags,assistant,9.232118e-11,9.087977e-12,3.759928e-07,0.99999964,763
805,17,13,1.0,2,2,2583,all_user_tags,assistant,1.3839474e-14,5.6143763e-14,3.0082666e-07,0.99999964,764
806,13,23279,0.33,.,2,2584,all_user_tags,assistant,2.2728711e-11,4.4714167e-13,1.451009e-05,0.99998546,765
807,16835,22390,0.62, Keep,2,2585,all_user_tags,assistant,2.004319e-12,6.099468e-13,4.0573204e-06,0.99999595,766
808,22390,6240,0.48, soil,2,2586,all_user_tags,assistant,3.4628458e-10,3.2839764e-10,3.9302445e-06,0.99999607,767
809,30230,11,0.93, loose,2,2587,all_user_tags,assistant,2.1882407e-09,2.6435997e-08,3.1878128e-05,0.99996805,768
810,326,1147,0.36, and,2,2588,all_user_tags,assistant,1.2762523e-10,1.2091573e-09,5.510727e-06,0.9999945,769
811,10358,350,0.6, rich,2,2589,all_user_tags,assistant,2.1521496e-11,4.8574544e-10,1.0521376e-06,0.9999989,770
812,350,964,0.86, (,2,2590,all_user_tags,assistant,1.7974369e-12,6.293015e-12,6.419399e-06,0.99999356,771
813,964,57813,1.0,add,2,2591,all_user_tags,assistant,1.8315143e-11,4.2717475e-11,7.2381213e-06,0.9999927,772
814,57813,6294,0.45, compost,2,2592,all_user_tags,assistant,1.142682e-10,2.8485722e-08,3.3900185e-05,0.999966,773
815,11,220,0.62,",",2,2593,all_user_tags,assistant,4.7114326e-12,2.373682e-10,8.731095e-06,0.9999913,774
816,220,16,0.58, ,2,2594,all_user_tags,assistant,1.4539293e-10,4.7063575e-10,0.00040453472,0.99959546,775
817,16,35971,0.44,1,2,2595,all_user_tags,assistant,1.626837e-10,2.3667224e-10,0.00085421494,0.99914575,776
818,14,19,0.56,/,2,2596,all_user_tags,assistant,1.1435602e-08,9.997623e-09,0.00039763591,0.9996024,777
819,17,11531,0.87,2,2,2597,all_user_tags,assistant,5.427723e-10,5.117581e-10,0.0034687845,0.9965312,778
820,11531,777,0.85, cup,2,2598,all_user_tags,assistant,4.6901005e-10,4.6034607e-09,0.00047350395,0.9995265,779
821,777,13749,0.32, per,2,2599,all_user_tags,assistant,2.9120895e-10,3.7473056e-11,0.0019458995,0.99805415,780
822,13749,6428,1.0, square,2,2600,all_user_tags,assistant,5.2471245e-07,3.16044e-06,0.0022354706,0.9977608,781
823,6428,6294,0.93, foot,2,2601,all_user_tags,assistant,8.991324e-09,2.3754682e-08,4.719804e-05,0.9999528,782
824,6294,220,1.0,").
",2,2602,all_user_tags,assistant,2.514582e-13,5.4292e-14,2.2386905e-07,0.99999976,783
825,220,220,1.0, ,2,2603,all_user_tags,assistant,6.3810096e-11,1.3555721e-11,1.2023159e-05,0.99998796,784
826,220,18,1.0, ,2,2604,all_user_tags,assistant,2.300782e-13,2.4902926e-13,1.6061898e-07,0.9999999,785
827,18,13,1.0,3,2,2605,all_user_tags,assistant,2.7721394e-14,2.0627419e-13,1.2075667e-07,0.9999999,786
828,13,12303,0.61,.,2,2606,all_user_tags,assistant,1.335309e-11,9.58322e-13,1.6166754e-05,0.9999838,787
829,12303,220,0.35, Water,2,2607,all_user_tags,assistant,5.973084e-11,2.744638e-10,7.45259e-07,0.9999993,788
830,220,16,0.98, ,2,2608,all_user_tags,assistant,4.5398837e-12,5.910282e-12,7.145831e-06,0.99999285,789
831,16,1585,0.75,1,2,2609,all_user_tags,assistant,5.685286e-12,4.944399e-13,8.5450057e-07,0.99999917,790
832,1585,16,0.59,–,2,2610,all_user_tags,assistant,5.087901e-15,1.8514669e-15,2.9442178e-08,1.0,791
833,17,35971,0.77,2,2,2611,all_user_tags,assistant,2.1764764e-12,3.3570293e-13,3.9102213e-07,0.99999964,792
834,21185,777,0.91, inches,2,2612,all_user_tags,assistant,3.904675e-08,4.857238e-09,1.1693694e-05,0.9999883,793
835,777,2384,1.0, per,2,2613,all_user_tags,assistant,8.653945e-11,2.7405817e-11,2.0175667e-05,0.99997985,794
836,2384,26,0.53, week,2,2614,all_user_tags,assistant,8.9276486e-12,4.6938924e-12,2.1153572e-07,0.99999976,795
837,350,8229,0.85, (,2,2615,all_user_tags,assistant,1.6089125e-12,5.8301974e-13,2.8627719e-07,0.99999976,796
838,8229,306,0.39,more,2,2616,all_user_tags,assistant,1.651297e-11,1.3160411e-12,1.185924e-06,0.9999988,797
839,402,3648,0.94, on,2,2617,all_user_tags,assistant,4.1556298e-13,4.761496e-15,1.8029877e-07,0.99999976,798
840,3648,3376,0.94, hot,2,2618,all_user_tags,assistant,1.607446e-09,1.5971203e-08,2.130551e-06,0.99999785,799
841,3376,6294,0.8, days,2,2619,all_user_tags,assistant,2.5666254e-09,2.2271397e-08,1.5147122e-05,0.99998486,800
842,6294,220,1.0,").
",2,2620,all_user_tags,assistant,1.3430887e-14,8.7222974e-14,6.4209305e-09,1.0,801
843,220,220,1.0, ,2,2621,all_user_tags,assistant,1.1367434e-11,1.4949908e-11,4.515823e-06,0.99999547,802
844,220,19,1.0, ,2,2622,all_user_tags,assistant,4.7445745e-09,5.879994e-09,3.0927557e-05,0.999969,803
845,19,13,1.0,4,2,2623,all_user_tags,assistant,1.4576469e-15,3.4953128e-15,2.2362177e-09,1.0,804
846,13,137247,0.5,.,2,2624,all_user_tags,assistant,8.420056e-13,3.924518e-14,1.6541265e-06,0.99999833,805
847,34785,332,1.0, Mul,2,2625,all_user_tags,assistant,8.120367e-09,1.7773019e-08,1.3825006e-06,0.99999857,806
848,332,316,0.29,ch,2,2626,all_user_tags,assistant,6.8767713e-13,8.76329e-13,9.922252e-09,1.0,807
849,483,43456,0.99, with,2,2627,all_user_tags,assistant,3.7445372e-10,7.765194e-09,1.8222792e-06,0.9999982,808
850,43456,503,0.92, straw,2,2628,all_user_tags,assistant,2.7977736e-09,6.18436e-07,2.3594343e-06,0.999997,809
851,503,129197,0.5, or,2,2629,all_user_tags,assistant,8.156262e-13,4.894254e-11,4.775885e-07,0.9999995,810
852,9297,31181,1.0, wood,2,2630,all_user_tags,assistant,8.68058e-09,1.9171544e-09,5.570009e-06,0.9999944,811
853,31181,316,0.78, chips,2,2631,all_user_tags,assistant,4.0804915e-11,1.0371401e-10,4.0085674e-06,0.99999595,812
854,316,3357,0.61, to,2,2632,all_user_tags,assistant,3.118529e-11,5.0347504e-10,2.114721e-06,0.99999785,813
855,3357,36036,0.6, keep,2,2633,all_user_tags,assistant,2.4208002e-10,6.247897e-10,5.2137537e-05,0.9999479,814
856,22390,8157,0.91, soil,2,2634,all_user_tags,assistant,1.2639071e-09,4.67287e-09,1.385319e-05,0.9999862,815
857,8157,558,0.63, cool,2,2635,all_user_tags,assistant,7.3971045e-11,9.797114e-09,6.258229e-07,0.9999994,816
858,558,220,0.99,".
",2,2636,all_user_tags,assistant,7.2347006e-16,1.09584894e-16,1.2599123e-09,1.0,817
859,220,220,1.0, ,2,2637,all_user_tags,assistant,1.3750012e-15,1.7769758e-15,6.5955305e-08,0.9999999,818
860,220,20,1.0, ,2,2638,all_user_tags,assistant,4.8072157e-11,8.9318795e-11,1.8572512e-06,0.9999981,819
861,20,13,1.0,5,2,2639,all_user_tags,assistant,2.3946422e-15,1.5448297e-15,3.718094e-08,1.0,820
862,13,137247,0.9,.,2,2640,all_user_tags,assistant,2.6396329e-12,3.7823145e-14,3.8632984e-06,0.9999962,821
863,137247,503,0.86, Stake,2,2641,all_user_tags,assistant,7.8643164e-10,1.695593e-09,4.095917e-05,0.999959,822
864,503,61908,1.0, or,2,2642,all_user_tags,assistant,2.3625288e-12,1.9947989e-12,1.3992471e-05,0.99998605,823
865,61908,6047,0.49, cage,2,2643,all_user_tags,assistant,5.837139e-11,5.080323e-10,9.168526e-06,0.9999908,824
866,6047,26,0.51, early,2,2644,all_user_tags,assistant,6.583723e-12,1.7644044e-11,2.7169392e-06,0.99999726,825
867,11,140388,0.68,",",2,2645,all_user_tags,assistant,4.593524e-13,1.0273361e-12,3.4633325e-07,0.99999964,826
868,140388,31485,0.68, prune,2,2646,all_user_tags,assistant,4.8558685e-11,6.3551577e-12,9.1425176e-07,0.99999905,827
869,261,3120,0.69, a,2,2647,all_user_tags,assistant,1.1047974e-09,1.8559218e-11,1.7293902e-05,0.9999827,828
870,3120,31485,0.83, few,2,2648,all_user_tags,assistant,7.786714e-11,4.3117194e-12,3.711691e-05,0.9999629,829
871,31485,409,1.0, suck,2,2649,all_user_tags,assistant,2.066347e-08,1.4151891e-08,5.7102854e-05,0.9999429,830
872,409,11,0.35,ers,2,2650,all_user_tags,assistant,1.7756529e-11,7.135407e-12,2.9674852e-06,0.999997,831
873,11,326,0.95,",",2,2651,all_user_tags,assistant,4.2492458e-14,5.5515725e-14,1.7764646e-07,0.9999999,832
874,42812,750,1.0, fertil,2,2652,all_user_tags,assistant,4.8278235e-12,2.0466568e-11,2.3486296e-08,1.0,833
875,750,483,0.85,ize,2,2653,all_user_tags,assistant,5.5537016e-14,1.1911988e-13,4.6121052e-08,1.0,834
876,483,261,0.91, with,2,2654,all_user_tags,assistant,3.1618358e-12,1.176062e-12,3.3971426e-07,0.99999964,835
877,261,59604,0.71, a,2,2655,all_user_tags,assistant,1.60748e-10,1.5793679e-10,9.052332e-06,0.99999094,836
878,59604,50005,0.95, tomato,2,2656,all_user_tags,assistant,7.431715e-10,7.684214e-09,2.2492115e-06,0.99999774,837
879,31999,7685,0.25,-specific,2,2657,all_user_tags,assistant,2.7150374e-11,8.243039e-11,3.498701e-07,0.99999964,838
880,220,19,0.86, ,2,2658,all_user_tags,assistant,1.245477e-11,7.258307e-12,2.5376568e-07,0.99999976,839
881,19,50005,0.68,4,2,2659,all_user_tags,assistant,7.753169e-10,7.281855e-11,2.2596107e-06,0.99999774,840
882,12,702,1.0,-,2,2660,all_user_tags,assistant,6.7463285e-11,2.2933414e-10,2.1937535e-07,0.99999976,841
883,702,12,0.99,10,2,2661,all_user_tags,assistant,2.8111055e-08,3.0927572e-09,8.481485e-07,0.99999917,842
884,12,702,1.0,-,2,2662,all_user_tags,assistant,8.366107e-12,4.4494135e-12,4.0855926e-07,0.99999964,843
885,702,1934,0.44,10,2,2663,all_user_tags,assistant,5.795621e-10,8.5184804e-11,8.850641e-07,0.99999917,844
886,4730,15310,0.92, once,2,2664,all_user_tags,assistant,2.1374505e-11,1.054273e-11,8.888079e-06,0.99999106,845
887,15310,13217,0.61, fruit,2,2665,all_user_tags,assistant,2.6155864e-11,2.4131924e-11,6.0417307e-07,0.9999994,846
888,289,13217,0.96,ing,2,2666,all_user_tags,assistant,1.5685883e-11,1.7081359e-10,3.6475714e-07,0.99999964,847
889,13217,364,0.7, starts,2,2667,all_user_tags,assistant,2.0584463e-13,3.7637707e-13,7.5428424e-08,0.9999999,848
890,558,12,0.44,".
",2,2668,all_user_tags,assistant,7.1369045e-14,2.8880706e-15,7.109047e-08,0.9999999,849
891,7924,802,0.99,That,2,2669,all_user_tags,assistant,2.5968112e-12,3.8726e-14,1.1929485e-07,0.9999999,850
892,802,480,0.69,’s,2,2670,all_user_tags,assistant,4.0987374e-13,8.3495785e-14,9.984714e-07,0.99999905,851
893,480,2322,0.68, it,2,2671,all_user_tags,assistant,5.8504514e-13,6.861051e-13,3.6482709e-06,0.9999963,852
894,2322,21998,0.27,—,2,2672,all_user_tags,assistant,2.0162377e-13,8.62383e-14,6.688242e-07,0.9999993,853
895,21998,1934,0.62,plant,2,2673,all_user_tags,assistant,1.3753743e-10,6.8067487e-12,0.0002081826,0.9997918,854
896,37495,1934,0.57, outdoors,2,2674,all_user_tags,assistant,3.8656054e-11,1.2076186e-12,7.0704255e-06,0.99999297,855
897,1934,290,0.62, after,2,2675,all_user_tags,assistant,3.867591e-12,8.107731e-13,7.9464535e-06,0.999992,856
898,290,2174,0.87, the,2,2676,all_user_tags,assistant,2.6447377e-11,1.0344465e-11,6.329008e-06,0.9999937,857
899,2174,69368,1.0, last,2,2677,all_user_tags,assistant,8.74756e-12,2.2535203e-12,3.1671885e-07,0.99999964,858
900,69368,11,0.88, frost,2,2678,all_user_tags,assistant,1.9288698e-12,7.041144e-15,1.13103894e-07,0.9999999,859
901,11,3644,0.67,",",2,2679,all_user_tags,assistant,1.006049e-12,6.26926e-13,1.8019889e-06,0.9999982,860
902,3357,22390,0.37, keep,2,2680,all_user_tags,assistant,5.3554074e-13,5.0252113e-14,5.823317e-07,0.9999994,861
903,480,46726,0.88, it,2,2681,all_user_tags,assistant,3.5498592e-12,5.8870886e-12,4.2130546e-06,0.9999958,862
904,46726,11,0.65, sunny,2,2682,all_user_tags,assistant,6.23041e-12,3.414888e-12,4.6539913e-07,0.9999995,863
905,11,23364,0.34,",",2,2683,all_user_tags,assistant,3.7768917e-13,6.056709e-13,9.0445906e-07,0.99999905,864
906,326,481,0.83, and,2,2684,all_user_tags,assistant,5.2159384e-13,3.1636743e-13,2.3322673e-07,0.99999976,865
907,481,4720,0.99, you,2,2685,all_user_tags,assistant,2.7512328e-12,1.3672661e-12,4.942416e-06,0.9999951,866
908,4720,679,0.46,’ll,2,2686,all_user_tags,assistant,3.0682627e-12,1.6433568e-12,2.9109328e-06,0.99999714,867
909,413,77218,0.57, be,2,2687,all_user_tags,assistant,2.7168479e-10,5.4600834e-11,7.624768e-05,0.9999237,868
910,402,634,0.94, on,2,2688,all_user_tags,assistant,1.2114736e-08,9.0276125e-10,0.0021772336,0.99782276,869
911,634,2006,1.0, your,2,2689,all_user_tags,assistant,7.6265906e-08,7.482371e-09,0.0015378174,0.9984621,870
912,2006,316,0.85, way,2,2690,all_user_tags,assistant,6.864501e-13,8.0932505e-13,6.4145333e-06,0.99999356,871
913,316,261,0.46, to,2,2691,all_user_tags,assistant,5.2732707e-10,7.0379746e-10,6.376058e-05,0.9999362,872
914,8982,55866,0.88, fresh,2,2692,all_user_tags,assistant,9.813589e-10,2.6173938e-11,3.0702045e-05,0.99996924,873
915,55866,0,0.86, tomatoes,2,2693,all_user_tags,assistant,6.928199e-11,5.06106e-11,4.3601553e-06,0.9999956,874
916,1703,2167,0.22,"!

",2,2694,all_user_tags,assistant,6.004863e-14,2.3132316e-14,9.2315673e-07,0.99999905,875
917,37408,66241,0.68,Happy,2,2695,all_user_tags,assistant,2.031424e-12,2.0583387e-13,8.821409e-07,0.99999917,876
918,66241,0,0.95, gardening,2,2696,all_user_tags,assistant,4.6769253e-14,3.3265366e-13,3.0905386e-07,0.99999964,877
919,0,200002,0.71,!,2,2697,all_user_tags,assistant,1.7473055e-14,1.4083759e-15,6.044451e-07,0.9999994,878
920,130321,109,0.9, 🌱,2,2698,all_user_tags,assistant,3.2208192e-10,1.7199077e-10,0.00038028875,0.9996197,879
921,109,198,0.7,,2,2699,all_user_tags,assistant,1.660367e-11,1.4493749e-11,5.3847657e-06,0.99999464,880
