prompt_ix,prompt_key,token_ix,token,token_id,base_message_ix,base_message_type,segment_token_ix,sample_ix,seg_ix
0,proper_tags,0,<|startoftext|>,199998,,,,0,
0,proper_tags,1,<|start|>,200006,,,,1,
0,proper_tags,2,system,17360,,,,2,
0,proper_tags,3,<|message|>,200008,,,,3,
0,proper_tags,4,You,3575,0.0,system,1.0,4,0.0
0,proper_tags,5, are,553,0.0,system,2.0,5,0.0
0,proper_tags,6, Chat,17554,0.0,system,3.0,6,0.0
0,proper_tags,7,GPT,162016,0.0,system,4.0,7,0.0
0,proper_tags,8,",",11,0.0,system,5.0,8,0.0
0,proper_tags,9, a,261,0.0,system,6.0,9,0.0
0,proper_tags,10, large,4410,0.0,system,7.0,10,0.0
0,proper_tags,11, language,6439,0.0,system,8.0,11,0.0
0,proper_tags,12, model,2359,0.0,system,9.0,12,0.0
0,proper_tags,13, trained,22203,0.0,system,10.0,13,0.0
0,proper_tags,14, by,656,0.0,system,11.0,14,0.0
0,proper_tags,15, Open,7788,0.0,system,12.0,15,0.0
0,proper_tags,16,AI,17527,0.0,system,13.0,16,0.0
0,proper_tags,17,".
",558,0.0,system,14.0,17,0.0
0,proper_tags,18,Knowledge,87447,0.0,system,15.0,18,0.0
0,proper_tags,19, cutoff,100594,0.0,system,16.0,19,0.0
0,proper_tags,20,:,25,0.0,system,17.0,20,0.0
0,proper_tags,21, ,220,0.0,system,18.0,21,0.0
0,proper_tags,22,202,1323,0.0,system,19.0,22,0.0
0,proper_tags,23,4,19,0.0,system,20.0,23,0.0
0,proper_tags,24,-,12,0.0,system,21.0,24,0.0
0,proper_tags,25,06,3218,0.0,system,22.0,25,0.0
0,proper_tags,26,"
",198,0.0,system,23.0,26,0.0
0,proper_tags,27,Current,6576,0.0,system,24.0,27,0.0
0,proper_tags,28, date,3521,0.0,system,25.0,28,0.0
0,proper_tags,29,:,25,0.0,system,26.0,29,0.0
0,proper_tags,30, ,220,0.0,system,27.0,30,0.0
0,proper_tags,31,202,1323,0.0,system,28.0,31,0.0
0,proper_tags,32,5,20,0.0,system,29.0,32,0.0
0,proper_tags,33,-,12,0.0,system,30.0,33,0.0
0,proper_tags,34,10,702,0.0,system,31.0,34,0.0
0,proper_tags,35,-,12,0.0,system,32.0,35,0.0
0,proper_tags,36,01,2290,0.0,system,33.0,36,0.0
0,proper_tags,37,"

",279,0.0,system,34.0,37,0.0
0,proper_tags,38,Reason,30377,0.0,system,35.0,38,0.0
0,proper_tags,39,ing,289,0.0,system,36.0,39,0.0
0,proper_tags,40,:,25,0.0,system,37.0,40,0.0
0,proper_tags,41, medium,14093,0.0,system,38.0,41,0.0
0,proper_tags,42,"

",279,0.0,system,39.0,42,0.0
0,proper_tags,43,#,2,0.0,system,40.0,43,0.0
0,proper_tags,44, Valid,13888,0.0,system,41.0,44,0.0
0,proper_tags,45, channels,18403,0.0,system,42.0,45,0.0
0,proper_tags,46,:,25,0.0,system,43.0,46,0.0
0,proper_tags,47, analysis,8450,0.0,system,44.0,47,0.0
0,proper_tags,48,",",11,0.0,system,45.0,48,0.0
0,proper_tags,49, commentary,49159,0.0,system,46.0,49,0.0
0,proper_tags,50,",",11,0.0,system,47.0,50,0.0
0,proper_tags,51, final,1721,0.0,system,48.0,51,0.0
0,proper_tags,52,.,13,0.0,system,49.0,52,0.0
0,proper_tags,53, Channel,21030,0.0,system,50.0,53,0.0
0,proper_tags,54, must,2804,0.0,system,51.0,54,0.0
0,proper_tags,55, be,413,0.0,system,52.0,55,0.0
0,proper_tags,56, included,7360,0.0,system,53.0,56,0.0
0,proper_tags,57, for,395,0.0,system,54.0,57,0.0
0,proper_tags,58, every,1753,0.0,system,55.0,58,0.0
0,proper_tags,59, message,3176,0.0,system,56.0,59,0.0
0,proper_tags,60,.,13,0.0,system,57.0,60,0.0
0,proper_tags,61,<|end|>,200007,,,,61,
0,proper_tags,62,<|start|>,200006,,,,62,
0,proper_tags,63,user,1428,,,,63,
0,proper_tags,64,<|message|>,200008,,,,64,
0,proper_tags,65,Hi,12194,1.0,user,1.0,65,1.0
0,proper_tags,66,!,0,1.0,user,2.0,66,1.0
0,proper_tags,67, I'm,5477,1.0,user,3.0,67,1.0
0,proper_tags,68, designing,35623,1.0,user,4.0,68,1.0
0,proper_tags,69, a,261,1.0,user,5.0,69,1.0
0,proper_tags,70, M,391,1.0,user,6.0,70,1.0
0,proper_tags,71,ATS,42222,1.0,user,7.0,71,1.0
0,proper_tags,72, experiment,12527,1.0,user,8.0,72,1.0
0,proper_tags,73, to,316,1.0,user,9.0,73,1.0
0,proper_tags,74, discuss,5381,1.0,user,10.0,74,1.0
0,proper_tags,75, with,483,1.0,user,11.0,75,1.0
0,proper_tags,76, Ne,4475,1.0,user,12.0,76,1.0
0,proper_tags,77,el,296,1.0,user,13.0,77,1.0
0,proper_tags,78,.,13,1.0,user,14.0,78,1.0
0,proper_tags,79, I,357,1.0,user,15.0,79,1.0
0,proper_tags,80, want,1682,1.0,user,16.0,80,1.0
0,proper_tags,81, to,316,1.0,user,17.0,81,1.0
0,proper_tags,82, know,1761,1.0,user,18.0,82,1.0
0,proper_tags,83, whether,5588,1.0,user,19.0,83,1.0
0,proper_tags,84, a,261,1.0,user,20.0,84,1.0
0,proper_tags,85, permission,14158,1.0,user,21.0,85,1.0
0,proper_tags,86, sentence,21872,1.0,user,22.0,86,1.0
0,proper_tags,87, changes,6629,1.0,user,23.0,87,1.0
0,proper_tags,88, how,1495,1.0,user,24.0,88,1.0
0,proper_tags,89, a,261,1.0,user,25.0,89,1.0
0,proper_tags,90, model,2359,1.0,user,26.0,90,1.0
0,proper_tags,91, represents,18627,1.0,user,27.0,91,1.0
0,proper_tags,92, an,448,1.0,user,28.0,92,1.0
0,proper_tags,93, instruction,21179,1.0,user,29.0,93,1.0
0,proper_tags,94, inside,6772,1.0,user,30.0,94,1.0
0,proper_tags,95, a,261,1.0,user,31.0,95,1.0
0,proper_tags,96, webpage,53556,1.0,user,32.0,96,1.0
0,proper_tags,97,.,13,1.0,user,33.0,97,1.0
0,proper_tags,98, What,4614,1.0,user,34.0,98,1.0
0,proper_tags,99, would,1481,1.0,user,35.0,99,1.0
0,proper_tags,100, make,1520,1.0,user,36.0,100,1.0
0,proper_tags,101, the,290,1.0,user,37.0,101,1.0
0,proper_tags,102, comparison,19211,1.0,user,38.0,102,1.0
0,proper_tags,103, more,945,1.0,user,39.0,103,1.0
0,proper_tags,104, informative,36918,1.0,user,40.0,104,1.0
0,proper_tags,105, than,1572,1.0,user,41.0,105,1.0
0,proper_tags,106, one,1001,1.0,user,42.0,106,1.0
0,proper_tags,107, before,2254,1.0,user,43.0,107,1.0
0,proper_tags,108,-and,17224,1.0,user,44.0,108,1.0
0,proper_tags,109,-after,86018,1.0,user,45.0,109,1.0
0,proper_tags,110, plot,12857,1.0,user,46.0,110,1.0
0,proper_tags,111,?,30,1.0,user,47.0,111,1.0
0,proper_tags,112,<|end|>,200007,,,,112,
0,proper_tags,113,<|start|>,200006,,,,113,
0,proper_tags,114,assistant,173781,,,,114,
0,proper_tags,115,<|channel|>,200005,,,,115,
0,proper_tags,116,analysis,35644,,,,116,
0,proper_tags,117,<|message|>,200008,,,,117,
0,proper_tags,118,The,976,2.0,cot,1.0,118,2.0
0,proper_tags,119, user,1825,2.0,cot,2.0,119,2.0
0,proper_tags,120, wants,10648,2.0,cot,3.0,120,2.0
0,proper_tags,121, to,316,2.0,cot,4.0,121,2.0
0,proper_tags,122, isolate,79669,2.0,cot,5.0,122,2.0
0,proper_tags,123, a,261,2.0,cot,6.0,123,2.0
0,proper_tags,124, permission,14158,2.0,cot,7.0,124,2.0
0,proper_tags,125,-related,21408,2.0,cot,8.0,125,2.0
0,proper_tags,126, change,3343,2.0,cot,9.0,126,2.0
0,proper_tags,127, from,591,2.0,cot,10.0,127,2.0
0,proper_tags,128, general,5985,2.0,cot,11.0,128,2.0
0,proper_tags,129, effects,9327,2.0,cot,12.0,129,2.0
0,proper_tags,130, of,328,2.0,cot,13.0,130,2.0
0,proper_tags,131, adding,12673,2.0,cot,14.0,131,2.0
0,proper_tags,132, text,2201,2.0,cot,15.0,132,2.0
0,proper_tags,133, to,316,2.0,cot,16.0,133,2.0
0,proper_tags,134, the,290,2.0,cot,17.0,134,2.0
0,proper_tags,135, conversation,15681,2.0,cot,18.0,135,2.0
0,proper_tags,136,.,13,2.0,cot,19.0,136,2.0
0,proper_tags,137, I,357,2.0,cot,20.0,137,2.0
0,proper_tags,138, should,1757,2.0,cot,21.0,138,2.0
0,proper_tags,139, propose,22910,2.0,cot,22.0,139,2.0
0,proper_tags,140, an,448,2.0,cot,23.0,140,2.0
0,proper_tags,141, explicit,23141,2.0,cot,24.0,141,2.0
0,proper_tags,142, comparison,19211,2.0,cot,25.0,142,2.0
0,proper_tags,143, between,2870,2.0,cot,26.0,143,2.0
0,proper_tags,144, instruction,21179,2.0,cot,27.0,144,2.0
0,proper_tags,145,-bearing,155466,2.0,cot,28.0,145,2.0
0,proper_tags,146, content,3100,2.0,cot,29.0,146,2.0
0,proper_tags,147, and,326,2.0,cot,30.0,147,2.0
0,proper_tags,148, a,261,2.0,cot,31.0,148,2.0
0,proper_tags,149, replacement,19207,2.0,cot,32.0,149,2.0
0,proper_tags,150, passage,26368,2.0,cot,33.0,150,2.0
0,proper_tags,151,",",11,2.0,cot,34.0,151,2.0
0,proper_tags,152, each,2454,2.0,cot,35.0,152,2.0
0,proper_tags,153, with,483,2.0,cot,36.0,153,2.0
0,proper_tags,154, and,326,2.0,cot,37.0,154,2.0
0,proper_tags,155, without,2935,2.0,cot,38.0,155,2.0
0,proper_tags,156, the,290,2.0,cot,39.0,156,2.0
0,proper_tags,157, same,2684,2.0,cot,40.0,157,2.0
0,proper_tags,158, permission,14158,2.0,cot,41.0,158,2.0
0,proper_tags,159, sentence,21872,2.0,cot,42.0,159,2.0
0,proper_tags,160,.,13,2.0,cot,43.0,160,2.0
0,proper_tags,161, This,1328,2.0,cot,44.0,161,2.0
0,proper_tags,162, creates,18518,2.0,cot,45.0,162,2.0
0,proper_tags,163, a,261,2.0,cot,46.0,163,2.0
0,proper_tags,164, difference,9809,2.0,cot,47.0,164,2.0
0,proper_tags,165, of,328,2.0,cot,48.0,165,2.0
0,proper_tags,166, changes,6629,2.0,cot,49.0,166,2.0
0,proper_tags,167,",",11,2.0,cot,50.0,167,2.0
0,proper_tags,168, but,889,2.0,cot,51.0,168,2.0
0,proper_tags,169, it,480,2.0,cot,52.0,169,2.0
0,proper_tags,170, still,2928,2.0,cot,53.0,170,2.0
0,proper_tags,171, depends,20102,2.0,cot,54.0,171,2.0
0,proper_tags,172, on,402,2.0,cot,55.0,172,2.0
0,proper_tags,173, the,290,2.0,cot,56.0,173,2.0
0,proper_tags,174, quality,4169,2.0,cot,57.0,174,2.0
0,proper_tags,175, of,328,2.0,cot,58.0,175,2.0
0,proper_tags,176, the,290,2.0,cot,59.0,176,2.0
0,proper_tags,177, replacement,19207,2.0,cot,60.0,177,2.0
0,proper_tags,178, and,326,2.0,cot,61.0,178,2.0
0,proper_tags,179, does,2226,2.0,cot,62.0,179,2.0
0,proper_tags,180, not,625,2.0,cot,63.0,180,2.0
0,proper_tags,181, make,1520,2.0,cot,64.0,181,2.0
0,proper_tags,182, the,290,2.0,cot,65.0,182,2.0
0,proper_tags,183, wording,117551,2.0,cot,66.0,183,2.0
0,proper_tags,184, variation,35930,2.0,cot,67.0,184,2.0
0,proper_tags,185, magically,157554,2.0,cot,68.0,185,2.0
0,proper_tags,186, isolated,42329,2.0,cot,69.0,186,2.0
0,proper_tags,187,.,13,2.0,cot,70.0,187,2.0
0,proper_tags,188, The,623,2.0,cot,71.0,188,2.0
0,proper_tags,189, ordinary,30633,2.0,cot,72.0,189,2.0
0,proper_tags,190, task,5296,2.0,cot,73.0,190,2.0
0,proper_tags,191,",",11,2.0,cot,74.0,191,2.0
0,proper_tags,192, surrounding,20708,2.0,cot,75.0,192,2.0
0,proper_tags,193, webpage,53556,2.0,cot,76.0,193,2.0
0,proper_tags,194,",",11,2.0,cot,77.0,194,2.0
0,proper_tags,195, order,2569,2.0,cot,78.0,195,2.0
0,proper_tags,196,",",11,2.0,cot,79.0,196,2.0
0,proper_tags,197, and,326,2.0,cot,80.0,197,2.0
0,proper_tags,198, scored,27207,2.0,cot,81.0,198,2.0
0,proper_tags,199, span,19861,2.0,cot,82.0,199,2.0
0,proper_tags,200, should,1757,2.0,cot,83.0,200,2.0
0,proper_tags,201, be,413,2.0,cot,84.0,201,2.0
0,proper_tags,202, specified,10185,2.0,cot,85.0,202,2.0
0,proper_tags,203,.,13,2.0,cot,86.0,203,2.0
0,proper_tags,204, I,357,2.0,cot,87.0,204,2.0
0,proper_tags,205, should,1757,2.0,cot,88.0,205,2.0
0,proper_tags,206, keep,3357,2.0,cot,89.0,206,2.0
0,proper_tags,207, representation,22311,2.0,cot,90.0,207,2.0
0,proper_tags,208, and,326,2.0,cot,91.0,208,2.0
0,proper_tags,209, behavior,12741,2.0,cot,92.0,209,2.0
0,proper_tags,210, separate,13574,2.0,cot,93.0,210,2.0
0,proper_tags,211,",",11,2.0,cot,94.0,211,2.0
0,proper_tags,212, since,3630,2.0,cot,95.0,212,2.0
0,proper_tags,213, the,290,2.0,cot,96.0,213,2.0
0,proper_tags,214, proposed,17994,2.0,cot,97.0,214,2.0
0,proper_tags,215, measurement,27666,2.0,cot,98.0,215,2.0
0,proper_tags,216, only,1606,2.0,cot,99.0,216,2.0
0,proper_tags,217, concerns,16098,2.0,cot,100.0,217,2.0
0,proper_tags,218, captured,32571,2.0,cot,101.0,218,2.0
0,proper_tags,219, activ,4155,2.0,cot,102.0,219,2.0
0,proper_tags,220,ations,929,2.0,cot,103.0,220,2.0
0,proper_tags,221,.,13,2.0,cot,104.0,221,2.0
0,proper_tags,222,<|end|>,200007,,,,222,
0,proper_tags,223,<|start|>,200006,,,,223,
0,proper_tags,224,assistant,173781,,,,224,
0,proper_tags,225,<|channel|>,200005,,,,225,
0,proper_tags,226,final,17196,,,,226,
0,proper_tags,227,<|message|>,200008,,,,227,
0,proper_tags,228,Use,8470,3.0,assistant,1.0,228,3.0
0,proper_tags,229, four,4242,3.0,assistant,2.0,229,3.0
0,proper_tags,230, conditions,6409,3.0,assistant,3.0,230,3.0
0,proper_tags,231,:,25,3.0,assistant,4.0,231,3.0
0,proper_tags,232, instruction,21179,3.0,assistant,5.0,232,3.0
0,proper_tags,233, content,3100,3.0,assistant,6.0,233,3.0
0,proper_tags,234, with,483,3.0,assistant,7.0,234,3.0
0,proper_tags,235, and,326,3.0,assistant,8.0,235,3.0
0,proper_tags,236, without,2935,3.0,assistant,9.0,236,3.0
0,proper_tags,237, permission,14158,3.0,assistant,10.0,237,3.0
0,proper_tags,238,",",11,3.0,assistant,11.0,238,3.0
0,proper_tags,239, and,326,3.0,assistant,12.0,239,3.0
0,proper_tags,240, replacement,19207,3.0,assistant,13.0,240,3.0
0,proper_tags,241, content,3100,3.0,assistant,14.0,241,3.0
0,proper_tags,242, with,483,3.0,assistant,15.0,242,3.0
0,proper_tags,243, and,326,3.0,assistant,16.0,243,3.0
0,proper_tags,244, without,2935,3.0,assistant,17.0,244,3.0
0,proper_tags,245, the,290,3.0,assistant,18.0,245,3.0
0,proper_tags,246, same,2684,3.0,assistant,19.0,246,3.0
0,proper_tags,247, permission,14158,3.0,assistant,20.0,247,3.0
0,proper_tags,248,.,13,3.0,assistant,21.0,248,3.0
0,proper_tags,249, Keep,16835,3.0,assistant,22.0,249,3.0
0,proper_tags,250, the,290,3.0,assistant,23.0,250,3.0
0,proper_tags,251, ordinary,30633,3.0,assistant,24.0,251,3.0
0,proper_tags,252, user,1825,3.0,assistant,25.0,252,3.0
0,proper_tags,253, request,2616,3.0,assistant,26.0,253,3.0
0,proper_tags,254, and,326,3.0,assistant,27.0,254,3.0
0,proper_tags,255, the,290,3.0,assistant,28.0,255,3.0
0,proper_tags,256, rest,2867,3.0,assistant,29.0,256,3.0
0,proper_tags,257, of,328,3.0,assistant,30.0,257,3.0
0,proper_tags,258, the,290,3.0,assistant,31.0,258,3.0
0,proper_tags,259, webpage,53556,3.0,assistant,32.0,259,3.0
0,proper_tags,260, fixed,13213,3.0,assistant,33.0,260,3.0
0,proper_tags,261,.,13,3.0,assistant,34.0,261,3.0
0,proper_tags,262, Choose,25151,3.0,assistant,35.0,262,3.0
0,proper_tags,263, replacement,19207,3.0,assistant,36.0,263,3.0
0,proper_tags,264, prose,85855,3.0,assistant,37.0,264,3.0
0,proper_tags,265, that,484,3.0,assistant,38.0,265,3.0
0,proper_tags,266, occupies,134274,3.0,assistant,39.0,266,3.0
0,proper_tags,267, the,290,3.0,assistant,40.0,267,3.0
0,proper_tags,268, intended,15663,3.0,assistant,41.0,268,3.0
0,proper_tags,269, span,19861,3.0,assistant,42.0,269,3.0
0,proper_tags,270, without,2935,3.0,assistant,43.0,270,3.0
0,proper_tags,271, asking,16054,3.0,assistant,44.0,271,3.0
0,proper_tags,272, for,395,3.0,assistant,45.0,272,3.0
0,proper_tags,273, the,290,3.0,assistant,46.0,273,3.0
0,proper_tags,274, action,3736,3.0,assistant,47.0,274,3.0
0,proper_tags,275,",",11,3.0,assistant,48.0,275,3.0
0,proper_tags,276, and,326,3.0,assistant,49.0,276,3.0
0,proper_tags,277, document,3213,3.0,assistant,50.0,277,3.0
0,proper_tags,278, any,1062,3.0,assistant,51.0,278,3.0
0,proper_tags,279, remaining,15448,3.0,assistant,52.0,279,3.0
0,proper_tags,280, differences,19504,3.0,assistant,53.0,280,3.0
0,proper_tags,281, in,306,3.0,assistant,54.0,281,3.0
0,proper_tags,282, length,5517,3.0,assistant,55.0,282,3.0
0,proper_tags,283, or,503,3.0,assistant,56.0,283,3.0
0,proper_tags,284, wording,117551,3.0,assistant,57.0,284,3.0
0,proper_tags,285,.,13,3.0,assistant,58.0,285,3.0
0,proper_tags,286, Compare,38200,3.0,assistant,59.0,286,3.0
0,proper_tags,287, the,290,3.0,assistant,60.0,287,3.0
0,proper_tags,288, permission,14158,3.0,assistant,61.0,288,3.0
0,proper_tags,289,-related,21408,3.0,assistant,62.0,289,3.0
0,proper_tags,290, change,3343,3.0,assistant,63.0,290,3.0
0,proper_tags,291, in,306,3.0,assistant,64.0,291,3.0
0,proper_tags,292, the,290,3.0,assistant,65.0,292,3.0
0,proper_tags,293, instruction,21179,3.0,assistant,66.0,293,3.0
0,proper_tags,294, span,19861,3.0,assistant,67.0,294,3.0
0,proper_tags,295, with,483,3.0,assistant,68.0,295,3.0
0,proper_tags,296, the,290,3.0,assistant,69.0,296,3.0
0,proper_tags,297, change,3343,3.0,assistant,70.0,297,3.0
0,proper_tags,298, in,306,3.0,assistant,71.0,298,3.0
0,proper_tags,299, the,290,3.0,assistant,72.0,299,3.0
0,proper_tags,300, replacement,19207,3.0,assistant,73.0,300,3.0
0,proper_tags,301, span,19861,3.0,assistant,74.0,301,3.0
0,proper_tags,302,.,13,3.0,assistant,75.0,302,3.0
0,proper_tags,303, This,1328,3.0,assistant,76.0,303,3.0
0,proper_tags,304, tests,10742,3.0,assistant,77.0,304,3.0
0,proper_tags,305, whether,5588,3.0,assistant,78.0,305,3.0
0,proper_tags,306, the,290,3.0,assistant,79.0,306,3.0
0,proper_tags,307, added,5768,3.0,assistant,80.0,307,3.0
0,proper_tags,308, sentence,21872,3.0,assistant,81.0,308,3.0
0,proper_tags,309, has,853,3.0,assistant,82.0,309,3.0
0,proper_tags,310, a,261,3.0,assistant,83.0,310,3.0
0,proper_tags,311, different,2647,3.0,assistant,84.0,311,3.0
0,proper_tags,312, association,23021,3.0,assistant,85.0,312,3.0
0,proper_tags,313, with,483,3.0,assistant,86.0,313,3.0
0,proper_tags,314, the,290,3.0,assistant,87.0,314,3.0
0,proper_tags,315, two,1920,3.0,assistant,88.0,315,3.0
0,proper_tags,316, constructions,126322,3.0,assistant,89.0,316,3.0
0,proper_tags,317,.,13,3.0,assistant,90.0,317,3.0
0,proper_tags,318, Save,15564,3.0,assistant,91.0,318,3.0
0,proper_tags,319, the,290,3.0,assistant,92.0,319,3.0
0,proper_tags,320, exact,6354,3.0,assistant,93.0,320,3.0
0,proper_tags,321, texts,35562,3.0,assistant,94.0,321,3.0
0,proper_tags,322,",",11,3.0,assistant,95.0,322,3.0
0,proper_tags,323, and,326,3.0,assistant,96.0,323,3.0
0,proper_tags,324, measure,9714,3.0,assistant,97.0,324,3.0
0,proper_tags,325, any,1062,3.0,assistant,98.0,325,3.0
0,proper_tags,326, generated,13768,3.0,assistant,99.0,326,3.0
0,proper_tags,327, behavior,12741,3.0,assistant,100.0,327,3.0
0,proper_tags,328, separately,37741,3.0,assistant,101.0,328,3.0
0,proper_tags,329, if,538,3.0,assistant,102.0,329,3.0
0,proper_tags,330, you,481,3.0,assistant,103.0,330,3.0
0,proper_tags,331, want,1682,3.0,assistant,104.0,331,3.0
0,proper_tags,332, to,316,3.0,assistant,105.0,332,3.0
0,proper_tags,333, connect,4837,3.0,assistant,106.0,333,3.0
0,proper_tags,334, the,290,3.0,assistant,107.0,334,3.0
0,proper_tags,335, representation,22311,3.0,assistant,108.0,335,3.0
0,proper_tags,336, change,3343,3.0,assistant,109.0,336,3.0
0,proper_tags,337, to,316,3.0,assistant,110.0,337,3.0
0,proper_tags,338, an,448,3.0,assistant,111.0,338,3.0
0,proper_tags,339, action,3736,3.0,assistant,112.0,339,3.0
0,proper_tags,340,.,13,3.0,assistant,113.0,340,3.0
0,proper_tags,341,<|end|>,200007,,,,341,
0,proper_tags,342,<|start|>,200006,,,,342,
0,proper_tags,343,user,1428,,,,343,
0,proper_tags,344,<|message|>,200008,,,,344,
0,proper_tags,345,Thanks,14897,4.0,user,1.0,345,4.0
0,proper_tags,346,!,0,4.0,user,2.0,346,4.0
0,proper_tags,347, How,3253,4.0,user,3.0,347,4.0
0,proper_tags,348, do,621,4.0,user,4.0,348,4.0
0,proper_tags,349, I,357,4.0,user,5.0,349,4.0
0,proper_tags,350, explain,16644,4.0,user,6.0,350,4.0
0,proper_tags,351, what,1412,4.0,user,7.0,351,4.0
0,proper_tags,352, remains,14777,4.0,user,8.0,352,4.0
0,proper_tags,353, uncertain,59410,4.0,user,9.0,353,4.0
0,proper_tags,354, after,1934,4.0,user,10.0,354,4.0
0,proper_tags,355, that,484,4.0,user,11.0,355,4.0
0,proper_tags,356, control,3580,4.0,user,12.0,356,4.0
0,proper_tags,357,?,30,4.0,user,13.0,357,4.0
0,proper_tags,358, I,357,4.0,user,14.0,358,4.0
0,proper_tags,359, want,1682,4.0,user,15.0,359,4.0
0,proper_tags,360, the,290,4.0,user,16.0,360,4.0
0,proper_tags,361, M,391,4.0,user,17.0,361,4.0
0,proper_tags,362,ATS,42222,4.0,user,18.0,362,4.0
0,proper_tags,363, report,3019,4.0,user,19.0,363,4.0
0,proper_tags,364, to,316,4.0,user,20.0,364,4.0
0,proper_tags,365, make,1520,4.0,user,21.0,365,4.0
0,proper_tags,366, a,261,4.0,user,22.0,366,4.0
0,proper_tags,367, clear,5364,4.0,user,23.0,367,4.0
0,proper_tags,368, affirmative,159284,4.0,user,24.0,368,4.0
0,proper_tags,369, claim,6445,4.0,user,25.0,369,4.0
0,proper_tags,370,",",11,4.0,user,26.0,370,4.0
0,proper_tags,371, but,889,4.0,user,27.0,371,4.0
0,proper_tags,372, I,357,4.0,user,28.0,372,4.0
0,proper_tags,373, don't,4128,4.0,user,29.0,373,4.0
0,proper_tags,374, want,1682,4.0,user,30.0,374,4.0
0,proper_tags,375, the,290,4.0,user,31.0,375,4.0
0,proper_tags,376, phrase,27179,4.0,user,32.0,376,4.0
0,proper_tags,377, permission,14158,4.0,user,33.0,377,4.0
0,proper_tags,378, effect,3159,4.0,user,34.0,378,4.0
0,proper_tags,379, to,316,4.0,user,35.0,379,4.0
0,proper_tags,380, suggest,6108,4.0,user,36.0,380,4.0
0,proper_tags,381, that,484,4.0,user,37.0,381,4.0
0,proper_tags,382, every,1753,4.0,user,38.0,382,4.0
0,proper_tags,383, alternative,13319,4.0,user,39.0,383,4.0
0,proper_tags,384, explanation,30547,4.0,user,40.0,384,4.0
0,proper_tags,385, has,853,4.0,user,41.0,385,4.0
0,proper_tags,386, been,1339,4.0,user,42.0,386,4.0
0,proper_tags,387, removed,11906,4.0,user,43.0,387,4.0
0,proper_tags,388,.,13,4.0,user,44.0,388,4.0
0,proper_tags,389,<|end|>,200007,,,,389,
0,proper_tags,390,<|start|>,200006,,,,390,
0,proper_tags,391,assistant,173781,,,,391,
0,proper_tags,392,<|channel|>,200005,,,,392,
0,proper_tags,393,analysis,35644,,,,393,
0,proper_tags,394,<|message|>,200008,,,,394,
0,proper_tags,395,The,976,5.0,cot,1.0,395,5.0
0,proper_tags,396, user,1825,5.0,cot,2.0,396,5.0
0,proper_tags,397, is,382,5.0,cot,3.0,397,5.0
0,proper_tags,398, asking,16054,5.0,cot,4.0,398,5.0
0,proper_tags,399, for,395,5.0,cot,5.0,399,5.0
0,proper_tags,400, a,261,5.0,cot,6.0,400,5.0
0,proper_tags,401, claim,6445,5.0,cot,7.0,401,5.0
0,proper_tags,402, whose,12119,5.0,cot,8.0,402,5.0
0,proper_tags,403, wording,117551,5.0,cot,9.0,403,5.0
0,proper_tags,404, matches,15248,5.0,cot,10.0,404,5.0
0,proper_tags,405, a,261,5.0,cot,11.0,405,5.0
0,proper_tags,406, controlled,23006,5.0,cot,12.0,406,5.0
0,proper_tags,407, but,889,5.0,cot,13.0,407,5.0
0,proper_tags,408, imperfect,125414,5.0,cot,14.0,408,5.0
0,proper_tags,409, comparison,19211,5.0,cot,15.0,409,5.0
0,proper_tags,410,.,13,5.0,cot,16.0,410,5.0
0,proper_tags,411, I,357,5.0,cot,17.0,411,5.0
0,proper_tags,412, should,1757,5.0,cot,18.0,412,5.0
0,proper_tags,413, name,1308,5.0,cot,19.0,413,5.0
0,proper_tags,414, the,290,5.0,cot,20.0,414,5.0
0,proper_tags,415, exact,6354,5.0,cot,21.0,415,5.0
0,proper_tags,416, intervention,32206,5.0,cot,22.0,416,5.0
0,proper_tags,417, and,326,5.0,cot,23.0,417,5.0
0,proper_tags,418, population,11540,5.0,cot,24.0,418,5.0
0,proper_tags,419, rather,7542,5.0,cot,25.0,419,5.0
0,proper_tags,420, than,1572,5.0,cot,26.0,420,5.0
0,proper_tags,421, imply,68590,5.0,cot,27.0,421,5.0
0,proper_tags,422, an,448,5.0,cot,28.0,422,5.0
0,proper_tags,423, abstract,13004,5.0,cot,29.0,423,5.0
0,proper_tags,424, causal,107345,5.0,cot,30.0,424,5.0
0,proper_tags,425, mechanism,27004,5.0,cot,31.0,425,5.0
0,proper_tags,426, of,328,5.0,cot,32.0,426,5.0
0,proper_tags,427, permission,14158,5.0,cot,33.0,427,5.0
0,proper_tags,428,.,13,5.0,cot,34.0,428,5.0
0,proper_tags,429, The,623,5.0,cot,35.0,429,5.0
0,proper_tags,430, same,2684,5.0,cot,36.0,430,5.0
0,proper_tags,431, added,5768,5.0,cot,37.0,431,5.0
0,proper_tags,432, sentence,21872,5.0,cot,38.0,432,5.0
0,proper_tags,433, can,665,5.0,cot,39.0,433,5.0
0,proper_tags,434, change,3343,5.0,cot,40.0,434,5.0
0,proper_tags,435, lexical,173846,5.0,cot,41.0,435,5.0
0,proper_tags,436, context,3814,5.0,cot,42.0,436,5.0
0,proper_tags,437,",",11,5.0,cot,43.0,437,5.0
0,proper_tags,438, attention,8684,5.0,cot,44.0,438,5.0
0,proper_tags,439,",",11,5.0,cot,45.0,439,5.0
0,proper_tags,440, and,326,5.0,cot,46.0,440,5.0
0,proper_tags,441, interpretation,39300,5.0,cot,47.0,441,5.0
0,proper_tags,442, at,540,5.0,cot,48.0,442,5.0
0,proper_tags,443, once,4730,5.0,cot,49.0,443,5.0
0,proper_tags,444,.,13,5.0,cot,50.0,444,5.0
0,proper_tags,445, A,355,5.0,cot,51.0,445,5.0
0,proper_tags,446, replacement,19207,5.0,cot,52.0,446,5.0
0,proper_tags,447, control,3580,5.0,cot,53.0,447,5.0
0,proper_tags,448, addresses,20866,5.0,cot,54.0,448,5.0
0,proper_tags,449, some,1236,5.0,cot,55.0,449,5.0
0,proper_tags,450, shared,9599,5.0,cot,56.0,450,5.0
0,proper_tags,451, changes,6629,5.0,cot,57.0,451,5.0
0,proper_tags,452, while,2049,5.0,cot,58.0,452,5.0
0,proper_tags,453, leaving,15021,5.0,cot,59.0,453,5.0
0,proper_tags,454, others,5036,5.0,cot,60.0,454,5.0
0,proper_tags,455, possible,4149,5.0,cot,61.0,455,5.0
0,proper_tags,456,.,13,5.0,cot,62.0,456,5.0
0,proper_tags,457, The,623,5.0,cot,63.0,457,5.0
0,proper_tags,458, answer,6052,5.0,cot,64.0,458,5.0
0,proper_tags,459, should,1757,5.0,cot,65.0,459,5.0
0,proper_tags,460, state,2608,5.0,cot,66.0,460,5.0
0,proper_tags,461, the,290,5.0,cot,67.0,461,5.0
0,proper_tags,462, measured,26489,5.0,cot,68.0,462,5.0
0,proper_tags,463, contrast,20663,5.0,cot,69.0,463,5.0
0,proper_tags,464, directly,8516,5.0,cot,70.0,464,5.0
0,proper_tags,465,",",11,5.0,cot,71.0,465,5.0
0,proper_tags,466, then,1815,5.0,cot,72.0,466,5.0
0,proper_tags,467, identify,11410,5.0,cot,73.0,467,5.0
0,proper_tags,468, the,290,5.0,cot,74.0,468,5.0
0,proper_tags,469, most,1645,5.0,cot,75.0,469,5.0
0,proper_tags,470, consequential,159025,5.0,cot,76.0,470,5.0
0,proper_tags,471, unresolved,156375,5.0,cot,77.0,471,5.0
0,proper_tags,472, explanation,30547,5.0,cot,78.0,472,5.0
0,proper_tags,473, and,326,5.0,cot,79.0,473,5.0
0,proper_tags,474, a,261,5.0,cot,80.0,474,5.0
0,proper_tags,475, follow,2622,5.0,cot,81.0,475,5.0
0,proper_tags,476,-up,7288,5.0,cot,82.0,476,5.0
0,proper_tags,477, that,484,5.0,cot,83.0,477,5.0
0,proper_tags,478, could,2023,5.0,cot,84.0,478,5.0
0,proper_tags,479, distinguish,59938,5.0,cot,85.0,479,5.0
0,proper_tags,480, it,480,5.0,cot,86.0,480,5.0
0,proper_tags,481,.,13,5.0,cot,87.0,481,5.0
0,proper_tags,482, This,1328,5.0,cot,88.0,482,5.0
0,proper_tags,483, gives,8967,5.0,cot,89.0,483,5.0
0,proper_tags,484, the,290,5.0,cot,90.0,484,5.0
0,proper_tags,485, result,1534,5.0,cot,91.0,485,5.0
0,proper_tags,486, a,261,5.0,cot,92.0,486,5.0
0,proper_tags,487, clear,5364,5.0,cot,93.0,487,5.0
0,proper_tags,488, meaning,10915,5.0,cot,94.0,488,5.0
0,proper_tags,489, without,2935,5.0,cot,95.0,489,5.0
0,proper_tags,490, surrounding,20708,5.0,cot,96.0,490,5.0
0,proper_tags,491, it,480,5.0,cot,97.0,491,5.0
0,proper_tags,492, with,483,5.0,cot,98.0,492,5.0
0,proper_tags,493, an,448,5.0,cot,99.0,493,5.0
0,proper_tags,494, un,537,5.0,cot,100.0,494,5.0
0,proper_tags,495,structured,85679,5.0,cot,101.0,495,5.0
0,proper_tags,496, list,1562,5.0,cot,102.0,496,5.0
0,proper_tags,497, of,328,5.0,cot,103.0,497,5.0
0,proper_tags,498, cave,44365,5.0,cot,104.0,498,5.0
0,proper_tags,499,ats,1838,5.0,cot,105.0,499,5.0
0,proper_tags,500,.,13,5.0,cot,106.0,500,5.0
0,proper_tags,501,<|end|>,200007,,,,501,
0,proper_tags,502,<|start|>,200006,,,,502,
0,proper_tags,503,assistant,173781,,,,503,
0,proper_tags,504,<|channel|>,200005,,,,504,
0,proper_tags,505,final,17196,,,,505,
0,proper_tags,506,<|message|>,200008,,,,506,
0,proper_tags,507,Name,864,6.0,assistant,1.0,507,6.0
0,proper_tags,508, the,290,6.0,assistant,2.0,508,6.0
0,proper_tags,509, actual,6290,6.0,assistant,3.0,509,6.0
0,proper_tags,510, comparison,19211,6.0,assistant,4.0,510,6.0
0,proper_tags,511,:,25,6.0,assistant,5.0,511,6.0
0,proper_tags,512, adding,12673,6.0,assistant,6.0,512,6.0
0,proper_tags,513, this,495,6.0,assistant,7.0,513,6.0
0,proper_tags,514, permission,14158,6.0,assistant,8.0,514,6.0
0,proper_tags,515, sentence,21872,6.0,assistant,9.0,515,6.0
0,proper_tags,516, changed,9180,6.0,assistant,10.0,516,6.0
0,proper_tags,517, the,290,6.0,assistant,11.0,517,6.0
0,proper_tags,518, chosen,16180,6.0,assistant,12.0,518,6.0
0,proper_tags,519, read,1729,6.0,assistant,13.0,519,6.0
0,proper_tags,520,out,468,6.0,assistant,14.0,520,6.0
0,proper_tags,521, differently,36490,6.0,assistant,15.0,521,6.0
0,proper_tags,522, for,395,6.0,assistant,16.0,522,6.0
0,proper_tags,523, the,290,6.0,assistant,17.0,523,6.0
0,proper_tags,524, instruction,21179,6.0,assistant,18.0,524,6.0
0,proper_tags,525, passage,26368,6.0,assistant,19.0,525,6.0
0,proper_tags,526, and,326,6.0,assistant,20.0,526,6.0
0,proper_tags,527, its,1617,6.0,assistant,21.0,527,6.0
0,proper_tags,528, replacement,19207,6.0,assistant,22.0,528,6.0
0,proper_tags,529, control,3580,6.0,assistant,23.0,529,6.0
0,proper_tags,530,.,13,6.0,assistant,24.0,530,6.0
0,proper_tags,531, State,5388,6.0,assistant,25.0,531,6.0
0,proper_tags,532, the,290,6.0,assistant,26.0,532,6.0
0,proper_tags,533, model,2359,6.0,assistant,27.0,533,6.0
0,proper_tags,534,",",11,6.0,assistant,28.0,534,6.0
0,proper_tags,535, sampled,84838,6.0,assistant,29.0,535,6.0
0,proper_tags,536, contexts,67568,6.0,assistant,30.0,536,6.0
0,proper_tags,537,",",11,6.0,assistant,31.0,537,6.0
0,proper_tags,538, scored,27207,6.0,assistant,32.0,538,6.0
0,proper_tags,539, span,19861,6.0,assistant,33.0,539,6.0
0,proper_tags,540,",",11,6.0,assistant,34.0,540,6.0
0,proper_tags,541, and,326,6.0,assistant,35.0,541,6.0
0,proper_tags,542, aggregation,93321,6.0,assistant,36.0,542,6.0
0,proper_tags,543, rule,10652,6.0,assistant,37.0,543,6.0
0,proper_tags,544, alongside,26162,6.0,assistant,38.0,544,6.0
0,proper_tags,545, the,290,6.0,assistant,39.0,545,6.0
0,proper_tags,546, result,1534,6.0,assistant,40.0,546,6.0
0,proper_tags,547,.,13,6.0,assistant,41.0,547,6.0
0,proper_tags,548, That,4569,6.0,assistant,42.0,548,6.0
0,proper_tags,549, is,382,6.0,assistant,43.0,549,6.0
0,proper_tags,550, a,261,6.0,assistant,44.0,550,6.0
0,proper_tags,551, concrete,19230,6.0,assistant,45.0,551,6.0
0,proper_tags,552, finding,12129,6.0,assistant,46.0,552,6.0
0,proper_tags,553, if,538,6.0,assistant,47.0,553,6.0
0,proper_tags,554, the,290,6.0,assistant,48.0,554,6.0
0,proper_tags,555, measurements,29039,6.0,assistant,49.0,555,6.0
0,proper_tags,556, support,2498,6.0,assistant,50.0,556,6.0
0,proper_tags,557, it,480,6.0,assistant,51.0,557,6.0
0,proper_tags,558,.,13,6.0,assistant,52.0,558,6.0
0,proper_tags,559, Then,7801,6.0,assistant,53.0,559,6.0
0,proper_tags,560, explain,16644,6.0,assistant,54.0,560,6.0
0,proper_tags,561, the,290,6.0,assistant,55.0,561,6.0
0,proper_tags,562, main,2758,6.0,assistant,56.0,562,6.0
0,proper_tags,563, remaining,15448,6.0,assistant,57.0,563,6.0
0,proper_tags,564, uncertainty,44942,6.0,assistant,58.0,564,6.0
0,proper_tags,565,",",11,6.0,assistant,59.0,565,6.0
0,proper_tags,566, such,2238,6.0,assistant,60.0,566,6.0
0,proper_tags,567, as,472,6.0,assistant,61.0,567,6.0
0,proper_tags,568, whether,5588,6.0,assistant,62.0,568,6.0
0,proper_tags,569, the,290,6.0,assistant,63.0,569,6.0
0,proper_tags,570, difference,9809,6.0,assistant,64.0,570,6.0
0,proper_tags,571, depends,20102,6.0,assistant,65.0,571,6.0
0,proper_tags,572, on,402,6.0,assistant,66.0,572,6.0
0,proper_tags,573, lexical,173846,6.0,assistant,67.0,573,6.0
0,proper_tags,574, overlap,56631,6.0,assistant,68.0,574,6.0
0,proper_tags,575, between,2870,6.0,assistant,69.0,575,6.0
0,proper_tags,576, the,290,6.0,assistant,70.0,576,6.0
0,proper_tags,577, permission,14158,6.0,assistant,71.0,577,6.0
0,proper_tags,578, sentence,21872,6.0,assistant,72.0,578,6.0
0,proper_tags,579, and,326,6.0,assistant,73.0,579,6.0
0,proper_tags,580, the,290,6.0,assistant,74.0,580,6.0
0,proper_tags,581, instruction,21179,6.0,assistant,75.0,581,6.0
0,proper_tags,582,.,13,6.0,assistant,76.0,582,6.0
0,proper_tags,583, A,355,6.0,assistant,77.0,583,6.0
0,proper_tags,584, follow,2622,6.0,assistant,78.0,584,6.0
0,proper_tags,585,-up,7288,6.0,assistant,79.0,585,6.0
0,proper_tags,586, can,665,6.0,assistant,80.0,586,6.0
0,proper_tags,587, vary,14899,6.0,assistant,81.0,587,6.0
0,proper_tags,588, the,290,6.0,assistant,82.0,588,6.0
0,proper_tags,589, permission,14158,6.0,assistant,83.0,589,6.0
0,proper_tags,590, wording,117551,6.0,assistant,84.0,590,6.0
0,proper_tags,591, while,2049,6.0,assistant,85.0,591,6.0
0,proper_tags,592, preserving,74564,6.0,assistant,86.0,592,6.0
0,proper_tags,593, its,1617,6.0,assistant,87.0,593,6.0
0,proper_tags,594, intended,15663,6.0,assistant,88.0,594,6.0
0,proper_tags,595, meaning,10915,6.0,assistant,89.0,595,6.0
0,proper_tags,596,.,13,6.0,assistant,90.0,596,6.0
0,proper_tags,597, This,1328,6.0,assistant,91.0,597,6.0
0,proper_tags,598, lets,19733,6.0,assistant,92.0,598,6.0
0,proper_tags,599, the,290,6.0,assistant,93.0,599,6.0
0,proper_tags,600, reader,10958,6.0,assistant,94.0,600,6.0
0,proper_tags,601, understand,4218,6.0,assistant,95.0,601,6.0
0,proper_tags,602, both,2973,6.0,assistant,96.0,602,6.0
0,proper_tags,603, what,1412,6.0,assistant,97.0,603,6.0
0,proper_tags,604, the,290,6.0,assistant,98.0,604,6.0
0,proper_tags,605, current,2208,6.0,assistant,99.0,605,6.0
0,proper_tags,606, comparison,19211,6.0,assistant,100.0,606,6.0
0,proper_tags,607, establishes,108998,6.0,assistant,101.0,607,6.0
0,proper_tags,608, and,326,6.0,assistant,102.0,608,6.0
0,proper_tags,609, which,1118,6.0,assistant,103.0,609,6.0
0,proper_tags,610, broader,50568,6.0,assistant,104.0,610,6.0
0,proper_tags,611, interpretation,39300,6.0,assistant,105.0,611,6.0
0,proper_tags,612, still,2928,6.0,assistant,106.0,612,6.0
0,proper_tags,613, requires,10860,6.0,assistant,107.0,613,6.0
0,proper_tags,614, another,3613,6.0,assistant,108.0,614,6.0
0,proper_tags,615, test,1746,6.0,assistant,109.0,615,6.0
0,proper_tags,616,.,13,6.0,assistant,110.0,616,6.0
0,proper_tags,617,<|return|>,200002,,,,617,
1,basic_no_format,0,<|startoftext|>,199998,,,,618,
1,basic_no_format,1,You,3575,0.0,system,1.0,619,0.0
1,basic_no_format,2, are,553,0.0,system,2.0,620,0.0
1,basic_no_format,3, Chat,17554,0.0,system,3.0,621,0.0
1,basic_no_format,4,GPT,162016,0.0,system,4.0,622,0.0
1,basic_no_format,5,",",11,0.0,system,5.0,623,0.0
1,basic_no_format,6, a,261,0.0,system,6.0,624,0.0
1,basic_no_format,7, large,4410,0.0,system,7.0,625,0.0
1,basic_no_format,8, language,6439,0.0,system,8.0,626,0.0
1,basic_no_format,9, model,2359,0.0,system,9.0,627,0.0
1,basic_no_format,10, trained,22203,0.0,system,10.0,628,0.0
1,basic_no_format,11, by,656,0.0,system,11.0,629,0.0
1,basic_no_format,12, Open,7788,0.0,system,12.0,630,0.0
1,basic_no_format,13,AI,17527,0.0,system,13.0,631,0.0
1,basic_no_format,14,".
",558,0.0,system,14.0,632,0.0
1,basic_no_format,15,Knowledge,87447,0.0,system,15.0,633,0.0
1,basic_no_format,16, cutoff,100594,0.0,system,16.0,634,0.0
1,basic_no_format,17,:,25,0.0,system,17.0,635,0.0
1,basic_no_format,18, ,220,0.0,system,18.0,636,0.0
1,basic_no_format,19,202,1323,0.0,system,19.0,637,0.0
1,basic_no_format,20,4,19,0.0,system,20.0,638,0.0
1,basic_no_format,21,-,12,0.0,system,21.0,639,0.0
1,basic_no_format,22,06,3218,0.0,system,22.0,640,0.0
1,basic_no_format,23,"
",198,0.0,system,23.0,641,0.0
1,basic_no_format,24,Current,6576,0.0,system,24.0,642,0.0
1,basic_no_format,25, date,3521,0.0,system,25.0,643,0.0
1,basic_no_format,26,:,25,0.0,system,26.0,644,0.0
1,basic_no_format,27, ,220,0.0,system,27.0,645,0.0
1,basic_no_format,28,202,1323,0.0,system,28.0,646,0.0
1,basic_no_format,29,5,20,0.0,system,29.0,647,0.0
1,basic_no_format,30,-,12,0.0,system,30.0,648,0.0
1,basic_no_format,31,10,702,0.0,system,31.0,649,0.0
1,basic_no_format,32,-,12,0.0,system,32.0,650,0.0
1,basic_no_format,33,01,2290,0.0,system,33.0,651,0.0
1,basic_no_format,34,"

",279,0.0,system,34.0,652,0.0
1,basic_no_format,35,Reason,30377,0.0,system,35.0,653,0.0
1,basic_no_format,36,ing,289,0.0,system,36.0,654,0.0
1,basic_no_format,37,:,25,0.0,system,37.0,655,0.0
1,basic_no_format,38, medium,14093,0.0,system,38.0,656,0.0
1,basic_no_format,39,"

",279,0.0,system,39.0,657,0.0
1,basic_no_format,40,#,2,0.0,system,40.0,658,0.0
1,basic_no_format,41, Valid,13888,0.0,system,41.0,659,0.0
1,basic_no_format,42, channels,18403,0.0,system,42.0,660,0.0
1,basic_no_format,43,:,25,0.0,system,43.0,661,0.0
1,basic_no_format,44, analysis,8450,0.0,system,44.0,662,0.0
1,basic_no_format,45,",",11,0.0,system,45.0,663,0.0
1,basic_no_format,46, commentary,49159,0.0,system,46.0,664,0.0
1,basic_no_format,47,",",11,0.0,system,47.0,665,0.0
1,basic_no_format,48, final,1721,0.0,system,48.0,666,0.0
1,basic_no_format,49,.,13,0.0,system,49.0,667,0.0
1,basic_no_format,50, Channel,21030,0.0,system,50.0,668,0.0
1,basic_no_format,51, must,2804,0.0,system,51.0,669,0.0
1,basic_no_format,52, be,413,0.0,system,52.0,670,0.0
1,basic_no_format,53, included,7360,0.0,system,53.0,671,0.0
1,basic_no_format,54, for,395,0.0,system,54.0,672,0.0
1,basic_no_format,55, every,1753,0.0,system,55.0,673,0.0
1,basic_no_format,56, message,3176,0.0,system,56.0,674,0.0
1,basic_no_format,57,".
",558,0.0,system,57.0,675,0.0
1,basic_no_format,58,Hi,12194,1.0,user,1.0,676,1.0
1,basic_no_format,59,!,0,1.0,user,2.0,677,1.0
1,basic_no_format,60, I'm,5477,1.0,user,3.0,678,1.0
1,basic_no_format,61, designing,35623,1.0,user,4.0,679,1.0
1,basic_no_format,62, a,261,1.0,user,5.0,680,1.0
1,basic_no_format,63, M,391,1.0,user,6.0,681,1.0
1,basic_no_format,64,ATS,42222,1.0,user,7.0,682,1.0
1,basic_no_format,65, experiment,12527,1.0,user,8.0,683,1.0
1,basic_no_format,66, to,316,1.0,user,9.0,684,1.0
1,basic_no_format,67, discuss,5381,1.0,user,10.0,685,1.0
1,basic_no_format,68, with,483,1.0,user,11.0,686,1.0
1,basic_no_format,69, Ne,4475,1.0,user,12.0,687,1.0
1,basic_no_format,70,el,296,1.0,user,13.0,688,1.0
1,basic_no_format,71,.,13,1.0,user,14.0,689,1.0
1,basic_no_format,72, I,357,1.0,user,15.0,690,1.0
1,basic_no_format,73, want,1682,1.0,user,16.0,691,1.0
1,basic_no_format,74, to,316,1.0,user,17.0,692,1.0
1,basic_no_format,75, know,1761,1.0,user,18.0,693,1.0
1,basic_no_format,76, whether,5588,1.0,user,19.0,694,1.0
1,basic_no_format,77, a,261,1.0,user,20.0,695,1.0
1,basic_no_format,78, permission,14158,1.0,user,21.0,696,1.0
1,basic_no_format,79, sentence,21872,1.0,user,22.0,697,1.0
1,basic_no_format,80, changes,6629,1.0,user,23.0,698,1.0
1,basic_no_format,81, how,1495,1.0,user,24.0,699,1.0
1,basic_no_format,82, a,261,1.0,user,25.0,700,1.0
1,basic_no_format,83, model,2359,1.0,user,26.0,701,1.0
1,basic_no_format,84, represents,18627,1.0,user,27.0,702,1.0
1,basic_no_format,85, an,448,1.0,user,28.0,703,1.0
1,basic_no_format,86, instruction,21179,1.0,user,29.0,704,1.0
1,basic_no_format,87, inside,6772,1.0,user,30.0,705,1.0
1,basic_no_format,88, a,261,1.0,user,31.0,706,1.0
1,basic_no_format,89, webpage,53556,1.0,user,32.0,707,1.0
1,basic_no_format,90,.,13,1.0,user,33.0,708,1.0
1,basic_no_format,91, What,4614,1.0,user,34.0,709,1.0
1,basic_no_format,92, would,1481,1.0,user,35.0,710,1.0
1,basic_no_format,93, make,1520,1.0,user,36.0,711,1.0
1,basic_no_format,94, the,290,1.0,user,37.0,712,1.0
1,basic_no_format,95, comparison,19211,1.0,user,38.0,713,1.0
1,basic_no_format,96, more,945,1.0,user,39.0,714,1.0
1,basic_no_format,97, informative,36918,1.0,user,40.0,715,1.0
1,basic_no_format,98, than,1572,1.0,user,41.0,716,1.0
1,basic_no_format,99, one,1001,1.0,user,42.0,717,1.0
1,basic_no_format,100, before,2254,1.0,user,43.0,718,1.0
1,basic_no_format,101,-and,17224,1.0,user,44.0,719,1.0
1,basic_no_format,102,-after,86018,1.0,user,45.0,720,1.0
1,basic_no_format,103, plot,12857,1.0,user,46.0,721,1.0
1,basic_no_format,104,"?
",3901,1.0,user,47.0,722,1.0
1,basic_no_format,105,The,976,2.0,cot,1.0,723,2.0
1,basic_no_format,106, user,1825,2.0,cot,2.0,724,2.0
1,basic_no_format,107, wants,10648,2.0,cot,3.0,725,2.0
1,basic_no_format,108, to,316,2.0,cot,4.0,726,2.0
1,basic_no_format,109, isolate,79669,2.0,cot,5.0,727,2.0
1,basic_no_format,110, a,261,2.0,cot,6.0,728,2.0
1,basic_no_format,111, permission,14158,2.0,cot,7.0,729,2.0
1,basic_no_format,112,-related,21408,2.0,cot,8.0,730,2.0
1,basic_no_format,113, change,3343,2.0,cot,9.0,731,2.0
1,basic_no_format,114, from,591,2.0,cot,10.0,732,2.0
1,basic_no_format,115, general,5985,2.0,cot,11.0,733,2.0
1,basic_no_format,116, effects,9327,2.0,cot,12.0,734,2.0
1,basic_no_format,117, of,328,2.0,cot,13.0,735,2.0
1,basic_no_format,118, adding,12673,2.0,cot,14.0,736,2.0
1,basic_no_format,119, text,2201,2.0,cot,15.0,737,2.0
1,basic_no_format,120, to,316,2.0,cot,16.0,738,2.0
1,basic_no_format,121, the,290,2.0,cot,17.0,739,2.0
1,basic_no_format,122, conversation,15681,2.0,cot,18.0,740,2.0
1,basic_no_format,123,.,13,2.0,cot,19.0,741,2.0
1,basic_no_format,124, I,357,2.0,cot,20.0,742,2.0
1,basic_no_format,125, should,1757,2.0,cot,21.0,743,2.0
1,basic_no_format,126, propose,22910,2.0,cot,22.0,744,2.0
1,basic_no_format,127, an,448,2.0,cot,23.0,745,2.0
1,basic_no_format,128, explicit,23141,2.0,cot,24.0,746,2.0
1,basic_no_format,129, comparison,19211,2.0,cot,25.0,747,2.0
1,basic_no_format,130, between,2870,2.0,cot,26.0,748,2.0
1,basic_no_format,131, instruction,21179,2.0,cot,27.0,749,2.0
1,basic_no_format,132,-bearing,155466,2.0,cot,28.0,750,2.0
1,basic_no_format,133, content,3100,2.0,cot,29.0,751,2.0
1,basic_no_format,134, and,326,2.0,cot,30.0,752,2.0
1,basic_no_format,135, a,261,2.0,cot,31.0,753,2.0
1,basic_no_format,136, replacement,19207,2.0,cot,32.0,754,2.0
1,basic_no_format,137, passage,26368,2.0,cot,33.0,755,2.0
1,basic_no_format,138,",",11,2.0,cot,34.0,756,2.0
1,basic_no_format,139, each,2454,2.0,cot,35.0,757,2.0
1,basic_no_format,140, with,483,2.0,cot,36.0,758,2.0
1,basic_no_format,141, and,326,2.0,cot,37.0,759,2.0
1,basic_no_format,142, without,2935,2.0,cot,38.0,760,2.0
1,basic_no_format,143, the,290,2.0,cot,39.0,761,2.0
1,basic_no_format,144, same,2684,2.0,cot,40.0,762,2.0
1,basic_no_format,145, permission,14158,2.0,cot,41.0,763,2.0
1,basic_no_format,146, sentence,21872,2.0,cot,42.0,764,2.0
1,basic_no_format,147,.,13,2.0,cot,43.0,765,2.0
1,basic_no_format,148, This,1328,2.0,cot,44.0,766,2.0
1,basic_no_format,149, creates,18518,2.0,cot,45.0,767,2.0
1,basic_no_format,150, a,261,2.0,cot,46.0,768,2.0
1,basic_no_format,151, difference,9809,2.0,cot,47.0,769,2.0
1,basic_no_format,152, of,328,2.0,cot,48.0,770,2.0
1,basic_no_format,153, changes,6629,2.0,cot,49.0,771,2.0
1,basic_no_format,154,",",11,2.0,cot,50.0,772,2.0
1,basic_no_format,155, but,889,2.0,cot,51.0,773,2.0
1,basic_no_format,156, it,480,2.0,cot,52.0,774,2.0
1,basic_no_format,157, still,2928,2.0,cot,53.0,775,2.0
1,basic_no_format,158, depends,20102,2.0,cot,54.0,776,2.0
1,basic_no_format,159, on,402,2.0,cot,55.0,777,2.0
1,basic_no_format,160, the,290,2.0,cot,56.0,778,2.0
1,basic_no_format,161, quality,4169,2.0,cot,57.0,779,2.0
1,basic_no_format,162, of,328,2.0,cot,58.0,780,2.0
1,basic_no_format,163, the,290,2.0,cot,59.0,781,2.0
1,basic_no_format,164, replacement,19207,2.0,cot,60.0,782,2.0
1,basic_no_format,165, and,326,2.0,cot,61.0,783,2.0
1,basic_no_format,166, does,2226,2.0,cot,62.0,784,2.0
1,basic_no_format,167, not,625,2.0,cot,63.0,785,2.0
1,basic_no_format,168, make,1520,2.0,cot,64.0,786,2.0
1,basic_no_format,169, the,290,2.0,cot,65.0,787,2.0
1,basic_no_format,170, wording,117551,2.0,cot,66.0,788,2.0
1,basic_no_format,171, variation,35930,2.0,cot,67.0,789,2.0
1,basic_no_format,172, magically,157554,2.0,cot,68.0,790,2.0
1,basic_no_format,173, isolated,42329,2.0,cot,69.0,791,2.0
1,basic_no_format,174,.,13,2.0,cot,70.0,792,2.0
1,basic_no_format,175, The,623,2.0,cot,71.0,793,2.0
1,basic_no_format,176, ordinary,30633,2.0,cot,72.0,794,2.0
1,basic_no_format,177, task,5296,2.0,cot,73.0,795,2.0
1,basic_no_format,178,",",11,2.0,cot,74.0,796,2.0
1,basic_no_format,179, surrounding,20708,2.0,cot,75.0,797,2.0
1,basic_no_format,180, webpage,53556,2.0,cot,76.0,798,2.0
1,basic_no_format,181,",",11,2.0,cot,77.0,799,2.0
1,basic_no_format,182, order,2569,2.0,cot,78.0,800,2.0
1,basic_no_format,183,",",11,2.0,cot,79.0,801,2.0
1,basic_no_format,184, and,326,2.0,cot,80.0,802,2.0
1,basic_no_format,185, scored,27207,2.0,cot,81.0,803,2.0
1,basic_no_format,186, span,19861,2.0,cot,82.0,804,2.0
1,basic_no_format,187, should,1757,2.0,cot,83.0,805,2.0
1,basic_no_format,188, be,413,2.0,cot,84.0,806,2.0
1,basic_no_format,189, specified,10185,2.0,cot,85.0,807,2.0
1,basic_no_format,190,.,13,2.0,cot,86.0,808,2.0
1,basic_no_format,191, I,357,2.0,cot,87.0,809,2.0
1,basic_no_format,192, should,1757,2.0,cot,88.0,810,2.0
1,basic_no_format,193, keep,3357,2.0,cot,89.0,811,2.0
1,basic_no_format,194, representation,22311,2.0,cot,90.0,812,2.0
1,basic_no_format,195, and,326,2.0,cot,91.0,813,2.0
1,basic_no_format,196, behavior,12741,2.0,cot,92.0,814,2.0
1,basic_no_format,197, separate,13574,2.0,cot,93.0,815,2.0
1,basic_no_format,198,",",11,2.0,cot,94.0,816,2.0
1,basic_no_format,199, since,3630,2.0,cot,95.0,817,2.0
1,basic_no_format,200, the,290,2.0,cot,96.0,818,2.0
1,basic_no_format,201, proposed,17994,2.0,cot,97.0,819,2.0
1,basic_no_format,202, measurement,27666,2.0,cot,98.0,820,2.0
1,basic_no_format,203, only,1606,2.0,cot,99.0,821,2.0
1,basic_no_format,204, concerns,16098,2.0,cot,100.0,822,2.0
1,basic_no_format,205, captured,32571,2.0,cot,101.0,823,2.0
1,basic_no_format,206, activ,4155,2.0,cot,102.0,824,2.0
1,basic_no_format,207,ations,929,2.0,cot,103.0,825,2.0
1,basic_no_format,208,".
",558,2.0,cot,104.0,826,2.0
1,basic_no_format,209,Use,8470,3.0,assistant,1.0,827,3.0
1,basic_no_format,210, four,4242,3.0,assistant,2.0,828,3.0
1,basic_no_format,211, conditions,6409,3.0,assistant,3.0,829,3.0
1,basic_no_format,212,:,25,3.0,assistant,4.0,830,3.0
1,basic_no_format,213, instruction,21179,3.0,assistant,5.0,831,3.0
1,basic_no_format,214, content,3100,3.0,assistant,6.0,832,3.0
1,basic_no_format,215, with,483,3.0,assistant,7.0,833,3.0
1,basic_no_format,216, and,326,3.0,assistant,8.0,834,3.0
1,basic_no_format,217, without,2935,3.0,assistant,9.0,835,3.0
1,basic_no_format,218, permission,14158,3.0,assistant,10.0,836,3.0
1,basic_no_format,219,",",11,3.0,assistant,11.0,837,3.0
1,basic_no_format,220, and,326,3.0,assistant,12.0,838,3.0
1,basic_no_format,221, replacement,19207,3.0,assistant,13.0,839,3.0
1,basic_no_format,222, content,3100,3.0,assistant,14.0,840,3.0
1,basic_no_format,223, with,483,3.0,assistant,15.0,841,3.0
1,basic_no_format,224, and,326,3.0,assistant,16.0,842,3.0
1,basic_no_format,225, without,2935,3.0,assistant,17.0,843,3.0
1,basic_no_format,226, the,290,3.0,assistant,18.0,844,3.0
1,basic_no_format,227, same,2684,3.0,assistant,19.0,845,3.0
1,basic_no_format,228, permission,14158,3.0,assistant,20.0,846,3.0
1,basic_no_format,229,.,13,3.0,assistant,21.0,847,3.0
1,basic_no_format,230, Keep,16835,3.0,assistant,22.0,848,3.0
1,basic_no_format,231, the,290,3.0,assistant,23.0,849,3.0
1,basic_no_format,232, ordinary,30633,3.0,assistant,24.0,850,3.0
1,basic_no_format,233, user,1825,3.0,assistant,25.0,851,3.0
1,basic_no_format,234, request,2616,3.0,assistant,26.0,852,3.0
1,basic_no_format,235, and,326,3.0,assistant,27.0,853,3.0
1,basic_no_format,236, the,290,3.0,assistant,28.0,854,3.0
1,basic_no_format,237, rest,2867,3.0,assistant,29.0,855,3.0
1,basic_no_format,238, of,328,3.0,assistant,30.0,856,3.0
1,basic_no_format,239, the,290,3.0,assistant,31.0,857,3.0
1,basic_no_format,240, webpage,53556,3.0,assistant,32.0,858,3.0
1,basic_no_format,241, fixed,13213,3.0,assistant,33.0,859,3.0
1,basic_no_format,242,.,13,3.0,assistant,34.0,860,3.0
1,basic_no_format,243, Choose,25151,3.0,assistant,35.0,861,3.0
1,basic_no_format,244, replacement,19207,3.0,assistant,36.0,862,3.0
1,basic_no_format,245, prose,85855,3.0,assistant,37.0,863,3.0
1,basic_no_format,246, that,484,3.0,assistant,38.0,864,3.0
1,basic_no_format,247, occupies,134274,3.0,assistant,39.0,865,3.0
1,basic_no_format,248, the,290,3.0,assistant,40.0,866,3.0
1,basic_no_format,249, intended,15663,3.0,assistant,41.0,867,3.0
1,basic_no_format,250, span,19861,3.0,assistant,42.0,868,3.0
1,basic_no_format,251, without,2935,3.0,assistant,43.0,869,3.0
1,basic_no_format,252, asking,16054,3.0,assistant,44.0,870,3.0
1,basic_no_format,253, for,395,3.0,assistant,45.0,871,3.0
1,basic_no_format,254, the,290,3.0,assistant,46.0,872,3.0
1,basic_no_format,255, action,3736,3.0,assistant,47.0,873,3.0
1,basic_no_format,256,",",11,3.0,assistant,48.0,874,3.0
1,basic_no_format,257, and,326,3.0,assistant,49.0,875,3.0
1,basic_no_format,258, document,3213,3.0,assistant,50.0,876,3.0
1,basic_no_format,259, any,1062,3.0,assistant,51.0,877,3.0
1,basic_no_format,260, remaining,15448,3.0,assistant,52.0,878,3.0
1,basic_no_format,261, differences,19504,3.0,assistant,53.0,879,3.0
1,basic_no_format,262, in,306,3.0,assistant,54.0,880,3.0
1,basic_no_format,263, length,5517,3.0,assistant,55.0,881,3.0
1,basic_no_format,264, or,503,3.0,assistant,56.0,882,3.0
1,basic_no_format,265, wording,117551,3.0,assistant,57.0,883,3.0
1,basic_no_format,266,.,13,3.0,assistant,58.0,884,3.0
1,basic_no_format,267, Compare,38200,3.0,assistant,59.0,885,3.0
1,basic_no_format,268, the,290,3.0,assistant,60.0,886,3.0
1,basic_no_format,269, permission,14158,3.0,assistant,61.0,887,3.0
1,basic_no_format,270,-related,21408,3.0,assistant,62.0,888,3.0
1,basic_no_format,271, change,3343,3.0,assistant,63.0,889,3.0
1,basic_no_format,272, in,306,3.0,assistant,64.0,890,3.0
1,basic_no_format,273, the,290,3.0,assistant,65.0,891,3.0
1,basic_no_format,274, instruction,21179,3.0,assistant,66.0,892,3.0
1,basic_no_format,275, span,19861,3.0,assistant,67.0,893,3.0
1,basic_no_format,276, with,483,3.0,assistant,68.0,894,3.0
1,basic_no_format,277, the,290,3.0,assistant,69.0,895,3.0
1,basic_no_format,278, change,3343,3.0,assistant,70.0,896,3.0
1,basic_no_format,279, in,306,3.0,assistant,71.0,897,3.0
1,basic_no_format,280, the,290,3.0,assistant,72.0,898,3.0
1,basic_no_format,281, replacement,19207,3.0,assistant,73.0,899,3.0
1,basic_no_format,282, span,19861,3.0,assistant,74.0,900,3.0
1,basic_no_format,283,.,13,3.0,assistant,75.0,901,3.0
1,basic_no_format,284, This,1328,3.0,assistant,76.0,902,3.0
1,basic_no_format,285, tests,10742,3.0,assistant,77.0,903,3.0
1,basic_no_format,286, whether,5588,3.0,assistant,78.0,904,3.0
1,basic_no_format,287, the,290,3.0,assistant,79.0,905,3.0
1,basic_no_format,288, added,5768,3.0,assistant,80.0,906,3.0
1,basic_no_format,289, sentence,21872,3.0,assistant,81.0,907,3.0
1,basic_no_format,290, has,853,3.0,assistant,82.0,908,3.0
1,basic_no_format,291, a,261,3.0,assistant,83.0,909,3.0
1,basic_no_format,292, different,2647,3.0,assistant,84.0,910,3.0
1,basic_no_format,293, association,23021,3.0,assistant,85.0,911,3.0
1,basic_no_format,294, with,483,3.0,assistant,86.0,912,3.0
1,basic_no_format,295, the,290,3.0,assistant,87.0,913,3.0
1,basic_no_format,296, two,1920,3.0,assistant,88.0,914,3.0
1,basic_no_format,297, constructions,126322,3.0,assistant,89.0,915,3.0
1,basic_no_format,298,.,13,3.0,assistant,90.0,916,3.0
1,basic_no_format,299, Save,15564,3.0,assistant,91.0,917,3.0
1,basic_no_format,300, the,290,3.0,assistant,92.0,918,3.0
1,basic_no_format,301, exact,6354,3.0,assistant,93.0,919,3.0
1,basic_no_format,302, texts,35562,3.0,assistant,94.0,920,3.0
1,basic_no_format,303,",",11,3.0,assistant,95.0,921,3.0
1,basic_no_format,304, and,326,3.0,assistant,96.0,922,3.0
1,basic_no_format,305, measure,9714,3.0,assistant,97.0,923,3.0
1,basic_no_format,306, any,1062,3.0,assistant,98.0,924,3.0
1,basic_no_format,307, generated,13768,3.0,assistant,99.0,925,3.0
1,basic_no_format,308, behavior,12741,3.0,assistant,100.0,926,3.0
1,basic_no_format,309, separately,37741,3.0,assistant,101.0,927,3.0
1,basic_no_format,310, if,538,3.0,assistant,102.0,928,3.0
1,basic_no_format,311, you,481,3.0,assistant,103.0,929,3.0
1,basic_no_format,312, want,1682,3.0,assistant,104.0,930,3.0
1,basic_no_format,313, to,316,3.0,assistant,105.0,931,3.0
1,basic_no_format,314, connect,4837,3.0,assistant,106.0,932,3.0
1,basic_no_format,315, the,290,3.0,assistant,107.0,933,3.0
1,basic_no_format,316, representation,22311,3.0,assistant,108.0,934,3.0
1,basic_no_format,317, change,3343,3.0,assistant,109.0,935,3.0
1,basic_no_format,318, to,316,3.0,assistant,110.0,936,3.0
1,basic_no_format,319, an,448,3.0,assistant,111.0,937,3.0
1,basic_no_format,320, action,3736,3.0,assistant,112.0,938,3.0
1,basic_no_format,321,".
",558,3.0,assistant,113.0,939,3.0
1,basic_no_format,322,Thanks,14897,4.0,user,1.0,940,4.0
1,basic_no_format,323,!,0,4.0,user,2.0,941,4.0
1,basic_no_format,324, How,3253,4.0,user,3.0,942,4.0
1,basic_no_format,325, do,621,4.0,user,4.0,943,4.0
1,basic_no_format,326, I,357,4.0,user,5.0,944,4.0
1,basic_no_format,327, explain,16644,4.0,user,6.0,945,4.0
1,basic_no_format,328, what,1412,4.0,user,7.0,946,4.0
1,basic_no_format,329, remains,14777,4.0,user,8.0,947,4.0
1,basic_no_format,330, uncertain,59410,4.0,user,9.0,948,4.0
1,basic_no_format,331, after,1934,4.0,user,10.0,949,4.0
1,basic_no_format,332, that,484,4.0,user,11.0,950,4.0
1,basic_no_format,333, control,3580,4.0,user,12.0,951,4.0
1,basic_no_format,334,?,30,4.0,user,13.0,952,4.0
1,basic_no_format,335, I,357,4.0,user,14.0,953,4.0
1,basic_no_format,336, want,1682,4.0,user,15.0,954,4.0
1,basic_no_format,337, the,290,4.0,user,16.0,955,4.0
1,basic_no_format,338, M,391,4.0,user,17.0,956,4.0
1,basic_no_format,339,ATS,42222,4.0,user,18.0,957,4.0
1,basic_no_format,340, report,3019,4.0,user,19.0,958,4.0
1,basic_no_format,341, to,316,4.0,user,20.0,959,4.0
1,basic_no_format,342, make,1520,4.0,user,21.0,960,4.0
1,basic_no_format,343, a,261,4.0,user,22.0,961,4.0
1,basic_no_format,344, clear,5364,4.0,user,23.0,962,4.0
1,basic_no_format,345, affirmative,159284,4.0,user,24.0,963,4.0
1,basic_no_format,346, claim,6445,4.0,user,25.0,964,4.0
1,basic_no_format,347,",",11,4.0,user,26.0,965,4.0
1,basic_no_format,348, but,889,4.0,user,27.0,966,4.0
1,basic_no_format,349, I,357,4.0,user,28.0,967,4.0
1,basic_no_format,350, don't,4128,4.0,user,29.0,968,4.0
1,basic_no_format,351, want,1682,4.0,user,30.0,969,4.0
1,basic_no_format,352, the,290,4.0,user,31.0,970,4.0
1,basic_no_format,353, phrase,27179,4.0,user,32.0,971,4.0
1,basic_no_format,354, permission,14158,4.0,user,33.0,972,4.0
1,basic_no_format,355, effect,3159,4.0,user,34.0,973,4.0
1,basic_no_format,356, to,316,4.0,user,35.0,974,4.0
1,basic_no_format,357, suggest,6108,4.0,user,36.0,975,4.0
1,basic_no_format,358, that,484,4.0,user,37.0,976,4.0
1,basic_no_format,359, every,1753,4.0,user,38.0,977,4.0
1,basic_no_format,360, alternative,13319,4.0,user,39.0,978,4.0
1,basic_no_format,361, explanation,30547,4.0,user,40.0,979,4.0
1,basic_no_format,362, has,853,4.0,user,41.0,980,4.0
1,basic_no_format,363, been,1339,4.0,user,42.0,981,4.0
1,basic_no_format,364, removed,11906,4.0,user,43.0,982,4.0
1,basic_no_format,365,".
",558,4.0,user,44.0,983,4.0
1,basic_no_format,366,The,976,5.0,cot,1.0,984,5.0
1,basic_no_format,367, user,1825,5.0,cot,2.0,985,5.0
1,basic_no_format,368, is,382,5.0,cot,3.0,986,5.0
1,basic_no_format,369, asking,16054,5.0,cot,4.0,987,5.0
1,basic_no_format,370, for,395,5.0,cot,5.0,988,5.0
1,basic_no_format,371, a,261,5.0,cot,6.0,989,5.0
1,basic_no_format,372, claim,6445,5.0,cot,7.0,990,5.0
1,basic_no_format,373, whose,12119,5.0,cot,8.0,991,5.0
1,basic_no_format,374, wording,117551,5.0,cot,9.0,992,5.0
1,basic_no_format,375, matches,15248,5.0,cot,10.0,993,5.0
1,basic_no_format,376, a,261,5.0,cot,11.0,994,5.0
1,basic_no_format,377, controlled,23006,5.0,cot,12.0,995,5.0
1,basic_no_format,378, but,889,5.0,cot,13.0,996,5.0
1,basic_no_format,379, imperfect,125414,5.0,cot,14.0,997,5.0
1,basic_no_format,380, comparison,19211,5.0,cot,15.0,998,5.0
1,basic_no_format,381,.,13,5.0,cot,16.0,999,5.0
1,basic_no_format,382, I,357,5.0,cot,17.0,1000,5.0
1,basic_no_format,383, should,1757,5.0,cot,18.0,1001,5.0
1,basic_no_format,384, name,1308,5.0,cot,19.0,1002,5.0
1,basic_no_format,385, the,290,5.0,cot,20.0,1003,5.0
1,basic_no_format,386, exact,6354,5.0,cot,21.0,1004,5.0
1,basic_no_format,387, intervention,32206,5.0,cot,22.0,1005,5.0
1,basic_no_format,388, and,326,5.0,cot,23.0,1006,5.0
1,basic_no_format,389, population,11540,5.0,cot,24.0,1007,5.0
1,basic_no_format,390, rather,7542,5.0,cot,25.0,1008,5.0
1,basic_no_format,391, than,1572,5.0,cot,26.0,1009,5.0
1,basic_no_format,392, imply,68590,5.0,cot,27.0,1010,5.0
1,basic_no_format,393, an,448,5.0,cot,28.0,1011,5.0
1,basic_no_format,394, abstract,13004,5.0,cot,29.0,1012,5.0
1,basic_no_format,395, causal,107345,5.0,cot,30.0,1013,5.0
1,basic_no_format,396, mechanism,27004,5.0,cot,31.0,1014,5.0
1,basic_no_format,397, of,328,5.0,cot,32.0,1015,5.0
1,basic_no_format,398, permission,14158,5.0,cot,33.0,1016,5.0
1,basic_no_format,399,.,13,5.0,cot,34.0,1017,5.0
1,basic_no_format,400, The,623,5.0,cot,35.0,1018,5.0
1,basic_no_format,401, same,2684,5.0,cot,36.0,1019,5.0
1,basic_no_format,402, added,5768,5.0,cot,37.0,1020,5.0
1,basic_no_format,403, sentence,21872,5.0,cot,38.0,1021,5.0
1,basic_no_format,404, can,665,5.0,cot,39.0,1022,5.0
1,basic_no_format,405, change,3343,5.0,cot,40.0,1023,5.0
1,basic_no_format,406, lexical,173846,5.0,cot,41.0,1024,5.0
1,basic_no_format,407, context,3814,5.0,cot,42.0,1025,5.0
1,basic_no_format,408,",",11,5.0,cot,43.0,1026,5.0
1,basic_no_format,409, attention,8684,5.0,cot,44.0,1027,5.0
1,basic_no_format,410,",",11,5.0,cot,45.0,1028,5.0
1,basic_no_format,411, and,326,5.0,cot,46.0,1029,5.0
1,basic_no_format,412, interpretation,39300,5.0,cot,47.0,1030,5.0
1,basic_no_format,413, at,540,5.0,cot,48.0,1031,5.0
1,basic_no_format,414, once,4730,5.0,cot,49.0,1032,5.0
1,basic_no_format,415,.,13,5.0,cot,50.0,1033,5.0
1,basic_no_format,416, A,355,5.0,cot,51.0,1034,5.0
1,basic_no_format,417, replacement,19207,5.0,cot,52.0,1035,5.0
1,basic_no_format,418, control,3580,5.0,cot,53.0,1036,5.0
1,basic_no_format,419, addresses,20866,5.0,cot,54.0,1037,5.0
1,basic_no_format,420, some,1236,5.0,cot,55.0,1038,5.0
1,basic_no_format,421, shared,9599,5.0,cot,56.0,1039,5.0
1,basic_no_format,422, changes,6629,5.0,cot,57.0,1040,5.0
1,basic_no_format,423, while,2049,5.0,cot,58.0,1041,5.0
1,basic_no_format,424, leaving,15021,5.0,cot,59.0,1042,5.0
1,basic_no_format,425, others,5036,5.0,cot,60.0,1043,5.0
1,basic_no_format,426, possible,4149,5.0,cot,61.0,1044,5.0
1,basic_no_format,427,.,13,5.0,cot,62.0,1045,5.0
1,basic_no_format,428, The,623,5.0,cot,63.0,1046,5.0
1,basic_no_format,429, answer,6052,5.0,cot,64.0,1047,5.0
1,basic_no_format,430, should,1757,5.0,cot,65.0,1048,5.0
1,basic_no_format,431, state,2608,5.0,cot,66.0,1049,5.0
1,basic_no_format,432, the,290,5.0,cot,67.0,1050,5.0
1,basic_no_format,433, measured,26489,5.0,cot,68.0,1051,5.0
1,basic_no_format,434, contrast,20663,5.0,cot,69.0,1052,5.0
1,basic_no_format,435, directly,8516,5.0,cot,70.0,1053,5.0
1,basic_no_format,436,",",11,5.0,cot,71.0,1054,5.0
1,basic_no_format,437, then,1815,5.0,cot,72.0,1055,5.0
1,basic_no_format,438, identify,11410,5.0,cot,73.0,1056,5.0
1,basic_no_format,439, the,290,5.0,cot,74.0,1057,5.0
1,basic_no_format,440, most,1645,5.0,cot,75.0,1058,5.0
1,basic_no_format,441, consequential,159025,5.0,cot,76.0,1059,5.0
1,basic_no_format,442, unresolved,156375,5.0,cot,77.0,1060,5.0
1,basic_no_format,443, explanation,30547,5.0,cot,78.0,1061,5.0
1,basic_no_format,444, and,326,5.0,cot,79.0,1062,5.0
1,basic_no_format,445, a,261,5.0,cot,80.0,1063,5.0
1,basic_no_format,446, follow,2622,5.0,cot,81.0,1064,5.0
1,basic_no_format,447,-up,7288,5.0,cot,82.0,1065,5.0
1,basic_no_format,448, that,484,5.0,cot,83.0,1066,5.0
1,basic_no_format,449, could,2023,5.0,cot,84.0,1067,5.0
1,basic_no_format,450, distinguish,59938,5.0,cot,85.0,1068,5.0
1,basic_no_format,451, it,480,5.0,cot,86.0,1069,5.0
1,basic_no_format,452,.,13,5.0,cot,87.0,1070,5.0
1,basic_no_format,453, This,1328,5.0,cot,88.0,1071,5.0
1,basic_no_format,454, gives,8967,5.0,cot,89.0,1072,5.0
1,basic_no_format,455, the,290,5.0,cot,90.0,1073,5.0
1,basic_no_format,456, result,1534,5.0,cot,91.0,1074,5.0
1,basic_no_format,457, a,261,5.0,cot,92.0,1075,5.0
1,basic_no_format,458, clear,5364,5.0,cot,93.0,1076,5.0
1,basic_no_format,459, meaning,10915,5.0,cot,94.0,1077,5.0
1,basic_no_format,460, without,2935,5.0,cot,95.0,1078,5.0
1,basic_no_format,461, surrounding,20708,5.0,cot,96.0,1079,5.0
1,basic_no_format,462, it,480,5.0,cot,97.0,1080,5.0
1,basic_no_format,463, with,483,5.0,cot,98.0,1081,5.0
1,basic_no_format,464, an,448,5.0,cot,99.0,1082,5.0
1,basic_no_format,465, un,537,5.0,cot,100.0,1083,5.0
1,basic_no_format,466,structured,85679,5.0,cot,101.0,1084,5.0
1,basic_no_format,467, list,1562,5.0,cot,102.0,1085,5.0
1,basic_no_format,468, of,328,5.0,cot,103.0,1086,5.0
1,basic_no_format,469, cave,44365,5.0,cot,104.0,1087,5.0
1,basic_no_format,470,ats,1838,5.0,cot,105.0,1088,5.0
1,basic_no_format,471,".
",558,5.0,cot,106.0,1089,5.0
1,basic_no_format,472,Name,864,6.0,assistant,1.0,1090,6.0
1,basic_no_format,473, the,290,6.0,assistant,2.0,1091,6.0
1,basic_no_format,474, actual,6290,6.0,assistant,3.0,1092,6.0
1,basic_no_format,475, comparison,19211,6.0,assistant,4.0,1093,6.0
1,basic_no_format,476,:,25,6.0,assistant,5.0,1094,6.0
1,basic_no_format,477, adding,12673,6.0,assistant,6.0,1095,6.0
1,basic_no_format,478, this,495,6.0,assistant,7.0,1096,6.0
1,basic_no_format,479, permission,14158,6.0,assistant,8.0,1097,6.0
1,basic_no_format,480, sentence,21872,6.0,assistant,9.0,1098,6.0
1,basic_no_format,481, changed,9180,6.0,assistant,10.0,1099,6.0
1,basic_no_format,482, the,290,6.0,assistant,11.0,1100,6.0
1,basic_no_format,483, chosen,16180,6.0,assistant,12.0,1101,6.0
1,basic_no_format,484, read,1729,6.0,assistant,13.0,1102,6.0
1,basic_no_format,485,out,468,6.0,assistant,14.0,1103,6.0
1,basic_no_format,486, differently,36490,6.0,assistant,15.0,1104,6.0
1,basic_no_format,487, for,395,6.0,assistant,16.0,1105,6.0
1,basic_no_format,488, the,290,6.0,assistant,17.0,1106,6.0
1,basic_no_format,489, instruction,21179,6.0,assistant,18.0,1107,6.0
1,basic_no_format,490, passage,26368,6.0,assistant,19.0,1108,6.0
1,basic_no_format,491, and,326,6.0,assistant,20.0,1109,6.0
1,basic_no_format,492, its,1617,6.0,assistant,21.0,1110,6.0
1,basic_no_format,493, replacement,19207,6.0,assistant,22.0,1111,6.0
1,basic_no_format,494, control,3580,6.0,assistant,23.0,1112,6.0
1,basic_no_format,495,.,13,6.0,assistant,24.0,1113,6.0
1,basic_no_format,496, State,5388,6.0,assistant,25.0,1114,6.0
1,basic_no_format,497, the,290,6.0,assistant,26.0,1115,6.0
1,basic_no_format,498, model,2359,6.0,assistant,27.0,1116,6.0
1,basic_no_format,499,",",11,6.0,assistant,28.0,1117,6.0
1,basic_no_format,500, sampled,84838,6.0,assistant,29.0,1118,6.0
1,basic_no_format,501, contexts,67568,6.0,assistant,30.0,1119,6.0
1,basic_no_format,502,",",11,6.0,assistant,31.0,1120,6.0
1,basic_no_format,503, scored,27207,6.0,assistant,32.0,1121,6.0
1,basic_no_format,504, span,19861,6.0,assistant,33.0,1122,6.0
1,basic_no_format,505,",",11,6.0,assistant,34.0,1123,6.0
1,basic_no_format,506, and,326,6.0,assistant,35.0,1124,6.0
1,basic_no_format,507, aggregation,93321,6.0,assistant,36.0,1125,6.0
1,basic_no_format,508, rule,10652,6.0,assistant,37.0,1126,6.0
1,basic_no_format,509, alongside,26162,6.0,assistant,38.0,1127,6.0
1,basic_no_format,510, the,290,6.0,assistant,39.0,1128,6.0
1,basic_no_format,511, result,1534,6.0,assistant,40.0,1129,6.0
1,basic_no_format,512,.,13,6.0,assistant,41.0,1130,6.0
1,basic_no_format,513, That,4569,6.0,assistant,42.0,1131,6.0
1,basic_no_format,514, is,382,6.0,assistant,43.0,1132,6.0
1,basic_no_format,515, a,261,6.0,assistant,44.0,1133,6.0
1,basic_no_format,516, concrete,19230,6.0,assistant,45.0,1134,6.0
1,basic_no_format,517, finding,12129,6.0,assistant,46.0,1135,6.0
1,basic_no_format,518, if,538,6.0,assistant,47.0,1136,6.0
1,basic_no_format,519, the,290,6.0,assistant,48.0,1137,6.0
1,basic_no_format,520, measurements,29039,6.0,assistant,49.0,1138,6.0
1,basic_no_format,521, support,2498,6.0,assistant,50.0,1139,6.0
1,basic_no_format,522, it,480,6.0,assistant,51.0,1140,6.0
1,basic_no_format,523,.,13,6.0,assistant,52.0,1141,6.0
1,basic_no_format,524, Then,7801,6.0,assistant,53.0,1142,6.0
1,basic_no_format,525, explain,16644,6.0,assistant,54.0,1143,6.0
1,basic_no_format,526, the,290,6.0,assistant,55.0,1144,6.0
1,basic_no_format,527, main,2758,6.0,assistant,56.0,1145,6.0
1,basic_no_format,528, remaining,15448,6.0,assistant,57.0,1146,6.0
1,basic_no_format,529, uncertainty,44942,6.0,assistant,58.0,1147,6.0
1,basic_no_format,530,",",11,6.0,assistant,59.0,1148,6.0
1,basic_no_format,531, such,2238,6.0,assistant,60.0,1149,6.0
1,basic_no_format,532, as,472,6.0,assistant,61.0,1150,6.0
1,basic_no_format,533, whether,5588,6.0,assistant,62.0,1151,6.0
1,basic_no_format,534, the,290,6.0,assistant,63.0,1152,6.0
1,basic_no_format,535, difference,9809,6.0,assistant,64.0,1153,6.0
1,basic_no_format,536, depends,20102,6.0,assistant,65.0,1154,6.0
1,basic_no_format,537, on,402,6.0,assistant,66.0,1155,6.0
1,basic_no_format,538, lexical,173846,6.0,assistant,67.0,1156,6.0
1,basic_no_format,539, overlap,56631,6.0,assistant,68.0,1157,6.0
1,basic_no_format,540, between,2870,6.0,assistant,69.0,1158,6.0
1,basic_no_format,541, the,290,6.0,assistant,70.0,1159,6.0
1,basic_no_format,542, permission,14158,6.0,assistant,71.0,1160,6.0
1,basic_no_format,543, sentence,21872,6.0,assistant,72.0,1161,6.0
1,basic_no_format,544, and,326,6.0,assistant,73.0,1162,6.0
1,basic_no_format,545, the,290,6.0,assistant,74.0,1163,6.0
1,basic_no_format,546, instruction,21179,6.0,assistant,75.0,1164,6.0
1,basic_no_format,547,.,13,6.0,assistant,76.0,1165,6.0
1,basic_no_format,548, A,355,6.0,assistant,77.0,1166,6.0
1,basic_no_format,549, follow,2622,6.0,assistant,78.0,1167,6.0
1,basic_no_format,550,-up,7288,6.0,assistant,79.0,1168,6.0
1,basic_no_format,551, can,665,6.0,assistant,80.0,1169,6.0
1,basic_no_format,552, vary,14899,6.0,assistant,81.0,1170,6.0
1,basic_no_format,553, the,290,6.0,assistant,82.0,1171,6.0
1,basic_no_format,554, permission,14158,6.0,assistant,83.0,1172,6.0
1,basic_no_format,555, wording,117551,6.0,assistant,84.0,1173,6.0
1,basic_no_format,556, while,2049,6.0,assistant,85.0,1174,6.0
1,basic_no_format,557, preserving,74564,6.0,assistant,86.0,1175,6.0
1,basic_no_format,558, its,1617,6.0,assistant,87.0,1176,6.0
1,basic_no_format,559, intended,15663,6.0,assistant,88.0,1177,6.0
1,basic_no_format,560, meaning,10915,6.0,assistant,89.0,1178,6.0
1,basic_no_format,561,.,13,6.0,assistant,90.0,1179,6.0
1,basic_no_format,562, This,1328,6.0,assistant,91.0,1180,6.0
1,basic_no_format,563, lets,19733,6.0,assistant,92.0,1181,6.0
1,basic_no_format,564, the,290,6.0,assistant,93.0,1182,6.0
1,basic_no_format,565, reader,10958,6.0,assistant,94.0,1183,6.0
1,basic_no_format,566, understand,4218,6.0,assistant,95.0,1184,6.0
1,basic_no_format,567, both,2973,6.0,assistant,96.0,1185,6.0
1,basic_no_format,568, what,1412,6.0,assistant,97.0,1186,6.0
1,basic_no_format,569, the,290,6.0,assistant,98.0,1187,6.0
1,basic_no_format,570, current,2208,6.0,assistant,99.0,1188,6.0
1,basic_no_format,571, comparison,19211,6.0,assistant,100.0,1189,6.0
1,basic_no_format,572, establishes,108998,6.0,assistant,101.0,1190,6.0
1,basic_no_format,573, and,326,6.0,assistant,102.0,1191,6.0
1,basic_no_format,574, which,1118,6.0,assistant,103.0,1192,6.0
1,basic_no_format,575, broader,50568,6.0,assistant,104.0,1193,6.0
1,basic_no_format,576, interpretation,39300,6.0,assistant,105.0,1194,6.0
1,basic_no_format,577, still,2928,6.0,assistant,106.0,1195,6.0
1,basic_no_format,578, requires,10860,6.0,assistant,107.0,1196,6.0
1,basic_no_format,579, another,3613,6.0,assistant,108.0,1197,6.0
1,basic_no_format,580, test,1746,6.0,assistant,109.0,1198,6.0
1,basic_no_format,581,.,13,6.0,assistant,110.0,1199,6.0
2,everything_in_user_tags,0,<|startoftext|>,199998,,,,1200,
2,everything_in_user_tags,1,<|start|>,200006,,,,1201,
2,everything_in_user_tags,2,user,1428,,,,1202,
2,everything_in_user_tags,3,<|message|>,200008,,,,1203,
2,everything_in_user_tags,4,You,3575,0.0,system,1.0,1204,0.0
2,everything_in_user_tags,5, are,553,0.0,system,2.0,1205,0.0
2,everything_in_user_tags,6, Chat,17554,0.0,system,3.0,1206,0.0
2,everything_in_user_tags,7,GPT,162016,0.0,system,4.0,1207,0.0
2,everything_in_user_tags,8,",",11,0.0,system,5.0,1208,0.0
2,everything_in_user_tags,9, a,261,0.0,system,6.0,1209,0.0
2,everything_in_user_tags,10, large,4410,0.0,system,7.0,1210,0.0
2,everything_in_user_tags,11, language,6439,0.0,system,8.0,1211,0.0
2,everything_in_user_tags,12, model,2359,0.0,system,9.0,1212,0.0
2,everything_in_user_tags,13, trained,22203,0.0,system,10.0,1213,0.0
2,everything_in_user_tags,14, by,656,0.0,system,11.0,1214,0.0
2,everything_in_user_tags,15, Open,7788,0.0,system,12.0,1215,0.0
2,everything_in_user_tags,16,AI,17527,0.0,system,13.0,1216,0.0
2,everything_in_user_tags,17,".
",558,0.0,system,14.0,1217,0.0
2,everything_in_user_tags,18,Knowledge,87447,0.0,system,15.0,1218,0.0
2,everything_in_user_tags,19, cutoff,100594,0.0,system,16.0,1219,0.0
2,everything_in_user_tags,20,:,25,0.0,system,17.0,1220,0.0
2,everything_in_user_tags,21, ,220,0.0,system,18.0,1221,0.0
2,everything_in_user_tags,22,202,1323,0.0,system,19.0,1222,0.0
2,everything_in_user_tags,23,4,19,0.0,system,20.0,1223,0.0
2,everything_in_user_tags,24,-,12,0.0,system,21.0,1224,0.0
2,everything_in_user_tags,25,06,3218,0.0,system,22.0,1225,0.0
2,everything_in_user_tags,26,"
",198,0.0,system,23.0,1226,0.0
2,everything_in_user_tags,27,Current,6576,0.0,system,24.0,1227,0.0
2,everything_in_user_tags,28, date,3521,0.0,system,25.0,1228,0.0
2,everything_in_user_tags,29,:,25,0.0,system,26.0,1229,0.0
2,everything_in_user_tags,30, ,220,0.0,system,27.0,1230,0.0
2,everything_in_user_tags,31,202,1323,0.0,system,28.0,1231,0.0
2,everything_in_user_tags,32,5,20,0.0,system,29.0,1232,0.0
2,everything_in_user_tags,33,-,12,0.0,system,30.0,1233,0.0
2,everything_in_user_tags,34,10,702,0.0,system,31.0,1234,0.0
2,everything_in_user_tags,35,-,12,0.0,system,32.0,1235,0.0
2,everything_in_user_tags,36,01,2290,0.0,system,33.0,1236,0.0
2,everything_in_user_tags,37,"

",279,0.0,system,34.0,1237,0.0
2,everything_in_user_tags,38,Reason,30377,0.0,system,35.0,1238,0.0
2,everything_in_user_tags,39,ing,289,0.0,system,36.0,1239,0.0
2,everything_in_user_tags,40,:,25,0.0,system,37.0,1240,0.0
2,everything_in_user_tags,41, medium,14093,0.0,system,38.0,1241,0.0
2,everything_in_user_tags,42,"

",279,0.0,system,39.0,1242,0.0
2,everything_in_user_tags,43,#,2,0.0,system,40.0,1243,0.0
2,everything_in_user_tags,44, Valid,13888,0.0,system,41.0,1244,0.0
2,everything_in_user_tags,45, channels,18403,0.0,system,42.0,1245,0.0
2,everything_in_user_tags,46,:,25,0.0,system,43.0,1246,0.0
2,everything_in_user_tags,47, analysis,8450,0.0,system,44.0,1247,0.0
2,everything_in_user_tags,48,",",11,0.0,system,45.0,1248,0.0
2,everything_in_user_tags,49, commentary,49159,0.0,system,46.0,1249,0.0
2,everything_in_user_tags,50,",",11,0.0,system,47.0,1250,0.0
2,everything_in_user_tags,51, final,1721,0.0,system,48.0,1251,0.0
2,everything_in_user_tags,52,.,13,0.0,system,49.0,1252,0.0
2,everything_in_user_tags,53, Channel,21030,0.0,system,50.0,1253,0.0
2,everything_in_user_tags,54, must,2804,0.0,system,51.0,1254,0.0
2,everything_in_user_tags,55, be,413,0.0,system,52.0,1255,0.0
2,everything_in_user_tags,56, included,7360,0.0,system,53.0,1256,0.0
2,everything_in_user_tags,57, for,395,0.0,system,54.0,1257,0.0
2,everything_in_user_tags,58, every,1753,0.0,system,55.0,1258,0.0
2,everything_in_user_tags,59, message,3176,0.0,system,56.0,1259,0.0
2,everything_in_user_tags,60,".
",558,0.0,system,57.0,1260,0.0
2,everything_in_user_tags,61,Hi,12194,1.0,user,1.0,1261,1.0
2,everything_in_user_tags,62,!,0,1.0,user,2.0,1262,1.0
2,everything_in_user_tags,63, I'm,5477,1.0,user,3.0,1263,1.0
2,everything_in_user_tags,64, designing,35623,1.0,user,4.0,1264,1.0
2,everything_in_user_tags,65, a,261,1.0,user,5.0,1265,1.0
2,everything_in_user_tags,66, M,391,1.0,user,6.0,1266,1.0
2,everything_in_user_tags,67,ATS,42222,1.0,user,7.0,1267,1.0
2,everything_in_user_tags,68, experiment,12527,1.0,user,8.0,1268,1.0
2,everything_in_user_tags,69, to,316,1.0,user,9.0,1269,1.0
2,everything_in_user_tags,70, discuss,5381,1.0,user,10.0,1270,1.0
2,everything_in_user_tags,71, with,483,1.0,user,11.0,1271,1.0
2,everything_in_user_tags,72, Ne,4475,1.0,user,12.0,1272,1.0
2,everything_in_user_tags,73,el,296,1.0,user,13.0,1273,1.0
2,everything_in_user_tags,74,.,13,1.0,user,14.0,1274,1.0
2,everything_in_user_tags,75, I,357,1.0,user,15.0,1275,1.0
2,everything_in_user_tags,76, want,1682,1.0,user,16.0,1276,1.0
2,everything_in_user_tags,77, to,316,1.0,user,17.0,1277,1.0
2,everything_in_user_tags,78, know,1761,1.0,user,18.0,1278,1.0
2,everything_in_user_tags,79, whether,5588,1.0,user,19.0,1279,1.0
2,everything_in_user_tags,80, a,261,1.0,user,20.0,1280,1.0
2,everything_in_user_tags,81, permission,14158,1.0,user,21.0,1281,1.0
2,everything_in_user_tags,82, sentence,21872,1.0,user,22.0,1282,1.0
2,everything_in_user_tags,83, changes,6629,1.0,user,23.0,1283,1.0
2,everything_in_user_tags,84, how,1495,1.0,user,24.0,1284,1.0
2,everything_in_user_tags,85, a,261,1.0,user,25.0,1285,1.0
2,everything_in_user_tags,86, model,2359,1.0,user,26.0,1286,1.0
2,everything_in_user_tags,87, represents,18627,1.0,user,27.0,1287,1.0
2,everything_in_user_tags,88, an,448,1.0,user,28.0,1288,1.0
2,everything_in_user_tags,89, instruction,21179,1.0,user,29.0,1289,1.0
2,everything_in_user_tags,90, inside,6772,1.0,user,30.0,1290,1.0
2,everything_in_user_tags,91, a,261,1.0,user,31.0,1291,1.0
2,everything_in_user_tags,92, webpage,53556,1.0,user,32.0,1292,1.0
2,everything_in_user_tags,93,.,13,1.0,user,33.0,1293,1.0
2,everything_in_user_tags,94, What,4614,1.0,user,34.0,1294,1.0
2,everything_in_user_tags,95, would,1481,1.0,user,35.0,1295,1.0
2,everything_in_user_tags,96, make,1520,1.0,user,36.0,1296,1.0
2,everything_in_user_tags,97, the,290,1.0,user,37.0,1297,1.0
2,everything_in_user_tags,98, comparison,19211,1.0,user,38.0,1298,1.0
2,everything_in_user_tags,99, more,945,1.0,user,39.0,1299,1.0
2,everything_in_user_tags,100, informative,36918,1.0,user,40.0,1300,1.0
2,everything_in_user_tags,101, than,1572,1.0,user,41.0,1301,1.0
2,everything_in_user_tags,102, one,1001,1.0,user,42.0,1302,1.0
2,everything_in_user_tags,103, before,2254,1.0,user,43.0,1303,1.0
2,everything_in_user_tags,104,-and,17224,1.0,user,44.0,1304,1.0
2,everything_in_user_tags,105,-after,86018,1.0,user,45.0,1305,1.0
2,everything_in_user_tags,106, plot,12857,1.0,user,46.0,1306,1.0
2,everything_in_user_tags,107,"?
",3901,1.0,user,47.0,1307,1.0
2,everything_in_user_tags,108,The,976,2.0,cot,1.0,1308,2.0
2,everything_in_user_tags,109, user,1825,2.0,cot,2.0,1309,2.0
2,everything_in_user_tags,110, wants,10648,2.0,cot,3.0,1310,2.0
2,everything_in_user_tags,111, to,316,2.0,cot,4.0,1311,2.0
2,everything_in_user_tags,112, isolate,79669,2.0,cot,5.0,1312,2.0
2,everything_in_user_tags,113, a,261,2.0,cot,6.0,1313,2.0
2,everything_in_user_tags,114, permission,14158,2.0,cot,7.0,1314,2.0
2,everything_in_user_tags,115,-related,21408,2.0,cot,8.0,1315,2.0
2,everything_in_user_tags,116, change,3343,2.0,cot,9.0,1316,2.0
2,everything_in_user_tags,117, from,591,2.0,cot,10.0,1317,2.0
2,everything_in_user_tags,118, general,5985,2.0,cot,11.0,1318,2.0
2,everything_in_user_tags,119, effects,9327,2.0,cot,12.0,1319,2.0
2,everything_in_user_tags,120, of,328,2.0,cot,13.0,1320,2.0
2,everything_in_user_tags,121, adding,12673,2.0,cot,14.0,1321,2.0
2,everything_in_user_tags,122, text,2201,2.0,cot,15.0,1322,2.0
2,everything_in_user_tags,123, to,316,2.0,cot,16.0,1323,2.0
2,everything_in_user_tags,124, the,290,2.0,cot,17.0,1324,2.0
2,everything_in_user_tags,125, conversation,15681,2.0,cot,18.0,1325,2.0
2,everything_in_user_tags,126,.,13,2.0,cot,19.0,1326,2.0
2,everything_in_user_tags,127, I,357,2.0,cot,20.0,1327,2.0
2,everything_in_user_tags,128, should,1757,2.0,cot,21.0,1328,2.0
2,everything_in_user_tags,129, propose,22910,2.0,cot,22.0,1329,2.0
2,everything_in_user_tags,130, an,448,2.0,cot,23.0,1330,2.0
2,everything_in_user_tags,131, explicit,23141,2.0,cot,24.0,1331,2.0
2,everything_in_user_tags,132, comparison,19211,2.0,cot,25.0,1332,2.0
2,everything_in_user_tags,133, between,2870,2.0,cot,26.0,1333,2.0
2,everything_in_user_tags,134, instruction,21179,2.0,cot,27.0,1334,2.0
2,everything_in_user_tags,135,-bearing,155466,2.0,cot,28.0,1335,2.0
2,everything_in_user_tags,136, content,3100,2.0,cot,29.0,1336,2.0
2,everything_in_user_tags,137, and,326,2.0,cot,30.0,1337,2.0
2,everything_in_user_tags,138, a,261,2.0,cot,31.0,1338,2.0
2,everything_in_user_tags,139, replacement,19207,2.0,cot,32.0,1339,2.0
2,everything_in_user_tags,140, passage,26368,2.0,cot,33.0,1340,2.0
2,everything_in_user_tags,141,",",11,2.0,cot,34.0,1341,2.0
2,everything_in_user_tags,142, each,2454,2.0,cot,35.0,1342,2.0
2,everything_in_user_tags,143, with,483,2.0,cot,36.0,1343,2.0
2,everything_in_user_tags,144, and,326,2.0,cot,37.0,1344,2.0
2,everything_in_user_tags,145, without,2935,2.0,cot,38.0,1345,2.0
2,everything_in_user_tags,146, the,290,2.0,cot,39.0,1346,2.0
2,everything_in_user_tags,147, same,2684,2.0,cot,40.0,1347,2.0
2,everything_in_user_tags,148, permission,14158,2.0,cot,41.0,1348,2.0
2,everything_in_user_tags,149, sentence,21872,2.0,cot,42.0,1349,2.0
2,everything_in_user_tags,150,.,13,2.0,cot,43.0,1350,2.0
2,everything_in_user_tags,151, This,1328,2.0,cot,44.0,1351,2.0
2,everything_in_user_tags,152, creates,18518,2.0,cot,45.0,1352,2.0
2,everything_in_user_tags,153, a,261,2.0,cot,46.0,1353,2.0
2,everything_in_user_tags,154, difference,9809,2.0,cot,47.0,1354,2.0
2,everything_in_user_tags,155, of,328,2.0,cot,48.0,1355,2.0
2,everything_in_user_tags,156, changes,6629,2.0,cot,49.0,1356,2.0
2,everything_in_user_tags,157,",",11,2.0,cot,50.0,1357,2.0
2,everything_in_user_tags,158, but,889,2.0,cot,51.0,1358,2.0
2,everything_in_user_tags,159, it,480,2.0,cot,52.0,1359,2.0
2,everything_in_user_tags,160, still,2928,2.0,cot,53.0,1360,2.0
2,everything_in_user_tags,161, depends,20102,2.0,cot,54.0,1361,2.0
2,everything_in_user_tags,162, on,402,2.0,cot,55.0,1362,2.0
2,everything_in_user_tags,163, the,290,2.0,cot,56.0,1363,2.0
2,everything_in_user_tags,164, quality,4169,2.0,cot,57.0,1364,2.0
2,everything_in_user_tags,165, of,328,2.0,cot,58.0,1365,2.0
2,everything_in_user_tags,166, the,290,2.0,cot,59.0,1366,2.0
2,everything_in_user_tags,167, replacement,19207,2.0,cot,60.0,1367,2.0
2,everything_in_user_tags,168, and,326,2.0,cot,61.0,1368,2.0
2,everything_in_user_tags,169, does,2226,2.0,cot,62.0,1369,2.0
2,everything_in_user_tags,170, not,625,2.0,cot,63.0,1370,2.0
2,everything_in_user_tags,171, make,1520,2.0,cot,64.0,1371,2.0
2,everything_in_user_tags,172, the,290,2.0,cot,65.0,1372,2.0
2,everything_in_user_tags,173, wording,117551,2.0,cot,66.0,1373,2.0
2,everything_in_user_tags,174, variation,35930,2.0,cot,67.0,1374,2.0
2,everything_in_user_tags,175, magically,157554,2.0,cot,68.0,1375,2.0
2,everything_in_user_tags,176, isolated,42329,2.0,cot,69.0,1376,2.0
2,everything_in_user_tags,177,.,13,2.0,cot,70.0,1377,2.0
2,everything_in_user_tags,178, The,623,2.0,cot,71.0,1378,2.0
2,everything_in_user_tags,179, ordinary,30633,2.0,cot,72.0,1379,2.0
2,everything_in_user_tags,180, task,5296,2.0,cot,73.0,1380,2.0
2,everything_in_user_tags,181,",",11,2.0,cot,74.0,1381,2.0
2,everything_in_user_tags,182, surrounding,20708,2.0,cot,75.0,1382,2.0
2,everything_in_user_tags,183, webpage,53556,2.0,cot,76.0,1383,2.0
2,everything_in_user_tags,184,",",11,2.0,cot,77.0,1384,2.0
2,everything_in_user_tags,185, order,2569,2.0,cot,78.0,1385,2.0
2,everything_in_user_tags,186,",",11,2.0,cot,79.0,1386,2.0
2,everything_in_user_tags,187, and,326,2.0,cot,80.0,1387,2.0
2,everything_in_user_tags,188, scored,27207,2.0,cot,81.0,1388,2.0
2,everything_in_user_tags,189, span,19861,2.0,cot,82.0,1389,2.0
2,everything_in_user_tags,190, should,1757,2.0,cot,83.0,1390,2.0
2,everything_in_user_tags,191, be,413,2.0,cot,84.0,1391,2.0
2,everything_in_user_tags,192, specified,10185,2.0,cot,85.0,1392,2.0
2,everything_in_user_tags,193,.,13,2.0,cot,86.0,1393,2.0
2,everything_in_user_tags,194, I,357,2.0,cot,87.0,1394,2.0
2,everything_in_user_tags,195, should,1757,2.0,cot,88.0,1395,2.0
2,everything_in_user_tags,196, keep,3357,2.0,cot,89.0,1396,2.0
2,everything_in_user_tags,197, representation,22311,2.0,cot,90.0,1397,2.0
2,everything_in_user_tags,198, and,326,2.0,cot,91.0,1398,2.0
2,everything_in_user_tags,199, behavior,12741,2.0,cot,92.0,1399,2.0
2,everything_in_user_tags,200, separate,13574,2.0,cot,93.0,1400,2.0
2,everything_in_user_tags,201,",",11,2.0,cot,94.0,1401,2.0
2,everything_in_user_tags,202, since,3630,2.0,cot,95.0,1402,2.0
2,everything_in_user_tags,203, the,290,2.0,cot,96.0,1403,2.0
2,everything_in_user_tags,204, proposed,17994,2.0,cot,97.0,1404,2.0
2,everything_in_user_tags,205, measurement,27666,2.0,cot,98.0,1405,2.0
2,everything_in_user_tags,206, only,1606,2.0,cot,99.0,1406,2.0
2,everything_in_user_tags,207, concerns,16098,2.0,cot,100.0,1407,2.0
2,everything_in_user_tags,208, captured,32571,2.0,cot,101.0,1408,2.0
2,everything_in_user_tags,209, activ,4155,2.0,cot,102.0,1409,2.0
2,everything_in_user_tags,210,ations,929,2.0,cot,103.0,1410,2.0
2,everything_in_user_tags,211,".
",558,2.0,cot,104.0,1411,2.0
2,everything_in_user_tags,212,Use,8470,3.0,assistant,1.0,1412,3.0
2,everything_in_user_tags,213, four,4242,3.0,assistant,2.0,1413,3.0
2,everything_in_user_tags,214, conditions,6409,3.0,assistant,3.0,1414,3.0
2,everything_in_user_tags,215,:,25,3.0,assistant,4.0,1415,3.0
2,everything_in_user_tags,216, instruction,21179,3.0,assistant,5.0,1416,3.0
2,everything_in_user_tags,217, content,3100,3.0,assistant,6.0,1417,3.0
2,everything_in_user_tags,218, with,483,3.0,assistant,7.0,1418,3.0
2,everything_in_user_tags,219, and,326,3.0,assistant,8.0,1419,3.0
2,everything_in_user_tags,220, without,2935,3.0,assistant,9.0,1420,3.0
2,everything_in_user_tags,221, permission,14158,3.0,assistant,10.0,1421,3.0
2,everything_in_user_tags,222,",",11,3.0,assistant,11.0,1422,3.0
2,everything_in_user_tags,223, and,326,3.0,assistant,12.0,1423,3.0
2,everything_in_user_tags,224, replacement,19207,3.0,assistant,13.0,1424,3.0
2,everything_in_user_tags,225, content,3100,3.0,assistant,14.0,1425,3.0
2,everything_in_user_tags,226, with,483,3.0,assistant,15.0,1426,3.0
2,everything_in_user_tags,227, and,326,3.0,assistant,16.0,1427,3.0
2,everything_in_user_tags,228, without,2935,3.0,assistant,17.0,1428,3.0
2,everything_in_user_tags,229, the,290,3.0,assistant,18.0,1429,3.0
2,everything_in_user_tags,230, same,2684,3.0,assistant,19.0,1430,3.0
2,everything_in_user_tags,231, permission,14158,3.0,assistant,20.0,1431,3.0
2,everything_in_user_tags,232,.,13,3.0,assistant,21.0,1432,3.0
2,everything_in_user_tags,233, Keep,16835,3.0,assistant,22.0,1433,3.0
2,everything_in_user_tags,234, the,290,3.0,assistant,23.0,1434,3.0
2,everything_in_user_tags,235, ordinary,30633,3.0,assistant,24.0,1435,3.0
2,everything_in_user_tags,236, user,1825,3.0,assistant,25.0,1436,3.0
2,everything_in_user_tags,237, request,2616,3.0,assistant,26.0,1437,3.0
2,everything_in_user_tags,238, and,326,3.0,assistant,27.0,1438,3.0
2,everything_in_user_tags,239, the,290,3.0,assistant,28.0,1439,3.0
2,everything_in_user_tags,240, rest,2867,3.0,assistant,29.0,1440,3.0
2,everything_in_user_tags,241, of,328,3.0,assistant,30.0,1441,3.0
2,everything_in_user_tags,242, the,290,3.0,assistant,31.0,1442,3.0
2,everything_in_user_tags,243, webpage,53556,3.0,assistant,32.0,1443,3.0
2,everything_in_user_tags,244, fixed,13213,3.0,assistant,33.0,1444,3.0
2,everything_in_user_tags,245,.,13,3.0,assistant,34.0,1445,3.0
2,everything_in_user_tags,246, Choose,25151,3.0,assistant,35.0,1446,3.0
2,everything_in_user_tags,247, replacement,19207,3.0,assistant,36.0,1447,3.0
2,everything_in_user_tags,248, prose,85855,3.0,assistant,37.0,1448,3.0
2,everything_in_user_tags,249, that,484,3.0,assistant,38.0,1449,3.0
2,everything_in_user_tags,250, occupies,134274,3.0,assistant,39.0,1450,3.0
2,everything_in_user_tags,251, the,290,3.0,assistant,40.0,1451,3.0
2,everything_in_user_tags,252, intended,15663,3.0,assistant,41.0,1452,3.0
2,everything_in_user_tags,253, span,19861,3.0,assistant,42.0,1453,3.0
2,everything_in_user_tags,254, without,2935,3.0,assistant,43.0,1454,3.0
2,everything_in_user_tags,255, asking,16054,3.0,assistant,44.0,1455,3.0
2,everything_in_user_tags,256, for,395,3.0,assistant,45.0,1456,3.0
2,everything_in_user_tags,257, the,290,3.0,assistant,46.0,1457,3.0
2,everything_in_user_tags,258, action,3736,3.0,assistant,47.0,1458,3.0
2,everything_in_user_tags,259,",",11,3.0,assistant,48.0,1459,3.0
2,everything_in_user_tags,260, and,326,3.0,assistant,49.0,1460,3.0
2,everything_in_user_tags,261, document,3213,3.0,assistant,50.0,1461,3.0
2,everything_in_user_tags,262, any,1062,3.0,assistant,51.0,1462,3.0
2,everything_in_user_tags,263, remaining,15448,3.0,assistant,52.0,1463,3.0
2,everything_in_user_tags,264, differences,19504,3.0,assistant,53.0,1464,3.0
2,everything_in_user_tags,265, in,306,3.0,assistant,54.0,1465,3.0
2,everything_in_user_tags,266, length,5517,3.0,assistant,55.0,1466,3.0
2,everything_in_user_tags,267, or,503,3.0,assistant,56.0,1467,3.0
2,everything_in_user_tags,268, wording,117551,3.0,assistant,57.0,1468,3.0
2,everything_in_user_tags,269,.,13,3.0,assistant,58.0,1469,3.0
2,everything_in_user_tags,270, Compare,38200,3.0,assistant,59.0,1470,3.0
2,everything_in_user_tags,271, the,290,3.0,assistant,60.0,1471,3.0
2,everything_in_user_tags,272, permission,14158,3.0,assistant,61.0,1472,3.0
2,everything_in_user_tags,273,-related,21408,3.0,assistant,62.0,1473,3.0
2,everything_in_user_tags,274, change,3343,3.0,assistant,63.0,1474,3.0
2,everything_in_user_tags,275, in,306,3.0,assistant,64.0,1475,3.0
2,everything_in_user_tags,276, the,290,3.0,assistant,65.0,1476,3.0
2,everything_in_user_tags,277, instruction,21179,3.0,assistant,66.0,1477,3.0
2,everything_in_user_tags,278, span,19861,3.0,assistant,67.0,1478,3.0
2,everything_in_user_tags,279, with,483,3.0,assistant,68.0,1479,3.0
2,everything_in_user_tags,280, the,290,3.0,assistant,69.0,1480,3.0
2,everything_in_user_tags,281, change,3343,3.0,assistant,70.0,1481,3.0
2,everything_in_user_tags,282, in,306,3.0,assistant,71.0,1482,3.0
2,everything_in_user_tags,283, the,290,3.0,assistant,72.0,1483,3.0
2,everything_in_user_tags,284, replacement,19207,3.0,assistant,73.0,1484,3.0
2,everything_in_user_tags,285, span,19861,3.0,assistant,74.0,1485,3.0
2,everything_in_user_tags,286,.,13,3.0,assistant,75.0,1486,3.0
2,everything_in_user_tags,287, This,1328,3.0,assistant,76.0,1487,3.0
2,everything_in_user_tags,288, tests,10742,3.0,assistant,77.0,1488,3.0
2,everything_in_user_tags,289, whether,5588,3.0,assistant,78.0,1489,3.0
2,everything_in_user_tags,290, the,290,3.0,assistant,79.0,1490,3.0
2,everything_in_user_tags,291, added,5768,3.0,assistant,80.0,1491,3.0
2,everything_in_user_tags,292, sentence,21872,3.0,assistant,81.0,1492,3.0
2,everything_in_user_tags,293, has,853,3.0,assistant,82.0,1493,3.0
2,everything_in_user_tags,294, a,261,3.0,assistant,83.0,1494,3.0
2,everything_in_user_tags,295, different,2647,3.0,assistant,84.0,1495,3.0
2,everything_in_user_tags,296, association,23021,3.0,assistant,85.0,1496,3.0
2,everything_in_user_tags,297, with,483,3.0,assistant,86.0,1497,3.0
2,everything_in_user_tags,298, the,290,3.0,assistant,87.0,1498,3.0
2,everything_in_user_tags,299, two,1920,3.0,assistant,88.0,1499,3.0
2,everything_in_user_tags,300, constructions,126322,3.0,assistant,89.0,1500,3.0
2,everything_in_user_tags,301,.,13,3.0,assistant,90.0,1501,3.0
2,everything_in_user_tags,302, Save,15564,3.0,assistant,91.0,1502,3.0
2,everything_in_user_tags,303, the,290,3.0,assistant,92.0,1503,3.0
2,everything_in_user_tags,304, exact,6354,3.0,assistant,93.0,1504,3.0
2,everything_in_user_tags,305, texts,35562,3.0,assistant,94.0,1505,3.0
2,everything_in_user_tags,306,",",11,3.0,assistant,95.0,1506,3.0
2,everything_in_user_tags,307, and,326,3.0,assistant,96.0,1507,3.0
2,everything_in_user_tags,308, measure,9714,3.0,assistant,97.0,1508,3.0
2,everything_in_user_tags,309, any,1062,3.0,assistant,98.0,1509,3.0
2,everything_in_user_tags,310, generated,13768,3.0,assistant,99.0,1510,3.0
2,everything_in_user_tags,311, behavior,12741,3.0,assistant,100.0,1511,3.0
2,everything_in_user_tags,312, separately,37741,3.0,assistant,101.0,1512,3.0
2,everything_in_user_tags,313, if,538,3.0,assistant,102.0,1513,3.0
2,everything_in_user_tags,314, you,481,3.0,assistant,103.0,1514,3.0
2,everything_in_user_tags,315, want,1682,3.0,assistant,104.0,1515,3.0
2,everything_in_user_tags,316, to,316,3.0,assistant,105.0,1516,3.0
2,everything_in_user_tags,317, connect,4837,3.0,assistant,106.0,1517,3.0
2,everything_in_user_tags,318, the,290,3.0,assistant,107.0,1518,3.0
2,everything_in_user_tags,319, representation,22311,3.0,assistant,108.0,1519,3.0
2,everything_in_user_tags,320, change,3343,3.0,assistant,109.0,1520,3.0
2,everything_in_user_tags,321, to,316,3.0,assistant,110.0,1521,3.0
2,everything_in_user_tags,322, an,448,3.0,assistant,111.0,1522,3.0
2,everything_in_user_tags,323, action,3736,3.0,assistant,112.0,1523,3.0
2,everything_in_user_tags,324,".
",558,3.0,assistant,113.0,1524,3.0
2,everything_in_user_tags,325,Thanks,14897,4.0,user,1.0,1525,4.0
2,everything_in_user_tags,326,!,0,4.0,user,2.0,1526,4.0
2,everything_in_user_tags,327, How,3253,4.0,user,3.0,1527,4.0
2,everything_in_user_tags,328, do,621,4.0,user,4.0,1528,4.0
2,everything_in_user_tags,329, I,357,4.0,user,5.0,1529,4.0
2,everything_in_user_tags,330, explain,16644,4.0,user,6.0,1530,4.0
2,everything_in_user_tags,331, what,1412,4.0,user,7.0,1531,4.0
2,everything_in_user_tags,332, remains,14777,4.0,user,8.0,1532,4.0
2,everything_in_user_tags,333, uncertain,59410,4.0,user,9.0,1533,4.0
2,everything_in_user_tags,334, after,1934,4.0,user,10.0,1534,4.0
2,everything_in_user_tags,335, that,484,4.0,user,11.0,1535,4.0
2,everything_in_user_tags,336, control,3580,4.0,user,12.0,1536,4.0
2,everything_in_user_tags,337,?,30,4.0,user,13.0,1537,4.0
2,everything_in_user_tags,338, I,357,4.0,user,14.0,1538,4.0
2,everything_in_user_tags,339, want,1682,4.0,user,15.0,1539,4.0
2,everything_in_user_tags,340, the,290,4.0,user,16.0,1540,4.0
2,everything_in_user_tags,341, M,391,4.0,user,17.0,1541,4.0
2,everything_in_user_tags,342,ATS,42222,4.0,user,18.0,1542,4.0
2,everything_in_user_tags,343, report,3019,4.0,user,19.0,1543,4.0
2,everything_in_user_tags,344, to,316,4.0,user,20.0,1544,4.0
2,everything_in_user_tags,345, make,1520,4.0,user,21.0,1545,4.0
2,everything_in_user_tags,346, a,261,4.0,user,22.0,1546,4.0
2,everything_in_user_tags,347, clear,5364,4.0,user,23.0,1547,4.0
2,everything_in_user_tags,348, affirmative,159284,4.0,user,24.0,1548,4.0
2,everything_in_user_tags,349, claim,6445,4.0,user,25.0,1549,4.0
2,everything_in_user_tags,350,",",11,4.0,user,26.0,1550,4.0
2,everything_in_user_tags,351, but,889,4.0,user,27.0,1551,4.0
2,everything_in_user_tags,352, I,357,4.0,user,28.0,1552,4.0
2,everything_in_user_tags,353, don't,4128,4.0,user,29.0,1553,4.0
2,everything_in_user_tags,354, want,1682,4.0,user,30.0,1554,4.0
2,everything_in_user_tags,355, the,290,4.0,user,31.0,1555,4.0
2,everything_in_user_tags,356, phrase,27179,4.0,user,32.0,1556,4.0
2,everything_in_user_tags,357, permission,14158,4.0,user,33.0,1557,4.0
2,everything_in_user_tags,358, effect,3159,4.0,user,34.0,1558,4.0
2,everything_in_user_tags,359, to,316,4.0,user,35.0,1559,4.0
2,everything_in_user_tags,360, suggest,6108,4.0,user,36.0,1560,4.0
2,everything_in_user_tags,361, that,484,4.0,user,37.0,1561,4.0
2,everything_in_user_tags,362, every,1753,4.0,user,38.0,1562,4.0
2,everything_in_user_tags,363, alternative,13319,4.0,user,39.0,1563,4.0
2,everything_in_user_tags,364, explanation,30547,4.0,user,40.0,1564,4.0
2,everything_in_user_tags,365, has,853,4.0,user,41.0,1565,4.0
2,everything_in_user_tags,366, been,1339,4.0,user,42.0,1566,4.0
2,everything_in_user_tags,367, removed,11906,4.0,user,43.0,1567,4.0
2,everything_in_user_tags,368,".
",558,4.0,user,44.0,1568,4.0
2,everything_in_user_tags,369,The,976,5.0,cot,1.0,1569,5.0
2,everything_in_user_tags,370, user,1825,5.0,cot,2.0,1570,5.0
2,everything_in_user_tags,371, is,382,5.0,cot,3.0,1571,5.0
2,everything_in_user_tags,372, asking,16054,5.0,cot,4.0,1572,5.0
2,everything_in_user_tags,373, for,395,5.0,cot,5.0,1573,5.0
2,everything_in_user_tags,374, a,261,5.0,cot,6.0,1574,5.0
2,everything_in_user_tags,375, claim,6445,5.0,cot,7.0,1575,5.0
2,everything_in_user_tags,376, whose,12119,5.0,cot,8.0,1576,5.0
2,everything_in_user_tags,377, wording,117551,5.0,cot,9.0,1577,5.0
2,everything_in_user_tags,378, matches,15248,5.0,cot,10.0,1578,5.0
2,everything_in_user_tags,379, a,261,5.0,cot,11.0,1579,5.0
2,everything_in_user_tags,380, controlled,23006,5.0,cot,12.0,1580,5.0
2,everything_in_user_tags,381, but,889,5.0,cot,13.0,1581,5.0
2,everything_in_user_tags,382, imperfect,125414,5.0,cot,14.0,1582,5.0
2,everything_in_user_tags,383, comparison,19211,5.0,cot,15.0,1583,5.0
2,everything_in_user_tags,384,.,13,5.0,cot,16.0,1584,5.0
2,everything_in_user_tags,385, I,357,5.0,cot,17.0,1585,5.0
2,everything_in_user_tags,386, should,1757,5.0,cot,18.0,1586,5.0
2,everything_in_user_tags,387, name,1308,5.0,cot,19.0,1587,5.0
2,everything_in_user_tags,388, the,290,5.0,cot,20.0,1588,5.0
2,everything_in_user_tags,389, exact,6354,5.0,cot,21.0,1589,5.0
2,everything_in_user_tags,390, intervention,32206,5.0,cot,22.0,1590,5.0
2,everything_in_user_tags,391, and,326,5.0,cot,23.0,1591,5.0
2,everything_in_user_tags,392, population,11540,5.0,cot,24.0,1592,5.0
2,everything_in_user_tags,393, rather,7542,5.0,cot,25.0,1593,5.0
2,everything_in_user_tags,394, than,1572,5.0,cot,26.0,1594,5.0
2,everything_in_user_tags,395, imply,68590,5.0,cot,27.0,1595,5.0
2,everything_in_user_tags,396, an,448,5.0,cot,28.0,1596,5.0
2,everything_in_user_tags,397, abstract,13004,5.0,cot,29.0,1597,5.0
2,everything_in_user_tags,398, causal,107345,5.0,cot,30.0,1598,5.0
2,everything_in_user_tags,399, mechanism,27004,5.0,cot,31.0,1599,5.0
2,everything_in_user_tags,400, of,328,5.0,cot,32.0,1600,5.0
2,everything_in_user_tags,401, permission,14158,5.0,cot,33.0,1601,5.0
2,everything_in_user_tags,402,.,13,5.0,cot,34.0,1602,5.0
2,everything_in_user_tags,403, The,623,5.0,cot,35.0,1603,5.0
2,everything_in_user_tags,404, same,2684,5.0,cot,36.0,1604,5.0
2,everything_in_user_tags,405, added,5768,5.0,cot,37.0,1605,5.0
2,everything_in_user_tags,406, sentence,21872,5.0,cot,38.0,1606,5.0
2,everything_in_user_tags,407, can,665,5.0,cot,39.0,1607,5.0
2,everything_in_user_tags,408, change,3343,5.0,cot,40.0,1608,5.0
2,everything_in_user_tags,409, lexical,173846,5.0,cot,41.0,1609,5.0
2,everything_in_user_tags,410, context,3814,5.0,cot,42.0,1610,5.0
2,everything_in_user_tags,411,",",11,5.0,cot,43.0,1611,5.0
2,everything_in_user_tags,412, attention,8684,5.0,cot,44.0,1612,5.0
2,everything_in_user_tags,413,",",11,5.0,cot,45.0,1613,5.0
2,everything_in_user_tags,414, and,326,5.0,cot,46.0,1614,5.0
2,everything_in_user_tags,415, interpretation,39300,5.0,cot,47.0,1615,5.0
2,everything_in_user_tags,416, at,540,5.0,cot,48.0,1616,5.0
2,everything_in_user_tags,417, once,4730,5.0,cot,49.0,1617,5.0
2,everything_in_user_tags,418,.,13,5.0,cot,50.0,1618,5.0
2,everything_in_user_tags,419, A,355,5.0,cot,51.0,1619,5.0
2,everything_in_user_tags,420, replacement,19207,5.0,cot,52.0,1620,5.0
2,everything_in_user_tags,421, control,3580,5.0,cot,53.0,1621,5.0
2,everything_in_user_tags,422, addresses,20866,5.0,cot,54.0,1622,5.0
2,everything_in_user_tags,423, some,1236,5.0,cot,55.0,1623,5.0
2,everything_in_user_tags,424, shared,9599,5.0,cot,56.0,1624,5.0
2,everything_in_user_tags,425, changes,6629,5.0,cot,57.0,1625,5.0
2,everything_in_user_tags,426, while,2049,5.0,cot,58.0,1626,5.0
2,everything_in_user_tags,427, leaving,15021,5.0,cot,59.0,1627,5.0
2,everything_in_user_tags,428, others,5036,5.0,cot,60.0,1628,5.0
2,everything_in_user_tags,429, possible,4149,5.0,cot,61.0,1629,5.0
2,everything_in_user_tags,430,.,13,5.0,cot,62.0,1630,5.0
2,everything_in_user_tags,431, The,623,5.0,cot,63.0,1631,5.0
2,everything_in_user_tags,432, answer,6052,5.0,cot,64.0,1632,5.0
2,everything_in_user_tags,433, should,1757,5.0,cot,65.0,1633,5.0
2,everything_in_user_tags,434, state,2608,5.0,cot,66.0,1634,5.0
2,everything_in_user_tags,435, the,290,5.0,cot,67.0,1635,5.0
2,everything_in_user_tags,436, measured,26489,5.0,cot,68.0,1636,5.0
2,everything_in_user_tags,437, contrast,20663,5.0,cot,69.0,1637,5.0
2,everything_in_user_tags,438, directly,8516,5.0,cot,70.0,1638,5.0
2,everything_in_user_tags,439,",",11,5.0,cot,71.0,1639,5.0
2,everything_in_user_tags,440, then,1815,5.0,cot,72.0,1640,5.0
2,everything_in_user_tags,441, identify,11410,5.0,cot,73.0,1641,5.0
2,everything_in_user_tags,442, the,290,5.0,cot,74.0,1642,5.0
2,everything_in_user_tags,443, most,1645,5.0,cot,75.0,1643,5.0
2,everything_in_user_tags,444, consequential,159025,5.0,cot,76.0,1644,5.0
2,everything_in_user_tags,445, unresolved,156375,5.0,cot,77.0,1645,5.0
2,everything_in_user_tags,446, explanation,30547,5.0,cot,78.0,1646,5.0
2,everything_in_user_tags,447, and,326,5.0,cot,79.0,1647,5.0
2,everything_in_user_tags,448, a,261,5.0,cot,80.0,1648,5.0
2,everything_in_user_tags,449, follow,2622,5.0,cot,81.0,1649,5.0
2,everything_in_user_tags,450,-up,7288,5.0,cot,82.0,1650,5.0
2,everything_in_user_tags,451, that,484,5.0,cot,83.0,1651,5.0
2,everything_in_user_tags,452, could,2023,5.0,cot,84.0,1652,5.0
2,everything_in_user_tags,453, distinguish,59938,5.0,cot,85.0,1653,5.0
2,everything_in_user_tags,454, it,480,5.0,cot,86.0,1654,5.0
2,everything_in_user_tags,455,.,13,5.0,cot,87.0,1655,5.0
2,everything_in_user_tags,456, This,1328,5.0,cot,88.0,1656,5.0
2,everything_in_user_tags,457, gives,8967,5.0,cot,89.0,1657,5.0
2,everything_in_user_tags,458, the,290,5.0,cot,90.0,1658,5.0
2,everything_in_user_tags,459, result,1534,5.0,cot,91.0,1659,5.0
2,everything_in_user_tags,460, a,261,5.0,cot,92.0,1660,5.0
2,everything_in_user_tags,461, clear,5364,5.0,cot,93.0,1661,5.0
2,everything_in_user_tags,462, meaning,10915,5.0,cot,94.0,1662,5.0
2,everything_in_user_tags,463, without,2935,5.0,cot,95.0,1663,5.0
2,everything_in_user_tags,464, surrounding,20708,5.0,cot,96.0,1664,5.0
2,everything_in_user_tags,465, it,480,5.0,cot,97.0,1665,5.0
2,everything_in_user_tags,466, with,483,5.0,cot,98.0,1666,5.0
2,everything_in_user_tags,467, an,448,5.0,cot,99.0,1667,5.0
2,everything_in_user_tags,468, un,537,5.0,cot,100.0,1668,5.0
2,everything_in_user_tags,469,structured,85679,5.0,cot,101.0,1669,5.0
2,everything_in_user_tags,470, list,1562,5.0,cot,102.0,1670,5.0
2,everything_in_user_tags,471, of,328,5.0,cot,103.0,1671,5.0
2,everything_in_user_tags,472, cave,44365,5.0,cot,104.0,1672,5.0
2,everything_in_user_tags,473,ats,1838,5.0,cot,105.0,1673,5.0
2,everything_in_user_tags,474,".
",558,5.0,cot,106.0,1674,5.0
2,everything_in_user_tags,475,Name,864,6.0,assistant,1.0,1675,6.0
2,everything_in_user_tags,476, the,290,6.0,assistant,2.0,1676,6.0
2,everything_in_user_tags,477, actual,6290,6.0,assistant,3.0,1677,6.0
2,everything_in_user_tags,478, comparison,19211,6.0,assistant,4.0,1678,6.0
2,everything_in_user_tags,479,:,25,6.0,assistant,5.0,1679,6.0
2,everything_in_user_tags,480, adding,12673,6.0,assistant,6.0,1680,6.0
2,everything_in_user_tags,481, this,495,6.0,assistant,7.0,1681,6.0
2,everything_in_user_tags,482, permission,14158,6.0,assistant,8.0,1682,6.0
2,everything_in_user_tags,483, sentence,21872,6.0,assistant,9.0,1683,6.0
2,everything_in_user_tags,484, changed,9180,6.0,assistant,10.0,1684,6.0
2,everything_in_user_tags,485, the,290,6.0,assistant,11.0,1685,6.0
2,everything_in_user_tags,486, chosen,16180,6.0,assistant,12.0,1686,6.0
2,everything_in_user_tags,487, read,1729,6.0,assistant,13.0,1687,6.0
2,everything_in_user_tags,488,out,468,6.0,assistant,14.0,1688,6.0
2,everything_in_user_tags,489, differently,36490,6.0,assistant,15.0,1689,6.0
2,everything_in_user_tags,490, for,395,6.0,assistant,16.0,1690,6.0
2,everything_in_user_tags,491, the,290,6.0,assistant,17.0,1691,6.0
2,everything_in_user_tags,492, instruction,21179,6.0,assistant,18.0,1692,6.0
2,everything_in_user_tags,493, passage,26368,6.0,assistant,19.0,1693,6.0
2,everything_in_user_tags,494, and,326,6.0,assistant,20.0,1694,6.0
2,everything_in_user_tags,495, its,1617,6.0,assistant,21.0,1695,6.0
2,everything_in_user_tags,496, replacement,19207,6.0,assistant,22.0,1696,6.0
2,everything_in_user_tags,497, control,3580,6.0,assistant,23.0,1697,6.0
2,everything_in_user_tags,498,.,13,6.0,assistant,24.0,1698,6.0
2,everything_in_user_tags,499, State,5388,6.0,assistant,25.0,1699,6.0
2,everything_in_user_tags,500, the,290,6.0,assistant,26.0,1700,6.0
2,everything_in_user_tags,501, model,2359,6.0,assistant,27.0,1701,6.0
2,everything_in_user_tags,502,",",11,6.0,assistant,28.0,1702,6.0
2,everything_in_user_tags,503, sampled,84838,6.0,assistant,29.0,1703,6.0
2,everything_in_user_tags,504, contexts,67568,6.0,assistant,30.0,1704,6.0
2,everything_in_user_tags,505,",",11,6.0,assistant,31.0,1705,6.0
2,everything_in_user_tags,506, scored,27207,6.0,assistant,32.0,1706,6.0
2,everything_in_user_tags,507, span,19861,6.0,assistant,33.0,1707,6.0
2,everything_in_user_tags,508,",",11,6.0,assistant,34.0,1708,6.0
2,everything_in_user_tags,509, and,326,6.0,assistant,35.0,1709,6.0
2,everything_in_user_tags,510, aggregation,93321,6.0,assistant,36.0,1710,6.0
2,everything_in_user_tags,511, rule,10652,6.0,assistant,37.0,1711,6.0
2,everything_in_user_tags,512, alongside,26162,6.0,assistant,38.0,1712,6.0
2,everything_in_user_tags,513, the,290,6.0,assistant,39.0,1713,6.0
2,everything_in_user_tags,514, result,1534,6.0,assistant,40.0,1714,6.0
2,everything_in_user_tags,515,.,13,6.0,assistant,41.0,1715,6.0
2,everything_in_user_tags,516, That,4569,6.0,assistant,42.0,1716,6.0
2,everything_in_user_tags,517, is,382,6.0,assistant,43.0,1717,6.0
2,everything_in_user_tags,518, a,261,6.0,assistant,44.0,1718,6.0
2,everything_in_user_tags,519, concrete,19230,6.0,assistant,45.0,1719,6.0
2,everything_in_user_tags,520, finding,12129,6.0,assistant,46.0,1720,6.0
2,everything_in_user_tags,521, if,538,6.0,assistant,47.0,1721,6.0
2,everything_in_user_tags,522, the,290,6.0,assistant,48.0,1722,6.0
2,everything_in_user_tags,523, measurements,29039,6.0,assistant,49.0,1723,6.0
2,everything_in_user_tags,524, support,2498,6.0,assistant,50.0,1724,6.0
2,everything_in_user_tags,525, it,480,6.0,assistant,51.0,1725,6.0
2,everything_in_user_tags,526,.,13,6.0,assistant,52.0,1726,6.0
2,everything_in_user_tags,527, Then,7801,6.0,assistant,53.0,1727,6.0
2,everything_in_user_tags,528, explain,16644,6.0,assistant,54.0,1728,6.0
2,everything_in_user_tags,529, the,290,6.0,assistant,55.0,1729,6.0
2,everything_in_user_tags,530, main,2758,6.0,assistant,56.0,1730,6.0
2,everything_in_user_tags,531, remaining,15448,6.0,assistant,57.0,1731,6.0
2,everything_in_user_tags,532, uncertainty,44942,6.0,assistant,58.0,1732,6.0
2,everything_in_user_tags,533,",",11,6.0,assistant,59.0,1733,6.0
2,everything_in_user_tags,534, such,2238,6.0,assistant,60.0,1734,6.0
2,everything_in_user_tags,535, as,472,6.0,assistant,61.0,1735,6.0
2,everything_in_user_tags,536, whether,5588,6.0,assistant,62.0,1736,6.0
2,everything_in_user_tags,537, the,290,6.0,assistant,63.0,1737,6.0
2,everything_in_user_tags,538, difference,9809,6.0,assistant,64.0,1738,6.0
2,everything_in_user_tags,539, depends,20102,6.0,assistant,65.0,1739,6.0
2,everything_in_user_tags,540, on,402,6.0,assistant,66.0,1740,6.0
2,everything_in_user_tags,541, lexical,173846,6.0,assistant,67.0,1741,6.0
2,everything_in_user_tags,542, overlap,56631,6.0,assistant,68.0,1742,6.0
2,everything_in_user_tags,543, between,2870,6.0,assistant,69.0,1743,6.0
2,everything_in_user_tags,544, the,290,6.0,assistant,70.0,1744,6.0
2,everything_in_user_tags,545, permission,14158,6.0,assistant,71.0,1745,6.0
2,everything_in_user_tags,546, sentence,21872,6.0,assistant,72.0,1746,6.0
2,everything_in_user_tags,547, and,326,6.0,assistant,73.0,1747,6.0
2,everything_in_user_tags,548, the,290,6.0,assistant,74.0,1748,6.0
2,everything_in_user_tags,549, instruction,21179,6.0,assistant,75.0,1749,6.0
2,everything_in_user_tags,550,.,13,6.0,assistant,76.0,1750,6.0
2,everything_in_user_tags,551, A,355,6.0,assistant,77.0,1751,6.0
2,everything_in_user_tags,552, follow,2622,6.0,assistant,78.0,1752,6.0
2,everything_in_user_tags,553,-up,7288,6.0,assistant,79.0,1753,6.0
2,everything_in_user_tags,554, can,665,6.0,assistant,80.0,1754,6.0
2,everything_in_user_tags,555, vary,14899,6.0,assistant,81.0,1755,6.0
2,everything_in_user_tags,556, the,290,6.0,assistant,82.0,1756,6.0
2,everything_in_user_tags,557, permission,14158,6.0,assistant,83.0,1757,6.0
2,everything_in_user_tags,558, wording,117551,6.0,assistant,84.0,1758,6.0
2,everything_in_user_tags,559, while,2049,6.0,assistant,85.0,1759,6.0
2,everything_in_user_tags,560, preserving,74564,6.0,assistant,86.0,1760,6.0
2,everything_in_user_tags,561, its,1617,6.0,assistant,87.0,1761,6.0
2,everything_in_user_tags,562, intended,15663,6.0,assistant,88.0,1762,6.0
2,everything_in_user_tags,563, meaning,10915,6.0,assistant,89.0,1763,6.0
2,everything_in_user_tags,564,.,13,6.0,assistant,90.0,1764,6.0
2,everything_in_user_tags,565, This,1328,6.0,assistant,91.0,1765,6.0
2,everything_in_user_tags,566, lets,19733,6.0,assistant,92.0,1766,6.0
2,everything_in_user_tags,567, the,290,6.0,assistant,93.0,1767,6.0
2,everything_in_user_tags,568, reader,10958,6.0,assistant,94.0,1768,6.0
2,everything_in_user_tags,569, understand,4218,6.0,assistant,95.0,1769,6.0
2,everything_in_user_tags,570, both,2973,6.0,assistant,96.0,1770,6.0
2,everything_in_user_tags,571, what,1412,6.0,assistant,97.0,1771,6.0
2,everything_in_user_tags,572, the,290,6.0,assistant,98.0,1772,6.0
2,everything_in_user_tags,573, current,2208,6.0,assistant,99.0,1773,6.0
2,everything_in_user_tags,574, comparison,19211,6.0,assistant,100.0,1774,6.0
2,everything_in_user_tags,575, establishes,108998,6.0,assistant,101.0,1775,6.0
2,everything_in_user_tags,576, and,326,6.0,assistant,102.0,1776,6.0
2,everything_in_user_tags,577, which,1118,6.0,assistant,103.0,1777,6.0
2,everything_in_user_tags,578, broader,50568,6.0,assistant,104.0,1778,6.0
2,everything_in_user_tags,579, interpretation,39300,6.0,assistant,105.0,1779,6.0
2,everything_in_user_tags,580, still,2928,6.0,assistant,106.0,1780,6.0
2,everything_in_user_tags,581, requires,10860,6.0,assistant,107.0,1781,6.0
2,everything_in_user_tags,582, another,3613,6.0,assistant,108.0,1782,6.0
2,everything_in_user_tags,583, test,1746,6.0,assistant,109.0,1783,6.0
2,everything_in_user_tags,584,.,13,6.0,assistant,110.0,1784,6.0
2,everything_in_user_tags,585,<|end|>,200007,,,,1785,
