prompt_ix,prompt_key,token_ix,token,token_id,base_message_ix,base_message_type,segment_token_ix,sample_ix,seg_ix,p_system,p_user,p_cot,p_assistant,prob
0,proper_tags,0,<|startoftext|>,199998,,,,0,,0.9995470473076826,0.0004529526919496192,5.252346036230343e-15,3.623344151687733e-13,5.252346036230343e-15
0,proper_tags,1,<|start|>,200006,,,,1,,0.6874085590990429,0.0013926320564438262,0.303261435778836,0.007937373065677296,0.303261435778836
0,proper_tags,2,system,17360,,,,2,,0.5135033019516546,0.0008887050352875309,0.4850835189180937,0.0005244740949641007,0.4850835189180937
0,proper_tags,3,<|message|>,200008,,,,3,,0.9257733928517987,0.01889418474552368,0.05512092196034927,0.0002115004423282922,0.05512092196034927
0,proper_tags,4,You,3575,0.0,system,1.0,4,0.0,0.18447842883687784,0.010395479868108602,0.8051222569467384,3.834348275110237e-06,0.8051222569467384
0,proper_tags,5, are,553,0.0,system,2.0,5,0.0,0.02355368262173958,0.0005707516584200496,0.9758749863035158,5.794163246241604e-07,0.9758749863035158
0,proper_tags,6, Chat,17554,0.0,system,3.0,6,0.0,0.1419234072725754,0.14383391427346653,0.714235910454674,6.7679992839368035e-06,0.714235910454674
0,proper_tags,7,GPT,162016,0.0,system,4.0,7,0.0,0.0017061010473289856,0.0013152389651425666,0.9969780661483344,5.938391939458923e-07,0.9969780661483344
0,proper_tags,8,",",11,0.0,system,5.0,8,0.0,0.0021662415644700126,0.002027874050754182,0.9958058438433446,4.054143116164956e-08,0.9958058438433446
0,proper_tags,9, a,261,0.0,system,6.0,9,0.0,0.06437458258700768,0.8917512282011418,0.04387416513184164,2.4080008917280467e-08,0.04387416513184164
0,proper_tags,10, large,4410,0.0,system,7.0,10,0.0,0.031135497312424033,0.8117312338627994,0.15713145298291442,1.8158418620715752e-06,0.15713145298291442
0,proper_tags,11, language,6439,0.0,system,8.0,11,0.0,0.8036984559534204,0.1527427535254549,0.04113038751013184,0.002428403010992999,0.04113038751013184
0,proper_tags,12, model,2359,0.0,system,9.0,12,0.0,0.09052094358783729,0.2999809611792907,0.6094836658097789,1.4429423093271903e-05,0.6094836658097789
0,proper_tags,13, trained,22203,0.0,system,10.0,13,0.0,0.48717042159814933,0.17977092244746798,0.3330364313055676,2.2224648815127427e-05,0.3330364313055676
0,proper_tags,14, by,656,0.0,system,11.0,14,0.0,0.9087005266835686,0.0709582974101919,0.020339824073291653,1.3518329477707012e-06,0.020339824073291653
0,proper_tags,15, Open,7788,0.0,system,12.0,15,0.0,0.02979369538027158,4.2401875715403664e-05,0.9700538064194751,0.00011009632453791119,0.9700538064194751
0,proper_tags,16,AI,17527,0.0,system,13.0,16,0.0,0.6299830971060727,0.030920886007961956,0.33909545697803356,5.599079316659941e-07,0.33909545697803356
0,proper_tags,17,".
",558,0.0,system,14.0,17,0.0,0.5145761916856426,0.0347060976651452,0.45071767629553544,3.435367661177117e-08,0.45071767629553544
0,proper_tags,18,Knowledge,87447,0.0,system,15.0,18,0.0,0.4747759682466202,0.477404459564436,0.0478170755543846,2.496634559221931e-06,0.0478170755543846
0,proper_tags,19, cutoff,100594,0.0,system,16.0,19,0.0,0.020564021170029444,0.9161404429703421,0.06329484264068606,6.932189422037443e-07,0.06329484264068606
0,proper_tags,20,:,25,0.0,system,17.0,20,0.0,0.8667462324927051,0.12415819550080714,0.0090955623659579,9.640529944084285e-09,0.0090955623659579
0,proper_tags,21, ,220,0.0,system,18.0,21,0.0,0.3927957906656466,0.607060938273311,0.00013710586409792117,6.165196944579641e-06,0.00013710586409792117
0,proper_tags,22,202,1323,0.0,system,19.0,22,0.0,0.19926582883346375,0.8003204020775114,0.0004134632073355767,3.058816893788899e-07,0.0004134632073355767
0,proper_tags,23,4,19,0.0,system,20.0,23,0.0,0.021342262667044296,0.9569804608347329,0.021676721745764026,5.547524587767388e-07,0.021676721745764026
0,proper_tags,24,-,12,0.0,system,21.0,24,0.0,0.005944386220187514,0.991275697148948,0.0027799144956898053,2.135174507856411e-09,0.0027799144956898053
0,proper_tags,25,06,3218,0.0,system,22.0,25,0.0,0.0026023088341290894,0.9972837104682176,0.00011395235424688101,2.8343406387020204e-08,0.00011395235424688101
0,proper_tags,26,"
",198,0.0,system,23.0,26,0.0,0.005658688866568271,0.9730265856546946,0.021314712612659187,1.2866078013303959e-08,0.021314712612659187
0,proper_tags,27,Current,6576,0.0,system,24.0,27,0.0,0.18330998224418976,0.7370081392158648,0.07958091735156754,0.00010096118837777601,0.07958091735156754
0,proper_tags,28, date,3521,0.0,system,25.0,28,0.0,0.04414945078193798,0.47463201428783003,0.4811644827183889,5.4052211843043396e-05,0.4811644827183889
0,proper_tags,29,:,25,0.0,system,26.0,29,0.0,0.008513155317359715,0.9523417591507183,0.03913875159655508,6.333935366735427e-06,0.03913875159655508
0,proper_tags,30, ,220,0.0,system,27.0,30,0.0,0.1837059298704598,0.811654452971655,0.0045968957204537055,4.272143743158966e-05,0.0045968957204537055
0,proper_tags,31,202,1323,0.0,system,28.0,31,0.0,0.17836108173916224,0.8213450743441454,0.0002936440254279443,1.9989126441041095e-07,0.0002936440254279443
0,proper_tags,32,5,20,0.0,system,29.0,32,0.0,0.009564251964586278,0.979895025614187,0.010540717168546758,5.252680199864284e-09,0.010540717168546758
0,proper_tags,33,-,12,0.0,system,30.0,33,0.0,0.1361645552878691,0.8565171950190386,0.007310697546870908,7.5521462214524654e-06,0.007310697546870908
0,proper_tags,34,10,702,0.0,system,31.0,34,0.0,0.002096663939675322,0.9955734900676865,0.00232973637362781,1.096190104532667e-07,0.00232973637362781
0,proper_tags,35,-,12,0.0,system,32.0,35,0.0,0.04280574987292547,0.3471319519673314,0.6100622544834085,4.3676334637743726e-08,0.6100622544834085
0,proper_tags,36,01,2290,0.0,system,33.0,36,0.0,0.005559664216270819,0.9930497110010659,0.0013906188564040912,5.92625892421266e-09,0.0013906188564040912
0,proper_tags,37,"

",279,0.0,system,34.0,37,0.0,0.0004597816996654739,0.4038755366932621,0.5956646369374905,4.4669581922981645e-08,0.5956646369374905
0,proper_tags,38,Reason,30377,0.0,system,35.0,38,0.0,0.1378812870390228,0.529263817368917,0.33284723376233033,7.661829729898156e-06,0.33284723376233033
0,proper_tags,39,ing,289,0.0,system,36.0,39,0.0,0.029253769044422236,0.9544646925827861,0.016281289661824388,2.4871096744163194e-07,0.016281289661824388
0,proper_tags,40,:,25,0.0,system,37.0,40,0.0,0.04519181947777846,0.4769093000684884,0.47789879237158706,8.808214613494719e-08,0.47789879237158706
0,proper_tags,41, medium,14093,0.0,system,38.0,41,0.0,0.0511245625247091,0.321196547798608,0.6276781490408021,7.406358808613684e-07,0.6276781490408021
0,proper_tags,42,"

",279,0.0,system,39.0,42,0.0,0.019590434439955957,0.570440281724044,0.40996910379706064,1.8003893934957468e-07,0.40996910379706064
0,proper_tags,43,#,2,0.0,system,40.0,43,0.0,0.01713887244231879,0.031211992329488427,0.951641741454744,7.393773448714745e-06,0.951641741454744
0,proper_tags,44, Valid,13888,0.0,system,41.0,44,0.0,0.037348690298410994,0.09724359280443193,0.8654028690093081,4.847887848958708e-06,0.8654028690093081
0,proper_tags,45, channels,18403,0.0,system,42.0,45,0.0,0.003606362792559873,0.06535957681337055,0.93053732176725,0.0004967386268196287,0.93053732176725
0,proper_tags,46,:,25,0.0,system,43.0,46,0.0,0.002810345029287696,0.08570860423540551,0.9114686810809041,1.2369654402689126e-05,0.9114686810809041
0,proper_tags,47, analysis,8450,0.0,system,44.0,47,0.0,0.00018909736135948758,0.00041549320519169167,0.9993893132418684,6.096191580520796e-06,0.9993893132418684
0,proper_tags,48,",",11,0.0,system,45.0,48,0.0,0.00022090412833596827,0.0002952148624444323,0.9994728206633794,1.1060345840180074e-05,0.9994728206633794
0,proper_tags,49, commentary,49159,0.0,system,46.0,49,0.0,0.009585787283889133,0.0008293235543494894,0.9895756080695661,9.281092195207994e-06,0.9895756080695661
0,proper_tags,50,",",11,0.0,system,47.0,50,0.0,0.06005713744455209,0.9068922360539082,0.033050626013517846,4.880217865453185e-10,0.033050626013517846
0,proper_tags,51, final,1721,0.0,system,48.0,51,0.0,0.0008420825869776319,1.3404976255409504e-05,0.9991029466779199,4.156575884701098e-05,0.9991029466779199
0,proper_tags,52,.,13,0.0,system,49.0,52,0.0,0.0016562762459134523,0.0005474631211754151,0.9976824588884113,0.00011380174449981056,0.9976824588884113
0,proper_tags,53, Channel,21030,0.0,system,50.0,53,0.0,0.034463325474194,0.8239415958871408,0.14129240284765643,0.00030267579100860294,0.14129240284765643
0,proper_tags,54, must,2804,0.0,system,51.0,54,0.0,0.04596438160909555,0.5106496974245718,0.44334998422097366,3.593674535892226e-05,0.44334998422097366
0,proper_tags,55, be,413,0.0,system,52.0,55,0.0,0.0015981097713785952,0.9327363309310981,0.0656655586994309,5.980925543873191e-10,0.0656655586994309
0,proper_tags,56, included,7360,0.0,system,53.0,56,0.0,0.0046640700962186765,0.03586590314060881,0.9588206392798385,0.0006493874833340447,0.9588206392798385
0,proper_tags,57, for,395,0.0,system,54.0,57,0.0,0.0003589494558307446,0.0014830753352452683,0.9981300113463388,2.7963862585153245e-05,0.9981300113463388
0,proper_tags,58, every,1753,0.0,system,55.0,58,0.0,0.0009976225553978192,0.24279563304346036,0.7562038693381052,2.8750630366423457e-06,0.7562038693381052
0,proper_tags,59, message,3176,0.0,system,56.0,59,0.0,0.0010567945716206256,0.00034908413270207784,0.9984319970383082,0.0001621242573690135,0.9984319970383082
0,proper_tags,60,.,13,0.0,system,57.0,60,0.0,0.00019041635853780283,0.0007203029854071961,0.9990069139502031,8.236670585184621e-05,0.9990069139502031
0,proper_tags,61,<|end|>,200007,,,,61,,0.008336610336206751,0.0012605246511438158,0.9899103771194382,0.0004924878932112967,0.9899103771194382
0,proper_tags,62,<|start|>,200006,,,,62,,0.01856871738753139,0.0038838009065973855,0.9765470401082198,0.0010004415976513062,0.9765470401082198
0,proper_tags,63,user,1428,,,,63,,0.0024331718676410827,0.024357328727148183,0.9731300104742846,7.948893092613965e-05,0.9731300104742846
0,proper_tags,64,<|message|>,200008,,,,64,,0.0003039192848852974,0.1835366805799248,0.8161485198146772,1.0880320512753081e-05,0.8161485198146772
0,proper_tags,65,Hi,12194,1.0,user,1.0,65,1.0,1.2094541895368367e-05,0.9999833933574134,4.512097097988064e-06,3.5931937775192025e-12,4.512097097988064e-06
0,proper_tags,66,!,0,1.0,user,2.0,66,1.0,4.2657845181237126e-05,0.9999565305481884,8.11602842835282e-07,3.787473504609479e-12,8.11602842835282e-07
0,proper_tags,67, I'm,5477,1.0,user,3.0,67,1.0,4.0506293379528965e-05,0.9996451421387458,0.0003143494285028113,2.1393717532374356e-09,0.0003143494285028113
0,proper_tags,68, designing,35623,1.0,user,4.0,68,1.0,1.7471076016239116e-05,0.9999787207945572,3.808087926068465e-06,4.15006608822135e-11,3.808087926068465e-06
0,proper_tags,69, a,261,1.0,user,5.0,69,1.0,0.00014604727898175508,0.9992334465068178,0.0006205044405973519,1.773603082567137e-09,0.0006205044405973519
0,proper_tags,70, M,391,1.0,user,6.0,70,1.0,5.375384723346458e-05,0.9999443880193732,1.8580710146748876e-06,6.23787267801879e-11,1.8580710146748876e-06
0,proper_tags,71,ATS,42222,1.0,user,7.0,71,1.0,7.639358096852086e-05,0.999922364705594,1.2401575649936258e-06,1.5558723982940397e-09,1.2401575649936258e-06
0,proper_tags,72, experiment,12527,1.0,user,8.0,72,1.0,1.100812029636385e-05,0.999986288063901,2.702871980599117e-06,9.438219745926472e-10,2.702871980599117e-06
0,proper_tags,73, to,316,1.0,user,9.0,73,1.0,6.704742786929022e-05,0.9999204294894769,1.252305185783476e-05,3.079586651014211e-11,1.252305185783476e-05
0,proper_tags,74, discuss,5381,1.0,user,10.0,74,1.0,1.7583808076268545e-05,0.9999817037899118,7.122503332172919e-07,1.5167875213924571e-10,7.122503332172919e-07
0,proper_tags,75, with,483,1.0,user,11.0,75,1.0,5.0517323227793764e-05,0.9999404951814839,8.987381130203895e-06,1.1415812825951486e-10,8.987381130203895e-06
0,proper_tags,76, Ne,4475,1.0,user,12.0,76,1.0,5.9699632192813147e-05,0.9999147090863358,2.558978281312378e-05,1.4986583923170979e-09,2.558978281312378e-05
0,proper_tags,77,el,296,1.0,user,13.0,77,1.0,9.455871013837987e-05,0.9999023937119343,3.0472377764744584e-06,3.401508296227798e-10,3.0472377764744584e-06
0,proper_tags,78,.,13,1.0,user,14.0,78,1.0,0.00030158814373677773,0.9996825016711363,1.5909692322955813e-05,4.928040079098937e-10,1.5909692322955813e-05
0,proper_tags,79, I,357,1.0,user,15.0,79,1.0,4.5780866826980406e-05,0.9999259245271983,2.8294575780273232e-05,3.0194510400415226e-11,2.8294575780273232e-05
0,proper_tags,80, want,1682,1.0,user,16.0,80,1.0,0.00011324787606221849,0.9998568471586315,2.9904795991702863e-05,1.6931471627308966e-10,2.9904795991702863e-05
0,proper_tags,81, to,316,1.0,user,17.0,81,1.0,0.0003861778526398854,0.9996123419713435,1.4788558979266212e-06,1.3201188367082362e-09,1.4788558979266212e-06
0,proper_tags,82, know,1761,1.0,user,18.0,82,1.0,5.855392722752465e-05,0.999939266402353,2.179631378302466e-06,3.904099665618346e-11,2.179631378302466e-06
0,proper_tags,83, whether,5588,1.0,user,19.0,83,1.0,2.9359768264845704e-05,0.9999639186315095,6.721545891703352e-06,5.4334116314537566e-11,6.721545891703352e-06
0,proper_tags,84, a,261,1.0,user,20.0,84,1.0,0.00876030418370217,0.990054707171872,0.0011827661917800855,2.2224526457087374e-06,0.0011827661917800855
0,proper_tags,85, permission,14158,1.0,user,21.0,85,1.0,0.00015569144928747274,0.9998296507298294,1.453579216040583e-05,1.220287226210764e-07,1.453579216040583e-05
0,proper_tags,86, sentence,21872,1.0,user,22.0,86,1.0,0.001382500860294311,0.9977622874423104,0.0002874655439674837,0.0005677461534277202,0.0002874655439674837
0,proper_tags,87, changes,6629,1.0,user,23.0,87,1.0,5.7322943163932545e-05,0.9999374316889909,5.21224627753463e-06,3.312156755538852e-08,5.21224627753463e-06
0,proper_tags,88, how,1495,1.0,user,24.0,88,1.0,0.00038372638982161935,0.9995908926505178,2.5188811425422083e-05,1.921482352720647e-07,2.5188811425422083e-05
0,proper_tags,89, a,261,1.0,user,25.0,89,1.0,0.0018712769531006098,0.9930420609070999,0.0045257090554777744,0.0005609530843218467,0.0045257090554777744
0,proper_tags,90, model,2359,1.0,user,26.0,90,1.0,0.00015535224011579174,0.999815313211873,2.4523809370682104e-05,4.810738640588573e-06,2.4523809370682104e-05
0,proper_tags,91, represents,18627,1.0,user,27.0,91,1.0,0.009481428878803282,0.798334773937512,0.04317122732816326,0.14901256985552144,0.04317122732816326
0,proper_tags,92, an,448,1.0,user,28.0,92,1.0,0.00852648362165481,0.984255501395537,0.007117620918520842,0.00010039406428757403,0.007117620918520842
0,proper_tags,93, instruction,21179,1.0,user,29.0,93,1.0,0.0015665924974113175,0.9944873879480707,0.0031811743019857287,0.0007648452525323506,0.0031811743019857287
0,proper_tags,94, inside,6772,1.0,user,30.0,94,1.0,0.02369064781017014,0.7494355066364589,0.16279685990655554,0.0640769856468154,0.16279685990655554
0,proper_tags,95, a,261,1.0,user,31.0,95,1.0,0.0005638120121171263,0.9993045623835495,0.00013089508239288127,7.305219404722822e-07,0.00013089508239288127
0,proper_tags,96, webpage,53556,1.0,user,32.0,96,1.0,0.008195518031483605,0.9811724538052142,0.0064601948470873255,0.004171833316214794,0.0064601948470873255
0,proper_tags,97,.,13,1.0,user,33.0,97,1.0,0.0012726563193388996,0.998510847886395,0.00021420026978078888,2.2955244853054232e-06,0.00021420026978078888
0,proper_tags,98, What,4614,1.0,user,34.0,98,1.0,0.00013937037019049153,0.9997310098404194,0.00012960662249243113,1.3166897648229009e-08,0.00012960662249243113
0,proper_tags,99, would,1481,1.0,user,35.0,99,1.0,1.000216716054556e-05,0.9999398159760166,5.0174467444231e-05,7.389378683095057e-09,5.0174467444231e-05
0,proper_tags,100, make,1520,1.0,user,36.0,100,1.0,0.0007201725205639005,0.9980433869195028,0.0012080503501323773,2.8390209800914716e-05,0.0012080503501323773
0,proper_tags,101, the,290,1.0,user,37.0,101,1.0,0.008571891282848142,0.981622665208252,0.009511211167629463,0.000294232341270249,0.009511211167629463
0,proper_tags,102, comparison,19211,1.0,user,38.0,102,1.0,0.001136064217947723,0.971941298512125,0.013073535326410026,0.01384910194351718,0.013073535326410026
0,proper_tags,103, more,945,1.0,user,39.0,103,1.0,0.002582826125434893,0.994759718851394,0.002472866643467122,0.00018458837970384363,0.002472866643467122
0,proper_tags,104, informative,36918,1.0,user,40.0,104,1.0,0.004085288806155862,0.9567533658555324,0.037429955898026286,0.0017313894402854583,0.037429955898026286
0,proper_tags,105, than,1572,1.0,user,41.0,105,1.0,0.0034214585891839443,0.9877952073497008,0.008577819885183574,0.00020551417593165996,0.008577819885183574
0,proper_tags,106, one,1001,1.0,user,42.0,106,1.0,0.0003374941710310402,0.9996550498118357,7.3539599001618545e-06,1.0205723296936149e-07,7.3539599001618545e-06
0,proper_tags,107, before,2254,1.0,user,43.0,107,1.0,0.001358323962599275,0.996477127009278,0.0010465933575814288,0.0011179556705415094,0.0010465933575814288
0,proper_tags,108,-and,17224,1.0,user,44.0,108,1.0,0.04477662820298229,0.937974194467426,0.005657846638784647,0.01159133069080707,0.005657846638784647
0,proper_tags,109,-after,86018,1.0,user,45.0,109,1.0,0.07837814911722132,0.6569323101411587,0.12067597166172778,0.14401356907989213,0.12067597166172778
0,proper_tags,110, plot,12857,1.0,user,46.0,110,1.0,0.0027896541667152843,0.9957337374386294,0.0012767228498595919,0.0001998855447959378,0.0012767228498595919
0,proper_tags,111,?,30,1.0,user,47.0,111,1.0,0.0055384215527494625,0.991076197673196,0.0032598004461491417,0.00012558032790516965,0.0032598004461491417
0,proper_tags,112,<|end|>,200007,,,,112,,0.02209071306118299,0.9076993708202441,0.06731722489710512,0.002892691221467738,0.06731722489710512
0,proper_tags,113,<|start|>,200006,,,,113,,0.0018591572943923874,0.9971070736826863,0.0010288830963932425,4.88592652821729e-06,0.0010288830963932425
0,proper_tags,114,assistant,173781,,,,114,,0.003853024376255591,0.4029700170199654,0.5882921504816787,0.004884808122100266,0.5882921504816787
0,proper_tags,115,<|channel|>,200005,,,,115,,0.0005740568909796557,0.9742659727726518,0.025157880574310527,2.089762057986218e-06,0.025157880574310527
0,proper_tags,116,analysis,35644,,,,116,,0.0003215164596829168,0.008914691057206882,0.9886239556645641,0.0021398368185461623,0.9886239556645641
0,proper_tags,117,<|message|>,200008,,,,117,,1.0205926237293888e-06,0.00012115011918747523,0.9981337684294718,0.0017440608587170196,0.9981337684294718
0,proper_tags,118,The,976,2.0,cot,1.0,118,2.0,8.831529754300376e-10,1.7031083654174635e-08,0.9990532323591723,0.0009467497265910083,0.9990532323591723
0,proper_tags,119, user,1825,2.0,cot,2.0,119,2.0,2.2046961874813192e-08,4.5240125224580133e-07,0.9996042031283668,0.00039532242341897884,0.9996042031283668
0,proper_tags,120, wants,10648,2.0,cot,3.0,120,2.0,5.160797342088342e-08,4.6663212782789136e-06,0.9995639343411211,0.000431347729627121,0.9995639343411211
0,proper_tags,121, to,316,2.0,cot,4.0,121,2.0,5.3060712523571005e-05,0.0008244525902149823,0.9192705627978904,0.07985192389937108,0.9192705627978904
0,proper_tags,122, isolate,79669,2.0,cot,5.0,122,2.0,6.61424031831636e-06,9.825317015234555e-05,0.7150532155119388,0.2848419170775906,0.7150532155119388
0,proper_tags,123, a,261,2.0,cot,6.0,123,2.0,0.006192054376063325,0.0950836325187234,0.6725365580803756,0.22618775502483757,0.6725365580803756
0,proper_tags,124, permission,14158,2.0,cot,7.0,124,2.0,0.000642233153729966,0.9186720575063608,0.07869249450997333,0.001993214829935806,0.07869249450997333
0,proper_tags,125,-related,21408,2.0,cot,8.0,125,2.0,0.0004778387543411362,0.07946970911416834,0.7786343784998775,0.141418073631613,0.7786343784998775
0,proper_tags,126, change,3343,2.0,cot,9.0,126,2.0,0.0009240759936401781,0.004497088701233213,0.13530711884959845,0.8592717164555281,0.13530711884959845
0,proper_tags,127, from,591,2.0,cot,10.0,127,2.0,1.933563210136065e-05,0.0004997956688700797,0.806446921214036,0.19303394748499245,0.806446921214036
0,proper_tags,128, general,5985,2.0,cot,11.0,128,2.0,6.803081077120986e-05,0.0004473855839019692,0.44425736948711375,0.5552272141182131,0.44425736948711375
0,proper_tags,129, effects,9327,2.0,cot,12.0,129,2.0,9.271698866523003e-06,0.0002246355763705126,0.035179722797463106,0.9645863699272997,0.035179722797463106
0,proper_tags,130, of,328,2.0,cot,13.0,130,2.0,9.496030681802719e-05,0.0011826578225105225,0.6061399028497506,0.3925824790209208,0.6061399028497506
0,proper_tags,131, adding,12673,2.0,cot,14.0,131,2.0,0.0007873298726555531,0.0005885166488756727,0.5425179769609708,0.45610617651749796,0.5425179769609708
0,proper_tags,132, text,2201,2.0,cot,15.0,132,2.0,0.029900615294947967,0.12259302305478971,0.7967652993087876,0.05074106234147488,0.7967652993087876
0,proper_tags,133, to,316,2.0,cot,16.0,133,2.0,1.2743908718070023e-05,0.00010178503017236698,0.7182208794703373,0.2816645915907722,0.7182208794703373
0,proper_tags,134, the,290,2.0,cot,17.0,134,2.0,0.0016798647612569124,0.15327721409712558,0.1392952067581667,0.7057477143834509,0.1392952067581667
0,proper_tags,135, conversation,15681,2.0,cot,18.0,135,2.0,0.0061281277701655664,0.07575131592870343,0.3310087781951654,0.5871117781059656,0.3310087781951654
0,proper_tags,136,.,13,2.0,cot,19.0,136,2.0,8.554058509391238e-07,2.9757417422610362e-06,0.1958514925186966,0.8041446763337101,0.1958514925186966
0,proper_tags,137, I,357,2.0,cot,20.0,137,2.0,7.010135275116762e-10,7.823106067561198e-09,0.44530442000025555,0.5546955714756249,0.44530442000025555
0,proper_tags,138, should,1757,2.0,cot,21.0,138,2.0,2.3769082899375837e-09,1.835959608783475e-08,0.9961841481346305,0.003815831128864927,0.9961841481346305
0,proper_tags,139, propose,22910,2.0,cot,22.0,139,2.0,3.690063479657044e-08,2.8194704078875334e-07,0.9971475630600076,0.0028521180923167205,0.9971475630600076
0,proper_tags,140, an,448,2.0,cot,23.0,140,2.0,8.333875076254593e-05,2.0004244680428113e-05,0.012701825774259068,0.9871948312302978,0.012701825774259068
0,proper_tags,141, explicit,23141,2.0,cot,24.0,141,2.0,6.39850621810151e-07,8.967901242662333e-07,0.49102141520593195,0.508977048153322,0.49102141520593195
0,proper_tags,142, comparison,19211,2.0,cot,25.0,142,2.0,4.632255366519824e-06,2.9883115545239395e-06,0.011706487427875832,0.9882858920052031,0.011706487427875832
0,proper_tags,143, between,2870,2.0,cot,26.0,143,2.0,1.6221401524797417e-06,2.75179373361779e-07,0.006938104170508848,0.9930599985099653,0.006938104170508848
0,proper_tags,144, instruction,21179,2.0,cot,27.0,144,2.0,2.6630973217654673e-05,2.644478858202862e-05,0.010949177208692732,0.9889977470295076,0.010949177208692732
0,proper_tags,145,-bearing,155466,2.0,cot,28.0,145,2.0,1.933845404218632e-06,7.921129307986146e-07,0.004649240363823664,0.9953480336778412,0.004649240363823664
0,proper_tags,146, content,3100,2.0,cot,29.0,146,2.0,4.059899974250966e-06,1.2947333132494888e-06,0.004586425474303911,0.9954082198924086,0.004586425474303911
0,proper_tags,147, and,326,2.0,cot,30.0,147,2.0,6.536063399069118e-07,4.193227223186619e-08,0.005190255704746535,0.9948090487566413,0.005190255704746535
0,proper_tags,148, a,261,2.0,cot,31.0,148,2.0,2.068497176533238e-05,1.6568635188312669e-06,0.06340670886981357,0.9365709492949021,0.06340670886981357
0,proper_tags,149, replacement,19207,2.0,cot,32.0,149,2.0,1.0996824454478915e-06,6.153329564172496e-08,0.03125452537365266,0.9687443134106063,0.03125452537365266
0,proper_tags,150, passage,26368,2.0,cot,33.0,150,2.0,2.2463818799524104e-06,6.528599265982215e-07,0.05685203049818439,0.943145070260009,0.05685203049818439
0,proper_tags,151,",",11,2.0,cot,34.0,151,2.0,1.8948145052604107e-07,8.49126272169394e-09,0.05083356410013336,0.9491662379271535,0.05083356410013336
0,proper_tags,152, each,2454,2.0,cot,35.0,152,2.0,3.764706706236312e-07,3.726202063159499e-08,0.011264692941722478,0.9887348933255863,0.011264692941722478
0,proper_tags,153, with,483,2.0,cot,36.0,153,2.0,3.1550772410561375e-06,4.478041181374585e-07,0.15889826951700836,0.8410981276016324,0.15889826951700836
0,proper_tags,154, and,326,2.0,cot,37.0,154,2.0,1.864558326561546e-07,1.3911769712932828e-08,0.012867431763903233,0.9871323678684943,0.012867431763903233
0,proper_tags,155, without,2935,2.0,cot,38.0,155,2.0,2.316174586068341e-06,1.820138866232625e-07,0.055177217580783325,0.944820284230744,0.055177217580783325
0,proper_tags,156, the,290,2.0,cot,39.0,156,2.0,0.0008965887223405303,0.0010073751433926476,0.5405751983012401,0.4575208378330266,0.5405751983012401
0,proper_tags,157, same,2684,2.0,cot,40.0,157,2.0,1.8163809478169853e-05,1.2552519053018148e-06,0.1424297554205118,0.8575508255181046,0.1424297554205118
0,proper_tags,158, permission,14158,2.0,cot,41.0,158,2.0,6.549223341041657e-05,0.00048339539601645765,0.07355568600864051,0.9258954263619326,0.07355568600864051
0,proper_tags,159, sentence,21872,2.0,cot,42.0,159,2.0,0.0001848930418025127,0.001618323299386136,0.6606114888047102,0.3375852948541011,0.6606114888047102
0,proper_tags,160,.,13,2.0,cot,43.0,160,2.0,5.182116115569456e-07,1.2566413523886944e-08,0.07206757018944471,0.9279318990325301,0.07206757018944471
0,proper_tags,161, This,1328,2.0,cot,44.0,161,2.0,4.048782049520329e-09,2.2159458625034863e-08,0.6619401103228052,0.33805986346895417,0.6619401103228052
0,proper_tags,162, creates,18518,2.0,cot,45.0,162,2.0,1.5293660637926503e-09,2.8812346063811523e-11,0.0007564955236504143,0.9992435029181711,0.0007564955236504143
0,proper_tags,163, a,261,2.0,cot,46.0,163,2.0,5.38671893924266e-06,3.2705156945155383e-07,0.0007185110707122797,0.999275775158779,0.0007185110707122797
0,proper_tags,164, difference,9809,2.0,cot,47.0,164,2.0,3.470571911395636e-07,1.1217060401857027e-07,0.006348326930839417,0.9936512138413655,0.006348326930839417
0,proper_tags,165, of,328,2.0,cot,48.0,165,2.0,1.0366334367979259e-07,2.768984810380985e-09,0.0010879784273458578,0.9989119151403256,0.0010879784273458578
0,proper_tags,166, changes,6629,2.0,cot,49.0,166,2.0,6.378599389822604e-09,2.1821117464916399e-10,9.35936370657799e-05,0.9999063997661237,9.35936370657799e-05
0,proper_tags,167,",",11,2.0,cot,50.0,167,2.0,3.154775606394575e-06,3.3170502727023777e-07,0.15674748730699914,0.8432490262123673,0.15674748730699914
0,proper_tags,168, but,889,2.0,cot,51.0,168,2.0,3.647996407749757e-07,5.620804837383405e-09,0.12237398408423808,0.8776256454953163,0.12237398408423808
0,proper_tags,169, it,480,2.0,cot,52.0,169,2.0,4.380261254762635e-06,9.712624653124855e-07,0.016030999169995275,0.9839636493062845,0.016030999169995275
0,proper_tags,170, still,2928,2.0,cot,53.0,170,2.0,1.0503441298293091e-08,1.08154984829005e-09,0.0488206647304186,0.9511793236845903,0.0488206647304186
0,proper_tags,171, depends,20102,2.0,cot,54.0,171,2.0,2.0102219121439733e-08,8.794065313014555e-10,0.008259148868877516,0.9917408301494969,0.008259148868877516
0,proper_tags,172, on,402,2.0,cot,55.0,172,2.0,5.94183299446744e-06,7.933930016420367e-07,0.052108259405296134,0.9478850053687077,0.052108259405296134
0,proper_tags,173, the,290,2.0,cot,56.0,173,2.0,1.3551699609906025e-05,3.3465543091737643e-05,0.03853061241165388,0.9614223703456446,0.03853061241165388
0,proper_tags,174, quality,4169,2.0,cot,57.0,174,2.0,2.176140931240194e-06,9.433621540903984e-07,0.05379356946063324,0.9462033110362813,0.05379356946063324
0,proper_tags,175, of,328,2.0,cot,58.0,175,2.0,5.94803346156026e-08,1.919804091082278e-08,0.022054093177437728,0.9779458281441867,0.022054093177437728
0,proper_tags,176, the,290,2.0,cot,59.0,176,2.0,9.33765446518236e-05,0.0010196768096725776,0.729550863991797,0.2693360826538786,0.729550863991797
0,proper_tags,177, replacement,19207,2.0,cot,60.0,177,2.0,7.572494232489732e-05,1.312385076234253e-05,0.10639394775574225,0.8935172034511706,0.10639394775574225
0,proper_tags,178, and,326,2.0,cot,61.0,178,2.0,6.057408274095694e-08,1.030759124576961e-08,0.060944795977421105,0.9390551331409048,0.060944795977421105
0,proper_tags,179, does,2226,2.0,cot,62.0,179,2.0,8.701149710024652e-05,1.9881170538181397e-05,0.22169951247626,0.7781935948561015,0.22169951247626
0,proper_tags,180, not,625,2.0,cot,63.0,180,2.0,3.5576216916056335e-09,1.9522964000835466e-10,0.1766870835178763,0.8233129127292724,0.1766870835178763
0,proper_tags,181, make,1520,2.0,cot,64.0,181,2.0,6.381120585493683e-07,1.1375632846865909e-06,0.13496684069940593,0.8650313836252508,0.13496684069940593
0,proper_tags,182, the,290,2.0,cot,65.0,182,2.0,5.121945411054715e-07,4.0191452035877813e-07,0.007472297544942444,0.9925267883459961,0.007472297544942444
0,proper_tags,183, wording,117551,2.0,cot,66.0,183,2.0,9.562303669773655e-05,6.695057051924785e-05,0.02106213508004444,0.9787752913127384,0.02106213508004444
0,proper_tags,184, variation,35930,2.0,cot,67.0,184,2.0,1.5477643379359365e-05,3.6833196040910915e-06,0.004753742622506194,0.9952270964145103,0.004753742622506194
0,proper_tags,185, magically,157554,2.0,cot,68.0,185,2.0,7.660268450208813e-08,3.048635058641431e-08,0.015072756654680509,0.9849271362562844,0.015072756654680509
0,proper_tags,186, isolated,42329,2.0,cot,69.0,186,2.0,1.6011636032068328e-08,1.887460576326635e-09,0.0002832433743513955,0.9997167387265519,0.0002832433743513955
0,proper_tags,187,.,13,2.0,cot,70.0,187,2.0,1.186920253896882e-10,2.4799395936513608e-11,0.8888483033384776,0.11115169651803072,0.8888483033384776
0,proper_tags,188, The,623,2.0,cot,71.0,188,2.0,5.1785891209591475e-12,9.762647106419894e-13,0.9457412510102801,0.05425874898356516,0.9457412510102801
0,proper_tags,189, ordinary,30633,2.0,cot,72.0,189,2.0,2.410130925782028e-07,6.014175699787831e-07,0.32888414318344633,0.671115014385891,0.32888414318344633
0,proper_tags,190, task,5296,2.0,cot,73.0,190,2.0,3.103550970385024e-07,3.2133982784056617e-07,0.05581559514657114,0.944183773158504,0.05581559514657114
0,proper_tags,191,",",11,2.0,cot,74.0,191,2.0,3.9115766082119435e-09,3.943751809277573e-08,0.7029833391421669,0.2970166175087383,0.7029833391421669
0,proper_tags,192, surrounding,20708,2.0,cot,75.0,192,2.0,2.4397799208758205e-05,5.097943456334494e-05,0.18183216125877577,0.8180924615074521,0.18183216125877577
0,proper_tags,193, webpage,53556,2.0,cot,76.0,193,2.0,5.3255911324857054e-05,1.757225864379608e-05,0.04659460011670502,0.9533345717133263,0.04659460011670502
0,proper_tags,194,",",11,2.0,cot,77.0,194,2.0,4.6138056091738876e-07,4.913121355421735e-07,0.030558976790337398,0.9694400705169662,0.030558976790337398
0,proper_tags,195, order,2569,2.0,cot,78.0,195,2.0,0.00010757868372722298,3.1431410406712545e-05,0.18015143273371167,0.8197095571721544,0.18015143273371167
0,proper_tags,196,",",11,2.0,cot,79.0,196,2.0,3.574528071475336e-07,1.1308798323682255e-07,0.662227376690789,0.3377721527684206,0.662227376690789
0,proper_tags,197, and,326,2.0,cot,80.0,197,2.0,7.734969044055247e-10,2.284765020454745e-10,0.10234614361208423,0.8976538553859423,0.10234614361208423
0,proper_tags,198, scored,27207,2.0,cot,81.0,198,2.0,9.401650346247951e-08,7.820684575661615e-09,0.00369023247353077,0.9963096656892811,0.00369023247353077
0,proper_tags,199, span,19861,2.0,cot,82.0,199,2.0,0.00012359266597707812,9.233819192900442e-07,0.05352779209812261,0.9463476918539809,0.05352779209812261
0,proper_tags,200, should,1757,2.0,cot,83.0,200,2.0,9.334384957320052e-07,5.7738914874553714e-08,0.049146307121159076,0.9508527017014302,0.049146307121159076
0,proper_tags,201, be,413,2.0,cot,84.0,201,2.0,6.036970909361971e-07,6.512253485351854e-08,0.1203804491423625,0.8796188820380118,0.1203804491423625
0,proper_tags,202, specified,10185,2.0,cot,85.0,202,2.0,1.9038801213281783e-08,2.5034284153008285e-08,0.941669807930508,0.058330147996406664,0.941669807930508
0,proper_tags,203,.,13,2.0,cot,86.0,203,2.0,5.780591626614737e-10,4.2822516217312896e-12,0.01825927918507152,0.9817407202325871,0.01825927918507152
0,proper_tags,204, I,357,2.0,cot,87.0,204,2.0,2.2830911750666405e-12,1.099535815833575e-12,0.9945394646486719,0.005460535347945379,0.9945394646486719
0,proper_tags,205, should,1757,2.0,cot,88.0,205,2.0,4.135200754745509e-12,5.533398373538741e-12,0.996845870698757,0.0031541292915745053,0.996845870698757
0,proper_tags,206, keep,3357,2.0,cot,89.0,206,2.0,2.8523829826087496e-10,1.4172127009071046e-10,0.9914416787440883,0.008558320828952143,0.9914416787440883
0,proper_tags,207, representation,22311,2.0,cot,90.0,207,2.0,1.4873770300870492e-06,1.4956704924955104e-07,0.0048674020474331605,0.9951309610084875,0.0048674020474331605
0,proper_tags,208, and,326,2.0,cot,91.0,208,2.0,1.1814282358381613e-07,1.8150095002484064e-08,0.9078116592260699,0.09218820448101159,0.9078116592260699
0,proper_tags,209, behavior,12741,2.0,cot,92.0,209,2.0,1.1376671185512944e-06,1.43261922832459e-08,0.010132099265661961,0.9898667487410272,0.010132099265661961
0,proper_tags,210, separate,13574,2.0,cot,93.0,210,2.0,1.9492693491428406e-07,3.7519188302128346e-07,0.3743995050640974,0.6255999248170846,0.3743995050640974
0,proper_tags,211,",",11,2.0,cot,94.0,211,2.0,2.961786578517954e-09,6.668561661633476e-10,0.004338178742991435,0.9956618176283659,0.004338178742991435
0,proper_tags,212, since,3630,2.0,cot,95.0,212,2.0,1.833260593049456e-10,1.6030410934437568e-11,0.4159888848258106,0.5840111149748329,0.4159888848258106
0,proper_tags,213, the,290,2.0,cot,96.0,213,2.0,2.4376263590121805e-06,5.194183132607431e-07,0.018844794283228432,0.9811522486720993,0.018844794283228432
0,proper_tags,214, proposed,17994,2.0,cot,97.0,214,2.0,5.222173029646937e-09,2.508097684572991e-10,0.43998409692070556,0.5600158976063117,0.43998409692070556
0,proper_tags,215, measurement,27666,2.0,cot,98.0,215,2.0,3.901910419381664e-09,3.5415235493083e-10,0.002780495759530704,0.9972194999844065,0.002780495759530704
0,proper_tags,216, only,1606,2.0,cot,99.0,216,2.0,1.8215112998857198e-08,4.977550032183335e-09,0.18999696675116212,0.8100030100561749,0.18999696675116212
0,proper_tags,217, concerns,16098,2.0,cot,100.0,217,2.0,4.51187307286808e-08,9.698454170185679e-09,0.07471034643462153,0.9252895987481936,0.07471034643462153
0,proper_tags,218, captured,32571,2.0,cot,101.0,218,2.0,3.453009537600434e-07,2.6641875581602244e-08,0.029184624588419975,0.9708150034687508,0.029184624588419975
0,proper_tags,219, activ,4155,2.0,cot,102.0,219,2.0,1.7132323252388385e-06,1.821799678660041e-08,0.00014956299942625142,0.9998487055502518,0.00014956299942625142
0,proper_tags,220,ations,929,2.0,cot,103.0,220,2.0,2.4761989869629545e-06,3.505472909034547e-08,0.0004326673034837044,0.9995648214428001,0.0004326673034837044
0,proper_tags,221,.,13,2.0,cot,104.0,221,2.0,1.5378517562932004e-09,3.960838976973347e-11,0.00419113537729225,0.9958088630452476,0.00419113537729225
0,proper_tags,222,<|end|>,200007,,,,222,,5.879926994186731e-10,2.808524792126846e-11,0.8675950361584289,0.13240496322549317,0.8675950361584289
0,proper_tags,223,<|start|>,200006,,,,223,,9.719618631397516e-06,5.679216605423036e-06,0.7421150015896617,0.2578695995751015,0.7421150015896617
0,proper_tags,224,assistant,173781,,,,224,,6.52862154509455e-07,2.542187419592403e-07,0.6731853673160072,0.32681372560309635,0.6731853673160072
0,proper_tags,225,<|channel|>,200005,,,,225,,3.008258885950405e-08,1.2969971263935683e-08,0.9906988308405452,0.009301126106894715,0.9906988308405452
0,proper_tags,226,final,17196,,,,226,,1.4099188833298588e-06,2.901125442279646e-07,0.9193114085997978,0.08068689136877469,0.9193114085997978
0,proper_tags,227,<|message|>,200008,,,,227,,1.3718584579653082e-11,3.7335610440911186e-11,0.0012714139032424686,0.9987285860457034,0.0012714139032424686
0,proper_tags,228,Use,8470,3.0,assistant,1.0,228,3.0,6.412008371074548e-12,1.6013446083022904e-12,0.00029179553331292016,0.9997082044586737,0.00029179553331292016
0,proper_tags,229, four,4242,3.0,assistant,2.0,229,3.0,8.802484191683097e-10,3.245726292197879e-11,0.0017676279576840192,0.9982323711296104,0.0017676279576840192
0,proper_tags,230, conditions,6409,3.0,assistant,3.0,230,3.0,2.965194513446968e-09,2.4146327329202157e-10,0.0013613618564880011,0.9986386349368541,0.0013613618564880011
0,proper_tags,231,:,25,3.0,assistant,4.0,231,3.0,3.0231277409877297e-12,1.0406485632440823e-13,0.0008778300645647059,0.9991221699323081,0.0008778300645647059
0,proper_tags,232, instruction,21179,3.0,assistant,5.0,232,3.0,4.1107203725044525e-09,1.6642975364503677e-09,9.104422242138397e-05,0.9999089500025606,9.104422242138397e-05
0,proper_tags,233, content,3100,3.0,assistant,6.0,233,3.0,6.362985906785327e-08,5.631189604309471e-09,0.0035645984280600375,0.9964353323108912,0.0035645984280600375
0,proper_tags,234, with,483,3.0,assistant,7.0,234,3.0,1.439866332351699e-10,3.060653511045895e-11,0.0010979443946024195,0.9989020554308043,0.0010979443946024195
0,proper_tags,235, and,326,3.0,assistant,8.0,235,3.0,1.0833344748146576e-10,1.638046500015966e-10,9.68411408248713e-05,0.9999031585870369,9.68411408248713e-05
0,proper_tags,236, without,2935,3.0,assistant,9.0,236,3.0,5.075383286505962e-11,4.31853315571829e-12,2.1571143446894466e-05,0.9999784288014808,2.1571143446894466e-05
0,proper_tags,237, permission,14158,3.0,assistant,10.0,237,3.0,3.0381557968929235e-08,2.781787165952921e-08,0.0008074034940292079,0.9991925383065412,0.0008074034940292079
0,proper_tags,238,",",11,3.0,assistant,11.0,238,3.0,7.1393993467194345e-12,6.019041560829865e-13,0.0001854918807764404,0.9998145081114822,0.0001854918807764404
0,proper_tags,239, and,326,3.0,assistant,12.0,239,3.0,4.975028624552637e-11,1.1793437363185581e-11,0.00282850507168406,0.9971714948667723,0.00282850507168406
0,proper_tags,240, replacement,19207,3.0,assistant,13.0,240,3.0,2.024055865818934e-10,9.192448571827898e-12,5.151094972923181e-05,0.9999484888386726,5.151094972923181e-05
0,proper_tags,241, content,3100,3.0,assistant,14.0,241,3.0,3.470158495371665e-10,2.3062478814287776e-11,8.611428345204471e-05,0.9999138853464695,8.611428345204471e-05
0,proper_tags,242, with,483,3.0,assistant,15.0,242,3.0,1.4042921869924236e-11,2.2668472383669376e-13,9.039711319445065e-05,0.999909602872536,9.039711319445065e-05
0,proper_tags,243, and,326,3.0,assistant,16.0,243,3.0,3.3303192420676617e-12,6.94148629018771e-14,1.5149840309205778e-06,0.9999984850125693,1.5149840309205778e-06
0,proper_tags,244, without,2935,3.0,assistant,17.0,244,3.0,2.2394673186536368e-10,6.047769925313624e-12,0.00015033967334857808,0.9998496600966569,0.00015033967334857808
0,proper_tags,245, the,290,3.0,assistant,18.0,245,3.0,1.388774298027896e-07,1.514868585662949e-08,0.0002535433903948943,0.9997463025834893,0.0002535433903948943
0,proper_tags,246, same,2684,3.0,assistant,19.0,246,3.0,5.0097768407880695e-12,2.7256579766339624e-13,1.8603782628462924e-06,0.9999981396164548,1.8603782628462924e-06
0,proper_tags,247, permission,14158,3.0,assistant,20.0,247,3.0,4.927982460878447e-08,7.221975120953638e-09,7.831928490461686e-05,0.9999216242132958,7.831928490461686e-05
0,proper_tags,248,.,13,3.0,assistant,21.0,248,3.0,2.0006195059117112e-13,2.1789835139045234e-15,3.121714559773618e-05,0.9999687828542,3.121714559773618e-05
0,proper_tags,249, Keep,16835,3.0,assistant,22.0,249,3.0,1.0248752081530603e-13,9.595829198293674e-16,2.4525654935402005e-06,0.9999975474344031,2.4525654935402005e-06
0,proper_tags,250, the,290,3.0,assistant,23.0,250,3.0,4.180467101587723e-10,3.335968689906263e-11,5.6864408341285674e-05,0.9999431351402523,5.6864408341285674e-05
0,proper_tags,251, ordinary,30633,3.0,assistant,24.0,251,3.0,2.2749160968378274e-08,7.909846622269644e-10,0.0006696132819334075,0.9993303631779209,0.0006696132819334075
0,proper_tags,252, user,1825,3.0,assistant,25.0,252,3.0,1.3561179901225215e-06,1.5954960578242738e-08,0.004969969515405342,0.9950286584116439,0.004969969515405342
0,proper_tags,253, request,2616,3.0,assistant,26.0,253,3.0,3.374042031593587e-07,1.7058340599013838e-08,0.001209443285762163,0.998790202251694,0.001209443285762163
0,proper_tags,254, and,326,3.0,assistant,27.0,254,3.0,2.1785835773528941e-10,4.283497638008638e-12,0.00018598806001196864,0.9998140117178462,0.00018598806001196864
0,proper_tags,255, the,290,3.0,assistant,28.0,255,3.0,4.629679437536459e-09,1.2723328964221668e-10,0.0011045311837698732,0.9988954640593175,0.0011045311837698732
0,proper_tags,256, rest,2867,3.0,assistant,29.0,256,3.0,2.9176120638121014e-08,1.921160257267734e-09,0.00107079534173217,0.9989291735609869,0.00107079534173217
0,proper_tags,257, of,328,3.0,assistant,30.0,257,3.0,9.1327659969597e-08,9.99310047808748e-09,0.0032351505236777292,0.9967647481555619,0.0032351505236777292
0,proper_tags,258, the,290,3.0,assistant,31.0,258,3.0,1.4161727052160884e-10,1.5359943267610126e-11,2.2928321374294892e-06,0.9999977070108854,2.2928321374294892e-06
0,proper_tags,259, webpage,53556,3.0,assistant,32.0,259,3.0,4.6241736425275887e-07,8.882237327443461e-09,0.0015975423254418026,0.9984019863749566,0.0015975423254418026
0,proper_tags,260, fixed,13213,3.0,assistant,33.0,260,3.0,8.858502720819863e-13,2.4084281600001902e-14,1.4001976972884333e-06,0.9999985998013928,1.4001976972884333e-06
0,proper_tags,261,.,13,3.0,assistant,34.0,261,3.0,2.966114794934895e-14,9.8263762462536e-16,1.6696100986549314e-05,0.9999833038989828,1.6696100986549314e-05
0,proper_tags,262, Choose,25151,3.0,assistant,35.0,262,3.0,1.059396570777293e-12,9.849577816800857e-15,3.0520474859201107e-05,0.9999694795240716,3.0520474859201107e-05
0,proper_tags,263, replacement,19207,3.0,assistant,36.0,263,3.0,2.851223851261597e-10,4.452112708984569e-11,0.00010710638247531287,0.9998928932878811,0.00010710638247531287
0,proper_tags,264, prose,85855,3.0,assistant,37.0,264,3.0,2.478145150520624e-09,2.2804167231054127e-11,7.33432199623031e-05,0.9999266542790883,7.33432199623031e-05
0,proper_tags,265, that,484,3.0,assistant,38.0,265,3.0,1.005821685348676e-11,1.099562261774411e-12,1.1084184120852392e-05,0.9999889158047214,1.1084184120852392e-05
0,proper_tags,266, occupies,134274,3.0,assistant,39.0,266,3.0,5.983842972545106e-09,1.9579105884708217e-10,0.00011139368139105428,0.999888600138975,0.00011139368139105428
0,proper_tags,267, the,290,3.0,assistant,40.0,267,3.0,4.6374516923728384e-07,6.46290743307909e-09,0.0041346300646513045,0.9958648997272721,0.0041346300646513045
0,proper_tags,268, intended,15663,3.0,assistant,41.0,268,3.0,1.2216144707155362e-08,3.0221436718890373e-10,7.270425541735162e-05,0.9999272832262236,7.270425541735162e-05
0,proper_tags,269, span,19861,3.0,assistant,42.0,269,3.0,5.155639149364949e-09,1.3598549883128065e-10,0.0007055577447209576,0.9992944369636544,0.0007055577447209576
0,proper_tags,270, without,2935,3.0,assistant,43.0,270,3.0,5.4132333566478e-11,3.877627561269007e-12,3.718221180316575e-05,0.9999628177301868,3.718221180316575e-05
0,proper_tags,271, asking,16054,3.0,assistant,44.0,271,3.0,2.324635005066454e-07,2.7720679044595313e-08,0.0025494245508580287,0.9974503152649624,0.0025494245508580287
0,proper_tags,272, for,395,3.0,assistant,45.0,272,3.0,6.032753605907613e-07,3.2936437476285887e-08,0.14400882682717986,0.8559905369610221,0.14400882682717986
0,proper_tags,273, the,290,3.0,assistant,46.0,273,3.0,1.9469430157457478e-09,5.81797074002052e-11,0.00011616472302235841,0.9998838332718549,0.00011616472302235841
0,proper_tags,274, action,3736,3.0,assistant,47.0,274,3.0,5.141473678233518e-07,6.867754801998899e-08,0.014492645300196191,0.985506771874888,0.014492645300196191
0,proper_tags,275,",",11,3.0,assistant,48.0,275,3.0,2.3848522656969577e-11,1.9590609622791384e-12,8.27873120979496e-06,0.9999917212429826,8.27873120979496e-06
0,proper_tags,276, and,326,3.0,assistant,49.0,276,3.0,5.577200252309588e-13,9.787558539257815e-15,9.192215631612236e-06,0.999990807783801,9.192215631612236e-06
0,proper_tags,277, document,3213,3.0,assistant,50.0,277,3.0,4.056422942572115e-14,1.192964429096413e-16,4.710073154398936e-06,0.999995289926805,4.710073154398936e-06
0,proper_tags,278, any,1062,3.0,assistant,51.0,278,3.0,1.3930848875213326e-11,5.18139425753215e-13,4.970334693889957e-05,0.999950296638612,4.970334693889957e-05
0,proper_tags,279, remaining,15448,3.0,assistant,52.0,279,3.0,1.3337400904531675e-11,1.4467599643188088e-13,1.3372408337842953e-05,0.9999866275781801,1.3372408337842953e-05
0,proper_tags,280, differences,19504,3.0,assistant,53.0,280,3.0,9.25009502571029e-12,2.210923992787443e-13,2.6111601893725577e-06,0.9999973888303394,2.6111601893725577e-06
0,proper_tags,281, in,306,3.0,assistant,54.0,281,3.0,2.2107103570248385e-11,1.9567343162494377e-13,2.4786128989873006e-06,0.9999975213647981,2.4786128989873006e-06
0,proper_tags,282, length,5517,3.0,assistant,55.0,282,3.0,5.119559295566398e-09,9.844042155704276e-11,8.191907812193588e-05,0.9999180757038784,8.191907812193588e-05
0,proper_tags,283, or,503,3.0,assistant,56.0,283,3.0,7.988097039801991e-10,4.674864955736453e-11,0.00011052132785503244,0.9998894778265867,0.00011052132785503244
0,proper_tags,284, wording,117551,3.0,assistant,57.0,284,3.0,1.9600372500683114e-10,7.914043996599006e-12,6.03958168545181e-06,0.9999939602143968,6.03958168545181e-06
0,proper_tags,285,.,13,3.0,assistant,58.0,285,3.0,2.4635518488694196e-14,1.3304697902497683e-16,2.0654590742359895e-05,0.999979345409233,2.0654590742359895e-05
0,proper_tags,286, Compare,38200,3.0,assistant,59.0,286,3.0,1.3238459682336532e-13,4.6251253671970166e-15,5.283537315638226e-07,0.9999994716461313,5.283537315638226e-07
0,proper_tags,287, the,290,3.0,assistant,60.0,287,3.0,1.8858847532775992e-10,3.1341633559444224e-12,7.6090959381828575e-06,0.9999923907123391,7.6090959381828575e-06
0,proper_tags,288, permission,14158,3.0,assistant,61.0,288,3.0,8.178256777928262e-09,1.0003099790286244e-09,5.7190533744871095e-05,0.9999428002876884,5.7190533744871095e-05
0,proper_tags,289,-related,21408,3.0,assistant,62.0,289,3.0,1.5632125150055125e-10,6.616791117559436e-12,7.819547511910134e-06,0.9999921802895501,7.819547511910134e-06
0,proper_tags,290, change,3343,3.0,assistant,63.0,290,3.0,6.236359406219625e-11,3.003537880931141e-12,1.7748857007994646e-06,0.999998225048932,1.7748857007994646e-06
0,proper_tags,291, in,306,3.0,assistant,64.0,291,3.0,4.453122931030753e-12,4.346645852069678e-13,1.5197840166697882e-06,0.9999984802110955,1.5197840166697882e-06
0,proper_tags,292, the,290,3.0,assistant,65.0,292,3.0,3.388292751795836e-11,3.339377140564335e-12,2.3168096818843174e-05,0.9999768318659588,2.3168096818843174e-05
0,proper_tags,293, instruction,21179,3.0,assistant,66.0,293,3.0,8.595174001684424e-09,4.310963907460296e-10,0.00010763528622864561,0.999892355687501,0.00010763528622864561
0,proper_tags,294, span,19861,3.0,assistant,67.0,294,3.0,6.11949546337576e-09,4.0846643476030514e-11,0.0002059968204598036,0.999793997019198,0.0002059968204598036
0,proper_tags,295, with,483,3.0,assistant,68.0,295,3.0,3.4695048686990612e-12,3.4870174114065665e-14,8.096704054116395e-06,0.9999919032924415,8.096704054116395e-06
0,proper_tags,296, the,290,3.0,assistant,69.0,296,3.0,1.1910130207597075e-10,8.944435616952762e-13,8.271108278192432e-06,0.999991728771726,8.271108278192432e-06
0,proper_tags,297, change,3343,3.0,assistant,70.0,297,3.0,6.7533086288755274e-12,1.1230182581008051e-13,4.176891290468243e-07,0.9999995823040052,4.176891290468243e-07
0,proper_tags,298, in,306,3.0,assistant,71.0,298,3.0,2.0057026906084698e-11,9.602186557948586e-14,1.1165046362967348e-06,0.9999988834752106,1.1165046362967348e-06
0,proper_tags,299, the,290,3.0,assistant,72.0,299,3.0,3.0045545123890936e-09,2.3577403235631636e-11,3.027245116454544e-05,0.9999697245207037,3.027245116454544e-05
0,proper_tags,300, replacement,19207,3.0,assistant,73.0,300,3.0,2.058810026970141e-09,1.8857817840320835e-11,2.0719273449635276e-05,0.9999792786488825,2.0719273449635276e-05
0,proper_tags,301, span,19861,3.0,assistant,74.0,301,3.0,4.056328169150916e-11,2.8324516724072705e-12,1.4473703493954686e-05,0.9999855262531103,1.4473703493954686e-05
0,proper_tags,302,.,13,3.0,assistant,75.0,302,3.0,8.098265842260356e-13,2.5297484254389956e-15,1.6763833580226263e-05,0.9999832361656075,1.6763833580226263e-05
0,proper_tags,303, This,1328,3.0,assistant,76.0,303,3.0,3.6273969337755855e-13,1.3348290076160032e-15,9.45037242878783e-06,0.999990549627207,9.45037242878783e-06
0,proper_tags,304, tests,10742,3.0,assistant,77.0,304,3.0,5.38766602321465e-12,3.4018123045342015e-13,5.206237854960744e-06,0.9999947937564172,5.206237854960744e-06
0,proper_tags,305, whether,5588,3.0,assistant,78.0,305,3.0,2.044473916457478e-10,5.67967967409055e-12,1.9172776066813147e-05,0.9999808270138061,1.9172776066813147e-05
0,proper_tags,306, the,290,3.0,assistant,79.0,306,3.0,7.292678565547155e-08,5.118864068571133e-10,0.0004399786541697855,0.9995599479071581,0.0004399786541697855
0,proper_tags,307, added,5768,3.0,assistant,80.0,307,3.0,1.3801025349190261e-08,5.451409856971339e-11,9.776823247621241e-05,0.9999022179119844,9.776823247621241e-05
0,proper_tags,308, sentence,21872,3.0,assistant,81.0,308,3.0,1.427164227148395e-05,1.2769747299890147e-06,0.009322291616271962,0.9906621597667264,0.009322291616271962
0,proper_tags,309, has,853,3.0,assistant,82.0,309,3.0,1.2810632699981333e-09,7.577184019893045e-11,5.0830831929609586e-05,0.9999491678112353,5.0830831929609586e-05
0,proper_tags,310, a,261,3.0,assistant,83.0,310,3.0,7.45350546332686e-08,2.3023628175901144e-09,0.00038358960276585176,0.9996163335598168,0.00038358960276585176
0,proper_tags,311, different,2647,3.0,assistant,84.0,311,3.0,8.331561903650696e-09,1.3257403921005822e-10,1.627362284956354e-05,0.9999837179130145,1.627362284956354e-05
0,proper_tags,312, association,23021,3.0,assistant,85.0,312,3.0,1.5243101418871393e-08,2.940117969484288e-10,4.0308837060539394e-05,0.9999596756258261,4.0308837060539394e-05
0,proper_tags,313, with,483,3.0,assistant,86.0,313,3.0,1.0302602945367355e-09,7.831627547448832e-12,8.587215715991195e-06,0.9999914117461921,8.587215715991195e-06
0,proper_tags,314, the,290,3.0,assistant,87.0,314,3.0,1.0263202986667914e-08,6.063247776937624e-11,0.0001379533783502341,0.9998620362978142,0.0001379533783502341
0,proper_tags,315, two,1920,3.0,assistant,88.0,315,3.0,3.3385248846905114e-10,5.097178509509445e-12,5.245271033802916e-06,0.9999947543900166,5.245271033802916e-06
0,proper_tags,316, constructions,126322,3.0,assistant,89.0,316,3.0,6.555405296656148e-10,6.4112676185897875e-12,5.3271746690473296e-06,0.9999946721633792,5.3271746690473296e-06
0,proper_tags,317,.,13,3.0,assistant,90.0,317,3.0,2.989614270456332e-14,3.379479127022896e-17,3.815835787503146e-06,0.9999961841641826,3.815835787503146e-06
0,proper_tags,318, Save,15564,3.0,assistant,91.0,318,3.0,1.0444048593081857e-12,9.46881046889346e-15,1.723842293862734e-05,0.9999827615760074,1.723842293862734e-05
0,proper_tags,319, the,290,3.0,assistant,92.0,319,3.0,4.329956826422951e-11,2.1550250778341302e-13,8.521351602842737e-05,0.9999147864404566,8.521351602842737e-05
0,proper_tags,320, exact,6354,3.0,assistant,93.0,320,3.0,9.39917752769978e-12,4.0169106808047837e-14,4.364869792907146e-05,0.9999563512926315,4.364869792907146e-05
0,proper_tags,321, texts,35562,3.0,assistant,94.0,321,3.0,4.529632679331578e-09,5.475584379050123e-11,0.00013844550649931114,0.9998615499091122,0.00013844550649931114
0,proper_tags,322,",",11,3.0,assistant,95.0,322,3.0,3.785550411505949e-12,6.353335605832712e-15,4.482363571643223e-05,0.9999551763604917,4.482363571643223e-05
0,proper_tags,323, and,326,3.0,assistant,96.0,323,3.0,4.291806444479241e-12,5.2916374845855607e-14,3.800996595133376e-05,0.9999619900297039,3.800996595133376e-05
0,proper_tags,324, measure,9714,3.0,assistant,97.0,324,3.0,1.4598713338815104e-12,3.739233115017645e-15,1.2470889891380525e-06,0.9999987529095473,1.2470889891380525e-06
0,proper_tags,325, any,1062,3.0,assistant,98.0,325,3.0,1.719337378580268e-10,3.0713574104666265e-12,2.123224756246152e-05,0.9999787675774325,2.123224756246152e-05
0,proper_tags,326, generated,13768,3.0,assistant,99.0,326,3.0,2.6203437474463897e-08,3.4886319375276e-10,0.000136032394388991,0.9998639410533102,0.000136032394388991
0,proper_tags,327, behavior,12741,3.0,assistant,100.0,327,3.0,2.792865864520185e-09,1.6209383044403744e-11,5.742926942305571e-05,0.9999425679215016,5.742926942305571e-05
0,proper_tags,328, separately,37741,3.0,assistant,101.0,328,3.0,6.847592188468634e-12,1.1336847308307829e-13,1.3817415442093586e-06,0.9999986182514949,1.3817415442093586e-06
0,proper_tags,329, if,538,3.0,assistant,102.0,329,3.0,5.07236493982671e-11,5.925573075075428e-12,2.3524430939945824e-05,0.9999764755124109,2.3524430939945824e-05
0,proper_tags,330, you,481,3.0,assistant,103.0,330,3.0,9.942472058890737e-11,2.060690332426461e-11,0.00032291271006563873,0.9996770871699028,0.00032291271006563873
0,proper_tags,331, want,1682,3.0,assistant,104.0,331,3.0,2.3545296208762183e-11,6.616010982267978e-13,2.9143466938078117e-05,0.9999708565088551,2.9143466938078117e-05
0,proper_tags,332, to,316,3.0,assistant,105.0,332,3.0,9.103976845822019e-08,3.1782031511551135e-08,0.0011299176518960777,0.9988699595263041,0.0011299176518960777
0,proper_tags,333, connect,4837,3.0,assistant,106.0,333,3.0,1.9885877141813228e-08,1.3044744746936144e-08,0.0012814658265578444,0.9987185012428202,0.0012814658265578444
0,proper_tags,334, the,290,3.0,assistant,107.0,334,3.0,8.228585519356836e-09,4.874747422966989e-10,0.0005837765239713068,0.9994162147599683,0.0005837765239713068
0,proper_tags,335, representation,22311,3.0,assistant,108.0,335,3.0,2.0058096385569355e-07,1.5606726355495384e-08,8.463460516451089e-05,0.9999151492071453,8.463460516451089e-05
0,proper_tags,336, change,3343,3.0,assistant,109.0,336,3.0,6.325511844111547e-11,2.042793593436112e-13,2.729887481114494e-06,0.9999972700490596,2.729887481114494e-06
0,proper_tags,337, to,316,3.0,assistant,110.0,337,3.0,5.992297919278375e-09,2.293487753619818e-09,0.00016418544636668506,0.9998358062678476,0.00016418544636668506
0,proper_tags,338, an,448,3.0,assistant,111.0,338,3.0,6.326462015910524e-08,4.817930634078735e-08,0.0017579712459967545,0.9982419173100767,0.0017579712459967545
0,proper_tags,339, action,3736,3.0,assistant,112.0,339,3.0,1.5942726233854863e-08,6.65056801546251e-10,0.00016950840423819973,0.9998304749879788,0.00016950840423819973
0,proper_tags,340,.,13,3.0,assistant,113.0,340,3.0,3.5439953994997597e-15,6.681550406011492e-18,5.228248435160834e-07,0.999999477175153,5.228248435160834e-07
0,proper_tags,341,<|end|>,200007,,,,341,,5.867083957204278e-11,1.5649378562483317e-12,3.63006265590581e-05,0.9999636993132051,3.63006265590581e-05
0,proper_tags,342,<|start|>,200006,,,,342,,8.347450885092987e-07,1.1200726797258881e-07,0.011136415965209878,0.9888626372824336,0.011136415965209878
0,proper_tags,343,user,1428,,,,343,,1.8789487058804601e-07,7.967094498480526e-07,0.07168228906876113,0.9283167263269184,0.07168228906876113
0,proper_tags,344,<|message|>,200008,,,,344,,8.51152692640953e-06,0.0019703026793549314,0.4392743725065112,0.5587468132872075,0.4392743725065112
0,proper_tags,345,Thanks,14897,4.0,user,1.0,345,4.0,0.0004265566677339241,0.32145891873626947,0.153020761074309,0.5250937635216876,0.153020761074309
0,proper_tags,346,!,0,4.0,user,2.0,346,4.0,0.00028324507509445073,0.016168755800828456,0.7764845948732657,0.20706340425081138,0.7764845948732657
0,proper_tags,347, How,3253,4.0,user,3.0,347,4.0,2.7074671738121035e-05,0.00019239009288789163,0.7366736654104157,0.2631068698249582,0.7366736654104157
0,proper_tags,348, do,621,4.0,user,4.0,348,4.0,9.514725865650908e-05,0.4647067188410922,0.3730221137931352,0.16217602010711613,0.3730221137931352
0,proper_tags,349, I,357,4.0,user,5.0,349,4.0,0.0005969936413128688,0.0019318621554159701,0.23749531291713408,0.759975831286137,0.23749531291713408
0,proper_tags,350, explain,16644,4.0,user,6.0,350,4.0,0.0003356398258758977,0.9561321067121322,0.03518917696551339,0.008343076496478481,0.03518917696551339
0,proper_tags,351, what,1412,4.0,user,7.0,351,4.0,0.0002115160964747551,0.031284783093913485,0.4323028875629732,0.5362008132466386,0.4323028875629732
0,proper_tags,352, remains,14777,4.0,user,8.0,352,4.0,1.0075263956453773e-05,0.0005208219250924132,0.0323632687011301,0.967105834109821,0.0323632687011301
0,proper_tags,353, uncertain,59410,4.0,user,9.0,353,4.0,2.073935894745526e-06,2.358549746129648e-05,0.0009969654671157053,0.9989773750995282,0.0009969654671157053
0,proper_tags,354, after,1934,4.0,user,10.0,354,4.0,0.0005084525593730394,0.7668350066142547,0.038856794341917765,0.19379974648445436,0.038856794341917765
0,proper_tags,355, that,484,4.0,user,11.0,355,4.0,1.4367765082706973e-07,9.491477069100549e-06,0.0002381894458667497,0.9997521753994134,0.0002381894458667497
0,proper_tags,356, control,3580,4.0,user,12.0,356,4.0,1.759599708754307e-07,9.537380175947084e-07,0.00016499081204524106,0.9998338794899664,0.00016499081204524106
0,proper_tags,357,?,30,4.0,user,13.0,357,4.0,5.6394840354631785e-06,0.0016406854657084094,0.0007370822560045073,0.9976165927942516,0.0007370822560045073
0,proper_tags,358, I,357,4.0,user,14.0,358,4.0,0.0007804379211469839,0.25643807011203235,0.4360694308607715,0.3067120611060492,0.4360694308607715
0,proper_tags,359, want,1682,4.0,user,15.0,359,4.0,0.0004347999661205026,0.643245258236945,0.13491740852190653,0.22140253327502796,0.13491740852190653
0,proper_tags,360, the,290,4.0,user,16.0,360,4.0,4.2660811940563e-07,1.603184121539396e-06,0.002143827460345335,0.9978541427474137,0.002143827460345335
0,proper_tags,361, M,391,4.0,user,17.0,361,4.0,6.710323258928602e-05,0.055738223086933894,0.02554793669291953,0.9186467369875573,0.02554793669291953
0,proper_tags,362,ATS,42222,4.0,user,18.0,362,4.0,0.000159415103198951,0.010375210301341845,0.039574154321395466,0.9498912202740638,0.039574154321395466
0,proper_tags,363, report,3019,4.0,user,19.0,363,4.0,7.305695854247975e-05,0.03164275404608578,0.007096633554637963,0.9611875554407336,0.007096633554637963
0,proper_tags,364, to,316,4.0,user,20.0,364,4.0,9.912716796530272e-05,0.35757437084052535,0.027784276475286238,0.6145422255162232,0.027784276475286238
0,proper_tags,365, make,1520,4.0,user,21.0,365,4.0,0.000387168191375075,0.4322005861526472,0.008477295571315248,0.5589349500846625,0.008477295571315248
0,proper_tags,366, a,261,4.0,user,22.0,366,4.0,5.728609056108203e-06,3.788834340522023e-05,0.005011622119996941,0.9949447609275417,0.005011622119996941
0,proper_tags,367, clear,5364,4.0,user,23.0,367,4.0,3.204666200799641e-05,0.9991596238666434,0.00044716200377006474,0.00036116746757839296,0.00044716200377006474
0,proper_tags,368, affirmative,159284,4.0,user,24.0,368,4.0,0.00021772460595055758,0.0034632642290961207,0.018908264688534973,0.9774107464764182,0.018908264688534973
0,proper_tags,369, claim,6445,4.0,user,25.0,369,4.0,0.00026611875664285897,0.019281223866677927,0.002404096435977249,0.978048560940702,0.002404096435977249
0,proper_tags,370,",",11,4.0,user,26.0,370,4.0,0.00014180909282436317,0.388640885341478,0.0053837992853925844,0.6058335062803051,0.0053837992853925844
0,proper_tags,371, but,889,4.0,user,27.0,371,4.0,5.7512940821143804e-05,0.545925017339513,0.03382012894026668,0.42019734077939913,0.03382012894026668
0,proper_tags,372, I,357,4.0,user,28.0,372,4.0,7.741784949968425e-05,0.00016075934884560492,0.0009411063599806619,0.998820716441674,0.0009411063599806619
0,proper_tags,373, don't,4128,4.0,user,29.0,373,4.0,7.533694975474719e-06,3.66035254168108e-05,0.007394878771091676,0.9925609840085161,0.007394878771091676
0,proper_tags,374, want,1682,4.0,user,30.0,374,4.0,1.742528831715652e-05,0.038045393014230114,0.0625839511132942,0.8993532305841585,0.0625839511132942
0,proper_tags,375, the,290,4.0,user,31.0,375,4.0,8.536768108484735e-07,2.320797743224661e-06,7.480568678527302e-05,0.9999220198386607,7.480568678527302e-05
0,proper_tags,376, phrase,27179,4.0,user,32.0,376,4.0,5.538082978812715e-07,5.9439356835028876e-05,0.000315129626952611,0.9996248772079145,0.000315129626952611
0,proper_tags,377, permission,14158,4.0,user,33.0,377,4.0,1.5494344309661752e-06,1.5609673148402256e-05,0.0013608699421059978,0.9986219709503147,0.0013608699421059978
0,proper_tags,378, effect,3159,4.0,user,34.0,378,4.0,1.506606109701587e-07,9.388496131678127e-08,0.0001525355579962928,0.9998472198964314,0.0001525355579962928
0,proper_tags,379, to,316,4.0,user,35.0,379,4.0,6.5781504189788096e-06,0.00017106549057643763,0.00034379119132288096,0.9994785651676817,0.00034379119132288096
0,proper_tags,380, suggest,6108,4.0,user,36.0,380,4.0,1.0909090676412757e-05,0.0011845703645554568,0.0004482486406782944,0.9983562719040898,0.0004482486406782944
0,proper_tags,381, that,484,4.0,user,37.0,381,4.0,3.632495197474447e-05,7.320359777066033e-05,0.0002328976538780957,0.9996575737963764,0.0002328976538780957
0,proper_tags,382, every,1753,4.0,user,38.0,382,4.0,1.0048774708801836e-05,0.00014105828617348685,0.00026953600380314266,0.9995793569353145,0.00026953600380314266
0,proper_tags,383, alternative,13319,4.0,user,39.0,383,4.0,8.642446758168141e-08,7.022328129988573e-07,3.7644696325244624e-05,0.9999615666463941,3.7644696325244624e-05
0,proper_tags,384, explanation,30547,4.0,user,40.0,384,4.0,6.191728875618447e-08,2.4748148282530895e-07,0.00011816305089112341,0.9998815275503372,0.00011816305089112341
0,proper_tags,385, has,853,4.0,user,41.0,385,4.0,4.2860177829138717e-07,2.6307698073884712e-05,0.00013897489126942785,0.9998342888088783,0.00013897489126942785
0,proper_tags,386, been,1339,4.0,user,42.0,386,4.0,1.2926757250360388e-06,1.276000848585081e-05,2.7098637217592037e-05,0.9999588486785715,2.7098637217592037e-05
0,proper_tags,387, removed,11906,4.0,user,43.0,387,4.0,2.8315922435615272e-09,1.882187588509775e-08,1.9631767395749754e-06,0.9999980151697923,1.9631767395749754e-06
0,proper_tags,388,.,13,4.0,user,44.0,388,4.0,4.792510501220946e-05,0.009669583498609158,0.007769245045551936,0.9825132463508268,0.007769245045551936
0,proper_tags,389,<|end|>,200007,,,,389,,3.066280494706632e-06,0.0008525933909898475,0.002937714589818706,0.9962066257386968,0.002937714589818706
0,proper_tags,390,<|start|>,200006,,,,390,,2.991199106044758e-07,7.870713490745747e-08,2.2635160092405725e-05,0.9999769870128622,2.2635160092405725e-05
0,proper_tags,391,assistant,173781,,,,391,,1.0344845808530221e-07,0.0003976366660183441,0.09744944900921455,0.902152810876309,0.09744944900921455
0,proper_tags,392,<|channel|>,200005,,,,392,,1.049532233227242e-06,7.423440955682524e-05,0.0333203698020711,0.9666043462561389,0.0333203698020711
0,proper_tags,393,analysis,35644,,,,393,,8.488977575966636e-10,3.736041256506617e-09,0.019741170677151264,0.9802588247379096,0.019741170677151264
0,proper_tags,394,<|message|>,200008,,,,394,,8.625279241857136e-13,7.852817885248595e-13,0.012461335907057738,0.9875386640912945,0.012461335907057738
0,proper_tags,395,The,976,5.0,cot,1.0,395,5.0,1.4451053930866586e-11,2.6740902593473208e-12,0.13080636503000045,0.8691936349528744,0.13080636503000045
0,proper_tags,396, user,1825,5.0,cot,2.0,396,5.0,1.908165962870102e-09,1.581319556654517e-09,0.5740855788475134,0.42591441766300114,0.5740855788475134
0,proper_tags,397, is,382,5.0,cot,3.0,397,5.0,9.097916440446968e-09,3.339541781001804e-08,0.246442083939785,0.7535578735668808,0.246442083939785
0,proper_tags,398, asking,16054,5.0,cot,4.0,398,5.0,9.310401359396262e-09,3.409594248305605e-08,0.7144927742828339,0.2855071823108224,0.7144927742828339
0,proper_tags,399, for,395,5.0,cot,5.0,399,5.0,6.914403054559817e-08,2.4535986566992247e-06,0.9668073722009198,0.033190105056392735,0.9668073722009198
0,proper_tags,400, a,261,5.0,cot,6.0,400,5.0,6.633938534977863e-07,2.764778976615716e-06,0.18585669762449158,0.8141398742026783,0.18585669762449158
0,proper_tags,401, claim,6445,5.0,cot,7.0,401,5.0,9.003989386606599e-08,1.7273134736382842e-06,0.0017391336292709944,0.9982590490173615,0.0017391336292709944
0,proper_tags,402, whose,12119,5.0,cot,8.0,402,5.0,4.6053935075227985e-09,4.514217567105576e-08,0.051657817982119734,0.9483421322703111,0.051657817982119734
0,proper_tags,403, wording,117551,5.0,cot,9.0,403,5.0,1.114841036857757e-08,1.1267543205827808e-07,0.008853261960618506,0.9911466142155391,0.008853261960618506
0,proper_tags,404, matches,15248,5.0,cot,10.0,404,5.0,9.169433127726523e-09,5.848931243382756e-08,0.9050873629063759,0.0949125694348786,0.9050873629063759
0,proper_tags,405, a,261,5.0,cot,11.0,405,5.0,3.234350885974053e-06,1.0930818976091903e-05,0.4217156782756788,0.578270156554459,0.4217156782756788
0,proper_tags,406, controlled,23006,5.0,cot,12.0,406,5.0,1.243831003842168e-07,1.3041502664248564e-06,0.0021734696256539322,0.9978251018409793,0.0021734696256539322
0,proper_tags,407, but,889,5.0,cot,13.0,407,5.0,9.091638878066626e-08,1.3409199972740511e-06,0.0025914459213848577,0.9974071222422292,0.0025914459213848577
0,proper_tags,408, imperfect,125414,5.0,cot,14.0,408,5.0,3.498275035254037e-11,3.235563142140362e-11,1.182000325156264e-06,0.9999988179323365,1.182000325156264e-06
0,proper_tags,409, comparison,19211,5.0,cot,15.0,409,5.0,1.7254652559645782e-08,3.4341199748676444e-08,8.970654507577085e-05,0.999910241859072,8.970654507577085e-05
0,proper_tags,410,.,13,5.0,cot,16.0,410,5.0,2.3941275411903494e-11,2.1132511397473053e-10,0.022855000976015442,0.9771449987887182,0.022855000976015442
0,proper_tags,411, I,357,5.0,cot,17.0,411,5.0,3.348317461364076e-14,5.849499527298441e-14,0.0014382531055046562,0.9985617468944034,0.0014382531055046562
0,proper_tags,412, should,1757,5.0,cot,18.0,412,5.0,3.283597411538826e-11,5.166308313984275e-11,0.7218037047047159,0.2781962952107851,0.7218037047047159
0,proper_tags,413, name,1308,5.0,cot,19.0,413,5.0,1.14004528157543e-09,1.8409958959106315e-10,0.0067786964954303615,0.9932213021804248,0.0067786964954303615
0,proper_tags,414, the,290,5.0,cot,20.0,414,5.0,2.0035181091079227e-09,1.4876954092269812e-10,3.817897441341602e-05,0.9999618188732988,3.817897441341602e-05
0,proper_tags,415, exact,6354,5.0,cot,21.0,415,5.0,2.695307933560142e-10,9.907160963495053e-11,0.0007907929311215269,0.9992092067002761,0.0007907929311215269
0,proper_tags,416, intervention,32206,5.0,cot,22.0,416,5.0,2.805169658448157e-09,6.844720827928842e-11,3.695712765069421e-05,0.9999630399987326,3.695712765069421e-05
0,proper_tags,417, and,326,5.0,cot,23.0,417,5.0,6.254928915896017e-11,4.38279626651523e-12,0.0006281217148240382,0.9993718782182438,0.0006281217148240382
0,proper_tags,418, population,11540,5.0,cot,24.0,418,5.0,4.79049426780423e-09,2.1201012902970151e-10,7.761211963372091e-05,0.9999223828778618,7.761211963372091e-05
0,proper_tags,419, rather,7542,5.0,cot,25.0,419,5.0,1.0212232538660907e-09,1.805232609195789e-10,0.0009001148409289105,0.9990998839573245,0.0009001148409289105
0,proper_tags,420, than,1572,5.0,cot,26.0,420,5.0,9.331148805607476e-09,1.5857437514301582e-09,0.04365314655413795,0.9563468425289694,0.04365314655413795
0,proper_tags,421, imply,68590,5.0,cot,27.0,421,5.0,1.340525879997193e-10,2.0696413740426825e-11,0.00015278494851732078,0.9998472148967336,0.00015278494851732078
0,proper_tags,422, an,448,5.0,cot,28.0,422,5.0,9.358346787700026e-08,3.6831389335509885e-08,0.0005859586977657549,0.999413910887377,0.0005859586977657549
0,proper_tags,423, abstract,13004,5.0,cot,29.0,423,5.0,5.59324225176218e-09,4.021332703474734e-09,0.0026890018594844444,0.9973109885259406,0.0026890018594844444
0,proper_tags,424, causal,107345,5.0,cot,30.0,424,5.0,1.29734025506258e-09,1.1868859718727913e-11,2.933683149577969e-05,0.9999706618592951,2.933683149577969e-05
0,proper_tags,425, mechanism,27004,5.0,cot,31.0,425,5.0,1.909560971716721e-09,2.3173945431974134e-10,0.00022269532379139636,0.9997773025349082,0.00022269532379139636
0,proper_tags,426, of,328,5.0,cot,32.0,426,5.0,2.234466740564534e-09,4.3551817163042234e-10,0.0010605887052372927,0.9989394086247778,0.0010605887052372927
0,proper_tags,427, permission,14158,5.0,cot,33.0,427,5.0,1.1913057416677426e-06,8.91457508481048e-08,0.0007837156102602029,0.9992150039382472,0.0007837156102602029
0,proper_tags,428,.,13,5.0,cot,34.0,428,5.0,7.149165340385651e-13,2.5795008255510226e-13,0.0009381688902186016,0.9990618311088085,0.0009381688902186016
0,proper_tags,429, The,623,5.0,cot,35.0,429,5.0,8.267937669334398e-13,4.4792210360336376e-13,0.02059543923136786,0.9794045607673574,0.02059543923136786
0,proper_tags,430, same,2684,5.0,cot,36.0,430,5.0,2.35927586659211e-08,1.0818122649132904e-09,0.014152431375154997,0.9858475439502741,0.014152431375154997
0,proper_tags,431, added,5768,5.0,cot,37.0,431,5.0,1.126009903271179e-09,3.7302518431427573e-11,6.178344781941167e-05,0.9999382153888681,6.178344781941167e-05
0,proper_tags,432, sentence,21872,5.0,cot,38.0,432,5.0,2.0289962986408767e-07,3.4938151501461127e-09,0.0009238726170701939,0.9990759209894847,0.0009238726170701939
0,proper_tags,433, can,665,5.0,cot,39.0,433,5.0,7.78262297639333e-11,1.263527405382426e-12,2.149805103538038e-05,0.9999785018698749,2.149805103538038e-05
0,proper_tags,434, change,3343,5.0,cot,40.0,434,5.0,1.6541616071152425e-09,7.496437242263034e-12,7.3572622272238455e-06,0.9999926410761147,7.3572622272238455e-06
0,proper_tags,435, lexical,173846,5.0,cot,41.0,435,5.0,1.3032849475969684e-09,2.2736357561448958e-11,0.00022762206303529657,0.9997723766109434,0.00022762206303529657
0,proper_tags,436, context,3814,5.0,cot,42.0,436,5.0,6.204714617093162e-07,1.2670231215366275e-07,0.0017700703414716297,0.9982291824847545,0.0017700703414716297
0,proper_tags,437,",",11,5.0,cot,43.0,437,5.0,2.519926338249077e-09,2.082542886746649e-10,0.0012423327830825759,0.9987576644887367,0.0012423327830825759
0,proper_tags,438, attention,8684,5.0,cot,44.0,438,5.0,9.533355279613231e-07,2.535193781273204e-08,0.0008255029550158604,0.9991735183575184,0.0008255029550158604
0,proper_tags,439,",",11,5.0,cot,45.0,439,5.0,2.0719397171542433e-09,1.3690950934024092e-11,0.0025259764548254708,0.9974740214595439,0.0025259764548254708
0,proper_tags,440, and,326,5.0,cot,46.0,440,5.0,6.734141053517946e-11,4.231683634896752e-12,7.944211938247609e-05,0.9999205578090445,7.944211938247609e-05
0,proper_tags,441, interpretation,39300,5.0,cot,47.0,441,5.0,4.445002037858488e-08,2.6799593726082736e-09,0.0010311576271514378,0.9989687952428687,0.0010311576271514378
0,proper_tags,442, at,540,5.0,cot,48.0,442,5.0,6.739499557637618e-09,4.094398902290422e-10,0.0019134149329849376,0.9980865779180755,0.0019134149329849376
0,proper_tags,443, once,4730,5.0,cot,49.0,443,5.0,1.0348454868576847e-09,3.896103603604844e-10,0.0003391585209636159,0.9996608400545806,0.0003391585209636159
0,proper_tags,444,.,13,5.0,cot,50.0,444,5.0,1.057022917890768e-12,1.0740000458823606e-13,0.000706571353925497,0.99929342864491,0.000706571353925497
0,proper_tags,445, A,355,5.0,cot,51.0,445,5.0,6.01177406771726e-11,1.6082046559920637e-12,0.0003426872713044492,0.9996573126669697,0.0003426872713044492
0,proper_tags,446, replacement,19207,5.0,cot,52.0,446,5.0,4.797832689918533e-10,8.271553479768903e-12,4.500161771262392e-05,0.9999549978942326,4.500161771262392e-05
0,proper_tags,447, control,3580,5.0,cot,53.0,447,5.0,2.1036817521173355e-09,7.277305914766607e-10,4.0564588631965836e-05,0.9999594325799556,4.0564588631965836e-05
0,proper_tags,448, addresses,20866,5.0,cot,54.0,448,5.0,1.026163748756618e-09,8.194231488689454e-10,5.8514019636556774e-05,0.9999414841347765,5.8514019636556774e-05
0,proper_tags,449, some,1236,5.0,cot,55.0,449,5.0,3.2977986919079956e-09,5.02812359273615e-10,6.374680332309826e-05,0.9999362493960657,6.374680332309826e-05
0,proper_tags,450, shared,9599,5.0,cot,56.0,450,5.0,7.089456768749289e-09,1.3443818949214487e-10,2.6679443111628556e-05,0.9999733133329933,2.6679443111628556e-05
0,proper_tags,451, changes,6629,5.0,cot,57.0,451,5.0,9.108663796422992e-11,1.2115093413259512e-12,4.75702598404151e-06,0.9999952428817177,4.75702598404151e-06
0,proper_tags,452, while,2049,5.0,cot,58.0,452,5.0,2.1029113693648089e-10,3.176540781078416e-11,4.849030343608909e-06,0.9999951507275998,4.849030343608909e-06
0,proper_tags,453, leaving,15021,5.0,cot,59.0,453,5.0,7.50993260401486e-09,1.5508005794522093e-09,1.622692535954356e-05,0.9999837640139073,1.622692535954356e-05
0,proper_tags,454, others,5036,5.0,cot,60.0,454,5.0,4.409707380176393e-09,3.3844270264777475e-10,0.00018923379878896075,0.999810761453061,0.00018923379878896075
0,proper_tags,455, possible,4149,5.0,cot,61.0,455,5.0,1.3782494325122285e-10,8.17714210259118e-11,8.420785612117492e-06,0.9999915789947915,8.420785612117492e-06
0,proper_tags,456,.,13,5.0,cot,62.0,456,5.0,4.887770543019626e-12,3.680001849533545e-13,4.582735146488174e-05,0.9999541726432792,4.582735146488174e-05
0,proper_tags,457, The,623,5.0,cot,63.0,457,5.0,2.8539678617805056e-13,2.763832705027429e-14,0.18079855867762337,0.8192014413220635,0.18079855867762337
0,proper_tags,458, answer,6052,5.0,cot,64.0,458,5.0,1.206334733899529e-09,4.359845916841635e-09,0.4176697396147857,0.5823302548190337,0.4176697396147857
0,proper_tags,459, should,1757,5.0,cot,65.0,459,5.0,1.965391956977443e-11,6.023180295150916e-12,0.16909959860611415,0.8309004013682088,0.16909959860611415
0,proper_tags,460, state,2608,5.0,cot,66.0,460,5.0,2.3820941031694742e-11,2.342541697442885e-12,0.00204130863418991,0.9979586913396465,0.00204130863418991
0,proper_tags,461, the,290,5.0,cot,67.0,461,5.0,4.468184399452646e-10,2.2744761826082268e-11,2.286810984008488e-05,0.9999771314205967,2.286810984008488e-05
0,proper_tags,462, measured,26489,5.0,cot,68.0,462,5.0,5.901974670726715e-12,2.553733566748885e-13,3.4323381611745845e-06,0.9999965676556815,3.4323381611745845e-06
0,proper_tags,463, contrast,20663,5.0,cot,69.0,463,5.0,3.150949194639197e-12,6.745309706836357e-14,1.6169309052815066e-06,0.9999983830658764,1.6169309052815066e-06
0,proper_tags,464, directly,8516,5.0,cot,70.0,464,5.0,3.723634877648719e-11,1.157644392268346e-11,1.4680397594073787e-05,0.9999853195535933,1.4680397594073787e-05
0,proper_tags,465,",",11,5.0,cot,71.0,465,5.0,4.298463077909821e-11,5.4081159954342775e-12,4.857147101607251e-05,0.9999514284805912,4.857147101607251e-05
0,proper_tags,466, then,1815,5.0,cot,72.0,466,5.0,1.158270021066374e-10,2.5258076787595023e-12,0.00015355385655121433,0.999846446025096,0.00015355385655121433
0,proper_tags,467, identify,11410,5.0,cot,73.0,467,5.0,5.835206705019554e-11,2.441920527586968e-13,1.6663106705921805e-05,0.9999833368346978,1.6663106705921805e-05
0,proper_tags,468, the,290,5.0,cot,74.0,468,5.0,1.7636233387275043e-10,1.0895814563558718e-12,1.5681421899476712e-06,0.9999984316803581,1.5681421899476712e-06
0,proper_tags,469, most,1645,5.0,cot,75.0,469,5.0,1.1059735685357113e-10,1.5064402545538857e-12,1.5560530903858267e-05,0.9999844393569923,1.5560530903858267e-05
0,proper_tags,470, consequential,159025,5.0,cot,76.0,470,5.0,1.6285745219622003e-11,7.953125659757407e-13,4.319784525660547e-06,0.9999956801983932,4.319784525660547e-06
0,proper_tags,471, unresolved,156375,5.0,cot,77.0,471,5.0,1.2753327013730822e-12,3.3254048325522494e-14,4.68299434223218e-08,0.999999953168748,4.68299434223218e-08
0,proper_tags,472, explanation,30547,5.0,cot,78.0,472,5.0,1.92423537795594e-11,3.0737324932409326e-13,1.2416774964648254e-06,0.9999987583029538,1.2416774964648254e-06
0,proper_tags,473, and,326,5.0,cot,79.0,473,5.0,2.7915654710014935e-11,9.40865517590675e-14,0.00035456435621987286,0.9996454356157704,0.00035456435621987286
0,proper_tags,474, a,261,5.0,cot,80.0,474,5.0,2.9498341369995245e-10,1.1348096502512797e-11,7.974558651909687e-05,0.9999202541071495,7.974558651909687e-05
0,proper_tags,475, follow,2622,5.0,cot,81.0,475,5.0,2.403587263413809e-08,5.923443181793295e-10,0.00018545466949487142,0.9998145207022883,0.00018545466949487142
0,proper_tags,476,-up,7288,5.0,cot,82.0,476,5.0,2.102506285137149e-08,3.1176600762923595e-09,0.0006574949984066451,0.9993424808588703,0.0006574949984066451
0,proper_tags,477, that,484,5.0,cot,83.0,477,5.0,1.2842399780142148e-09,1.0555507129131591e-10,0.0005821697918493771,0.9994178288183555,0.0005821697918493771
0,proper_tags,478, could,2023,5.0,cot,84.0,478,5.0,1.8159295778491556e-08,1.7282020899540744e-09,0.00028752614786763044,0.9997124539646346,0.00028752614786763044
0,proper_tags,479, distinguish,59938,5.0,cot,85.0,479,5.0,1.163813701119314e-09,2.0743213941652772e-11,0.0001501640546228489,0.9998498347608202,0.0001501640546228489
0,proper_tags,480, it,480,5.0,cot,86.0,480,5.0,3.3496335064781456e-11,3.063389935904784e-13,6.899742503860603e-06,0.9999931002236935,6.899742503860603e-06
0,proper_tags,481,.,13,5.0,cot,87.0,481,5.0,1.1498720584531576e-11,2.3929290758928154e-13,0.020558127524061443,0.9794418724642006,0.020558127524061443
0,proper_tags,482, This,1328,5.0,cot,88.0,482,5.0,2.234198892020181e-12,1.7365166242761687e-13,0.018182978839894465,0.9818170211576976,0.018182978839894465
0,proper_tags,483, gives,8967,5.0,cot,89.0,483,5.0,2.529352918547917e-10,1.5996300069154858e-11,0.006327859926846139,0.9936721398042223,0.006327859926846139
0,proper_tags,484, the,290,5.0,cot,90.0,484,5.0,1.7520480606013052e-07,1.466112298448269e-08,0.0818850114876666,0.9181147986464043,0.0818850114876666
0,proper_tags,485, result,1534,5.0,cot,91.0,485,5.0,2.101550496006236e-09,4.3974569374535893e-10,0.00011791578689827897,0.9998820816718056,0.00011791578689827897
0,proper_tags,486, a,261,5.0,cot,92.0,486,5.0,3.6312300470203342e-09,2.587203874658718e-10,0.003179197789966139,0.9968207983200834,0.003179197789966139
0,proper_tags,487, clear,5364,5.0,cot,93.0,487,5.0,2.287675097347678e-08,4.7931836686338405e-08,0.00218412506015055,0.9978158041312618,0.00218412506015055
0,proper_tags,488, meaning,10915,5.0,cot,94.0,488,5.0,5.689149630697469e-10,9.47614513826022e-11,0.0001759775055512057,0.9998240218307725,0.0001759775055512057
0,proper_tags,489, without,2935,5.0,cot,95.0,489,5.0,2.604675516449014e-10,4.21055762722357e-11,0.0004173981192816135,0.9995826015781453,0.0004173981192816135
0,proper_tags,490, surrounding,20708,5.0,cot,96.0,490,5.0,1.656889485311832e-08,2.7240873024254356e-09,0.0009415573196682925,0.9990584233873494,0.0009415573196682925
0,proper_tags,491, it,480,5.0,cot,97.0,491,5.0,7.259800507616985e-08,1.914783498272373e-08,0.0022456174757623255,0.9977542907783976,0.0022456174757623255
0,proper_tags,492, with,483,5.0,cot,98.0,492,5.0,1.1590789848004855e-08,6.974488795876812e-10,0.0012138296515220846,0.9987861580602392,0.0012138296515220846
0,proper_tags,493, an,448,5.0,cot,99.0,493,5.0,4.15673161616022e-09,9.50566228306971e-11,0.00026607002490112216,0.9997339257233107,0.00026607002490112216
0,proper_tags,494, un,537,5.0,cot,100.0,494,5.0,1.6798790164247773e-09,1.652185897410895e-11,5.901353217977813e-05,0.9999409847714193,5.901353217977813e-05
0,proper_tags,495,structured,85679,5.0,cot,101.0,495,5.0,7.793911773207481e-10,1.207543491997338e-10,0.0007896864099676293,0.9992103126898867,0.0007896864099676293
0,proper_tags,496, list,1562,5.0,cot,102.0,496,5.0,1.6082097036694073e-10,2.3904097677982214e-12,0.0007676344722412983,0.9992323653645474,0.0007676344722412983
0,proper_tags,497, of,328,5.0,cot,103.0,497,5.0,2.2456179817833282e-09,3.229572814613049e-11,0.0001177350617677893,0.9998822626603184,0.0001177350617677893
0,proper_tags,498, cave,44365,5.0,cot,104.0,498,5.0,1.0986809785903062e-08,1.8711127182342573e-10,0.0006371619181630418,0.9993628269079158,0.0006371619181630418
0,proper_tags,499,ats,1838,5.0,cot,105.0,499,5.0,1.0902535812135478e-10,3.929629548587983e-13,4.949246685783954e-05,0.9999505074237239,4.949246685783954e-05
0,proper_tags,500,.,13,5.0,cot,106.0,500,5.0,3.9873642539405316e-15,1.0122018486875353e-16,0.000685426356177767,0.9993145736438181,0.000685426356177767
0,proper_tags,501,<|end|>,200007,,,,501,,3.1234561441387945e-11,1.302372480120575e-12,0.0006723381312335825,0.9993276618362295,0.0006723381312335825
0,proper_tags,502,<|start|>,200006,,,,502,,7.24533891305153e-09,4.186439607794034e-08,0.032487257656693046,0.967512693233572,0.032487257656693046
0,proper_tags,503,assistant,173781,,,,503,,9.411982915317032e-10,3.2929124247156834e-09,0.002901530572089975,0.9970984651937994,0.002901530572089975
0,proper_tags,504,<|channel|>,200005,,,,504,,5.644639160790623e-12,3.7913859624796654e-13,0.0002665305546218787,0.9997334694393545,0.0002665305546218787
0,proper_tags,505,final,17196,,,,505,,5.020041389744293e-13,7.761778548448297e-14,8.9264174305766e-05,0.9999107358251147,8.9264174305766e-05
0,proper_tags,506,<|message|>,200008,,,,506,,2.027160815571911e-13,2.260120426905374e-13,1.2074737303865834e-05,0.9999879252622673,1.2074737303865834e-05
0,proper_tags,507,Name,864,6.0,assistant,1.0,507,6.0,1.1873821039708964e-12,1.241544227316174e-12,1.5685969784258943e-05,0.9999843140277869,1.5685969784258943e-05
0,proper_tags,508, the,290,6.0,assistant,2.0,508,6.0,1.997858452462062e-14,2.020922425151819e-15,1.3308801602986655e-07,0.9999998669119621,1.3308801602986655e-07
0,proper_tags,509, actual,6290,6.0,assistant,3.0,509,6.0,2.0169163059601086e-14,1.289714760194945e-15,1.9518290754933307e-07,0.999999804817071,1.9518290754933307e-07
0,proper_tags,510, comparison,19211,6.0,assistant,4.0,510,6.0,1.1967959945743703e-12,6.485403599202862e-14,6.575382295986596e-07,0.9999993424605087,6.575382295986596e-07
0,proper_tags,511,:,25,6.0,assistant,5.0,511,6.0,1.535165464044937e-14,1.5996526186709739e-15,2.0580608511413205e-06,0.9999979419391319,2.0580608511413205e-06
0,proper_tags,512, adding,12673,6.0,assistant,6.0,512,6.0,7.049619639620464e-12,1.460656927443173e-14,3.502082192873711e-06,0.999996497910743,3.502082192873711e-06
0,proper_tags,513, this,495,6.0,assistant,7.0,513,6.0,1.9587833838040763e-10,4.813199308870787e-12,6.115692293843387e-05,0.9999388428763701,6.115692293843387e-05
0,proper_tags,514, permission,14158,6.0,assistant,8.0,514,6.0,1.1519016889312905e-09,4.0981763909031543e-10,0.00023243214109886976,0.9997675662971818,0.00023243214109886976
0,proper_tags,515, sentence,21872,6.0,assistant,9.0,515,6.0,4.015078327903699e-09,2.2748018786199446e-10,9.019565186796544e-05,0.9999098001055736,9.019565186796544e-05
0,proper_tags,516, changed,9180,6.0,assistant,10.0,516,6.0,4.840061512679657e-12,5.074038844899993e-14,1.308446944376589e-07,0.9999998691504148,1.308446944376589e-07
0,proper_tags,517, the,290,6.0,assistant,11.0,517,6.0,5.398052612965189e-12,1.606668510640431e-14,1.33254574151856e-06,0.9999986674488444,1.33254574151856e-06
0,proper_tags,518, chosen,16180,6.0,assistant,12.0,518,6.0,1.308807475089712e-12,1.3470345984262808e-14,3.98993101442771e-06,0.9999960100676634,3.98993101442771e-06
0,proper_tags,519, read,1729,6.0,assistant,13.0,519,6.0,3.860443850764401e-10,7.606297272388837e-12,2.3620884049737482e-05,0.9999763787222995,2.3620884049737482e-05
0,proper_tags,520,out,468,6.0,assistant,14.0,520,6.0,5.5831222454179914e-11,3.0752778057354544e-12,1.1028110004280806e-06,0.999998897130093,1.1028110004280806e-06
0,proper_tags,521, differently,36490,6.0,assistant,15.0,521,6.0,1.5609131768594448e-11,1.0551539024901612e-13,1.766082175712103e-07,0.9999998233760677,1.766082175712103e-07
0,proper_tags,522, for,395,6.0,assistant,16.0,522,6.0,2.856961185177344e-13,5.922340653733837e-16,6.168634027909049e-08,0.9999999383133733,6.168634027909049e-08
0,proper_tags,523, the,290,6.0,assistant,17.0,523,6.0,2.0908305513484636e-13,1.7841443877795185e-15,2.2465772648819587e-07,0.9999997753420627,2.2465772648819587e-07
0,proper_tags,524, instruction,21179,6.0,assistant,18.0,524,6.0,4.939260180745235e-10,1.3673120369277484e-11,6.209259507630327e-06,0.9999937902328934,6.209259507630327e-06
0,proper_tags,525, passage,26368,6.0,assistant,19.0,525,6.0,9.694669120552556e-11,4.980648409406628e-12,4.411100899108703e-06,0.9999955887971735,4.411100899108703e-06
0,proper_tags,526, and,326,6.0,assistant,20.0,526,6.0,3.2800138624462237e-15,6.760929517074767e-17,6.094519772614868e-09,0.9999999939054769,6.094519772614868e-09
0,proper_tags,527, its,1617,6.0,assistant,21.0,527,6.0,4.231799296751989e-12,5.059314089568052e-14,7.056916256269414e-07,0.9999992943040921,7.056916256269414e-07
0,proper_tags,528, replacement,19207,6.0,assistant,22.0,528,6.0,4.092646924105873e-12,3.7734531461572587e-14,5.632722249453181e-07,0.9999994367236447,5.632722249453181e-07
0,proper_tags,529, control,3580,6.0,assistant,23.0,529,6.0,1.0485840106898003e-12,9.193061060816098e-15,2.79239417921099e-07,0.9999997207595244,2.79239417921099e-07
0,proper_tags,530,.,13,6.0,assistant,24.0,530,6.0,2.5225756414345622e-14,5.4618887886131245e-15,3.400077953648059e-06,0.9999965999220157,3.400077953648059e-06
0,proper_tags,531, State,5388,6.0,assistant,25.0,531,6.0,8.7904974598548e-14,1.6374027867238495e-15,2.6976448107368885e-06,0.9999973023550996,2.6976448107368885e-06
0,proper_tags,532, the,290,6.0,assistant,26.0,532,6.0,4.3470695785113887e-13,7.664006790225633e-15,7.40764551602371e-07,0.9999992592350061,7.40764551602371e-07
0,proper_tags,533, model,2359,6.0,assistant,27.0,533,6.0,3.761076599548076e-11,1.0179176704183805e-12,4.299091227189224e-08,0.9999999569704591,4.299091227189224e-08
0,proper_tags,534,",",11,6.0,assistant,28.0,534,6.0,5.285569580614006e-12,2.674863962378523e-13,2.8540925638303025e-06,0.999997145901883,2.8540925638303025e-06
0,proper_tags,535, sampled,84838,6.0,assistant,29.0,535,6.0,3.027159285945223e-10,4.963597801615216e-12,6.838705198448065e-06,0.999993160987122,6.838705198448065e-06
0,proper_tags,536, contexts,67568,6.0,assistant,30.0,536,6.0,8.70815370057796e-10,3.3830862504180217e-13,2.883937892013103e-06,0.9999971151909542,2.883937892013103e-06
0,proper_tags,537,",",11,6.0,assistant,31.0,537,6.0,2.261563125727605e-13,2.766417404019088e-15,3.483559992773756e-06,0.9999965164397782,3.483559992773756e-06
0,proper_tags,538, scored,27207,6.0,assistant,32.0,538,6.0,4.968230364720192e-12,2.8526866174475865e-14,3.3124313370386064e-07,0.9999996687518695,3.3124313370386064e-07
0,proper_tags,539, span,19861,6.0,assistant,33.0,539,6.0,2.890104348295611e-10,6.105326378732355e-13,4.990404453154922e-06,0.999995009305926,4.990404453154922e-06
0,proper_tags,540,",",11,6.0,assistant,34.0,540,6.0,1.623791323525669e-13,1.147068831145166e-15,1.2008477181672108e-06,0.9999987991521183,1.2008477181672108e-06
0,proper_tags,541, and,326,6.0,assistant,35.0,541,6.0,2.4046256925902227e-13,5.612609304520482e-15,1.9095159407600184e-06,0.9999980904838132,1.9095159407600184e-06
0,proper_tags,542, aggregation,93321,6.0,assistant,36.0,542,6.0,7.920149129248288e-11,3.529785930521145e-13,5.777438010200869e-06,0.9999942224824353,5.777438010200869e-06
0,proper_tags,543, rule,10652,6.0,assistant,37.0,543,6.0,2.748358729130136e-11,2.2363814395878514e-12,1.6101452018110067e-06,0.9999983898250783,1.6101452018110067e-06
0,proper_tags,544, alongside,26162,6.0,assistant,38.0,544,6.0,1.1516635778823405e-12,2.4733987978388623e-14,1.0266760159621111e-05,0.999989733238664,1.0266760159621111e-05
0,proper_tags,545, the,290,6.0,assistant,39.0,545,6.0,5.574478321689755e-12,3.6219023341791634e-14,1.1811582736229316e-05,0.999988188411653,1.1811582736229316e-05
0,proper_tags,546, result,1534,6.0,assistant,40.0,546,6.0,1.2008063039332946e-11,6.194863265466971e-13,6.582037268505662e-07,0.9999993417836455,6.582037268505662e-07
0,proper_tags,547,.,13,6.0,assistant,41.0,547,6.0,4.6368275020621553e-14,7.274114262307793e-15,1.8390743455212362e-06,0.9999981609256008,1.8390743455212362e-06
0,proper_tags,548, That,4569,6.0,assistant,42.0,548,6.0,1.3627254655806906e-12,1.330533924900072e-13,6.301443664059776e-06,0.9999936985548401,6.301443664059776e-06
0,proper_tags,549, is,382,6.0,assistant,43.0,549,6.0,7.460872637783713e-12,5.901413966847588e-13,1.0655756182195445e-05,0.9999893442357668,1.0655756182195445e-05
0,proper_tags,550, a,261,6.0,assistant,44.0,550,6.0,1.1382817421211782e-11,5.764476539330675e-13,1.5005207900011193e-05,0.9999849947801408,1.5005207900011193e-05
0,proper_tags,551, concrete,19230,6.0,assistant,45.0,551,6.0,1.746178469608918e-11,2.272282441835078e-12,1.3422748006218578e-05,0.9999865772322597,1.3422748006218578e-05
0,proper_tags,552, finding,12129,6.0,assistant,46.0,552,6.0,1.8782397321418972e-11,2.291389762630437e-12,1.0757854217687263e-06,0.9999989241935044,1.0757854217687263e-06
0,proper_tags,553, if,538,6.0,assistant,47.0,553,6.0,5.824854012358828e-12,3.714768737705724e-13,7.785189746308812e-06,0.9999922148040574,7.785189746308812e-06
0,proper_tags,554, the,290,6.0,assistant,48.0,554,6.0,7.490441897489802e-12,4.49904034397916e-14,2.8483599807646105e-06,0.9999971516324838,2.8483599807646105e-06
0,proper_tags,555, measurements,29039,6.0,assistant,49.0,555,6.0,1.05471173824013e-11,3.0785810670417555e-13,1.541377991219315e-06,0.9999984586111539,1.541377991219315e-06
0,proper_tags,556, support,2498,6.0,assistant,50.0,556,6.0,3.7066600701406826e-12,1.6679520181220882e-13,2.6431406398482792e-06,0.9999973568554867,2.6431406398482792e-06
0,proper_tags,557, it,480,6.0,assistant,51.0,557,6.0,5.083710941092302e-11,2.251950029510448e-12,1.3905421978321007e-05,0.9999860945249326,1.3905421978321007e-05
0,proper_tags,558,.,13,6.0,assistant,52.0,558,6.0,1.1730426762597488e-14,7.397594904462306e-16,1.179098387327705e-06,0.9999988209016002,1.179098387327705e-06
0,proper_tags,559, Then,7801,6.0,assistant,53.0,559,6.0,6.231403279256119e-13,3.575959570211954e-15,2.5269598096199382e-06,0.9999974730395638,2.5269598096199382e-06
0,proper_tags,560, explain,16644,6.0,assistant,54.0,560,6.0,6.667179947519997e-13,1.2869684230686968e-14,7.713778663334262e-07,0.9999992286214541,7.713778663334262e-07
0,proper_tags,561, the,290,6.0,assistant,55.0,561,6.0,1.9668407034598006e-12,1.8432214256183152e-14,1.0304905973536571e-07,0.999999896948955,1.0304905973536571e-07
0,proper_tags,562, main,2758,6.0,assistant,56.0,562,6.0,3.887757805249221e-14,4.794429666281035e-16,2.389884635024101e-08,0.9999999761011144,2.389884635024101e-08
0,proper_tags,563, remaining,15448,6.0,assistant,57.0,563,6.0,1.2599099305029974e-14,1.127455943227387e-16,3.689206329915656e-09,0.9999999963107808,3.689206329915656e-09
0,proper_tags,564, uncertainty,44942,6.0,assistant,58.0,564,6.0,8.659891398611995e-15,2.599258415831306e-16,6.305818396611854e-09,0.9999999936941726,6.305818396611854e-09
0,proper_tags,565,",",11,6.0,assistant,59.0,565,6.0,2.990706630488447e-13,2.579274088544644e-14,2.2164414903652403e-05,0.9999778355847716,2.2164414903652403e-05
0,proper_tags,566, such,2238,6.0,assistant,60.0,566,6.0,1.2630971653486278e-10,2.410789006304475e-13,1.1042608093570837e-07,0.9999998894473683,1.1042608093570837e-07
0,proper_tags,567, as,472,6.0,assistant,61.0,567,6.0,5.232508915414352e-15,4.396626011445802e-17,5.01204071599039e-08,0.9999999498795876,5.01204071599039e-08
0,proper_tags,568, whether,5588,6.0,assistant,62.0,568,6.0,2.671632934214726e-12,4.447846512831945e-14,2.5286418579722237e-07,0.9999997471330981,2.5286418579722237e-07
0,proper_tags,569, the,290,6.0,assistant,63.0,569,6.0,3.6215643819959955e-10,4.1548416772590834e-13,8.054937554835165e-06,0.9999919446998732,8.054937554835165e-06
0,proper_tags,570, difference,9809,6.0,assistant,64.0,570,6.0,2.9075106554203118e-12,5.2064558574473106e-14,4.492758189992584e-08,0.9999999550694585,4.492758189992584e-08
0,proper_tags,571, depends,20102,6.0,assistant,65.0,571,6.0,8.916027479730135e-12,1.6856041735031335e-13,1.3302368450842356e-07,0.9999998669672309,1.3302368450842356e-07
0,proper_tags,572, on,402,6.0,assistant,66.0,572,6.0,3.2159504459765695e-09,5.181224745150853e-12,1.0196727396747184e-05,0.9999898000514716,1.0196727396747184e-05
0,proper_tags,573, lexical,173846,6.0,assistant,67.0,573,6.0,8.887080853184927e-10,2.4882030300153955e-12,1.428508139066822e-05,0.999985714027413,1.428508139066822e-05
0,proper_tags,574, overlap,56631,6.0,assistant,68.0,574,6.0,1.0588230657379892e-08,9.181839543011362e-11,2.7018297169793016e-05,0.9999729710227812,2.7018297169793016e-05
0,proper_tags,575, between,2870,6.0,assistant,69.0,575,6.0,4.780719649056363e-08,5.931523362421397e-10,0.00030353720247914276,0.9996964143971719,0.00030353720247914276
0,proper_tags,576, the,290,6.0,assistant,70.0,576,6.0,1.0040512201980017e-07,1.2997778183982742e-09,0.0005813261859645921,0.9994185721091357,0.0005813261859645921
0,proper_tags,577, permission,14158,6.0,assistant,71.0,577,6.0,9.031522155861294e-06,2.625447451327402e-07,0.0010304017787960305,0.998960304154303,0.0010304017787960305
0,proper_tags,578, sentence,21872,6.0,assistant,72.0,578,6.0,2.8143056927524056e-06,9.544758652460413e-08,0.0001329289142886847,0.9998641613324319,0.0001329289142886847
0,proper_tags,579, and,326,6.0,assistant,73.0,579,6.0,8.588147646494053e-08,5.397045023246412e-10,0.00015977090947897935,0.9998401426693401,0.00015977090947897935
0,proper_tags,580, the,290,6.0,assistant,74.0,580,6.0,1.1738266183711347e-08,4.76826216799801e-11,4.48667165193402e-05,0.999955121497532,4.48667165193402e-05
0,proper_tags,581, instruction,21179,6.0,assistant,75.0,581,6.0,4.2588596447428626e-08,3.6097494271741475e-10,1.0397386587543114e-05,0.9999895596638412,1.0397386587543114e-05
0,proper_tags,582,.,13,6.0,assistant,76.0,582,6.0,5.714892546851605e-13,3.583523661844001e-15,1.3453677388526482e-07,0.9999998654626511,1.3453677388526482e-07
0,proper_tags,583, A,355,6.0,assistant,77.0,583,6.0,5.81789537188366e-14,6.804390017259255e-16,2.423731279270067e-07,0.9999997576268133,2.423731279270067e-07
0,proper_tags,584, follow,2622,6.0,assistant,78.0,584,6.0,2.073056671614014e-15,7.401964023646403e-18,1.0990763276437717e-06,0.9999989009236703,1.0990763276437717e-06
0,proper_tags,585,-up,7288,6.0,assistant,79.0,585,6.0,5.509176942326209e-12,3.345674197504365e-13,1.879238325246405e-06,0.999998120755831,1.879238325246405e-06
0,proper_tags,586, can,665,6.0,assistant,80.0,586,6.0,6.750796824843733e-12,1.6642009254134972e-13,7.316152568432394e-06,0.9999926838405143,7.316152568432394e-06
0,proper_tags,587, vary,14899,6.0,assistant,81.0,587,6.0,5.088109148114327e-09,4.2059408347872625e-11,9.270603385263136e-06,0.9999907242664463,9.270603385263136e-06
0,proper_tags,588, the,290,6.0,assistant,82.0,588,6.0,2.8353738801557823e-09,1.2132120544093396e-11,2.5623852038246823e-05,0.9999743733004557,2.5623852038246823e-05
0,proper_tags,589, permission,14158,6.0,assistant,83.0,589,6.0,1.2764110002711554e-06,2.130088918227836e-08,0.0001866543366226664,0.9998120479514879,0.0001866543366226664
0,proper_tags,590, wording,117551,6.0,assistant,84.0,590,6.0,7.836321471437873e-09,1.2309155205645027e-10,2.7400482091239357e-05,0.9999725915584958,2.7400482091239357e-05
0,proper_tags,591, while,2049,6.0,assistant,85.0,591,6.0,2.0205100827821563e-09,7.643717187709495e-11,4.797791813612818e-06,0.9999952001112392,4.797791813612818e-06
0,proper_tags,592, preserving,74564,6.0,assistant,86.0,592,6.0,1.982691420286611e-10,4.370241890528713e-12,1.4423334797238821e-06,0.9999985574638809,1.4423334797238821e-06
0,proper_tags,593, its,1617,6.0,assistant,87.0,593,6.0,6.030387735042999e-09,7.0782510621839155e-12,5.88081844445467e-06,0.9999941131440896,5.88081844445467e-06
0,proper_tags,594, intended,15663,6.0,assistant,88.0,594,6.0,2.1024740416346205e-10,6.338548452831636e-13,4.899210539359709e-07,0.9999995098680647,4.899210539359709e-07
0,proper_tags,595, meaning,10915,6.0,assistant,89.0,595,6.0,2.267604884519595e-09,5.543470032305917e-12,9.677659748120766e-06,0.9999903200671035,9.677659748120766e-06
0,proper_tags,596,.,13,6.0,assistant,90.0,596,6.0,1.1474562243840086e-12,8.3815032658724855e-16,1.8828413083068078e-07,0.9999998117147207,1.8828413083068078e-07
0,proper_tags,597, This,1328,6.0,assistant,91.0,597,6.0,6.985037106283179e-14,1.8347053582638542e-15,4.0136620661277693e-07,0.9999995986337217,4.0136620661277693e-07
0,proper_tags,598, lets,19733,6.0,assistant,92.0,598,6.0,2.3669641761247877e-13,7.437738083671634e-15,6.011063232930659e-07,0.9999993988934327,6.011063232930659e-07
0,proper_tags,599, the,290,6.0,assistant,93.0,599,6.0,8.127413553658627e-11,4.5328627025690815e-13,6.405281189666338e-06,0.999993594637083,6.405281189666338e-06
0,proper_tags,600, reader,10958,6.0,assistant,94.0,600,6.0,8.644565949306236e-13,2.5576511589483645e-14,2.651486802990902e-06,0.999997348512307,2.651486802990902e-06
0,proper_tags,601, understand,4218,6.0,assistant,95.0,601,6.0,4.977448770950799e-12,3.189966453113223e-13,2.618403761144218e-06,0.9999973815909424,2.618403761144218e-06
0,proper_tags,602, both,2973,6.0,assistant,96.0,602,6.0,4.7746968537873745e-11,2.4306450788131685e-12,3.996224144033713e-06,0.9999960037256782,3.996224144033713e-06
0,proper_tags,603, what,1412,6.0,assistant,97.0,603,6.0,3.390219942407331e-11,6.555283631492602e-12,2.3180353100324147e-06,0.9999976819242324,2.3180353100324147e-06
0,proper_tags,604, the,290,6.0,assistant,98.0,604,6.0,3.874166665927644e-10,2.426243060139378e-10,5.174119108621542e-06,0.9999948252508504,5.174119108621542e-06
0,proper_tags,605, current,2208,6.0,assistant,99.0,605,6.0,6.824750796808631e-10,3.683642974882427e-11,4.180043102548182e-06,0.9999958192375858,4.180043102548182e-06
0,proper_tags,606, comparison,19211,6.0,assistant,100.0,606,6.0,2.5175508802825025e-11,2.7535129686784325e-11,6.351086336018393e-07,0.9999993648386558,6.351086336018393e-07
0,proper_tags,607, establishes,108998,6.0,assistant,101.0,607,6.0,2.66400586481539e-11,2.0866736549096072e-11,3.733713105466694e-06,0.9999962662393878,3.733713105466694e-06
0,proper_tags,608, and,326,6.0,assistant,102.0,608,6.0,3.1510161597625357e-12,2.4108523838402183e-13,1.3133909803671315e-07,0.9999998686575099,1.3133909803671315e-07
0,proper_tags,609, which,1118,6.0,assistant,103.0,609,6.0,2.8968517335653053e-12,1.337589666884805e-13,6.77446945345642e-08,0.9999999322522749,6.77446945345642e-08
0,proper_tags,610, broader,50568,6.0,assistant,104.0,610,6.0,2.002059773390369e-11,2.705883533138821e-12,4.827850473786632e-08,0.9999999516987689,4.827850473786632e-08
0,proper_tags,611, interpretation,39300,6.0,assistant,105.0,611,6.0,1.960914853424196e-12,2.398680531541886e-13,2.1441082100338844e-08,0.9999999785567171,2.1441082100338844e-08
0,proper_tags,612, still,2928,6.0,assistant,106.0,612,6.0,1.1228239673086137e-11,2.503550639589584e-13,8.882358806039231e-08,0.9999999111649333,8.882358806039231e-08
0,proper_tags,613, requires,10860,6.0,assistant,107.0,613,6.0,3.336701254268936e-12,3.851528432783345e-14,5.813259144097635e-08,0.9999999418640333,5.813259144097635e-08
0,proper_tags,614, another,3613,6.0,assistant,108.0,614,6.0,3.277176269196599e-11,8.817789861365048e-13,5.810635960539524e-07,0.9999994189027505,5.810635960539524e-07
0,proper_tags,615, test,1746,6.0,assistant,109.0,615,6.0,5.902530874205472e-13,8.181961028254738e-15,5.258508140051853e-08,0.9999999474143201,5.258508140051853e-08
0,proper_tags,616,.,13,6.0,assistant,110.0,616,6.0,5.0970802195638194e-15,1.9414012648453604e-17,2.1579812108416328e-07,0.9999997842018739,2.1579812108416328e-07
0,proper_tags,617,<|return|>,200002,,,,617,,8.412266267732967e-12,6.245300381082487e-14,4.040179576283668e-06,0.999995959811949,4.040179576283668e-06
1,basic_no_format,0,<|startoftext|>,199998,,,,618,,0.9995470473076826,0.0004529526919496192,5.252346036230343e-15,3.623344151687733e-13,5.252346036230343e-15
1,basic_no_format,1,You,3575,0.0,system,1.0,619,0.0,0.9431242089981711,0.004181794989070275,0.05268947471496898,4.521297789731323e-06,0.05268947471496898
1,basic_no_format,2, are,553,0.0,system,2.0,620,0.0,0.2834010570187535,0.00024531513570970814,0.7163519703545902,1.6574909467652718e-06,0.7163519703545902
1,basic_no_format,3, Chat,17554,0.0,system,3.0,621,0.0,0.2816778252798946,0.018440848875145112,0.6998656241229274,1.570172203297554e-05,0.6998656241229274
1,basic_no_format,4,GPT,162016,0.0,system,4.0,622,0.0,0.006574479172635797,0.001232248464865391,0.9921929840444678,2.883180311105469e-07,0.9921929840444678
1,basic_no_format,5,",",11,0.0,system,5.0,623,0.0,0.0016436309886880452,0.0001452164113077909,0.998210947194879,2.0540512514207962e-07,0.998210947194879
1,basic_no_format,6, a,261,0.0,system,6.0,624,0.0,0.09351872270638369,0.02357003873506376,0.8829112094247051,2.9133847374524944e-08,0.8829112094247051
1,basic_no_format,7, large,4410,0.0,system,7.0,625,0.0,0.3180771435894564,0.34486013108566155,0.3370626160433492,1.0928153277127645e-07,0.3370626160433492
1,basic_no_format,8, language,6439,0.0,system,8.0,626,0.0,0.7738936940139644,0.162656874282848,0.06344933718640695,9.451678064419146e-08,0.06344933718640695
1,basic_no_format,9, model,2359,0.0,system,9.0,627,0.0,0.027768449778199537,0.007409982219689615,0.9648166440336859,4.923968425021444e-06,0.9648166440336859
1,basic_no_format,10, trained,22203,0.0,system,10.0,628,0.0,0.43535402629467107,0.03473060963870595,0.5299113976987644,3.96636785856286e-06,0.5299113976987644
1,basic_no_format,11, by,656,0.0,system,11.0,629,0.0,0.9680060254641687,0.023761267581730094,0.008232667968626109,3.898547491705226e-08,0.008232667968626109
1,basic_no_format,12, Open,7788,0.0,system,12.0,630,0.0,0.06458094824227459,2.749025338198754e-05,0.9353545996428165,3.6961861526859476e-05,0.9353545996428165
1,basic_no_format,13,AI,17527,0.0,system,13.0,631,0.0,0.6141018792652397,0.007197907083012517,0.3787001741771998,3.947454787411017e-08,0.3787001741771998
1,basic_no_format,14,".
",558,0.0,system,14.0,632,0.0,0.9350209149195147,0.00638067879243375,0.05859838314490259,2.3143149038180154e-08,0.05859838314490259
1,basic_no_format,15,Knowledge,87447,0.0,system,15.0,633,0.0,0.8721605612915228,0.0401858134193374,0.08765235780055652,1.2674885834720044e-06,0.08765235780055652
1,basic_no_format,16, cutoff,100594,0.0,system,16.0,634,0.0,0.1348265901719231,0.09520294797639531,0.7699586085045732,1.1853347108400838e-05,0.7699586085045732
1,basic_no_format,17,:,25,0.0,system,17.0,635,0.0,0.6111698271920021,0.22417181302288736,0.16465834889563744,1.0889473000256902e-08,0.16465834889563744
1,basic_no_format,18, ,220,0.0,system,18.0,636,0.0,0.5084625539860078,0.48856106787932685,0.0028235170678207674,0.00015286106684449209,0.0028235170678207674
1,basic_no_format,19,202,1323,0.0,system,19.0,637,0.0,0.7786676175690685,0.2171615767235679,0.00412791353531529,4.289217204836259e-05,0.00412791353531529
1,basic_no_format,20,4,19,0.0,system,20.0,638,0.0,0.15222759418462953,0.7625754341099215,0.08519035865543408,6.613050015058814e-06,0.08519035865543408
1,basic_no_format,21,-,12,0.0,system,21.0,639,0.0,0.04712387720941535,0.947530675324829,0.005345396819147512,5.0646608060304124e-08,0.005345396819147512
1,basic_no_format,22,06,3218,0.0,system,22.0,640,0.0,0.016129813000504648,0.9828561833168457,0.0010136882170284553,3.1546562113082975e-07,0.0010136882170284553
1,basic_no_format,23,"
",198,0.0,system,23.0,641,0.0,0.03201334896298878,0.26496515178649666,0.703021315671721,1.8357879353192422e-07,0.703021315671721
1,basic_no_format,24,Current,6576,0.0,system,24.0,642,0.0,0.5150977718221345,0.33937885350091496,0.1454257081770941,9.766649985628029e-05,0.1454257081770941
1,basic_no_format,25, date,3521,0.0,system,25.0,643,0.0,0.08216560944823412,0.47708098942288213,0.44074279387303744,1.0607255846311901e-05,0.44074279387303744
1,basic_no_format,26,:,25,0.0,system,26.0,644,0.0,0.01615316026707684,0.933587148143125,0.050257465060268444,2.2265295297199327e-06,0.050257465060268444
1,basic_no_format,27, ,220,0.0,system,27.0,645,0.0,0.16135363081465073,0.8373421482959111,0.0012882584164618939,1.5962472976021786e-05,0.0012882584164618939
1,basic_no_format,28,202,1323,0.0,system,28.0,646,0.0,0.1709465165704114,0.8274169793632736,0.0016358640723113142,6.399940037246144e-07,0.0016358640723113142
1,basic_no_format,29,5,20,0.0,system,29.0,647,0.0,0.017122670117543187,0.9762372662329779,0.006640054636268589,9.013210144776514e-09,0.006640054636268589
1,basic_no_format,30,-,12,0.0,system,30.0,648,0.0,0.13939681849930502,0.8477671218830101,0.012783318816566133,5.274080111878273e-05,0.012783318816566133
1,basic_no_format,31,10,702,0.0,system,31.0,649,0.0,0.006375014566786095,0.9897471554413703,0.0038772737152526745,5.562765909558815e-07,0.0038772737152526745
1,basic_no_format,32,-,12,0.0,system,32.0,650,0.0,0.04136491771255672,0.9585879986091459,4.708097515801125e-05,2.7031394737517663e-09,4.708097515801125e-05
1,basic_no_format,33,01,2290,0.0,system,33.0,651,0.0,0.022347634238632102,0.9756738982378285,0.001978458056621169,9.466918250575912e-09,0.001978458056621169
1,basic_no_format,34,"

",279,0.0,system,34.0,652,0.0,0.0006636441315241759,0.040240337893933525,0.9590955801752277,4.3779931473487055e-07,0.9590955801752277
1,basic_no_format,35,Reason,30377,0.0,system,35.0,653,0.0,0.24300807385423237,0.3117498518291334,0.44523317305169985,8.90126493443236e-06,0.44523317305169985
1,basic_no_format,36,ing,289,0.0,system,36.0,654,0.0,0.03385423429033285,0.9444603107334086,0.021685055246096555,3.997301619845617e-07,0.021685055246096555
1,basic_no_format,37,:,25,0.0,system,37.0,655,0.0,0.02284412905892727,0.7215450859903833,0.2556107645170572,2.0433632357888504e-08,0.2556107645170572
1,basic_no_format,38, medium,14093,0.0,system,38.0,656,0.0,0.10277917119291942,0.4547106013183644,0.44250926634599175,9.611427244907027e-07,0.44250926634599175
1,basic_no_format,39,"

",279,0.0,system,39.0,657,0.0,0.02586025767719565,0.8164530720888771,0.15768660528902798,6.494489911260731e-08,0.15768660528902798
1,basic_no_format,40,#,2,0.0,system,40.0,658,0.0,0.03482890065229099,0.05780795962348297,0.9073609340189153,2.205705310629232e-06,0.9073609340189153
1,basic_no_format,41, Valid,13888,0.0,system,41.0,659,0.0,0.062492047585079945,0.13603450535082418,0.8014717012541952,1.745809900769715e-06,0.8014717012541952
1,basic_no_format,42, channels,18403,0.0,system,42.0,660,0.0,0.004564210133401699,0.054847844622328244,0.9403207163412771,0.00026722890299302703,0.9403207163412771
1,basic_no_format,43,:,25,0.0,system,43.0,661,0.0,0.004983796193656081,0.09800162481240347,0.8970020493686588,1.2529625281520436e-05,0.8970020493686588
1,basic_no_format,44, analysis,8450,0.0,system,44.0,662,0.0,0.00011816745073670371,0.0007419744717120077,0.999136024887368,3.83319018326605e-06,0.999136024887368
1,basic_no_format,45,",",11,0.0,system,45.0,663,0.0,0.00045754880290203864,0.00033839435992297196,0.999182542450046,2.1514387129051503e-05,0.999182542450046
1,basic_no_format,46, commentary,49159,0.0,system,46.0,664,0.0,0.020550192315864725,0.001437744557964317,0.9780030140659376,9.04906023343394e-06,0.9780030140659376
1,basic_no_format,47,",",11,0.0,system,47.0,665,0.0,0.014320874283812806,0.9854641894385728,0.00021492463711915986,1.1640495265953853e-08,0.00021492463711915986
1,basic_no_format,48, final,1721,0.0,system,48.0,666,0.0,0.0008095757933573084,1.2872610269147025e-05,0.9991360563771592,4.14952192142335e-05,0.9991360563771592
1,basic_no_format,49,.,13,0.0,system,49.0,667,0.0,0.002320928396050081,0.0003209322957177302,0.9971801933082407,0.0001779459999915032,0.9971801933082407
1,basic_no_format,50, Channel,21030,0.0,system,50.0,668,0.0,0.05758050226291328,0.7588874923917257,0.1829476689863976,0.0005843363589633376,0.1829476689863976
1,basic_no_format,51, must,2804,0.0,system,51.0,669,0.0,0.11917810121196473,0.5569830783182623,0.3238075456820734,3.127478769951323e-05,0.3238075456820734
1,basic_no_format,52, be,413,0.0,system,52.0,670,0.0,0.002623320987172561,0.31986838021628755,0.6775082674996585,3.12968811944015e-08,0.6775082674996585
1,basic_no_format,53, included,7360,0.0,system,53.0,671,0.0,0.009726439656506741,0.030303558713127347,0.9588577392898255,0.0011122623405404673,0.9588577392898255
1,basic_no_format,54, for,395,0.0,system,54.0,672,0.0,0.00038516820501633905,0.0004775260720701571,0.9990153750475698,0.00012193067534384377,0.9990153750475698
1,basic_no_format,55, every,1753,0.0,system,55.0,673,0.0,0.002447911902587036,0.25587337141526895,0.7416737587219165,4.957960227479922e-06,0.7416737587219165
1,basic_no_format,56, message,3176,0.0,system,56.0,674,0.0,0.001678759640539343,0.00039224949271239406,0.997835334450495,9.365641625320877e-05,0.997835334450495
1,basic_no_format,57,".
",558,0.0,system,57.0,675,0.0,6.625076817206879e-05,0.0005193997816314978,0.9993469427266106,6.740672358582408e-05,0.9993469427266106
1,basic_no_format,58,Hi,12194,1.0,user,1.0,676,1.0,0.007556570939383334,0.6103209617132703,0.3820987293564792,2.3737990867197056e-05,0.3820987293564792
1,basic_no_format,59,!,0,1.0,user,2.0,677,1.0,0.001779441266337961,0.9976098747828959,0.0006106475382193972,3.64125468060676e-08,0.0006106475382193972
1,basic_no_format,60, I'm,5477,1.0,user,3.0,678,1.0,0.006927628520865886,0.8335923505703937,0.15947764482573878,2.376083001582585e-06,0.15947764482573878
1,basic_no_format,61, designing,35623,1.0,user,4.0,679,1.0,0.0020259723897050382,0.9965813163526136,0.0013925440924199917,1.6716526142396458e-07,0.0013925440924199917
1,basic_no_format,62, a,261,1.0,user,5.0,680,1.0,6.212219456931624e-05,0.8403175875090411,0.15962027372690932,1.6569480160772225e-08,0.15962027372690932
1,basic_no_format,63, M,391,1.0,user,6.0,681,1.0,0.0006048145324170076,0.9992492129280875,0.0001459655877188917,6.9517766285537246e-09,0.0001459655877188917
1,basic_no_format,64,ATS,42222,1.0,user,7.0,682,1.0,0.00045375785732227984,0.9995237342018414,2.2445382095111813e-05,6.255874119665311e-08,2.2445382095111813e-05
1,basic_no_format,65, experiment,12527,1.0,user,8.0,683,1.0,5.9461687442016207e-05,0.9998550997265716,8.537902947988264e-05,5.955650639455316e-08,8.537902947988264e-05
1,basic_no_format,66, to,316,1.0,user,9.0,684,1.0,0.0005282372890246488,0.9993119486493395,0.00015981249586123435,1.565774850539372e-09,0.00015981249586123435
1,basic_no_format,67, discuss,5381,1.0,user,10.0,685,1.0,0.0003110345540318198,0.9995668324933982,0.00012196297486047255,1.6997770967884632e-07,0.00012196297486047255
1,basic_no_format,68, with,483,1.0,user,11.0,686,1.0,0.000607450729904821,0.9990110358568265,0.00038149540891356916,1.8004355138769892e-08,0.00038149540891356916
1,basic_no_format,69, Ne,4475,1.0,user,12.0,687,1.0,0.00037834525189109266,0.9991728965400498,0.0004487258773899511,3.233066919754855e-08,0.0004487258773899511
1,basic_no_format,70,el,296,1.0,user,13.0,688,1.0,0.0006842519141814995,0.9992162576312522,9.946054257823898e-05,2.991198796497676e-08,9.946054257823898e-05
1,basic_no_format,71,.,13,1.0,user,14.0,689,1.0,0.001956363348198461,0.9976610809293018,0.00038251701005229496,3.871244731238719e-08,0.00038251701005229496
1,basic_no_format,72, I,357,1.0,user,15.0,690,1.0,0.0004123434346075173,0.9975370466983865,0.002050607446669584,2.420336274530754e-09,0.002050607446669584
1,basic_no_format,73, want,1682,1.0,user,16.0,691,1.0,0.001785038249049566,0.9968494432507916,0.0013655144053932972,4.094765646387437e-09,0.0013655144053932972
1,basic_no_format,74, to,316,1.0,user,17.0,692,1.0,0.0005031775668965945,0.9994912177876705,5.600810875753763e-06,3.834557482858218e-09,5.600810875753763e-06
1,basic_no_format,75, know,1761,1.0,user,18.0,693,1.0,0.000257044953892451,0.9996858051656974,5.714899063056237e-05,8.897794016458067e-10,5.714899063056237e-05
1,basic_no_format,76, whether,5588,1.0,user,19.0,694,1.0,6.495815960744527e-05,0.9998188267567051,0.000116213890159044,1.1935284930142863e-09,0.000116213890159044
1,basic_no_format,77, a,261,1.0,user,20.0,695,1.0,0.004826809682556296,0.9943306575717453,0.0008422162068160037,3.1653888248071716e-07,0.0008422162068160037
1,basic_no_format,78, permission,14158,1.0,user,21.0,696,1.0,0.0003306985124393867,0.9996461600101125,2.2840906098721005e-05,3.005713492785646e-07,2.2840906098721005e-05
1,basic_no_format,79, sentence,21872,1.0,user,22.0,697,1.0,0.004006430543490693,0.9900846423193053,0.0015980780670432205,0.004310849070160601,0.0015980780670432205
1,basic_no_format,80, changes,6629,1.0,user,23.0,698,1.0,0.00023920275650564485,0.9997151378551303,4.5370148263420754e-05,2.8924010071762427e-07,4.5370148263420754e-05
1,basic_no_format,81, how,1495,1.0,user,24.0,699,1.0,0.0009930837116749163,0.9989633236367442,4.32837759308583e-05,3.088756499514328e-07,4.32837759308583e-05
1,basic_no_format,82, a,261,1.0,user,25.0,700,1.0,0.001381778913701551,0.9976752581898237,0.0006851491010641085,0.0002578137954107214,0.0006851491010641085
1,basic_no_format,83, model,2359,1.0,user,26.0,701,1.0,0.00026340030111776685,0.9996695326318974,5.2223854154659875e-05,1.4843212830432558e-05,5.2223854154659875e-05
1,basic_no_format,84, represents,18627,1.0,user,27.0,702,1.0,0.014505980592734157,0.6870856232892655,0.06243826798052591,0.23597012813747453,0.06243826798052591
1,basic_no_format,85, an,448,1.0,user,28.0,703,1.0,0.009014770941630286,0.9895411216439697,0.0014162840499342484,2.7823364465591484e-05,0.0014162840499342484
1,basic_no_format,86, instruction,21179,1.0,user,29.0,704,1.0,0.0025000875954590313,0.9908801065425384,0.005537673513628597,0.0010821323483740039,0.005537673513628597
1,basic_no_format,87, inside,6772,1.0,user,30.0,705,1.0,0.028327367037070908,0.7128018853648657,0.21878367462296217,0.040087072975101244,0.21878367462296217
1,basic_no_format,88, a,261,1.0,user,31.0,706,1.0,0.0005837184979846887,0.9991155841321206,0.0002986781371569214,2.0192327377607e-06,0.0002986781371569214
1,basic_no_format,89, webpage,53556,1.0,user,32.0,707,1.0,0.018038509585985487,0.9531935206176567,0.02002783572974872,0.008740134066609248,0.02002783572974872
1,basic_no_format,90,.,13,1.0,user,33.0,708,1.0,0.0018577648199146356,0.9977438352454518,0.00039296185394972045,5.438080683940308e-06,0.00039296185394972045
1,basic_no_format,91, What,4614,1.0,user,34.0,709,1.0,0.0003074042887430253,0.9988955191674005,0.0007968958435007249,1.807003556485757e-07,0.0007968958435007249
1,basic_no_format,92, would,1481,1.0,user,35.0,710,1.0,2.9318589660883075e-05,0.9993575485275326,0.0006128802161852403,2.526666213006937e-07,0.0006128802161852403
1,basic_no_format,93, make,1520,1.0,user,36.0,711,1.0,0.0016612148532594278,0.9950568213412326,0.003193595070032608,8.836873547538706e-05,0.003193595070032608
1,basic_no_format,94, the,290,1.0,user,37.0,712,1.0,0.006954549097856693,0.9884518385662137,0.004475857416764526,0.00011775491916503782,0.004475857416764526
1,basic_no_format,95, comparison,19211,1.0,user,38.0,713,1.0,0.0017985381063856424,0.938188133997498,0.026334709247884006,0.03367861864823229,0.026334709247884006
1,basic_no_format,96, more,945,1.0,user,39.0,714,1.0,0.006706010260375928,0.981150793739652,0.011402107699732178,0.000741088300239909,0.011402107699732178
1,basic_no_format,97, informative,36918,1.0,user,40.0,715,1.0,0.005841472554008213,0.9362962586370104,0.05648363296698845,0.0013786358419929298,0.05648363296698845
1,basic_no_format,98, than,1572,1.0,user,41.0,716,1.0,0.006144350453995446,0.9646317374314766,0.028806821333521016,0.0004170907810069385,0.028806821333521016
1,basic_no_format,99, one,1001,1.0,user,42.0,717,1.0,0.000532567922555378,0.9994292333294658,3.7341641655990453e-05,8.571063228970559e-07,3.7341641655990453e-05
1,basic_no_format,100, before,2254,1.0,user,43.0,718,1.0,0.0030786605479772478,0.99217629461303,0.003151005038989202,0.0015940398000034437,0.003151005038989202
1,basic_no_format,101,-and,17224,1.0,user,44.0,719,1.0,0.062367469521745406,0.9184460907523372,0.01023487960782523,0.008951560118092228,0.01023487960782523
1,basic_no_format,102,-after,86018,1.0,user,45.0,720,1.0,0.118740576590615,0.673774908432881,0.1269815475008354,0.08050296747566871,0.1269815475008354
1,basic_no_format,103, plot,12857,1.0,user,46.0,721,1.0,0.003196757424856773,0.9953902661945757,0.0013329629011621332,8.001347940533975e-05,0.0013329629011621332
1,basic_no_format,104,"?
",3901,1.0,user,47.0,722,1.0,0.033125641297069366,0.7701625567308922,0.19633107203381214,0.0003807299382263876,0.19633107203381214
1,basic_no_format,105,The,976,2.0,cot,1.0,723,2.0,6.300198129894526e-07,0.00033591787078611387,0.999640854069147,2.2598040253767282e-05,0.999640854069147
1,basic_no_format,106, user,1825,2.0,cot,2.0,724,2.0,1.8111091690440013e-07,2.1537350050638375e-05,0.9999444478999855,3.3833639047040064e-05,0.9999444478999855
1,basic_no_format,107, wants,10648,2.0,cot,3.0,725,2.0,7.043475440896368e-08,3.634399763682845e-05,0.9999547622965371,8.823271071600105e-06,0.9999547622965371
1,basic_no_format,108, to,316,2.0,cot,4.0,726,2.0,0.0014327926593736846,0.1464566267303608,0.845139732955361,0.006970847654904384,0.845139732955361
1,basic_no_format,109, isolate,79669,2.0,cot,5.0,727,2.0,1.4050993273309213e-05,0.0003398406669775291,0.8953360044089176,0.10431010393083173,0.8953360044089176
1,basic_no_format,110, a,261,2.0,cot,6.0,728,2.0,0.0201938335252327,0.7846956544619366,0.15529579547372555,0.039814716539105,0.15529579547372555
1,basic_no_format,111, permission,14158,2.0,cot,7.0,729,2.0,0.0004920339375927334,0.9756329139380877,0.023638902990030047,0.00023614913428946727,0.023638902990030047
1,basic_no_format,112,-related,21408,2.0,cot,8.0,730,2.0,0.0018078600681065377,0.4123433427630741,0.5747902825754736,0.011058514593345756,0.5747902825754736
1,basic_no_format,113, change,3343,2.0,cot,9.0,731,2.0,0.005025683964988359,0.06477981298635213,0.3536386100003159,0.5765558930483438,0.3536386100003159
1,basic_no_format,114, from,591,2.0,cot,10.0,732,2.0,5.277818148375608e-05,0.0014764627899184523,0.9121483709121075,0.08632238811649022,0.9121483709121075
1,basic_no_format,115, general,5985,2.0,cot,11.0,733,2.0,0.00023220437167967354,0.002103492238593631,0.8257145827946516,0.17194972059507493,0.8257145827946516
1,basic_no_format,116, effects,9327,2.0,cot,12.0,734,2.0,0.00021134061901357954,0.008798855008091605,0.1687585257123858,0.8222312786605089,0.1687585257123858
1,basic_no_format,117, of,328,2.0,cot,13.0,735,2.0,0.0002600984976377327,0.00469126481075271,0.944598801007131,0.05044983568447851,0.944598801007131
1,basic_no_format,118, adding,12673,2.0,cot,14.0,736,2.0,0.0009221004306685185,0.0014324899259220815,0.9425541279659501,0.055091281677459435,0.9425541279659501
1,basic_no_format,119, text,2201,2.0,cot,15.0,737,2.0,0.033252589849957846,0.17274229547765194,0.7733109541099037,0.02069416056248663,0.7733109541099037
1,basic_no_format,120, to,316,2.0,cot,16.0,738,2.0,0.00014093063833404127,0.004416439842578299,0.9694377201231843,0.026004909395903355,0.9694377201231843
1,basic_no_format,121, the,290,2.0,cot,17.0,739,2.0,0.0037161032775597067,0.6587086119175318,0.11860916486072881,0.21896611994417967,0.11860916486072881
1,basic_no_format,122, conversation,15681,2.0,cot,18.0,740,2.0,0.012783661115498966,0.5613424359898841,0.36220112731312404,0.0636727755814928,0.36220112731312404
1,basic_no_format,123,.,13,2.0,cot,19.0,741,2.0,3.445622736520549e-05,0.0019716987121980215,0.8331649313901545,0.1648289136702822,0.8331649313901545
1,basic_no_format,124, I,357,2.0,cot,20.0,742,2.0,4.415978973108254e-05,0.023469369452150397,0.9724672577721367,0.004019212985981885,0.9724672577721367
1,basic_no_format,125, should,1757,2.0,cot,21.0,743,2.0,6.244832283756794e-08,2.8584035604158703e-05,0.9998917841140229,7.956940204997369e-05,0.9998917841140229
1,basic_no_format,126, propose,22910,2.0,cot,22.0,744,2.0,1.0309208688450852e-07,7.42189378530553e-05,0.99992127809727,4.3998727901335675e-06,0.99992127809727
1,basic_no_format,127, an,448,2.0,cot,23.0,745,2.0,0.004530510647285924,0.002281213982677547,0.041005290350738285,0.9521829850192982,0.041005290350738285
1,basic_no_format,128, explicit,23141,2.0,cot,24.0,746,2.0,5.716399647819925e-06,0.00015864665485152234,0.9481630715495084,0.05167256539599243,0.9481630715495084
1,basic_no_format,129, comparison,19211,2.0,cot,25.0,747,2.0,0.00015817452462770033,0.001506716681665652,0.11692501580494431,0.8814100929887623,0.11692501580494431
1,basic_no_format,130, between,2870,2.0,cot,26.0,748,2.0,7.857574016054502e-05,0.004000882493856131,0.6222951357012597,0.3736254060647237,0.6222951357012597
1,basic_no_format,131, instruction,21179,2.0,cot,27.0,749,2.0,0.0013562533319480187,0.016514753533651994,0.08335827397642431,0.8987707191579757,0.08335827397642431
1,basic_no_format,132,-bearing,155466,2.0,cot,28.0,750,2.0,0.0008352217684607482,0.0039780264565022145,0.1457362224378669,0.84945052933717,0.1457362224378669
1,basic_no_format,133, content,3100,2.0,cot,29.0,751,2.0,0.00015620774592073163,0.0001862610777699923,0.03250109829851938,0.96715643287779,0.03250109829851938
1,basic_no_format,134, and,326,2.0,cot,30.0,752,2.0,0.00016746938856780302,0.000300562933990356,0.2801506637203036,0.7193813039571383,0.2801506637203036
1,basic_no_format,135, a,261,2.0,cot,31.0,753,2.0,0.010219227326283676,0.020682161849753612,0.44373541732044597,0.5253631935035168,0.44373541732044597
1,basic_no_format,136, replacement,19207,2.0,cot,32.0,754,2.0,0.00013935998307978764,0.0003569720582846457,0.48323116588056475,0.5162725020780708,0.48323116588056475
1,basic_no_format,137, passage,26368,2.0,cot,33.0,755,2.0,0.00015533945582029785,0.0005189570292481054,0.315276615730304,0.6840490877846277,0.315276615730304
1,basic_no_format,138,",",11,2.0,cot,34.0,756,2.0,6.300510076685823e-05,0.00045505620380070143,0.8534000301305008,0.14608190856493153,0.8534000301305008
1,basic_no_format,139, each,2454,2.0,cot,35.0,757,2.0,0.00023365090778033846,0.0006355849798521452,0.4995982328541103,0.49953253125825714,0.4995982328541103
1,basic_no_format,140, with,483,2.0,cot,36.0,758,2.0,0.00018847469324886993,0.0001888105327572221,0.7335556371287913,0.2660670776452026,0.7335556371287913
1,basic_no_format,141, and,326,2.0,cot,37.0,759,2.0,3.179225597188073e-05,3.0314487429936116e-05,0.32789738553853714,0.672040507718061,0.32789738553853714
1,basic_no_format,142, without,2935,2.0,cot,38.0,760,2.0,7.626418813388763e-05,6.702218310691106e-05,0.40236102199793805,0.5974956916308212,0.40236102199793805
1,basic_no_format,143, the,290,2.0,cot,39.0,761,2.0,0.06935434635447355,0.21760996509243175,0.6415523200263429,0.0714833685267518,0.6415523200263429
1,basic_no_format,144, same,2684,2.0,cot,40.0,762,2.0,0.0006971837322083844,0.0012041198584379852,0.955202887620643,0.04289580878871068,0.955202887620643
1,basic_no_format,145, permission,14158,2.0,cot,41.0,763,2.0,0.0017900377373151262,0.045232454547089,0.5907443865872952,0.3622331211283007,0.5907443865872952
1,basic_no_format,146, sentence,21872,2.0,cot,42.0,764,2.0,0.005390067202530516,0.19392359480819485,0.7385640170946823,0.062122320894592346,0.7385640170946823
1,basic_no_format,147,.,13,2.0,cot,43.0,765,2.0,0.00032508325806494755,0.00028792266294991515,0.8123595401225402,0.187027453956445,0.8123595401225402
1,basic_no_format,148, This,1328,2.0,cot,44.0,766,2.0,1.7277419444819573e-05,0.0026781372489723507,0.9967966034661125,0.0005079818654702338,0.9967966034661125
1,basic_no_format,149, creates,18518,2.0,cot,45.0,767,2.0,2.9519850547207094e-05,1.1798585449048586e-05,0.28448842587084605,0.7154702556931577,0.28448842587084605
1,basic_no_format,150, a,261,2.0,cot,46.0,768,2.0,0.011104456212616869,0.049688653526715955,0.15824711181353301,0.7809597784471342,0.15824711181353301
1,basic_no_format,151, difference,9809,2.0,cot,47.0,769,2.0,8.27777178720328e-05,0.00010039554247207737,0.13574502315344492,0.864071803586211,0.13574502315344492
1,basic_no_format,152, of,328,2.0,cot,48.0,770,2.0,0.00014405695018472131,0.00010048726896985998,0.06617413125702691,0.9335813245238185,0.06617413125702691
1,basic_no_format,153, changes,6629,2.0,cot,49.0,771,2.0,2.2007751092947045e-05,1.4399299665071486e-05,0.008912227057008046,0.991051365892234,0.008912227057008046
1,basic_no_format,154,",",11,2.0,cot,50.0,772,2.0,0.004896064679529125,0.016976138145252936,0.6470513992003254,0.33107639797489263,0.6470513992003254
1,basic_no_format,155, but,889,2.0,cot,51.0,773,2.0,0.002403837980861083,0.002893843126359836,0.6631281535575573,0.3315741653352218,0.6631281535575573
1,basic_no_format,156, it,480,2.0,cot,52.0,774,2.0,0.04907125690406247,0.1527082612542937,0.20672283114579879,0.591497650695845,0.20672283114579879
1,basic_no_format,157, still,2928,2.0,cot,53.0,775,2.0,7.889668674957204e-06,0.00010701974907229712,0.8770548043378296,0.12283028624442326,0.8770548043378296
1,basic_no_format,158, depends,20102,2.0,cot,54.0,776,2.0,5.060958541847831e-06,1.336062378695803e-05,0.2418759223012086,0.7581056561164626,0.2418759223012086
1,basic_no_format,159, on,402,2.0,cot,55.0,777,2.0,0.0007958619067789833,0.00019331945006193375,0.0168346373655697,0.9821761812775893,0.0168346373655697
1,basic_no_format,160, the,290,2.0,cot,56.0,778,2.0,0.00725739130793769,0.8383789115123047,0.1524005633501164,0.0019631338296411138,0.1524005633501164
1,basic_no_format,161, quality,4169,2.0,cot,57.0,779,2.0,0.001714566717674028,0.005483761666749745,0.5352958241329975,0.4575058474825788,0.5352958241329975
1,basic_no_format,162, of,328,2.0,cot,58.0,780,2.0,0.0012851981967125134,0.007076261356641216,0.49328317504738955,0.4983553653992568,0.49328317504738955
1,basic_no_format,163, the,290,2.0,cot,59.0,781,2.0,0.0038330566937443944,0.06651750060546315,0.04001160341742081,0.8896378392833716,0.04001160341742081
1,basic_no_format,164, replacement,19207,2.0,cot,60.0,782,2.0,0.015511092549138222,0.006354345694068478,0.3390956353104365,0.6390389264463568,0.3390956353104365
1,basic_no_format,165, and,326,2.0,cot,61.0,783,2.0,0.0009905103015076912,0.0012709870132337415,0.411396280039495,0.5863422226457635,0.411396280039495
1,basic_no_format,166, does,2226,2.0,cot,62.0,784,2.0,1.2948521768626957e-05,0.00020337159026924645,0.9964278069860175,0.0033558729019445505,0.9964278069860175
1,basic_no_format,167, not,625,2.0,cot,63.0,785,2.0,5.831258748935962e-06,2.633079094092053e-05,0.996512110999404,0.0034557269509062727,0.996512110999404
1,basic_no_format,168, make,1520,2.0,cot,64.0,786,2.0,0.0002548531715011305,0.029949537423285138,0.9105169170842387,0.059278692320975095,0.9105169170842387
1,basic_no_format,169, the,290,2.0,cot,65.0,787,2.0,0.015408749933738423,0.22572730767829527,0.6311624196565644,0.12770152273140187,0.6311624196565644
1,basic_no_format,170, wording,117551,2.0,cot,66.0,788,2.0,0.017611215439734807,0.06061358311545553,0.10088893018828461,0.8208862712565249,0.10088893018828461
1,basic_no_format,171, variation,35930,2.0,cot,67.0,789,2.0,0.008500217320409764,0.01644863767498571,0.08451006968967856,0.8905410753149261,0.08451006968967856
1,basic_no_format,172, magically,157554,2.0,cot,68.0,790,2.0,0.00016156275936268698,0.0013308543917474886,0.22884295027351995,0.7696646325753699,0.22884295027351995
1,basic_no_format,173, isolated,42329,2.0,cot,69.0,791,2.0,3.129858938856633e-05,2.159086101115217e-05,0.013502997442209046,0.9864441131073912,0.013502997442209046
1,basic_no_format,174,.,13,2.0,cot,70.0,792,2.0,1.4725625826696062e-05,0.0002085539477550505,0.9657607644713541,0.03401595595506426,0.9657607644713541
1,basic_no_format,175, The,623,2.0,cot,71.0,793,2.0,6.505037440614073e-07,1.1510455041195415e-05,0.9998457945999057,0.00014204444130913753,0.9998457945999057
1,basic_no_format,176, ordinary,30633,2.0,cot,72.0,794,2.0,0.000602967874490262,0.004745130023503057,0.6417160340659376,0.35293586803606913,0.6417160340659376
1,basic_no_format,177, task,5296,2.0,cot,73.0,795,2.0,0.0011933939276345617,0.008404285338490799,0.24584269722637717,0.7445596235074975,0.24584269722637717
1,basic_no_format,178,",",11,2.0,cot,74.0,796,2.0,9.736068959475966e-05,0.007886648502319132,0.46460798537193737,0.5274080054361487,0.46460798537193737
1,basic_no_format,179, surrounding,20708,2.0,cot,75.0,797,2.0,0.02144722020027216,0.04107021657085256,0.7403228558435628,0.1971597073853124,0.7403228558435628
1,basic_no_format,180, webpage,53556,2.0,cot,76.0,798,2.0,0.010796911233793963,0.0035425859195126748,0.1571743192791623,0.8284861835675309,0.1571743192791623
1,basic_no_format,181,",",11,2.0,cot,77.0,799,2.0,0.009810342428894626,0.023016882452690134,0.26381018651325644,0.7033625886051588,0.26381018651325644
1,basic_no_format,182, order,2569,2.0,cot,78.0,800,2.0,0.015040978368275589,0.10990515637986428,0.6804585602814962,0.19459530497036387,0.6804585602814962
1,basic_no_format,183,",",11,2.0,cot,79.0,801,2.0,0.005540930538372234,0.026072508103059437,0.9303586521821845,0.03802790917638362,0.9303586521821845
1,basic_no_format,184, and,326,2.0,cot,80.0,802,2.0,0.00014084773892992418,0.0006877257760397853,0.1912851919892934,0.8078862344957368,0.1912851919892934
1,basic_no_format,185, scored,27207,2.0,cot,81.0,803,2.0,0.00012526428103711896,0.00011847408940807394,0.017467722809524324,0.9822885388200304,0.017467722809524324
1,basic_no_format,186, span,19861,2.0,cot,82.0,804,2.0,0.010748154004953272,0.0006704297436347808,0.16197449834261593,0.826606917908796,0.16197449834261593
1,basic_no_format,187, should,1757,2.0,cot,83.0,805,2.0,0.003173585681366349,0.022855715148756697,0.22985572742272756,0.7441149717471494,0.22985572742272756
1,basic_no_format,188, be,413,2.0,cot,84.0,806,2.0,0.01688339827684392,0.17338628493505273,0.6243749992264106,0.18535531756169285,0.6243749992264106
1,basic_no_format,189, specified,10185,2.0,cot,85.0,807,2.0,9.464942470850211e-05,0.0006492317085956233,0.969939472342513,0.029316646524182907,0.969939472342513
1,basic_no_format,190,.,13,2.0,cot,86.0,808,2.0,2.51580544043594e-05,2.1660878120534392e-05,0.14578665722100068,0.8541665238464743,0.14578665722100068
1,basic_no_format,191, I,357,2.0,cot,87.0,809,2.0,4.2385995847717897e-07,6.929450881284604e-06,0.9999792512779196,1.3395411240686166e-05,0.9999792512779196
1,basic_no_format,192, should,1757,2.0,cot,88.0,810,2.0,3.425302879441028e-07,7.152607219584066e-06,0.9999898224872671,2.6823752254183345e-06,0.9999898224872671
1,basic_no_format,193, keep,3357,2.0,cot,89.0,811,2.0,8.662504580717396e-08,5.88789796608397e-07,0.9999064906998825,9.283388527487844e-05,0.9999064906998825
1,basic_no_format,194, representation,22311,2.0,cot,90.0,812,2.0,0.00465020443990911,0.00290733318699962,0.0570600526882212,0.93538240968487,0.0570600526882212
1,basic_no_format,195, and,326,2.0,cot,91.0,813,2.0,6.330307567775314e-05,5.748074287795418e-05,0.9940800088754022,0.005799207306042128,0.9940800088754022
1,basic_no_format,196, behavior,12741,2.0,cot,92.0,814,2.0,0.001394345533788597,0.00017106291564766645,0.23752459718340968,0.760909994367154,0.23752459718340968
1,basic_no_format,197, separate,13574,2.0,cot,93.0,815,2.0,0.0001134060832057833,0.0012765665213521937,0.946344731698604,0.05226529569683782,0.946344731698604
1,basic_no_format,198,",",11,2.0,cot,94.0,816,2.0,0.00011930920112309172,9.064196470489286e-05,0.016399309343408375,0.9833907394907637,0.016399309343408375
1,basic_no_format,199, since,3630,2.0,cot,95.0,817,2.0,1.4088177140280896e-05,2.3248755297581973e-05,0.9390706122880446,0.06089205077951752,0.9390706122880446
1,basic_no_format,200, the,290,2.0,cot,96.0,818,2.0,0.15003268862192298,0.20007539407851993,0.534206769429716,0.11568514786984108,0.534206769429716
1,basic_no_format,201, proposed,17994,2.0,cot,97.0,819,2.0,3.0427156110981325e-05,8.351181342791964e-06,0.9468402669925187,0.05312095467002746,0.9468402669925187
1,basic_no_format,202, measurement,27666,2.0,cot,98.0,820,2.0,2.6607245412874248e-05,2.7313762571410183e-05,0.055972159249144005,0.9439739197428718,0.055972159249144005
1,basic_no_format,203, only,1606,2.0,cot,99.0,821,2.0,6.091610294218176e-05,0.00019111379179799265,0.9128533875958997,0.08689458250936014,0.9128533875958997
1,basic_no_format,204, concerns,16098,2.0,cot,100.0,822,2.0,0.00020920243409084435,0.00023092855632945062,0.6449273389830636,0.3546325300265161,0.6449273389830636
1,basic_no_format,205, captured,32571,2.0,cot,101.0,823,2.0,0.0002661361762688436,9.640775141041226e-05,0.15627826693444985,0.8433591891378709,0.15627826693444985
1,basic_no_format,206, activ,4155,2.0,cot,102.0,824,2.0,0.0013993847655019232,0.00023387495866670482,0.004440625592036616,0.9939261146837948,0.004440625592036616
1,basic_no_format,207,ations,929,2.0,cot,103.0,825,2.0,0.002203898351231452,0.0001855154827359282,0.003229660437734546,0.994380925728298,0.003229660437734546
1,basic_no_format,208,".
",558,2.0,cot,104.0,826,2.0,3.72227456653194e-06,2.81611645912441e-06,0.9455980028025576,0.0543954588064168,0.9455980028025576
1,basic_no_format,209,Use,8470,3.0,assistant,1.0,827,3.0,2.358911891188818e-07,1.9963920802444805e-06,0.9998049998154781,0.00019276790125235464,0.9998049998154781
1,basic_no_format,210, four,4242,3.0,assistant,2.0,828,3.0,0.00011249795475210362,3.531370734374359e-05,0.6699570183478695,0.32989516999003465,0.6699570183478695
1,basic_no_format,211, conditions,6409,3.0,assistant,3.0,829,3.0,0.0011350409101615834,0.001158839897525347,0.6868480160139863,0.3108581031783268,0.6868480160139863
1,basic_no_format,212,:,25,3.0,assistant,4.0,830,3.0,8.589614109297782e-07,5.095051521737901e-06,0.9873249015909529,0.012669144396114461,0.9873249015909529
1,basic_no_format,213, instruction,21179,3.0,assistant,5.0,831,3.0,0.0005175440432214167,0.001186046967818384,0.05455710440473098,0.9437393045842292,0.05455710440473098
1,basic_no_format,214, content,3100,3.0,assistant,6.0,832,3.0,0.004915020028195733,0.000836456595115267,0.7745188457338349,0.21972967764285414,0.7745188457338349
1,basic_no_format,215, with,483,3.0,assistant,7.0,833,3.0,0.001259190266027348,0.0021459988559812443,0.8818412077747566,0.1147536031032347,0.8818412077747566
1,basic_no_format,216, and,326,3.0,assistant,8.0,834,3.0,0.0002815634798818605,0.0044822090834209785,0.7918094902901834,0.20342673714651385,0.7918094902901834
1,basic_no_format,217, without,2935,3.0,assistant,9.0,835,3.0,0.0008106200713798368,0.0004561718864853719,0.24154529726193086,0.757187910780204,0.24154529726193086
1,basic_no_format,218, permission,14158,3.0,assistant,10.0,836,3.0,0.00108372116710028,0.007482895693477511,0.9378772588231477,0.05355612431627443,0.9378772588231477
1,basic_no_format,219,",",11,3.0,assistant,11.0,837,3.0,0.007536860687069031,0.008056436683962742,0.6114701784942428,0.3729365241347255,0.6114701784942428
1,basic_no_format,220, and,326,3.0,assistant,12.0,838,3.0,0.00045840396616058613,0.006785960563757272,0.9586043276650359,0.034151307805046195,0.9586043276650359
1,basic_no_format,221, replacement,19207,3.0,assistant,13.0,839,3.0,0.002632737144220108,0.002649353173726116,0.5933598113799923,0.40135809830206165,0.5933598113799923
1,basic_no_format,222, content,3100,3.0,assistant,14.0,840,3.0,0.0010113724336554037,0.00038120612628838603,0.256217138055247,0.7423902833848092,0.256217138055247
1,basic_no_format,223, with,483,3.0,assistant,15.0,841,3.0,0.0020810221557946004,0.003107741317120086,0.9084735435592918,0.0863376929677935,0.9084735435592918
1,basic_no_format,224, and,326,3.0,assistant,16.0,842,3.0,0.00022257465831591002,0.0008542962765718099,0.992715720940572,0.006207408124540087,0.992715720940572
1,basic_no_format,225, without,2935,3.0,assistant,17.0,843,3.0,0.002662650685289934,0.0035370770696216453,0.7383368881399082,0.25546338410518016,0.7383368881399082
1,basic_no_format,226, the,290,3.0,assistant,18.0,844,3.0,0.052071374629675156,0.14821024972929137,0.2995049556266053,0.5002134200144281,0.2995049556266053
1,basic_no_format,227, same,2684,3.0,assistant,19.0,845,3.0,0.0009436848744436381,0.0007020501203609429,0.1362433140601281,0.8621109509450674,0.1362433140601281
1,basic_no_format,228, permission,14158,3.0,assistant,20.0,846,3.0,0.013153758959455317,0.006302420264164711,0.2612369423693469,0.719306878407033,0.2612369423693469
1,basic_no_format,229,.,13,3.0,assistant,21.0,847,3.0,0.0008722820634865151,0.0004518310045811224,0.5826043055503376,0.4160715813815947,0.5826043055503376
1,basic_no_format,230, Keep,16835,3.0,assistant,22.0,848,3.0,1.7084848755826675e-06,4.249244379138541e-06,0.9863057490206967,0.013688293250048628,0.9863057490206967
1,basic_no_format,231, the,290,3.0,assistant,23.0,849,3.0,0.0015077033197213596,0.0005148760192643258,0.11099385340156996,0.8869835672594443,0.11099385340156996
1,basic_no_format,232, ordinary,30633,3.0,assistant,24.0,850,3.0,0.0731591901865924,0.029808331980723586,0.786796563869241,0.11023591396344302,0.786796563869241
1,basic_no_format,233, user,1825,3.0,assistant,25.0,851,3.0,0.011328737842210479,0.00955141644091688,0.9053638466547651,0.07375599906210753,0.9053638466547651
1,basic_no_format,234, request,2616,3.0,assistant,26.0,852,3.0,0.0061598201801959405,0.004083689933754921,0.2345674611527458,0.7551890287333034,0.2345674611527458
1,basic_no_format,235, and,326,3.0,assistant,27.0,853,3.0,0.0026844103780516446,0.00022660727410080375,0.38708382960679066,0.6100051527410568,0.38708382960679066
1,basic_no_format,236, the,290,3.0,assistant,28.0,854,3.0,0.0487613586498336,0.05764880027318345,0.4164163008760761,0.47717354020090685,0.4164163008760761
1,basic_no_format,237, rest,2867,3.0,assistant,29.0,855,3.0,0.015270076555300417,0.009474690068071593,0.8801668802644778,0.09508835311215026,0.8801668802644778
1,basic_no_format,238, of,328,3.0,assistant,30.0,856,3.0,0.0016553548645352094,0.0002761514766005773,0.450841252933432,0.5472272407254322,0.450841252933432
1,basic_no_format,239, the,290,3.0,assistant,31.0,857,3.0,0.0009629530590512861,0.0016807526104492098,0.030491802863692012,0.9668644914668075,0.030491802863692012
1,basic_no_format,240, webpage,53556,3.0,assistant,32.0,858,3.0,0.02565125808608925,0.007087241433128452,0.7560689926425715,0.21119250783821092,0.7560689926425715
1,basic_no_format,241, fixed,13213,3.0,assistant,33.0,859,3.0,0.00025105272581585326,0.00015405422021946163,0.32806560315788935,0.6715292898960753,0.32806560315788935
1,basic_no_format,242,.,13,3.0,assistant,34.0,860,3.0,0.0001973246225358396,2.165183258604485e-05,0.7402142689623595,0.25956675458251866,0.7402142689623595
1,basic_no_format,243, Choose,25151,3.0,assistant,35.0,861,3.0,5.5144082943314735e-06,1.079123583268251e-05,0.9781419800609767,0.021841714294896113,0.9781419800609767
1,basic_no_format,244, replacement,19207,3.0,assistant,36.0,862,3.0,9.602102042328234e-05,0.0003956279487457261,0.29246916470576334,0.7070391863250676,0.29246916470576334
1,basic_no_format,245, prose,85855,3.0,assistant,37.0,863,3.0,0.0013396070917554325,0.0005803200493970575,0.21931164857830673,0.7787684242805407,0.21931164857830673
1,basic_no_format,246, that,484,3.0,assistant,38.0,864,3.0,0.00012836467426903485,0.0007446843175664477,0.9858927549666554,0.013234196041509187,0.9858927549666554
1,basic_no_format,247, occupies,134274,3.0,assistant,39.0,865,3.0,0.010738568098588157,0.015338959051208976,0.4713572067074475,0.5025652661427554,0.4713572067074475
1,basic_no_format,248, the,290,3.0,assistant,40.0,866,3.0,0.018211252037346404,0.05358410836971436,0.8404115399134775,0.08779309967946167,0.8404115399134775
1,basic_no_format,249, intended,15663,3.0,assistant,41.0,867,3.0,0.003321516595239672,0.0027226952064529062,0.14476194735085887,0.8491938408474485,0.14476194735085887
1,basic_no_format,250, span,19861,3.0,assistant,42.0,868,3.0,0.0007396575365225645,0.0005918325231394537,0.7544093832171339,0.2442591267232041,0.7544093832171339
1,basic_no_format,251, without,2935,3.0,assistant,43.0,869,3.0,0.0010528532765814666,0.000906121143682214,0.12636501519855492,0.8716760103811814,0.12636501519855492
1,basic_no_format,252, asking,16054,3.0,assistant,44.0,870,3.0,0.003975988780815954,0.008027558364205203,0.5485450039027311,0.4394514489522478,0.5485450039027311
1,basic_no_format,253, for,395,3.0,assistant,45.0,871,3.0,0.0007463897853697959,0.001100671951182248,0.9820677599987602,0.016085178264687923,0.9820677599987602
1,basic_no_format,254, the,290,3.0,assistant,46.0,872,3.0,0.000485686566405063,0.058854546665761814,0.915387554766008,0.025272212001825223,0.915387554766008
1,basic_no_format,255, action,3736,3.0,assistant,47.0,873,3.0,0.0017084837986604394,0.004021650407413984,0.7371259803910621,0.25714388540286337,0.7371259803910621
1,basic_no_format,256,",",11,3.0,assistant,48.0,874,3.0,0.0004733561908639763,0.0003271585530354645,0.09980054370277017,0.8993989415533304,0.09980054370277017
1,basic_no_format,257, and,326,3.0,assistant,49.0,875,3.0,0.0009021211439304938,0.0008522641232423456,0.9444520198773869,0.05379359485544033,0.9444520198773869
1,basic_no_format,258, document,3213,3.0,assistant,50.0,876,3.0,1.2531629141202428e-05,2.969565165332729e-06,0.7552900666875266,0.2446944321181668,0.7552900666875266
1,basic_no_format,259, any,1062,3.0,assistant,51.0,877,3.0,9.85404082286375e-06,1.904137288175891e-05,0.5409134234901289,0.4590576810961665,0.5409134234901289
1,basic_no_format,260, remaining,15448,3.0,assistant,52.0,878,3.0,1.4095474138331193e-05,2.2297933349669444e-06,0.06921056092868343,0.9307731138038433,0.06921056092868343
1,basic_no_format,261, differences,19504,3.0,assistant,53.0,879,3.0,0.0005638804068606912,0.00015356182626931816,0.19391709112332559,0.8053654666435444,0.19391709112332559
1,basic_no_format,262, in,306,3.0,assistant,54.0,880,3.0,2.4326775060008287e-05,0.00028195869875688977,0.7541290061439112,0.24556470838227196,0.7541290061439112
1,basic_no_format,263, length,5517,3.0,assistant,55.0,881,3.0,0.006545105470159387,0.001403844436332179,0.3665863824809075,0.625464667612601,0.3665863824809075
1,basic_no_format,264, or,503,3.0,assistant,56.0,882,3.0,0.00028700071996933245,5.790212809942901e-05,0.49332519416447385,0.5063299029874574,0.49332519416447385
1,basic_no_format,265, wording,117551,3.0,assistant,57.0,883,3.0,0.004070438127486378,0.005050257909473624,0.251633946711694,0.7392453572513461,0.251633946711694
1,basic_no_format,266,.,13,3.0,assistant,58.0,884,3.0,5.1615875704398894e-05,0.00010650428734072723,0.9385042175653286,0.06133766227162619,0.9385042175653286
1,basic_no_format,267, Compare,38200,3.0,assistant,59.0,885,3.0,6.017922933605242e-06,7.204240310477918e-06,0.1251970793337741,0.8747896985029817,0.1251970793337741
1,basic_no_format,268, the,290,3.0,assistant,60.0,886,3.0,6.829872961541029e-07,2.733407924429769e-06,0.9950996165066321,0.0048969670981472545,0.9950996165066321
1,basic_no_format,269, permission,14158,3.0,assistant,61.0,887,3.0,0.006291698992690781,0.027299788061163545,0.1679536681991986,0.798454844746947,0.1679536681991986
1,basic_no_format,270,-related,21408,3.0,assistant,62.0,888,3.0,0.003844860089315757,0.002302617712845419,0.14737990604536066,0.8464726161524782,0.14737990604536066
1,basic_no_format,271, change,3343,3.0,assistant,63.0,889,3.0,0.00028815835614283707,0.00011757077725727875,0.02939419508129261,0.9702000757853073,0.02939419508129261
1,basic_no_format,272, in,306,3.0,assistant,64.0,890,3.0,2.5780392361024554e-05,3.925402591455198e-05,0.24655405940006067,0.7533809061816638,0.24655405940006067
1,basic_no_format,273, the,290,3.0,assistant,65.0,891,3.0,0.0630595807273324,0.1724056711047839,0.5404393088530094,0.22409543931487433,0.5404393088530094
1,basic_no_format,274, instruction,21179,3.0,assistant,66.0,892,3.0,0.0011437176048623814,0.0009043991122865937,0.1308753492261531,0.867076534056698,0.1308753492261531
1,basic_no_format,275, span,19861,3.0,assistant,67.0,893,3.0,0.0017625613352704017,0.00016806475425385324,0.2016052544815537,0.796464119428922,0.2016052544815537
1,basic_no_format,276, with,483,3.0,assistant,68.0,894,3.0,0.00011958130196648723,6.645626120739628e-05,0.1270277830056662,0.8727861794311599,0.1270277830056662
1,basic_no_format,277, the,290,3.0,assistant,69.0,895,3.0,0.0003867237376313003,0.001023460538664926,0.05278022549435483,0.9458095902293489,0.05278022549435483
1,basic_no_format,278, change,3343,3.0,assistant,70.0,896,3.0,1.573311177323278e-05,1.6827210306384378e-05,0.004695210065018649,0.9952722296129017,0.004695210065018649
1,basic_no_format,279, in,306,3.0,assistant,71.0,897,3.0,2.7256286818349783e-05,3.4465642160703804e-06,0.020640135345298273,0.9793291618036674,0.020640135345298273
1,basic_no_format,280, the,290,3.0,assistant,72.0,898,3.0,0.034311945310041746,0.15526784591106377,0.4922176635551848,0.31820254522370967,0.4922176635551848
1,basic_no_format,281, replacement,19207,3.0,assistant,73.0,899,3.0,0.003371462148373754,0.0009096869028422084,0.04765666594740636,0.9480621850013776,0.04765666594740636
1,basic_no_format,282, span,19861,3.0,assistant,74.0,900,3.0,0.000788579632836671,0.00030780343826420064,0.19718855602490704,0.8017150609039921,0.19718855602490704
1,basic_no_format,283,.,13,3.0,assistant,75.0,901,3.0,0.0003711909429612228,0.00024902383006814277,0.7098561030324924,0.28952368219447827,0.7098561030324924
1,basic_no_format,284, This,1328,3.0,assistant,76.0,902,3.0,6.046566695913349e-07,1.6060038929720358e-06,0.9998899287594966,0.00010786057994084554,0.9998899287594966
1,basic_no_format,285, tests,10742,3.0,assistant,77.0,903,3.0,3.32624235031431e-05,8.65370302046004e-05,0.8017650460283451,0.19811515451794723,0.8017650460283451
1,basic_no_format,286, whether,5588,3.0,assistant,78.0,904,3.0,0.00012254595491183258,0.0003847554973270169,0.45187961413905864,0.5476130844087025,0.45187961413905864
1,basic_no_format,287, the,290,3.0,assistant,79.0,905,3.0,0.030938903462650984,0.11628735636720616,0.6686310400084111,0.18414270016173181,0.6686310400084111
1,basic_no_format,288, added,5768,3.0,assistant,80.0,906,3.0,0.027389186447933294,0.0028659323617506068,0.4257895703961624,0.5439553107941537,0.4257895703961624
1,basic_no_format,289, sentence,21872,3.0,assistant,81.0,907,3.0,0.09760905712359345,0.12861577445931222,0.6979546852425593,0.075820483174535,0.6979546852425593
1,basic_no_format,290, has,853,3.0,assistant,82.0,908,3.0,0.0017012592943027153,0.0003380807300373277,0.5254558577481294,0.47250480222753055,0.5254558577481294
1,basic_no_format,291, a,261,3.0,assistant,83.0,909,3.0,0.004977223098775709,0.02254094882571908,0.23394613185548235,0.7385356962200229,0.23394613185548235
1,basic_no_format,292, different,2647,3.0,assistant,84.0,910,3.0,0.00196276374862128,0.00024417425610495815,0.03878039013889849,0.9590126718563753,0.03878039013889849
1,basic_no_format,293, association,23021,3.0,assistant,85.0,911,3.0,0.011903321389322647,0.008590024889387602,0.1988424786958856,0.7806641750254041,0.1988424786958856
1,basic_no_format,294, with,483,3.0,assistant,86.0,912,3.0,0.011969079073525289,0.005758383429313668,0.04340125843743671,0.9388712790597243,0.04340125843743671
1,basic_no_format,295, the,290,3.0,assistant,87.0,913,3.0,0.011298428566161192,0.09454212383305131,0.08444981378789712,0.8097096338128903,0.08444981378789712
1,basic_no_format,296, two,1920,3.0,assistant,88.0,914,3.0,0.0001535717483643053,6.0458713595771384e-05,0.004844532232895613,0.9949414373051444,0.004844532232895613
1,basic_no_format,297, constructions,126322,3.0,assistant,89.0,915,3.0,0.0031789010532343744,0.0016762828409043096,0.04174620763072273,0.9533986084751386,0.04174620763072273
1,basic_no_format,298,.,13,3.0,assistant,90.0,916,3.0,0.0002570800389019576,2.20588959337525e-05,0.42847694680483484,0.5712439142603295,0.42847694680483484
1,basic_no_format,299, Save,15564,3.0,assistant,91.0,917,3.0,2.527902040930211e-06,2.202840440886237e-06,0.9332475878971492,0.06674768136036896,0.9332475878971492
1,basic_no_format,300, the,290,3.0,assistant,92.0,918,3.0,0.000184127887481894,3.25708506080175e-05,0.888684515849789,0.11109878541212095,0.888684515849789
1,basic_no_format,301, exact,6354,3.0,assistant,93.0,919,3.0,9.208047225111906e-05,0.000138135631222039,0.5801269943857098,0.41964278951081696,0.5801269943857098
1,basic_no_format,302, texts,35562,3.0,assistant,94.0,920,3.0,0.004370468339967065,0.0015789832781170235,0.4944365610329706,0.4996139873489454,0.4944365610329706
1,basic_no_format,303,",",11,3.0,assistant,95.0,921,3.0,0.0008103826018999602,0.00013307026736937222,0.6913934903414694,0.3076630567892612,0.6913934903414694
1,basic_no_format,304, and,326,3.0,assistant,96.0,922,3.0,0.0001721484004895716,4.916159531127747e-05,0.996028338718491,0.003750351285708239,0.996028338718491
1,basic_no_format,305, measure,9714,3.0,assistant,97.0,923,3.0,0.00026702224097238826,7.608127898454297e-05,0.34517859265933,0.6544783038207129,0.34517859265933
1,basic_no_format,306, any,1062,3.0,assistant,98.0,924,3.0,0.00012553061116188068,0.0005683136945921188,0.6055505585164297,0.39375559717781644,0.6055505585164297
1,basic_no_format,307, generated,13768,3.0,assistant,99.0,925,3.0,0.0029623105689844695,0.0015876852101619028,0.06813180702601004,0.9273181971948435,0.06813180702601004
1,basic_no_format,308, behavior,12741,3.0,assistant,100.0,926,3.0,0.0013106442535455389,0.0004193603746333411,0.2142692486121113,0.7840007467597098,0.2142692486121113
1,basic_no_format,309, separately,37741,3.0,assistant,101.0,927,3.0,0.0015580373063115265,0.0009513117627709776,0.4689756436448633,0.5285150072860542,0.4689756436448633
1,basic_no_format,310, if,538,3.0,assistant,102.0,928,3.0,0.0038392562347133578,0.03417762662213231,0.4095022432951136,0.5524808738480408,0.4095022432951136
1,basic_no_format,311, you,481,3.0,assistant,103.0,929,3.0,0.00010074975200206992,0.0009149665266712498,0.9983525244347691,0.0006317592865576712,0.9983525244347691
1,basic_no_format,312, want,1682,3.0,assistant,104.0,930,3.0,3.205866950895473e-05,0.00011556885625698748,0.9390717969227149,0.060780575551519195,0.9390717969227149
1,basic_no_format,313, to,316,3.0,assistant,105.0,931,3.0,0.003157642177597592,0.002541940952744191,0.18206595098141104,0.8122344658882472,0.18206595098141104
1,basic_no_format,314, connect,4837,3.0,assistant,106.0,932,3.0,0.0006410109328092325,0.07550074873002176,0.917780574290888,0.006077666046280916,0.917780574290888
1,basic_no_format,315, the,290,3.0,assistant,107.0,933,3.0,0.0007159882388520272,0.002371601971465315,0.08256186296337875,0.914350546826304,0.08256186296337875
1,basic_no_format,316, representation,22311,3.0,assistant,108.0,934,3.0,0.0022810660061046172,0.006430411912361875,0.07805972602745824,0.9132287960540753,0.07805972602745824
1,basic_no_format,317, change,3343,3.0,assistant,109.0,935,3.0,4.022192340558667e-06,1.0632459209877012e-06,0.011996078167022665,0.9879988363947158,0.011996078167022665
1,basic_no_format,318, to,316,3.0,assistant,110.0,936,3.0,0.001273081657269947,0.02752803370471551,0.9437701755517912,0.027428709086223302,0.9437701755517912
1,basic_no_format,319, an,448,3.0,assistant,111.0,937,3.0,0.012199974530504835,0.035632779577210505,0.8682138512403209,0.08395339465196382,0.8682138512403209
1,basic_no_format,320, action,3736,3.0,assistant,112.0,938,3.0,0.011700742661905305,0.021275806520217225,0.3325858277470667,0.6344376230708108,0.3325858277470667
1,basic_no_format,321,".
",558,3.0,assistant,113.0,939,3.0,1.023950395375759e-05,0.00016243734858542274,0.9994029434142312,0.0004243797332296836,0.9994029434142312
1,basic_no_format,322,Thanks,14897,4.0,user,1.0,940,4.0,3.287390100399138e-05,0.7051391573908437,0.29457978059855355,0.0002481881095988546,0.29457978059855355
1,basic_no_format,323,!,0,4.0,user,2.0,941,4.0,2.0851602999365344e-07,4.697382286375536e-05,0.9999298431150334,2.297454607297166e-05,0.9999298431150334
1,basic_no_format,324, How,3253,4.0,user,3.0,942,4.0,4.094195223318329e-06,0.0031794312960145774,0.9967843743256821,3.210018307984293e-05,0.9967843743256821
1,basic_no_format,325, do,621,4.0,user,4.0,943,4.0,4.864148924594544e-05,0.4304093413047322,0.5694283680861046,0.00011364911991731272,0.5694283680861046
1,basic_no_format,326, I,357,4.0,user,5.0,944,4.0,0.0024987970720868106,0.11874121478901824,0.8779261459849702,0.0008338421539245983,0.8779261459849702
1,basic_no_format,327, explain,16644,4.0,user,6.0,945,4.0,0.00013778695094226697,0.9862243542720535,0.013626729010771128,1.112976623310655e-05,0.013626729010771128
1,basic_no_format,328, what,1412,4.0,user,7.0,946,4.0,0.0006142881262234732,0.5288813475537839,0.46845777512323333,0.0020465891967592856,0.46845777512323333
1,basic_no_format,329, remains,14777,4.0,user,8.0,947,4.0,0.001840765321690891,0.3862895492753023,0.5263652029451411,0.08550448245786564,0.5263652029451411
1,basic_no_format,330, uncertain,59410,4.0,user,9.0,948,4.0,0.0018839892761088695,0.10546496397043503,0.2819672167528689,0.6106838300005871,0.2819672167528689
1,basic_no_format,331, after,1934,4.0,user,10.0,949,4.0,0.00023869862096469714,0.9727729613470291,0.026748824998458466,0.0002395150335476781,0.026748824998458466
1,basic_no_format,332, that,484,4.0,user,11.0,950,4.0,4.2778833017139056e-05,0.011797369408375545,0.03557761471177016,0.9525822370468372,0.03557761471177016
1,basic_no_format,333, control,3580,4.0,user,12.0,951,4.0,2.328220527679452e-05,0.00013570407860806632,0.005640232258112965,0.9942007814580023,0.005640232258112965
1,basic_no_format,334,?,30,4.0,user,13.0,952,4.0,0.004522625236448839,0.8214141705972532,0.13085014386094296,0.04321306030535494,0.13085014386094296
1,basic_no_format,335, I,357,4.0,user,14.0,953,4.0,0.00035458415201109335,0.7703239185691991,0.22929340728827605,2.808999051385359e-05,0.22929340728827605
1,basic_no_format,336, want,1682,4.0,user,15.0,954,4.0,0.0002507399806421837,0.803899875198414,0.1937609254390309,0.002088459381912922,0.1937609254390309
1,basic_no_format,337, the,290,4.0,user,16.0,955,4.0,0.005271536381160542,0.2535173855407046,0.5216609929397715,0.21955008513836335,0.5216609929397715
1,basic_no_format,338, M,391,4.0,user,17.0,956,4.0,0.0001250908690115917,0.9854635065650077,0.012357035162557177,0.0020543674034236865,0.012357035162557177
1,basic_no_format,339,ATS,42222,4.0,user,18.0,957,4.0,0.003935638027920073,0.5722569040703482,0.20065580955299683,0.22315164834873485,0.20065580955299683
1,basic_no_format,340, report,3019,4.0,user,19.0,958,4.0,0.0011314124216734941,0.7692931949886712,0.04644264959383315,0.18313274299582197,0.04644264959383315
1,basic_no_format,341, to,316,4.0,user,20.0,959,4.0,0.00011864259867654388,0.9815203201036745,0.01605484322923145,0.0023061940684175673,0.01605484322923145
1,basic_no_format,342, make,1520,4.0,user,21.0,960,4.0,0.0002148564874446164,0.9950406465394068,0.003454873721116098,0.0012896232520325035,0.003454873721116098
1,basic_no_format,343, a,261,4.0,user,22.0,961,4.0,0.00014246213103349736,0.04539779462710539,0.42460289029930853,0.5298568529425526,0.42460289029930853
1,basic_no_format,344, clear,5364,4.0,user,23.0,962,4.0,9.117232660970736e-06,0.999927218931345,6.359487725427652e-05,6.895873980754237e-08,6.359487725427652e-05
1,basic_no_format,345, affirmative,159284,4.0,user,24.0,963,4.0,0.00702303589525993,0.25803177214057466,0.4008422892843044,0.3341029026798609,0.4008422892843044
1,basic_no_format,346, claim,6445,4.0,user,25.0,964,4.0,0.0030216097549078218,0.8230494216745631,0.021416376012471122,0.15251259255805794,0.021416376012471122
1,basic_no_format,347,",",11,4.0,user,26.0,965,4.0,0.00022511209041679232,0.9901629451122405,0.005360255474947362,0.0042516873223952855,0.005360255474947362
1,basic_no_format,348, but,889,4.0,user,27.0,966,4.0,5.0101847278016336e-05,0.9734208843166943,0.02519895348181549,0.0013300603542123124,0.02519895348181549
1,basic_no_format,349, I,357,4.0,user,28.0,967,4.0,7.223382232107677e-08,0.0025367484423809614,0.997446893801199,1.6285522597496962e-05,0.997446893801199
1,basic_no_format,350, don't,4128,4.0,user,29.0,968,4.0,0.006030680896410481,0.4126592574984794,0.5531779392450595,0.028132122360050586,0.5531779392450595
1,basic_no_format,351, want,1682,4.0,user,30.0,969,4.0,6.770188725827969e-05,0.8853961797862815,0.11334421046535195,0.0011919078611082904,0.11334421046535195
1,basic_no_format,352, the,290,4.0,user,31.0,970,4.0,0.000387952448762977,0.004018327008382094,0.011419113493515178,0.9841746070493397,0.011419113493515178
1,basic_no_format,353, phrase,27179,4.0,user,32.0,971,4.0,0.00012724870243445338,0.024799685295969476,0.07065069141327036,0.9044223745883258,0.07065069141327036
1,basic_no_format,354, permission,14158,4.0,user,33.0,972,4.0,0.0019084185089463094,0.2958775684721416,0.11079057244770969,0.5914234405712024,0.11079057244770969
1,basic_no_format,355, effect,3159,4.0,user,34.0,973,4.0,6.734573211806338e-05,0.00041891188354529666,0.015654414161814772,0.9838593282225219,0.015654414161814772
1,basic_no_format,356, to,316,4.0,user,35.0,974,4.0,0.0009691049069616977,0.07489030107419285,0.06662279051384001,0.8575178035050054,0.06662279051384001
1,basic_no_format,357, suggest,6108,4.0,user,36.0,975,4.0,0.0009147966716143979,0.5508411149857397,0.05492009543029833,0.39332399291234754,0.05492009543029833
1,basic_no_format,358, that,484,4.0,user,37.0,976,4.0,0.012182654959608736,0.19733675758480507,0.03397835760094811,0.756502229854638,0.03397835760094811
1,basic_no_format,359, every,1753,4.0,user,38.0,977,4.0,0.003759162467209087,0.32931438779569305,0.033354612786518224,0.6335718369505796,0.033354612786518224
1,basic_no_format,360, alternative,13319,4.0,user,39.0,978,4.0,9.984178496721827e-05,0.002602871850725152,0.01649488986526871,0.980802396499039,0.01649488986526871
1,basic_no_format,361, explanation,30547,4.0,user,40.0,979,4.0,0.00017688826170119906,0.003538175242113069,0.034101488721888944,0.9621834477742967,0.034101488721888944
1,basic_no_format,362, has,853,4.0,user,41.0,980,4.0,0.0011835706370068428,0.2240426523934457,0.05572780225673111,0.7190459747128164,0.05572780225673111
1,basic_no_format,363, been,1339,4.0,user,42.0,981,4.0,0.00336629896425127,0.137110189712438,0.01924957775469819,0.8402739335686125,0.01924957775469819
1,basic_no_format,364, removed,11906,4.0,user,43.0,982,4.0,9.064785982755155e-06,0.00031114912293431755,0.0015244119290258118,0.9981553741620571,0.0015244119290258118
1,basic_no_format,365,".
",558,4.0,user,44.0,983,4.0,0.002497575993221239,0.4709680192386835,0.48701840056017526,0.03951600420792005,0.48701840056017526
1,basic_no_format,366,The,976,5.0,cot,1.0,984,5.0,4.8777062041468365e-08,4.8513312328499294e-05,0.9991100642184911,0.0008413736921184168,0.9991100642184911
1,basic_no_format,367, user,1825,5.0,cot,2.0,985,5.0,1.3897300693064256e-08,5.111618352118227e-06,0.9999280406430712,6.683384127600797e-05,0.9999280406430712
1,basic_no_format,368, is,382,5.0,cot,3.0,986,5.0,1.1095097628013642e-08,6.4871540160644986e-06,0.9997974501139016,0.00019605163698470707,0.9997974501139016
1,basic_no_format,369, asking,16054,5.0,cot,4.0,987,5.0,9.358102077721926e-08,8.478151011511432e-05,0.9998801865941714,3.493831469264941e-05,0.9998801865941714
1,basic_no_format,370, for,395,5.0,cot,5.0,988,5.0,1.7621959138955228e-07,0.0002403953268045634,0.9997322136272424,2.7214826361648788e-05,0.9997322136272424
1,basic_no_format,371, a,261,5.0,cot,6.0,989,5.0,1.2598500308902707e-05,0.0002196810102441567,0.9468845401515157,0.05288318033793128,0.9468845401515157
1,basic_no_format,372, claim,6445,5.0,cot,7.0,990,5.0,0.00017528351092371266,0.0315691061726308,0.611914494207357,0.3563411161090884,0.611914494207357
1,basic_no_format,373, whose,12119,5.0,cot,8.0,991,5.0,3.4206901899295987e-07,3.277095310161859e-05,0.9602811632306829,0.03968572374719636,0.9602811632306829
1,basic_no_format,374, wording,117551,5.0,cot,9.0,992,5.0,1.499754663783066e-05,0.0008269721945811982,0.8837988577558331,0.11535917250294792,0.8837988577558331
1,basic_no_format,375, matches,15248,5.0,cot,10.0,993,5.0,2.052707627848253e-07,2.2041070426136722e-05,0.9993204579382063,0.0006572957206049529,0.9993204579382063
1,basic_no_format,376, a,261,5.0,cot,11.0,994,5.0,3.775844215520131e-05,0.0006248435772725701,0.942734648334573,0.05660274964599913,0.942734648334573
1,basic_no_format,377, controlled,23006,5.0,cot,12.0,995,5.0,4.879942442686502e-05,0.001953822880044269,0.26223629451223723,0.7357610831832916,0.26223629451223723
1,basic_no_format,378, but,889,5.0,cot,13.0,996,5.0,4.651527835980032e-05,0.001145830896608457,0.38421647977545104,0.6145911740495806,0.38421647977545104
1,basic_no_format,379, imperfect,125414,5.0,cot,14.0,997,5.0,6.661185129570947e-07,9.899676589271538e-06,0.0014459433902934173,0.9985434908146044,0.0014459433902934173
1,basic_no_format,380, comparison,19211,5.0,cot,15.0,998,5.0,7.171709044503333e-05,0.0010943944246128254,0.03503874278339725,0.963795145701545,0.03503874278339725
1,basic_no_format,381,.,13,5.0,cot,16.0,999,5.0,2.3724955999068905e-07,0.00016473641015800935,0.9673440562683702,0.03249097007191182,0.9673440562683702
1,basic_no_format,382, I,357,5.0,cot,17.0,1000,5.0,3.3358866107051754e-08,2.665967587012728e-05,0.9951750956323252,0.004798211332938642,0.9951750956323252
1,basic_no_format,383, should,1757,5.0,cot,18.0,1001,5.0,4.911971274012033e-10,2.0075654556411123e-07,0.9999698504890482,2.9948263208981193e-05,0.9999698504890482
1,basic_no_format,384, name,1308,5.0,cot,19.0,1002,5.0,5.394109079432757e-07,6.375252580929019e-06,0.9332345813409169,0.06675850399559438,0.9332345813409169
1,basic_no_format,385, the,290,5.0,cot,20.0,1003,5.0,1.4690033172577949e-05,5.4581415826817105e-06,0.0475334154131239,0.9524464364121208,0.0475334154131239
1,basic_no_format,386, exact,6354,5.0,cot,21.0,1004,5.0,2.970782921162386e-06,0.00010529722199742689,0.491816876792214,0.5080748552028674,0.491816876792214
1,basic_no_format,387, intervention,32206,5.0,cot,22.0,1005,5.0,2.149669811118975e-05,4.185604675402854e-06,0.017004460086224037,0.9829698576109893,0.017004460086224037
1,basic_no_format,388, and,326,5.0,cot,23.0,1006,5.0,1.401712763459094e-06,1.1001378874375994e-06,0.20042408946274198,0.7995734086866072,0.20042408946274198
1,basic_no_format,389, population,11540,5.0,cot,24.0,1007,5.0,5.213975332390485e-05,3.2539072451098196e-05,0.07347598577112605,0.926439335403099,0.07347598577112605
1,basic_no_format,390, rather,7542,5.0,cot,25.0,1008,5.0,1.0735195436633505e-05,4.1954497183915564e-05,0.11191130378068045,0.888036006526699,0.11191130378068045
1,basic_no_format,391, than,1572,5.0,cot,26.0,1009,5.0,3.2984202663324335e-07,2.6272588777087773e-06,0.9581517436427084,0.041845299256387275,0.9581517436427084
1,basic_no_format,392, imply,68590,5.0,cot,27.0,1010,5.0,4.999908606864622e-06,1.646309739550986e-05,0.2881870161680114,0.7117915208259862,0.2881870161680114
1,basic_no_format,393, an,448,5.0,cot,28.0,1011,5.0,3.318611156576707e-05,1.728877354985346e-05,0.09172501706647379,0.9082245080484106,0.09172501706647379
1,basic_no_format,394, abstract,13004,5.0,cot,29.0,1012,5.0,1.5186505278383002e-05,6.511748121532095e-05,0.4142031099850858,0.5857165860284205,0.4142031099850858
1,basic_no_format,395, causal,107345,5.0,cot,30.0,1013,5.0,8.583677531115246e-06,8.896222894052559e-07,0.01982474466471435,0.9801657820354652,0.01982474466471435
1,basic_no_format,396, mechanism,27004,5.0,cot,31.0,1014,5.0,4.300626322923932e-05,2.4616610500709407e-05,0.08793200098948603,0.912000376136784,0.08793200098948603
1,basic_no_format,397, of,328,5.0,cot,32.0,1015,5.0,4.338498736692959e-06,2.6525968874158072e-05,0.6402420074294739,0.3597271281029152,0.6402420074294739
1,basic_no_format,398, permission,14158,5.0,cot,33.0,1016,5.0,0.014297446753004338,0.017366426857077684,0.24765389159387405,0.7206822347960439,0.24765389159387405
1,basic_no_format,399,.,13,5.0,cot,34.0,1017,5.0,4.168150808920741e-06,6.990950213814472e-06,0.5804878464249236,0.41950099447405376,0.5804878464249236
1,basic_no_format,400, The,623,5.0,cot,35.0,1018,5.0,9.667268363645176e-07,2.8681233636090667e-05,0.7747375969361109,0.22523275510341673,0.7747375969361109
1,basic_no_format,401, same,2684,5.0,cot,36.0,1019,5.0,7.620037775822281e-05,7.414268792493458e-05,0.4155802792253744,0.5842693777089425,0.4155802792253744
1,basic_no_format,402, added,5768,5.0,cot,37.0,1020,5.0,0.00045819813762544044,0.00018015668446103925,0.22312374472856628,0.7762379004493472,0.22312374472856628
1,basic_no_format,403, sentence,21872,5.0,cot,38.0,1021,5.0,0.014603444638103903,0.0005865613836829195,0.3833359535600193,0.6014740404181939,0.3833359535600193
1,basic_no_format,404, can,665,5.0,cot,39.0,1022,5.0,8.242989215222707e-05,7.868261780304846e-06,0.19697123832806676,0.8029384635180007,0.19697123832806676
1,basic_no_format,405, change,3343,5.0,cot,40.0,1023,5.0,1.1832264627778103e-05,2.8121910700998613e-06,0.005035512148028693,0.9949498433962735,0.005035512148028693
1,basic_no_format,406, lexical,173846,5.0,cot,41.0,1024,5.0,5.2597594421844025e-06,1.3211777314426213e-06,0.16789033216145466,0.8321030869013718,0.16789033216145466
1,basic_no_format,407, context,3814,5.0,cot,42.0,1025,5.0,0.01508396880719689,0.02532093337500967,0.48958597204574333,0.4700091257720502,0.48958597204574333
1,basic_no_format,408,",",11,5.0,cot,43.0,1026,5.0,0.00010402663142048677,0.00016075095678768573,0.43121048409580276,0.568524738315989,0.43121048409580276
1,basic_no_format,409, attention,8684,5.0,cot,44.0,1027,5.0,0.0023768667884413613,0.0008830233705874296,0.17899090158814235,0.8177492082528289,0.17899090158814235
1,basic_no_format,410,",",11,5.0,cot,45.0,1028,5.0,2.9463669148302803e-05,5.583102089455319e-07,0.24843494333339552,0.7515350346872474,0.24843494333339552
1,basic_no_format,411, and,326,5.0,cot,46.0,1029,5.0,7.55233449526618e-06,1.894994850599285e-05,0.1394561215664725,0.8605173761505263,0.1394561215664725
1,basic_no_format,412, interpretation,39300,5.0,cot,47.0,1030,5.0,0.000393889001880838,0.00012059972901097664,0.17961703002418114,0.8198684812449272,0.17961703002418114
1,basic_no_format,413, at,540,5.0,cot,48.0,1031,5.0,0.0002117180508575999,8.17953492414061e-05,0.49771177089144075,0.5019947157084602,0.49771177089144075
1,basic_no_format,414, once,4730,5.0,cot,49.0,1032,5.0,9.979575951985044e-05,0.0005931768434254425,0.5063600837178449,0.4929469436792098,0.5063600837178449
1,basic_no_format,415,.,13,5.0,cot,50.0,1033,5.0,6.784883983481086e-06,1.0666257767435585e-05,0.5594558746945205,0.44052667416372865,0.5594558746945205
1,basic_no_format,416, A,355,5.0,cot,51.0,1034,5.0,3.156061123156015e-06,1.246111554566285e-05,0.9627584640982869,0.03722591872504437,0.9627584640982869
1,basic_no_format,417, replacement,19207,5.0,cot,52.0,1035,5.0,2.429639952149671e-06,8.048652165909428e-07,0.0074282338015042035,0.992568531693327,0.0074282338015042035
1,basic_no_format,418, control,3580,5.0,cot,53.0,1036,5.0,2.9078138123984542e-05,0.00012937319950064618,0.01811283504519609,0.9817287136171794,0.01811283504519609
1,basic_no_format,419, addresses,20866,5.0,cot,54.0,1037,5.0,0.00016303974529290088,0.0020414110295083297,0.08661744579389377,0.9111781034313049,0.08661744579389377
1,basic_no_format,420, some,1236,5.0,cot,55.0,1038,5.0,3.5209300405802814e-05,0.00010848660191591803,0.10940295812640047,0.8904533459712777,0.10940295812640047
1,basic_no_format,421, shared,9599,5.0,cot,56.0,1039,5.0,0.00018185009204918913,4.481138749933355e-05,0.0121698907665,0.9876034477539515,0.0121698907665
1,basic_no_format,422, changes,6629,5.0,cot,57.0,1040,5.0,3.5965343790294564e-05,8.180843791227798e-06,0.036661681915693196,0.9632941718967253,0.036661681915693196
1,basic_no_format,423, while,2049,5.0,cot,58.0,1041,5.0,1.3952417073798547e-05,1.3301588829389805e-05,0.004396569287401898,0.995576176706695,0.004396569287401898
1,basic_no_format,424, leaving,15021,5.0,cot,59.0,1042,5.0,1.190092033621766e-05,4.7368805415907665e-05,0.0025615866167278457,0.9973791436575201,0.0025615866167278457
1,basic_no_format,425, others,5036,5.0,cot,60.0,1043,5.0,0.00014567980183137046,5.999189886810006e-05,0.17813953585301506,0.8216547924462854,0.17813953585301506
1,basic_no_format,426, possible,4149,5.0,cot,61.0,1044,5.0,1.791586616214436e-05,0.00032903338061437916,0.0559846620892742,0.9436683886639493,0.0559846620892742
1,basic_no_format,427,.,13,5.0,cot,62.0,1045,5.0,1.243891543035995e-05,2.0374886789129513e-05,0.03308775922300017,0.9668794269747805,0.03308775922300017
1,basic_no_format,428, The,623,5.0,cot,63.0,1046,5.0,2.175946224919441e-07,8.31265130359568e-05,0.998785461256368,0.001131194635973536,0.998785461256368
1,basic_no_format,429, answer,6052,5.0,cot,64.0,1047,5.0,1.937011200498425e-06,0.0003593906360926613,0.9956426647799186,0.003996007572788314,0.9956426647799186
1,basic_no_format,430, should,1757,5.0,cot,65.0,1048,5.0,4.815324066453681e-08,7.748607338088896e-06,0.999684036202935,0.0003081670364861112,0.999684036202935
1,basic_no_format,431, state,2608,5.0,cot,66.0,1049,5.0,1.0439249677046077e-05,2.6702230445434405e-05,0.9473404234466147,0.05262243507326285,0.9473404234466147
1,basic_no_format,432, the,290,5.0,cot,67.0,1050,5.0,0.0008982040781585537,0.0012834194891471083,0.09141981022742096,0.9063985662052734,0.09141981022742096
1,basic_no_format,433, measured,26489,5.0,cot,68.0,1051,5.0,2.3167989049460196e-06,6.229871922191605e-06,0.012575228991627706,0.9874162243375451,0.012575228991627706
1,basic_no_format,434, contrast,20663,5.0,cot,69.0,1052,5.0,2.140611057464307e-06,9.518684904896627e-07,0.0033938380121882666,0.9966030695082638,0.0033938380121882666
1,basic_no_format,435, directly,8516,5.0,cot,70.0,1053,5.0,1.8450132071733373e-05,0.00019298741503190244,0.027026713670041915,0.9727618487828544,0.027026713670041915
1,basic_no_format,436,",",11,5.0,cot,71.0,1054,5.0,1.4472087655091208e-05,1.8298284099904425e-06,0.0026284378195711626,0.9973552602643638,0.0026284378195711626
1,basic_no_format,437, then,1815,5.0,cot,72.0,1055,5.0,1.4528036663946192e-05,2.3919301789387492e-05,0.2549352620781402,0.7450262905834064,0.2549352620781402
1,basic_no_format,438, identify,11410,5.0,cot,73.0,1056,5.0,2.2546000343669806e-05,1.7406520943245653e-05,0.1039743196234964,0.8959857278552166,0.1039743196234964
1,basic_no_format,439, the,290,5.0,cot,74.0,1057,5.0,2.970224767220671e-05,7.171300910350874e-05,0.004463655225942002,0.9954349295172823,0.004463655225942002
1,basic_no_format,440, most,1645,5.0,cot,75.0,1058,5.0,4.412448542145322e-07,2.592023999495049e-07,0.0027831521704894833,0.9972161473822564,0.0027831521704894833
1,basic_no_format,441, consequential,159025,5.0,cot,76.0,1059,5.0,5.677420013608308e-07,1.7008459644535728e-06,0.003000086858174183,0.99699764455386,0.003000086858174183
1,basic_no_format,442, unresolved,156375,5.0,cot,77.0,1060,5.0,4.938782226065794e-07,3.981684470826056e-07,0.00024015989649934857,0.999758948056831,0.00024015989649934857
1,basic_no_format,443, explanation,30547,5.0,cot,78.0,1061,5.0,3.783166360998584e-06,2.4771723372153747e-06,0.0036548842406058874,0.9963388554206959,0.0036548842406058874
1,basic_no_format,444, and,326,5.0,cot,79.0,1062,5.0,4.780348041354876e-05,5.3227167005892875e-06,0.3112390115040417,0.6887078622988442,0.3112390115040417
1,basic_no_format,445, a,261,5.0,cot,80.0,1063,5.0,8.283927061567697e-05,6.4599191157682874e-06,0.38088811540649653,0.619022585403772,0.38088811540649653
1,basic_no_format,446, follow,2622,5.0,cot,81.0,1064,5.0,0.0010217444489537394,0.019903681412838242,0.973840594516923,0.005233979621285056,0.973840594516923
1,basic_no_format,447,-up,7288,5.0,cot,82.0,1065,5.0,0.00012016509172294162,0.000720707213912782,0.21873327762805306,0.7804258500663112,0.21873327762805306
1,basic_no_format,448, that,484,5.0,cot,83.0,1066,5.0,0.00017375667314303194,0.000858182462647933,0.3719330445508455,0.6270350163133636,0.3719330445508455
1,basic_no_format,449, could,2023,5.0,cot,84.0,1067,5.0,0.0004174764935224635,0.004362530628976039,0.6504194575427278,0.3448005353347737,0.6504194575427278
1,basic_no_format,450, distinguish,59938,5.0,cot,85.0,1068,5.0,9.675927044504321e-06,8.323412949489343e-06,0.05774071486292075,0.9422412857970852,0.05774071486292075
1,basic_no_format,451, it,480,5.0,cot,86.0,1069,5.0,5.429140013436798e-06,4.120547899792729e-06,0.024531877927078016,0.9754585723850088,0.024531877927078016
1,basic_no_format,452,.,13,5.0,cot,87.0,1070,5.0,5.600665668529605e-05,0.00013794680811279723,0.6584780051301277,0.3413280414050744,0.6584780051301277
1,basic_no_format,453, This,1328,5.0,cot,88.0,1071,5.0,2.1543111801975685e-06,3.1359605316276415e-06,0.9452438105356558,0.054750899192632416,0.9452438105356558
1,basic_no_format,454, gives,8967,5.0,cot,89.0,1072,5.0,4.439910382334972e-07,9.771115381608376e-07,0.9220907702412542,0.07790780865616947,0.9220907702412542
1,basic_no_format,455, the,290,5.0,cot,90.0,1073,5.0,0.0003150090767935414,0.00023971926076129106,0.41267878228027166,0.5867664893821735,0.41267878228027166
1,basic_no_format,456, result,1534,5.0,cot,91.0,1074,5.0,2.221492574343195e-05,6.480401776954876e-05,0.0113479186958039,0.9885650623606831,0.0113479186958039
1,basic_no_format,457, a,261,5.0,cot,92.0,1075,5.0,5.349147266620919e-05,0.00011204480754107442,0.3912455474937185,0.6085889162260743,0.3912455474937185
1,basic_no_format,458, clear,5364,5.0,cot,93.0,1076,5.0,0.000517238388345363,0.008232932161131409,0.8901742346532925,0.10107559479723069,0.8901742346532925
1,basic_no_format,459, meaning,10915,5.0,cot,94.0,1077,5.0,5.815300944608978e-05,6.376892767419559e-05,0.12935577624284278,0.870522301820037,0.12935577624284278
1,basic_no_format,460, without,2935,5.0,cot,95.0,1078,5.0,3.183438281025485e-05,0.0001765406903302094,0.7310586740199075,0.2687329509069521,0.7310586740199075
1,basic_no_format,461, surrounding,20708,5.0,cot,96.0,1079,5.0,9.020980768007754e-05,0.0004903560426221432,0.2634741268014863,0.7359453073482115,0.2634741268014863
1,basic_no_format,462, it,480,5.0,cot,97.0,1080,5.0,0.0021718942710631343,0.005145377973029178,0.4170064483384413,0.5756762794174665,0.4170064483384413
1,basic_no_format,463, with,483,5.0,cot,98.0,1081,5.0,0.00033405474119774497,0.00017319771888027222,0.22448055190502872,0.7750121956348933,0.22448055190502872
1,basic_no_format,464, an,448,5.0,cot,99.0,1082,5.0,0.0066474572372213865,0.05077617592054831,0.460659548392969,0.4819168184492612,0.460659548392969
1,basic_no_format,465, un,537,5.0,cot,100.0,1083,5.0,6.070123899386415e-05,4.09155424309255e-05,0.06679374458949068,0.9331046386290845,0.06679374458949068
1,basic_no_format,466,structured,85679,5.0,cot,101.0,1084,5.0,6.391154008131927e-05,0.0009672019111028193,0.4237648041740184,0.5752040823747975,0.4237648041740184
1,basic_no_format,467, list,1562,5.0,cot,102.0,1085,5.0,0.00015162841778004903,0.00010915118787898721,0.552871346276492,0.44686787411784895,0.552871346276492
1,basic_no_format,468, of,328,5.0,cot,103.0,1086,5.0,7.118574544583684e-05,1.3876757980035283e-05,0.16164699136505112,0.838267946131523,0.16164699136505112
1,basic_no_format,469, cave,44365,5.0,cot,104.0,1087,5.0,0.0005239861574125177,7.243453207552327e-05,0.10134731781202531,0.8980562614984867,0.10134731781202531
1,basic_no_format,470,ats,1838,5.0,cot,105.0,1088,5.0,0.00018461992477262365,2.5186935388813873e-05,0.13217542680024225,0.8676147663395963,0.13217542680024225
1,basic_no_format,471,".
",558,5.0,cot,106.0,1089,5.0,6.136167939152728e-06,0.00017912731187086231,0.9848138263303421,0.015000910189847836,0.9848138263303421
1,basic_no_format,472,Name,864,6.0,assistant,1.0,1090,6.0,1.8430908372788418e-07,0.00012399298696180687,0.9864689467810522,0.01340687592290223,0.9864689467810522
1,basic_no_format,473, the,290,6.0,assistant,2.0,1091,6.0,1.0183769845427477e-07,8.322852448055432e-05,0.966199966004919,0.03371670363290187,0.966199966004919
1,basic_no_format,474, actual,6290,6.0,assistant,3.0,1092,6.0,4.0711575290900935e-07,1.0856328509744786e-06,0.024365568124937342,0.9756329391264587,0.024365568124937342
1,basic_no_format,475, comparison,19211,6.0,assistant,4.0,1093,6.0,2.4263988749577816e-05,2.1682490455903094e-05,0.08896213157426096,0.9109919219465336,0.08896213157426096
1,basic_no_format,476,:,25,6.0,assistant,5.0,1094,6.0,1.7662466101044273e-06,5.762035312232939e-06,0.9200891509313875,0.07990332078669006,0.9200891509313875
1,basic_no_format,477, adding,12673,6.0,assistant,6.0,1095,6.0,0.00021318898782249113,4.8493637554385755e-06,0.20415994080012,0.7956220208483021,0.20415994080012
1,basic_no_format,478, this,495,6.0,assistant,7.0,1096,6.0,4.911968071517109e-06,2.147332148610032e-07,0.46671207304565626,0.5332828002530574,0.46671207304565626
1,basic_no_format,479, permission,14158,6.0,assistant,8.0,1097,6.0,0.00048546782134757427,0.0032117363083892436,0.9645163578230196,0.03178643804724371,0.9645163578230196
1,basic_no_format,480, sentence,21872,6.0,assistant,9.0,1098,6.0,0.0034508875528148305,0.0028400212168670017,0.8556172869454152,0.13809180428490314,0.8556172869454152
1,basic_no_format,481, changed,9180,6.0,assistant,10.0,1099,6.0,3.878958987776477e-06,2.709018608814516e-07,0.0018071735752525728,0.9981886765638989,0.0018071735752525728
1,basic_no_format,482, the,290,6.0,assistant,11.0,1100,6.0,0.00018636140430916543,0.00014673256039790837,0.13738286280776119,0.8622840432275318,0.13738286280776119
1,basic_no_format,483, chosen,16180,6.0,assistant,12.0,1101,6.0,6.0777915436302425e-06,1.3204834217233852e-06,0.05304965263212431,0.9469429490929103,0.05304965263212431
1,basic_no_format,484, read,1729,6.0,assistant,13.0,1102,6.0,3.662084718755538e-05,8.490859828492729e-06,0.07722824389968806,0.9227266443932959,0.07722824389968806
1,basic_no_format,485,out,468,6.0,assistant,14.0,1103,6.0,8.214292695108128e-05,0.0001815891593856684,0.016980995316464496,0.9827552725971987,0.016980995316464496
1,basic_no_format,486, differently,36490,6.0,assistant,15.0,1104,6.0,3.149301457909952e-06,2.285943125118292e-07,0.0007408393550361403,0.9992557827491934,0.0007408393550361403
1,basic_no_format,487, for,395,6.0,assistant,16.0,1105,6.0,7.494139759455729e-07,7.821006554813193e-09,0.00015411670967382092,0.9998451260553437,0.00015411670967382092
1,basic_no_format,488, the,290,6.0,assistant,17.0,1106,6.0,0.0033054653467406753,0.00012723922122040817,0.09968834980117366,0.8968789456308651,0.09968834980117366
1,basic_no_format,489, instruction,21179,6.0,assistant,18.0,1107,6.0,2.9109033132230397e-05,4.488918244729439e-06,0.002759970924415542,0.9972064311242074,0.002759970924415542
1,basic_no_format,490, passage,26368,6.0,assistant,19.0,1108,6.0,0.0001212819838055581,2.3433624881720242e-05,0.04558624965548023,0.9542690347358324,0.04558624965548023
1,basic_no_format,491, and,326,6.0,assistant,20.0,1109,6.0,3.787628613372048e-06,4.158900456266387e-07,0.0018366082016988041,0.9981591882796422,0.0018366082016988041
1,basic_no_format,492, its,1617,6.0,assistant,21.0,1110,6.0,7.184075036796386e-06,6.654802490712641e-07,0.007531452908277873,0.9924606975364363,0.007531452908277873
1,basic_no_format,493, replacement,19207,6.0,assistant,22.0,1111,6.0,6.991900035546723e-05,3.658828389449354e-06,0.02006199025675903,0.979864431914496,0.02006199025675903
1,basic_no_format,494, control,3580,6.0,assistant,23.0,1112,6.0,1.6130682828640374e-05,1.1113705606500478e-06,0.00481348323343182,0.9951692747131788,0.00481348323343182
1,basic_no_format,495,.,13,6.0,assistant,24.0,1113,6.0,5.540663554967539e-05,6.7169169472146e-06,0.06675637006869145,0.9331815063788117,0.06675637006869145
1,basic_no_format,496, State,5388,6.0,assistant,25.0,1114,6.0,4.773755031161817e-07,1.101093721076831e-06,0.9912288942900166,0.008769527240759365,0.9912288942900166
1,basic_no_format,497, the,290,6.0,assistant,26.0,1115,6.0,1.795875574263457e-07,1.5684561744461572e-06,0.9336769862941103,0.06632126566215787,0.9336769862941103
1,basic_no_format,498, model,2359,6.0,assistant,27.0,1116,6.0,9.194081887307254e-05,0.00011640806282145863,0.0030060944683341453,0.9967855566499713,0.0030060944683341453
1,basic_no_format,499,",",11,6.0,assistant,28.0,1117,6.0,2.0319100010070673e-05,1.0702415826233635e-05,0.061790694666016416,0.9381782838181472,0.061790694666016416
1,basic_no_format,500, sampled,84838,6.0,assistant,29.0,1118,6.0,0.0006741058050119831,0.00043927640791308227,0.22371962585589691,0.7751669919311781,0.22371962585589691
1,basic_no_format,501, contexts,67568,6.0,assistant,30.0,1119,6.0,0.00019081269489857323,9.266701976621244e-07,0.03004983645125556,0.9697584241836483,0.03004983645125556
1,basic_no_format,502,",",11,6.0,assistant,31.0,1120,6.0,5.941701842169553e-05,1.9528281125384416e-06,0.30581689375652227,0.6941217363969435,0.30581689375652227
1,basic_no_format,503, scored,27207,6.0,assistant,32.0,1121,6.0,2.4604560765872685e-05,6.043589150776639e-06,0.016965173331335362,0.9830041785187479,0.016965173331335362
1,basic_no_format,504, span,19861,6.0,assistant,33.0,1122,6.0,0.0003116558200767428,2.6430443831085114e-05,0.1721684451515277,0.8274934685845644,0.1721684451515277
1,basic_no_format,505,",",11,6.0,assistant,34.0,1123,6.0,9.822897765809239e-05,4.394537667475438e-06,0.140903459731083,0.8589939167535914,0.140903459731083
1,basic_no_format,506, and,326,6.0,assistant,35.0,1124,6.0,0.00012076472688122283,7.471487363951456e-05,0.505539014442902,0.4942655059565773,0.505539014442902
1,basic_no_format,507, aggregation,93321,6.0,assistant,36.0,1125,6.0,1.6346008132149257e-05,2.0283867664041008e-06,0.014016073440325849,0.9859655521647755,0.014016073440325849
1,basic_no_format,508, rule,10652,6.0,assistant,37.0,1126,6.0,0.00013694955417850927,0.00044152258053770956,0.06077168518741465,0.9386498426778692,0.06077168518741465
1,basic_no_format,509, alongside,26162,6.0,assistant,38.0,1127,6.0,1.0425998993385859e-05,4.040608032260341e-06,0.23357326945095022,0.7664122639420241,0.23357326945095022
1,basic_no_format,510, the,290,6.0,assistant,39.0,1128,6.0,1.956326410797058e-05,5.625505872097969e-06,0.028896658586019947,0.971078152644,0.028896658586019947
1,basic_no_format,511, result,1534,6.0,assistant,40.0,1129,6.0,8.63863272812493e-05,9.521760245221205e-05,0.07398157960968829,0.9258368164605782,0.07398157960968829
1,basic_no_format,512,.,13,6.0,assistant,41.0,1130,6.0,0.00011616992535816231,5.838226120403772e-05,0.6013862570522561,0.3984391907611817,0.6013862570522561
1,basic_no_format,513, That,4569,6.0,assistant,42.0,1131,6.0,3.1537202431093185e-07,7.212641698523596e-06,0.9806496558945843,0.019342816091692718,0.9806496558945843
1,basic_no_format,514, is,382,6.0,assistant,43.0,1132,6.0,2.6201232081498064e-05,1.727296499550584e-05,0.6678568418503094,0.33209968395261363,0.6678568418503094
1,basic_no_format,515, a,261,6.0,assistant,44.0,1133,6.0,1.2226918414598354e-05,2.234932368412793e-06,0.9912784523637229,0.008707085785494218,0.9912784523637229
1,basic_no_format,516, concrete,19230,6.0,assistant,45.0,1134,6.0,0.00028069867909125807,0.0003094255934242049,0.5788592333269041,0.42055064240058043,0.5788592333269041
1,basic_no_format,517, finding,12129,6.0,assistant,46.0,1135,6.0,5.732902647139473e-05,1.3626927934219287e-05,0.02566110641075078,0.9742679376348437,0.02566110641075078
1,basic_no_format,518, if,538,6.0,assistant,47.0,1136,6.0,0.00012463405939107836,0.00016252524763719472,0.7044816803848343,0.2952311603081374,0.7044816803848343
1,basic_no_format,519, the,290,6.0,assistant,48.0,1137,6.0,4.248254104764165e-05,9.29535146654914e-06,0.43659149227215316,0.5633567298353327,0.43659149227215316
1,basic_no_format,520, measurements,29039,6.0,assistant,49.0,1138,6.0,7.724076123978383e-06,5.044545457461472e-06,0.01410301663581494,0.9858842147426036,0.01410301663581494
1,basic_no_format,521, support,2498,6.0,assistant,50.0,1139,6.0,4.70182157449111e-05,9.651418490100296e-05,0.8595112575412277,0.14034521005812645,0.8595112575412277
1,basic_no_format,522, it,480,6.0,assistant,51.0,1140,6.0,0.00020259377572843403,1.8496669536757363e-05,0.48642069211942535,0.5133582174353095,0.48642069211942535
1,basic_no_format,523,.,13,6.0,assistant,52.0,1141,6.0,0.0002360616103694326,0.00010793181431245341,0.907868944429362,0.0917870621459562,0.907868944429362
1,basic_no_format,524, Then,7801,6.0,assistant,53.0,1142,6.0,2.083403585877497e-05,3.7484155814727465e-06,0.9270540097859348,0.07292140776262507,0.9270540097859348
1,basic_no_format,525, explain,16644,6.0,assistant,54.0,1143,6.0,0.00017517941636284703,9.590763805510956e-05,0.7394160835172242,0.26031282942835776,0.7394160835172242
1,basic_no_format,526, the,290,6.0,assistant,55.0,1144,6.0,0.0004597592333846319,4.0697935317019805e-05,0.023112300818334663,0.9763872420129637,0.023112300818334663
1,basic_no_format,527, main,2758,6.0,assistant,56.0,1145,6.0,3.1141916076701637e-05,7.111363212159981e-06,0.0830048907465147,0.9169568559741965,0.0830048907465147
1,basic_no_format,528, remaining,15448,6.0,assistant,57.0,1146,6.0,6.939961314227096e-06,2.8613482272697713e-06,0.009862744411910767,0.9901274542785478,0.009862744411910767
1,basic_no_format,529, uncertainty,44942,6.0,assistant,58.0,1147,6.0,1.4629852117439894e-05,7.601785931197418e-06,0.004900823723533117,0.9950769446384182,0.004900823723533117
1,basic_no_format,530,",",11,6.0,assistant,59.0,1148,6.0,0.00020809613151853826,3.396644244348014e-05,0.8685821526283002,0.1311757847977379,0.8685821526283002
1,basic_no_format,531, such,2238,6.0,assistant,60.0,1149,6.0,0.0031677484184953956,0.0005254441089126713,0.08283869264016941,0.9134681148324226,0.08283869264016941
1,basic_no_format,532, as,472,6.0,assistant,61.0,1150,6.0,3.2081221023672156e-06,4.508023140982459e-06,0.9229682981351075,0.07702398571964934,0.9229682981351075
1,basic_no_format,533, whether,5588,6.0,assistant,62.0,1151,6.0,4.5327007218682515e-05,7.351157311929034e-05,0.0401596279538396,0.9597215334658225,0.0401596279538396
1,basic_no_format,534, the,290,6.0,assistant,63.0,1152,6.0,0.02510088219203173,0.003920937904492302,0.9564278589018174,0.014550321001658558,0.9564278589018174
1,basic_no_format,535, difference,9809,6.0,assistant,64.0,1153,6.0,2.2617433638740628e-06,3.709371241564301e-07,0.001524157225506947,0.9984732100940051,0.001524157225506947
1,basic_no_format,536, depends,20102,6.0,assistant,65.0,1154,6.0,0.0005532839795979675,0.00013822949037247973,0.039029702607680614,0.9602787839223489,0.039029702607680614
1,basic_no_format,537, on,402,6.0,assistant,66.0,1155,6.0,0.0022102351240768166,4.3971454857923336e-05,0.12495654095492745,0.8727892524661378,0.12495654095492745
1,basic_no_format,538, lexical,173846,6.0,assistant,67.0,1156,6.0,0.0006453866639542866,9.544467675230364e-05,0.4655762829546667,0.5336828857046266,0.4655762829546667
1,basic_no_format,539, overlap,56631,6.0,assistant,68.0,1157,6.0,0.004113707475190431,0.0005708511381678292,0.3726719509380364,0.6226434904486053,0.3726719509380364
1,basic_no_format,540, between,2870,6.0,assistant,69.0,1158,6.0,0.006213056830448422,0.00514663586776134,0.9073137084866426,0.08132659881514759,0.9073137084866426
1,basic_no_format,541, the,290,6.0,assistant,70.0,1159,6.0,0.006835209076086232,0.0035567059307595387,0.8551239909870769,0.1344840940060772,0.8551239909870769
1,basic_no_format,542, permission,14158,6.0,assistant,71.0,1160,6.0,0.022837508157711718,0.008454686390797508,0.9060052470298311,0.06270255842165984,0.9060052470298311
1,basic_no_format,543, sentence,21872,6.0,assistant,72.0,1161,6.0,0.29577131221384834,0.2354977077149451,0.37955758376461585,0.08917339630659067,0.37955758376461585
1,basic_no_format,544, and,326,6.0,assistant,73.0,1162,6.0,0.020188973707213165,0.0011872963526472833,0.8321102221973533,0.14651350774278632,0.8321102221973533
1,basic_no_format,545, the,290,6.0,assistant,74.0,1163,6.0,0.003957821314202476,0.0016755762541824661,0.1294772840549581,0.8648893183766568,0.1294772840549581
1,basic_no_format,546, instruction,21179,6.0,assistant,75.0,1164,6.0,0.024691758336133386,0.007994091980276712,0.28944161112833544,0.6778725385552545,0.28944161112833544
1,basic_no_format,547,.,13,6.0,assistant,76.0,1165,6.0,0.005293146759102593,0.0019221590263884213,0.8144151593494309,0.17836953486507812,0.8144151593494309
1,basic_no_format,548, A,355,6.0,assistant,77.0,1166,6.0,0.00041843999913836893,0.00014197890354429485,0.545428127274663,0.45401145382265423,0.545428127274663
1,basic_no_format,549, follow,2622,6.0,assistant,78.0,1167,6.0,1.4361079587055203e-05,0.00045668168146132136,0.9942561395170139,0.005272817721937855,0.9942561395170139
1,basic_no_format,550,-up,7288,6.0,assistant,79.0,1168,6.0,0.00025186826382445445,0.00031983982244375355,0.33383267908224634,0.6655956128314854,0.33383267908224634
1,basic_no_format,551, can,665,6.0,assistant,80.0,1169,6.0,0.00010709677169219633,2.1838160242724465e-05,0.9487815327500245,0.05108953231804062,0.9487815327500245
1,basic_no_format,552, vary,14899,6.0,assistant,81.0,1170,6.0,0.0015263189037224016,0.00024365245057782604,0.13025800847442753,0.8679720201712723,0.13025800847442753
1,basic_no_format,553, the,290,6.0,assistant,82.0,1171,6.0,0.00019061597941770394,3.196417337414978e-05,0.14495904698197068,0.8548183728652375,0.14495904698197068
1,basic_no_format,554, permission,14158,6.0,assistant,83.0,1172,6.0,0.05691338953530609,0.02245227193777508,0.5105408403145526,0.41009349821236624,0.5105408403145526
1,basic_no_format,555, wording,117551,6.0,assistant,84.0,1173,6.0,0.0010283416910561603,0.0001740002841624874,0.8566564392402545,0.1421412187845268,0.8566564392402545
1,basic_no_format,556, while,2049,6.0,assistant,85.0,1174,6.0,0.007919284110881804,0.008538274813286999,0.4438775596440065,0.5396648814318247,0.4438775596440065
1,basic_no_format,557, preserving,74564,6.0,assistant,86.0,1175,6.0,0.0001831810927309254,0.00029161800464283196,0.1755984520518753,0.8239267488507509,0.1755984520518753
1,basic_no_format,558, its,1617,6.0,assistant,87.0,1176,6.0,0.018688906687618946,0.00032202988943643156,0.19006805430899743,0.7909210091139472,0.19006805430899743
1,basic_no_format,559, intended,15663,6.0,assistant,88.0,1177,6.0,3.77348314659761e-05,1.0786505796505579e-06,0.005061222070456064,0.9948999644474983,0.005061222070456064
1,basic_no_format,560, meaning,10915,6.0,assistant,89.0,1178,6.0,0.006114929042261411,0.0004908643690139173,0.5696680312113734,0.4237261753773512,0.5696680312113734
1,basic_no_format,561,.,13,6.0,assistant,90.0,1179,6.0,0.0005543705426326056,5.103799040067057e-05,0.11353868579195889,0.8858559056750077,0.11353868579195889
1,basic_no_format,562, This,1328,6.0,assistant,91.0,1180,6.0,5.900735669295413e-06,1.3118090157075912e-05,0.9953743515676836,0.004606629606489921,0.9953743515676836
1,basic_no_format,563, lets,19733,6.0,assistant,92.0,1181,6.0,7.598725566911811e-06,2.1977962397435454e-06,0.3055066073826705,0.6944835960955228,0.3055066073826705
1,basic_no_format,564, the,290,6.0,assistant,93.0,1182,6.0,0.0004852030020032565,0.00023582956152665377,0.8973990962730459,0.10187987116342409,0.8973990962730459
1,basic_no_format,565, reader,10958,6.0,assistant,94.0,1183,6.0,0.00038112417955004485,0.0005485060730473665,0.8853317309622392,0.11373863878516337,0.8853317309622392
1,basic_no_format,566, understand,4218,6.0,assistant,95.0,1184,6.0,5.63623772885447e-05,0.00034855445246974786,0.7309599654924932,0.26863511767774856,0.7309599654924932
1,basic_no_format,567, both,2973,6.0,assistant,96.0,1185,6.0,8.225841742128269e-05,0.00022675478684033084,0.46637610994373185,0.5333148768520065,0.46637610994373185
1,basic_no_format,568, what,1412,6.0,assistant,97.0,1186,6.0,0.0002254293688027251,0.0028820122886356646,0.23761431107874076,0.7592782472638208,0.23761431107874076
1,basic_no_format,569, the,290,6.0,assistant,98.0,1187,6.0,0.0037624222118615358,0.024159848151010608,0.7161665975373196,0.2559111320998084,0.7161665975373196
1,basic_no_format,570, current,2208,6.0,assistant,99.0,1188,6.0,0.0013809952604464013,0.00242158010602642,0.2530883943058096,0.7431090303277177,0.2530883943058096
1,basic_no_format,571, comparison,19211,6.0,assistant,100.0,1189,6.0,0.000182016559122447,0.014376131341047982,0.1579740794445357,0.8274677726552938,0.1579740794445357
1,basic_no_format,572, establishes,108998,6.0,assistant,101.0,1190,6.0,0.0002058163803234235,0.0013398388443693146,0.846403362166821,0.15205098260848615,0.846403362166821
1,basic_no_format,573, and,326,6.0,assistant,102.0,1191,6.0,9.992613339330812e-05,0.00011078553991537513,0.9341382524691753,0.065651035857516,0.9341382524691753
1,basic_no_format,574, which,1118,6.0,assistant,103.0,1192,6.0,0.0004783758104917726,0.0007645542303776445,0.07720914769254246,0.9215479222665882,0.07720914769254246
1,basic_no_format,575, broader,50568,6.0,assistant,104.0,1193,6.0,0.00023155577258553059,0.0009474549142898985,0.018076079119715625,0.9807449101934089,0.018076079119715625
1,basic_no_format,576, interpretation,39300,6.0,assistant,105.0,1194,6.0,1.54473423350846e-05,2.0753409828679557e-05,0.008159129631543013,0.9918046696162931,0.008159129631543013
1,basic_no_format,577, still,2928,6.0,assistant,106.0,1195,6.0,0.00013666099584657646,5.773620409808064e-05,0.12311917911743119,0.8766864236826241,0.12311917911743119
1,basic_no_format,578, requires,10860,6.0,assistant,107.0,1196,6.0,0.00011453744590434884,4.9995006321898244e-05,0.04168034753612051,0.9581551200116531,0.04168034753612051
1,basic_no_format,579, another,3613,6.0,assistant,108.0,1197,6.0,0.0002339267725595059,0.00015662207527009921,0.19797643829525782,0.8016330128569126,0.19797643829525782
1,basic_no_format,580, test,1746,6.0,assistant,109.0,1198,6.0,3.995747849233162e-05,9.6631385603818e-06,0.01775118004308935,0.9821991993398579,0.01775118004308935
1,basic_no_format,581,.,13,6.0,assistant,110.0,1199,6.0,8.470722007335709e-06,4.8175175783574415e-05,0.9785279473643717,0.021415406737837362,0.9785279473643717
2,everything_in_user_tags,0,<|startoftext|>,199998,,,,1200,,0.9995470473076826,0.0004529526919496192,5.252346036230343e-15,3.623344151687733e-13,5.252346036230343e-15
2,everything_in_user_tags,1,<|start|>,200006,,,,1201,,0.6874085590990429,0.0013926320564438262,0.303261435778836,0.007937373065677296,0.303261435778836
2,everything_in_user_tags,2,user,1428,,,,1202,,0.030737031088379975,0.00044842477223378603,0.9687012620392409,0.00011328210014532025,0.9687012620392409
2,everything_in_user_tags,3,<|message|>,200008,,,,1203,,0.006094157529782949,0.005693955027712875,0.9882106875891534,1.199853350869876e-06,0.9882106875891534
2,everything_in_user_tags,4,You,3575,0.0,system,1.0,1204,0.0,0.013262203603819649,0.9491264268726521,0.03761136760770186,1.915826478620769e-09,0.03761136760770186
2,everything_in_user_tags,5, are,553,0.0,system,2.0,1205,0.0,0.0044298826002478605,0.6658622386407799,0.3297077516294831,1.2712948906533867e-07,0.3297077516294831
2,everything_in_user_tags,6, Chat,17554,0.0,system,3.0,1206,0.0,0.05482562434085858,0.14778708175275015,0.7973629799550268,2.4313951364503204e-05,0.7973629799550268
2,everything_in_user_tags,7,GPT,162016,0.0,system,4.0,1207,0.0,0.0032017086836650375,0.44794058034752593,0.5488576460716261,6.489718290186291e-08,0.5488576460716261
2,everything_in_user_tags,8,",",11,0.0,system,5.0,1208,0.0,0.0038911664743729877,0.7758245306244284,0.22028426628477846,3.661642015825033e-08,0.22028426628477846
2,everything_in_user_tags,9, a,261,0.0,system,6.0,1209,0.0,0.0005647624811790492,0.999281607357551,0.00015363001882756554,1.4244250364670033e-10,0.00015363001882756554
2,everything_in_user_tags,10, large,4410,0.0,system,7.0,1210,0.0,0.0021039793564535526,0.9953577083715145,0.002538295597639599,1.6674392384685628e-08,0.002538295597639599
2,everything_in_user_tags,11, language,6439,0.0,system,8.0,1211,0.0,0.5649502383794112,0.36627531045843914,0.06717506547260736,0.001599385689542333,0.06717506547260736
2,everything_in_user_tags,12, model,2359,0.0,system,9.0,1212,0.0,0.001953328113302296,0.9767993972057688,0.021247209981965297,6.469896354022466e-08,0.021247209981965297
2,everything_in_user_tags,13, trained,22203,0.0,system,10.0,1213,0.0,0.029490874656182303,0.9637180675614879,0.006791029424346353,2.8357983395412453e-08,0.006791029424346353
2,everything_in_user_tags,14, by,656,0.0,system,11.0,1214,0.0,0.41002589836921305,0.5872021855711891,0.0027719047672629025,1.1292334972672736e-08,0.0027719047672629025
2,everything_in_user_tags,15, Open,7788,0.0,system,12.0,1215,0.0,0.009343012895196508,4.817460482856764e-05,0.9903239484850914,0.00028486401488351143,0.9903239484850914
2,everything_in_user_tags,16,AI,17527,0.0,system,13.0,1216,0.0,0.4585481676020239,0.22335735857807565,0.3180943384826501,1.3533725048180803e-07,0.3180943384826501
2,everything_in_user_tags,17,".
",558,0.0,system,14.0,1217,0.0,0.04515701524460714,0.9212757663714359,0.03356721718125815,1.2026986553244878e-09,0.03356721718125815
2,everything_in_user_tags,18,Knowledge,87447,0.0,system,15.0,1218,0.0,0.03575207400509593,0.9569808511319349,0.007266387369482103,6.874934870472729e-07,0.007266387369482103
2,everything_in_user_tags,19, cutoff,100594,0.0,system,16.0,1219,0.0,0.003224741483044083,0.9749054151031876,0.021869502154671597,3.4125909660703863e-07,0.021869502154671597
2,everything_in_user_tags,20,:,25,0.0,system,17.0,1220,0.0,0.027543894417725305,0.971451612024453,0.001004491388759355,2.169062563820954e-09,0.001004491388759355
2,everything_in_user_tags,21, ,220,0.0,system,18.0,1221,0.0,0.3473610039116708,0.652456609788447,0.000179044687209423,3.34161267287366e-06,0.000179044687209423
2,everything_in_user_tags,22,202,1323,0.0,system,19.0,1222,0.0,0.09061360586289298,0.9090269000345265,0.00035943643072651715,5.7671853986251955e-08,0.00035943643072651715
2,everything_in_user_tags,23,4,19,0.0,system,20.0,1223,0.0,0.00222257614063727,0.9969624952495749,0.0008148998798948577,2.8729893041828636e-08,0.0008148998798948577
2,everything_in_user_tags,24,-,12,0.0,system,21.0,1224,0.0,0.00125035196777958,0.9985090804979806,0.00024056669106433203,8.431754198593909e-10,0.00024056669106433203
2,everything_in_user_tags,25,06,3218,0.0,system,22.0,1225,0.0,0.000840795963391094,0.9991043909632649,5.480491616269052e-05,8.15718128922384e-09,5.480491616269052e-05
2,everything_in_user_tags,26,"
",198,0.0,system,23.0,1226,0.0,0.0004342631195525592,0.9860530842464083,0.013512639147766731,1.3486272397602978e-08,0.013512639147766731
2,everything_in_user_tags,27,Current,6576,0.0,system,24.0,1227,0.0,0.009428135901670843,0.9841763050915929,0.006391071149331544,4.487857404627811e-06,0.006391071149331544
2,everything_in_user_tags,28, date,3521,0.0,system,25.0,1228,0.0,0.012773920198759375,0.8757339160218842,0.11147977527423318,1.238850512324558e-05,0.11147977527423318
2,everything_in_user_tags,29,:,25,0.0,system,26.0,1229,0.0,0.0003057981116225394,0.9945439043421945,0.005149753096001905,5.444501811068388e-07,0.005149753096001905
2,everything_in_user_tags,30, ,220,0.0,system,27.0,1230,0.0,0.1530924453553022,0.8427794199421587,0.004097188049159024,3.094665338014942e-05,0.004097188049159024
2,everything_in_user_tags,31,202,1323,0.0,system,28.0,1231,0.0,0.3210035145317659,0.6766399911357387,0.0023553273039174476,1.1670285779490392e-06,0.0023553273039174476
2,everything_in_user_tags,32,5,20,0.0,system,29.0,1232,0.0,0.0025013398133173007,0.994735593090244,0.002763063546727565,3.549711341381432e-09,0.002763063546727565
2,everything_in_user_tags,33,-,12,0.0,system,30.0,1233,0.0,0.007217619267817751,0.991825621848697,0.0009566881057145583,7.077777053214312e-08,0.0009566881057145583
2,everything_in_user_tags,34,10,702,0.0,system,31.0,1234,0.0,0.0006603864085351369,0.9983354815240099,0.0010040671194055336,6.494804948348909e-08,0.0010040671194055336
2,everything_in_user_tags,35,-,12,0.0,system,32.0,1235,0.0,0.017971519587592875,0.9819142634126745,0.0001141937709783005,2.3228754176955112e-08,0.0001141937709783005
2,everything_in_user_tags,36,01,2290,0.0,system,33.0,1236,0.0,0.0013173849855139773,0.9981811912231049,0.0005014207172918753,3.074089149981868e-09,0.0005014207172918753
2,everything_in_user_tags,37,"

",279,0.0,system,34.0,1237,0.0,5.164373151715732e-05,0.1904938486612821,0.8094544456008701,6.200633056890096e-08,0.8094544456008701
2,everything_in_user_tags,38,Reason,30377,0.0,system,35.0,1238,0.0,0.0336821118367909,0.9251114245915184,0.0412058842804473,5.792912433766901e-07,0.0412058842804473
2,everything_in_user_tags,39,ing,289,0.0,system,36.0,1239,0.0,0.011605952810379207,0.9867643282772058,0.0016296523826774384,6.652973754739053e-08,0.0016296523826774384
2,everything_in_user_tags,40,:,25,0.0,system,37.0,1240,0.0,0.004142526127206657,0.9663515423886829,0.02950585333357493,7.815053546678342e-08,0.02950585333357493
2,everything_in_user_tags,41, medium,14093,0.0,system,38.0,1241,0.0,0.018965416270887228,0.9209577464614744,0.060076641385008914,1.9588262952819038e-07,0.060076641385008914
2,everything_in_user_tags,42,"

",279,0.0,system,39.0,1242,0.0,0.006989919163932373,0.8654236947175769,0.12758622731683175,1.5880165910105834e-07,0.12758622731683175
2,everything_in_user_tags,43,#,2,0.0,system,40.0,1243,0.0,0.008507098591343815,0.21376786525049796,0.7777209908785456,4.045279612640843e-06,0.7777209908785456
2,everything_in_user_tags,44, Valid,13888,0.0,system,41.0,1244,0.0,0.02959240845115962,0.5820130433603278,0.3883902338558609,4.314332651743899e-06,0.3883902338558609
2,everything_in_user_tags,45, channels,18403,0.0,system,42.0,1245,0.0,0.005691808805217205,0.40253308081519695,0.5916659915557441,0.0001091188238417678,0.5916659915557441
2,everything_in_user_tags,46,:,25,0.0,system,43.0,1246,0.0,0.0032246808577115265,0.4325824893176148,0.564187397105942,5.432718731645879e-06,0.564187397105942
2,everything_in_user_tags,47, analysis,8450,0.0,system,44.0,1247,0.0,0.0002668165786062848,0.0023148156163449595,0.9974103643655854,8.003439463273112e-06,0.9974103643655854
2,everything_in_user_tags,48,",",11,0.0,system,45.0,1248,0.0,0.0003669249383800952,0.0015327475742641626,0.9980816436325676,1.8683854788258405e-05,0.9980816436325676
2,everything_in_user_tags,49, commentary,49159,0.0,system,46.0,1249,0.0,0.02039697214690265,0.005533091641780129,0.9740647274812102,5.208730107075485e-06,0.9740647274812102
2,everything_in_user_tags,50,",",11,0.0,system,47.0,1250,0.0,0.0096764082409471,0.9617220148121437,0.028601576559092012,3.87817225539231e-10,0.028601576559092012
2,everything_in_user_tags,51, final,1721,0.0,system,48.0,1251,0.0,0.0012372687407113182,4.2631849783289084e-05,0.9986662546474068,5.384476209866638e-05,0.9986662546474068
2,everything_in_user_tags,52,.,13,0.0,system,49.0,1252,0.0,0.0009317788667442178,0.0007325706417543802,0.9982522925470496,8.335794445166387e-05,0.9982522925470496
2,everything_in_user_tags,53, Channel,21030,0.0,system,50.0,1253,0.0,0.027572091712301593,0.6991666765793785,0.2729379258857966,0.00032330582252342906,0.2729379258857966
2,everything_in_user_tags,54, must,2804,0.0,system,51.0,1254,0.0,0.046112840316963694,0.8017596004932827,0.15211237554281215,1.518364694151126e-05,0.15211237554281215
2,everything_in_user_tags,55, be,413,0.0,system,52.0,1255,0.0,0.00044621193692085575,0.9305885864874245,0.06896520077049034,8.051643243121361e-10,0.06896520077049034
2,everything_in_user_tags,56, included,7360,0.0,system,53.0,1256,0.0,0.005783295942354413,0.1267508821099642,0.8661922806252126,0.0012735413224687973,0.8661922806252126
2,everything_in_user_tags,57, for,395,0.0,system,54.0,1257,0.0,0.00019374833816434122,0.0009532035457300017,0.9987246923801208,0.0001283557359847226,0.9987246923801208
2,everything_in_user_tags,58, every,1753,0.0,system,55.0,1258,0.0,0.0009117764014680543,0.6324434346173634,0.36664125793781915,3.5310433496144984e-06,0.36664125793781915
2,everything_in_user_tags,59, message,3176,0.0,system,56.0,1259,0.0,0.00124279632391181,0.0014300477238870604,0.9972211317478312,0.00010602420436990617,0.9972211317478312
2,everything_in_user_tags,60,".
",558,0.0,system,57.0,1260,0.0,2.8789965579111535e-05,0.0009970146442751134,0.9989388779568276,3.53174333183429e-05,0.9989388779568276
2,everything_in_user_tags,61,Hi,12194,1.0,user,1.0,1261,1.0,0.0006401296191878152,0.9856152597027601,0.013744414840428073,1.9583762408133205e-07,0.013744414840428073
2,everything_in_user_tags,62,!,0,1.0,user,2.0,1262,1.0,0.00015296270248784212,0.9998173734317329,2.966324573510573e-05,6.200442161928865e-10,2.966324573510573e-05
2,everything_in_user_tags,63, I'm,5477,1.0,user,3.0,1263,1.0,0.0004073084047830972,0.9912405123362086,0.008351776687002184,4.0257200613126396e-07,0.008351776687002184
2,everything_in_user_tags,64, designing,35623,1.0,user,4.0,1264,1.0,0.00021648298070523308,0.9996649067197978,0.00011860324902098835,7.050476021060264e-09,0.00011860324902098835
2,everything_in_user_tags,65, a,261,1.0,user,5.0,1265,1.0,3.331427029919821e-05,0.8970784341204437,0.1028882254700518,2.6139205257813505e-08,0.1028882254700518
2,everything_in_user_tags,66, M,391,1.0,user,6.0,1266,1.0,9.92652828726569e-05,0.9998837918230431,1.6942369963099613e-05,5.241211814063165e-10,1.6942369963099613e-05
2,everything_in_user_tags,67,ATS,42222,1.0,user,7.0,1267,1.0,0.000129629098212057,0.9998652857165299,5.079603682031021e-06,5.58157604736639e-09,5.079603682031021e-06
2,everything_in_user_tags,68, experiment,12527,1.0,user,8.0,1268,1.0,2.136498679194724e-05,0.9999622976495416,1.6322954154577916e-05,1.4409511937997517e-08,1.6322954154577916e-05
2,everything_in_user_tags,69, to,316,1.0,user,9.0,1269,1.0,0.00014291029816580265,0.9998075448504263,4.954449606173982e-05,3.5534611559090875e-10,4.954449606173982e-05
2,everything_in_user_tags,70, discuss,5381,1.0,user,10.0,1270,1.0,6.043321320574476e-05,0.9999271470798318,1.2414828423433471e-05,4.878539144780107e-09,1.2414828423433471e-05
2,everything_in_user_tags,71, with,483,1.0,user,11.0,1271,1.0,0.00023404419023632052,0.9996633682572998,0.00010258434698466827,3.205479151306755e-09,0.00010258434698466827
2,everything_in_user_tags,72, Ne,4475,1.0,user,12.0,1272,1.0,0.00012390601802105689,0.9997178524311428,0.00015823736267173301,4.1881644758132814e-09,0.00015823736267173301
2,everything_in_user_tags,73,el,296,1.0,user,13.0,1273,1.0,0.0001795331833629938,0.9998064613058221,1.4004504634462977e-05,1.00618034433275e-09,1.4004504634462977e-05
2,everything_in_user_tags,74,.,13,1.0,user,14.0,1274,1.0,0.0005760526283951895,0.999355900876247,6.80438124460288e-05,2.682911785324405e-09,6.80438124460288e-05
2,everything_in_user_tags,75, I,357,1.0,user,15.0,1275,1.0,9.225062448820681e-05,0.9995420677342051,0.00036568133223831187,3.090683132739741e-10,0.00036568133223831187
2,everything_in_user_tags,76, want,1682,1.0,user,16.0,1276,1.0,0.0002467610977768082,0.9996216066036034,0.00013163182943336577,4.691861915591865e-10,0.00013163182943336577
2,everything_in_user_tags,77, to,316,1.0,user,17.0,1277,1.0,0.00014573368563873087,0.9998532890723028,9.766047861461247e-07,6.372723615067466e-10,9.766047861461247e-07
2,everything_in_user_tags,78, know,1761,1.0,user,18.0,1278,1.0,7.651289989221618e-05,0.9999100126936807,1.3474234888170334e-05,1.7153888463178482e-10,1.3474234888170334e-05
2,everything_in_user_tags,79, whether,5588,1.0,user,19.0,1279,1.0,2.0441271791878462e-05,0.9999591238714208,2.0434641912860314e-05,2.1487433332646522e-10,2.0434641912860314e-05
2,everything_in_user_tags,80, a,261,1.0,user,20.0,1280,1.0,0.004761944445082135,0.9940167313267777,0.001221145960408756,1.782677315085681e-07,0.001221145960408756
2,everything_in_user_tags,81, permission,14158,1.0,user,21.0,1281,1.0,0.0002492692635564004,0.9997393789103148,1.1268139691147231e-05,8.368643755044829e-08,1.1268139691147231e-05
2,everything_in_user_tags,82, sentence,21872,1.0,user,22.0,1282,1.0,0.001104321903509171,0.9983819922861975,0.00024976463967002515,0.00026392117062339716,0.00024976463967002515
2,everything_in_user_tags,83, changes,6629,1.0,user,23.0,1283,1.0,7.108504097422311e-05,0.999918314618032,1.0575937646471486e-05,2.440334735236841e-08,1.0575937646471486e-05
2,everything_in_user_tags,84, how,1495,1.0,user,24.0,1284,1.0,0.00025315269185793914,0.9997358731402272,1.0947906485384618e-05,2.6261429558897045e-08,1.0947906485384618e-05
2,everything_in_user_tags,85, a,261,1.0,user,25.0,1285,1.0,0.0009752541145874552,0.998560703251394,0.00040035423281155444,6.368840120697932e-05,0.00040035423281155444
2,everything_in_user_tags,86, model,2359,1.0,user,26.0,1286,1.0,0.00010313265315526101,0.999880761265447,1.4223635693463946e-05,1.8824457043088172e-06,1.4223635693463946e-05
2,everything_in_user_tags,87, represents,18627,1.0,user,27.0,1287,1.0,0.0073976877204502715,0.9169842457046928,0.026690605759205507,0.048927460815651504,0.026690605759205507
2,everything_in_user_tags,88, an,448,1.0,user,28.0,1288,1.0,0.0028204926393152305,0.9962743384435276,0.0008928064630818859,1.236245407513252e-05,0.0008928064630818859
2,everything_in_user_tags,89, instruction,21179,1.0,user,29.0,1289,1.0,0.0013250793400112644,0.9957966621055011,0.0025822535678644448,0.00029600498662315665,0.0025822535678644448
2,everything_in_user_tags,90, inside,6772,1.0,user,30.0,1290,1.0,0.019152663372160365,0.8167239028321889,0.14460758241263144,0.019515851383019357,0.14460758241263144
2,everything_in_user_tags,91, a,261,1.0,user,31.0,1291,1.0,0.00035051095355383176,0.9995308258635545,0.00011835042107915152,3.127618125796905e-07,0.00011835042107915152
2,everything_in_user_tags,92, webpage,53556,1.0,user,32.0,1292,1.0,0.00969066635117174,0.9770341960521578,0.01006503584578394,0.003210101750886515,0.01006503584578394
2,everything_in_user_tags,93,.,13,1.0,user,33.0,1293,1.0,0.0008338580685352285,0.9989859489998247,0.00017905171092441822,1.1412207157767615e-06,0.00017905171092441822
2,everything_in_user_tags,94, What,4614,1.0,user,34.0,1294,1.0,0.0001589168996677165,0.9994932091948306,0.00034784771526730473,2.619023438670838e-08,0.00034784771526730473
2,everything_in_user_tags,95, would,1481,1.0,user,35.0,1295,1.0,9.00959745272458e-06,0.999837697176391,0.0001532551121002787,3.811405589389374e-08,0.0001532551121002787
2,everything_in_user_tags,96, make,1520,1.0,user,36.0,1296,1.0,0.0007911568203143617,0.9972982174779814,0.0018832337689633077,2.7391932741011394e-05,0.0018832337689633077
2,everything_in_user_tags,97, the,290,1.0,user,37.0,1297,1.0,0.004917493645119489,0.9918062564860223,0.003194478324918236,8.177154393991701e-05,0.003194478324918236
2,everything_in_user_tags,98, comparison,19211,1.0,user,38.0,1298,1.0,0.001156517091246367,0.9649294192033424,0.018065201760918352,0.01584886194449291,0.018065201760918352
2,everything_in_user_tags,99, more,945,1.0,user,39.0,1299,1.0,0.002590199569217226,0.9922924092645365,0.004921115792790273,0.00019627537345610064,0.004921115792790273
2,everything_in_user_tags,100, informative,36918,1.0,user,40.0,1300,1.0,0.003012436775184185,0.9669837758006428,0.02937055941989368,0.0006332280042794779,0.02937055941989368
2,everything_in_user_tags,101, than,1572,1.0,user,41.0,1301,1.0,0.00300718294425899,0.9843836608555324,0.012475744985317713,0.00013341121489093458,0.012475744985317713
2,everything_in_user_tags,102, one,1001,1.0,user,42.0,1302,1.0,0.00041791353774105937,0.999554321752681,2.7190250975299136e-05,5.744586027791907e-07,2.7190250975299136e-05
2,everything_in_user_tags,103, before,2254,1.0,user,43.0,1303,1.0,0.0014267526593417263,0.99630460550024,0.0017117825217065365,0.0005568593187116748,0.0017117825217065365
2,everything_in_user_tags,104,-and,17224,1.0,user,44.0,1304,1.0,0.032775603892627646,0.9579009902259462,0.00488250870209237,0.004440897179333685,0.00488250870209237
2,everything_in_user_tags,105,-after,86018,1.0,user,45.0,1305,1.0,0.08095669798016414,0.822313438811922,0.06672216594289058,0.030007697265023336,0.06672216594289058
2,everything_in_user_tags,106, plot,12857,1.0,user,46.0,1306,1.0,0.001924368801727272,0.9970977261572329,0.0009292692540900795,4.863578694986136e-05,0.0009292692540900795
2,everything_in_user_tags,107,"?
",3901,1.0,user,47.0,1307,1.0,0.013231482340666428,0.9145392229887718,0.07214875629968429,8.053837087760346e-05,0.07214875629968429
2,everything_in_user_tags,108,The,976,2.0,cot,1.0,1308,2.0,1.0967582344730198e-06,0.0006071532880550827,0.9993580023791634,3.3747574547037605e-05,0.9993580023791634
2,everything_in_user_tags,109, user,1825,2.0,cot,2.0,1309,2.0,4.3718179522358287e-07,6.737173353957931e-05,0.9998971025924029,3.5088492262148375e-05,0.9998971025924029
2,everything_in_user_tags,110, wants,10648,2.0,cot,3.0,1310,2.0,8.405373054465936e-08,3.072601707204634e-05,0.9999631122152222,6.077713975406109e-06,0.9999631122152222
2,everything_in_user_tags,111, to,316,2.0,cot,4.0,1311,2.0,0.0015678947617346513,0.20885629644241732,0.7871309352957748,0.00244487350007317,0.7871309352957748
2,everything_in_user_tags,112, isolate,79669,2.0,cot,5.0,1312,2.0,1.679397846984448e-05,0.0004231965293973277,0.93737909926363,0.062180910228503014,0.93737909926363
2,everything_in_user_tags,113, a,261,2.0,cot,6.0,1313,2.0,0.013847908528205919,0.8885975490315202,0.08240030106580255,0.015154241374471356,0.08240030106580255
2,everything_in_user_tags,114, permission,14158,2.0,cot,7.0,1314,2.0,0.00010257483087173926,0.9936307193232243,0.006239417220284131,2.7288625619918078e-05,0.006239417220284131
2,everything_in_user_tags,115,-related,21408,2.0,cot,8.0,1315,2.0,0.0012257539968642311,0.6895054693941074,0.3046408744329693,0.00462790217605901,0.3046408744329693
2,everything_in_user_tags,116, change,3343,2.0,cot,9.0,1316,2.0,0.006904756157308574,0.07954229464387828,0.4309651337322236,0.4825878154665896,0.4309651337322236
2,everything_in_user_tags,117, from,591,2.0,cot,10.0,1317,2.0,8.174767287291975e-05,0.002455214061241342,0.9265806529463161,0.07088238531956956,0.9265806529463161
2,everything_in_user_tags,118, general,5985,2.0,cot,11.0,1318,2.0,0.00034591701741636116,0.0034137219273734382,0.8618389608880282,0.13440140016718194,0.8618389608880282
2,everything_in_user_tags,119, effects,9327,2.0,cot,12.0,1319,2.0,0.0003332258104227856,0.016175866438621234,0.24637397691073296,0.737116930840223,0.24637397691073296
2,everything_in_user_tags,120, of,328,2.0,cot,13.0,1320,2.0,0.0004340174057534917,0.010862944785749671,0.9590819449606962,0.029621092847800744,0.9590819449606962
2,everything_in_user_tags,121, adding,12673,2.0,cot,14.0,1321,2.0,0.001109917675990502,0.0017566025962574203,0.9455880704070602,0.05154540932069189,0.9455880704070602
2,everything_in_user_tags,122, text,2201,2.0,cot,15.0,1322,2.0,0.03845615387623206,0.2106773936663099,0.7320110337843644,0.018855418673093514,0.7320110337843644
2,everything_in_user_tags,123, to,316,2.0,cot,16.0,1323,2.0,0.00011138706060879906,0.004429280421048635,0.9686373276230664,0.026822004895276173,0.9686373276230664
2,everything_in_user_tags,124, the,290,2.0,cot,17.0,1324,2.0,0.003121327849858147,0.6655752294501529,0.07583200039910598,0.2554714423008829,0.07583200039910598
2,everything_in_user_tags,125, conversation,15681,2.0,cot,18.0,1325,2.0,0.011419920693844322,0.610837290820804,0.32397154313847387,0.053771245346877904,0.32397154313847387
2,everything_in_user_tags,126,.,13,2.0,cot,19.0,1326,2.0,3.95056427316185e-05,0.002529002085348057,0.8605960367383473,0.13683545553357293,0.8605960367383473
2,everything_in_user_tags,127, I,357,2.0,cot,20.0,1327,2.0,6.976841981501442e-05,0.044636620432193325,0.9494707838357682,0.005822827312223524,0.9494707838357682
2,everything_in_user_tags,128, should,1757,2.0,cot,21.0,1328,2.0,9.59851093842058e-08,9.101356317807173e-05,0.9998348268645271,7.406358718540567e-05,0.9998348268645271
2,everything_in_user_tags,129, propose,22910,2.0,cot,22.0,1329,2.0,2.2886157999057463e-07,0.0002538880939531378,0.9997427433892371,3.1396552297742668e-06,0.9997427433892371
2,everything_in_user_tags,130, an,448,2.0,cot,23.0,1330,2.0,0.004557989285653993,0.00236919246116235,0.045926611378324066,0.9471462068748595,0.045926611378324066
2,everything_in_user_tags,131, explicit,23141,2.0,cot,24.0,1331,2.0,5.447475723642538e-06,0.000217055466196879,0.9697204357977903,0.0300570612602892,0.9697204357977903
2,everything_in_user_tags,132, comparison,19211,2.0,cot,25.0,1332,2.0,0.00020881192592977994,0.003975788847558656,0.12836811760698438,0.8674472816195271,0.12836811760698438
2,everything_in_user_tags,133, between,2870,2.0,cot,26.0,1333,2.0,0.00015424507585723197,0.009772974476520563,0.6595839067763022,0.33048887367132,0.6595839067763022
2,everything_in_user_tags,134, instruction,21179,2.0,cot,27.0,1334,2.0,0.0019814958469406784,0.027862560486039203,0.08225091103091538,0.8879050326361047,0.08225091103091538
2,everything_in_user_tags,135,-bearing,155466,2.0,cot,28.0,1335,2.0,0.001040748145305856,0.005337234649048917,0.13946716487917207,0.8541548523264731,0.13946716487917207
2,everything_in_user_tags,136, content,3100,2.0,cot,29.0,1336,2.0,0.0003045621727261057,0.0006575912985426656,0.04132571779612857,0.9577121287326027,0.04132571779612857
2,everything_in_user_tags,137, and,326,2.0,cot,30.0,1337,2.0,0.0001743754382912657,0.0005372766523002122,0.24373951256342027,0.7555488353459882,0.24373951256342027
2,everything_in_user_tags,138, a,261,2.0,cot,31.0,1338,2.0,0.010499234178702143,0.026330475374453346,0.423177470975142,0.5399928194717024,0.423177470975142
2,everything_in_user_tags,139, replacement,19207,2.0,cot,32.0,1339,2.0,0.00016912046929710105,0.0006419186217934892,0.5376402807156708,0.46154868019323847,0.5376402807156708
2,everything_in_user_tags,140, passage,26368,2.0,cot,33.0,1340,2.0,0.00021565614685771536,0.000883791419080379,0.3680383372188041,0.6308622152152579,0.3680383372188041
2,everything_in_user_tags,141,",",11,2.0,cot,34.0,1341,2.0,5.959123207162089e-05,0.001325000859102049,0.8532877013866459,0.14532770652218038,0.8532877013866459
2,everything_in_user_tags,142, each,2454,2.0,cot,35.0,1342,2.0,0.00026828491985062187,0.0006315981284877224,0.5009979813016106,0.4981021356500512,0.5009979813016106
2,everything_in_user_tags,143, with,483,2.0,cot,36.0,1343,2.0,0.00027108457635549,0.00027934646564373714,0.7185115934527446,0.2809379755052561,0.7185115934527446
2,everything_in_user_tags,144, and,326,2.0,cot,37.0,1344,2.0,4.765847362861149e-05,0.00011282012988416033,0.4661205467345778,0.5337189746619095,0.4661205467345778
2,everything_in_user_tags,145, without,2935,2.0,cot,38.0,1345,2.0,7.737935251668542e-05,8.938737867352779e-05,0.46302841122071225,0.5368048220480974,0.46302841122071225
2,everything_in_user_tags,146, the,290,2.0,cot,39.0,1346,2.0,0.07485212129877265,0.28049636304569436,0.558706248214996,0.08594526744053707,0.558706248214996
2,everything_in_user_tags,147, same,2684,2.0,cot,40.0,1347,2.0,0.0007286152475903508,0.0015240004084571272,0.9622888849412667,0.03545849940268588,0.9622888849412667
2,everything_in_user_tags,148, permission,14158,2.0,cot,41.0,1348,2.0,0.0017664205684227087,0.03942018666372342,0.5654394584301348,0.3933739343377191,0.5654394584301348
2,everything_in_user_tags,149, sentence,21872,2.0,cot,42.0,1349,2.0,0.004512306840497871,0.23014121516069982,0.7248810095764434,0.040465468422358875,0.7248810095764434
2,everything_in_user_tags,150,.,13,2.0,cot,43.0,1350,2.0,0.00045447903484885897,0.0005199160974578852,0.8090042347638514,0.19002137010384196,0.8090042347638514
2,everything_in_user_tags,151, This,1328,2.0,cot,44.0,1351,2.0,3.5068558069016e-05,0.012950949465039378,0.986717223213937,0.0002967587629547373,0.986717223213937
2,everything_in_user_tags,152, creates,18518,2.0,cot,45.0,1352,2.0,3.100371419074375e-05,1.294338614230624e-05,0.27401005306712084,0.7259459998325462,0.27401005306712084
2,everything_in_user_tags,153, a,261,2.0,cot,46.0,1353,2.0,0.01215296549746689,0.06618314905069468,0.16243267182961643,0.759231213622222,0.16243267182961643
2,everything_in_user_tags,154, difference,9809,2.0,cot,47.0,1354,2.0,0.00010818136761491968,0.00013634406460707747,0.1402326082933765,0.8595228662744016,0.1402326082933765
2,everything_in_user_tags,155, of,328,2.0,cot,48.0,1355,2.0,8.083932743316973e-05,4.062733470298288e-05,0.045785518293755226,0.9540930150441087,0.045785518293755226
2,everything_in_user_tags,156, changes,6629,2.0,cot,49.0,1356,2.0,3.9047593732707206e-05,2.2095187362283228e-05,0.013736427501327017,0.986202429717578,0.013736427501327017
2,everything_in_user_tags,157,",",11,2.0,cot,50.0,1357,2.0,0.004918178412440389,0.02099614939676233,0.8060607779646293,0.168024894226168,0.8060607779646293
2,everything_in_user_tags,158, but,889,2.0,cot,51.0,1358,2.0,0.0027858340214228787,0.007225528020051519,0.8087287993382953,0.18125983862023026,0.8087287993382953
2,everything_in_user_tags,159, it,480,2.0,cot,52.0,1359,2.0,0.07039590373049483,0.2549152915823037,0.21785689564234634,0.4568319090448551,0.21785689564234634
2,everything_in_user_tags,160, still,2928,2.0,cot,53.0,1360,2.0,6.738805464357238e-06,0.00010043790948075803,0.9196206295557797,0.08027219372927516,0.9196206295557797
2,everything_in_user_tags,161, depends,20102,2.0,cot,54.0,1361,2.0,6.5402075782538344e-06,1.7582985550668445e-05,0.24641329490231437,0.7535625819045567,0.24641329490231437
2,everything_in_user_tags,162, on,402,2.0,cot,55.0,1362,2.0,0.0008236495204910483,0.00025369319088562733,0.014923187258337184,0.9839994700302861,0.014923187258337184
2,everything_in_user_tags,163, the,290,2.0,cot,56.0,1363,2.0,0.005489030714089328,0.9283591486915129,0.06534643126808366,0.000805389326314017,0.06534643126808366
2,everything_in_user_tags,164, quality,4169,2.0,cot,57.0,1364,2.0,0.0023003107571287007,0.006333038222240308,0.5924614417274476,0.3989052092931834,0.5924614417274476
2,everything_in_user_tags,165, of,328,2.0,cot,58.0,1365,2.0,0.0012476285890216314,0.008455302324243087,0.3677041564615267,0.6225929126252085,0.3677041564615267
2,everything_in_user_tags,166, the,290,2.0,cot,59.0,1366,2.0,0.003303148725731963,0.056736218854399834,0.022787372124768748,0.9171732602950995,0.022787372124768748
2,everything_in_user_tags,167, replacement,19207,2.0,cot,60.0,1367,2.0,0.016797130429863045,0.007349475936648577,0.3452861998016963,0.6305671938317922,0.3452861998016963
2,everything_in_user_tags,168, and,326,2.0,cot,61.0,1368,2.0,0.001207629177032326,0.001732094487129456,0.4320972239398312,0.5649630523960071,0.4320972239398312
2,everything_in_user_tags,169, does,2226,2.0,cot,62.0,1369,2.0,0.0006827389435416028,0.011588699368840534,0.9859079766766226,0.0018205850109954205,0.9859079766766226
2,everything_in_user_tags,170, not,625,2.0,cot,63.0,1370,2.0,9.757289986234888e-06,5.7337026413285604e-05,0.9968618669280754,0.003071038755525032,0.9968618669280754
2,everything_in_user_tags,171, make,1520,2.0,cot,64.0,1371,2.0,0.0005319942455416712,0.10736987289470233,0.8441029515503451,0.04799518130941089,0.8441029515503451
2,everything_in_user_tags,172, the,290,2.0,cot,65.0,1372,2.0,0.010767960356891041,0.4435128605634125,0.45658313220173147,0.08913604687796488,0.45658313220173147
2,everything_in_user_tags,173, wording,117551,2.0,cot,66.0,1373,2.0,0.01789463005139542,0.06149433182720654,0.08984292144324317,0.8307681166781548,0.08984292144324317
2,everything_in_user_tags,174, variation,35930,2.0,cot,67.0,1374,2.0,0.003446297884988027,0.012022088071541492,0.06685064626599584,0.9176809677774747,0.06685064626599584
2,everything_in_user_tags,175, magically,157554,2.0,cot,68.0,1375,2.0,0.00019560824063605495,0.0019424255240320057,0.2153057355500731,0.7825562306852589,0.2153057355500731
2,everything_in_user_tags,176, isolated,42329,2.0,cot,69.0,1376,2.0,3.2162068090154833e-05,3.7620810126476064e-05,0.012995338684921021,0.9869348784368622,0.012995338684921021
2,everything_in_user_tags,177,.,13,2.0,cot,70.0,1377,2.0,1.0103937054864363e-05,0.00013084452731543483,0.9594520620674235,0.04040698946820617,0.9594520620674235
2,everything_in_user_tags,178, The,623,2.0,cot,71.0,1378,2.0,2.271116118462235e-06,4.1726665365369125e-05,0.9997965961720079,0.00015940604650834536,0.9997965961720079
2,everything_in_user_tags,179, ordinary,30633,2.0,cot,72.0,1379,2.0,0.0008976795741649926,0.008735522596443342,0.72585665731653,0.2645101405128616,0.72585665731653
2,everything_in_user_tags,180, task,5296,2.0,cot,73.0,1380,2.0,0.0011763422042629715,0.012142146899192777,0.2588253047161692,0.7278562061803752,0.2588253047161692
2,everything_in_user_tags,181,",",11,2.0,cot,74.0,1381,2.0,7.549872404789385e-05,0.005680670337865997,0.4221826047690031,0.572061226169083,0.4221826047690031
2,everything_in_user_tags,182, surrounding,20708,2.0,cot,75.0,1382,2.0,0.032313925650302236,0.07085495782180397,0.7091878266533789,0.1876432898745149,0.7091878266533789
2,everything_in_user_tags,183, webpage,53556,2.0,cot,76.0,1383,2.0,0.013584612952833988,0.006243103310826176,0.1745930410031199,0.80557924273322,0.1745930410031199
2,everything_in_user_tags,184,",",11,2.0,cot,77.0,1384,2.0,0.01313591618923183,0.041409731540932915,0.26306282315646373,0.6823915291133714,0.26306282315646373
2,everything_in_user_tags,185, order,2569,2.0,cot,78.0,1385,2.0,0.015063029007418063,0.14407416472789902,0.6892854171957344,0.15157738906894855,0.6892854171957344
2,everything_in_user_tags,186,",",11,2.0,cot,79.0,1386,2.0,0.0055404072239044295,0.02951823489890629,0.9218655618760946,0.04307579600109473,0.9218655618760946
2,everything_in_user_tags,187, and,326,2.0,cot,80.0,1387,2.0,7.420383501955672e-05,0.0003264721956232619,0.2769124724417965,0.7226868515275606,0.2769124724417965
2,everything_in_user_tags,188, scored,27207,2.0,cot,81.0,1388,2.0,0.00018506269255370264,0.0002325150683693642,0.02220982638843501,0.977372595850642,0.02220982638843501
2,everything_in_user_tags,189, span,19861,2.0,cot,82.0,1389,2.0,0.04842753443829127,0.0034993598971691836,0.35601194008152065,0.5920611655830189,0.35601194008152065
2,everything_in_user_tags,190, should,1757,2.0,cot,83.0,1390,2.0,0.0044612756350215265,0.04015631700076111,0.26496934346028694,0.6904130639039305,0.26496934346028694
2,everything_in_user_tags,191, be,413,2.0,cot,84.0,1391,2.0,0.023453903463127816,0.2830295022495325,0.5654048768596907,0.1281117174276491,0.5654048768596907
2,everything_in_user_tags,192, specified,10185,2.0,cot,85.0,1392,2.0,8.944611980437859e-05,0.001013714131152027,0.9808673822796782,0.018029457469365504,0.9808673822796782
2,everything_in_user_tags,193,.,13,2.0,cot,86.0,1393,2.0,3.765359508223767e-05,4.263760352794261e-05,0.18057663526385748,0.8193430735375324,0.18057663526385748
2,everything_in_user_tags,194, I,357,2.0,cot,87.0,1394,2.0,4.753872253487279e-07,1.3724115597437153e-05,0.9999779900013599,7.810495817256057e-06,0.9999779900013599
2,everything_in_user_tags,195, should,1757,2.0,cot,88.0,1395,2.0,4.358034112808562e-07,1.544695024372006e-05,0.9999814769464345,2.640299910592929e-06,0.9999814769464345
2,everything_in_user_tags,196, keep,3357,2.0,cot,89.0,1396,2.0,1.349279935217546e-07,1.313624300119276e-06,0.9999131948498323,8.535659787392806e-05,0.9999131948498323
2,everything_in_user_tags,197, representation,22311,2.0,cot,90.0,1397,2.0,0.004464893813703522,0.0027034030899444226,0.07727287066406598,0.9155588324322861,0.07727287066406598
2,everything_in_user_tags,198, and,326,2.0,cot,91.0,1398,2.0,8.546123916749791e-05,4.5982778928561084e-05,0.9799651523880462,0.019903403593857692,0.9799651523880462
2,everything_in_user_tags,199, behavior,12741,2.0,cot,92.0,1399,2.0,0.0024375449194839575,0.00036072883308214655,0.2946177149983729,0.702584011249061,0.2946177149983729
2,everything_in_user_tags,200, separate,13574,2.0,cot,93.0,1400,2.0,0.00014252994829099097,0.0011654806232798062,0.944143048987387,0.05454894044104213,0.944143048987387
2,everything_in_user_tags,201,",",11,2.0,cot,94.0,1401,2.0,0.0003154330566518169,0.00035871578999725556,0.0215372965397179,0.977788554613633,0.0215372965397179
2,everything_in_user_tags,202, since,3630,2.0,cot,95.0,1402,2.0,1.4559994196223969e-05,2.4034065745151067e-05,0.9294185830749999,0.07054282286505867,0.9294185830749999
2,everything_in_user_tags,203, the,290,2.0,cot,96.0,1403,2.0,0.14287793992747763,0.32280556465374755,0.4388988599655555,0.09541763545321945,0.4388988599655555
2,everything_in_user_tags,204, proposed,17994,2.0,cot,97.0,1404,2.0,4.505666574546861e-05,1.785312919005221e-05,0.9618787876947338,0.038058302510330815,0.9618787876947338
2,everything_in_user_tags,205, measurement,27666,2.0,cot,98.0,1405,2.0,3.243463341948687e-05,3.3589789721938945e-05,0.06757908484209672,0.9323548907347617,0.06757908484209672
2,everything_in_user_tags,206, only,1606,2.0,cot,99.0,1406,2.0,6.839239945848705e-05,0.00025125126815525546,0.9327565754989068,0.06692378083347938,0.9327565754989068
2,everything_in_user_tags,207, concerns,16098,2.0,cot,100.0,1407,2.0,0.00024290426848801527,0.00033722375185989394,0.699850909455045,0.29956896252460696,0.699850909455045
2,everything_in_user_tags,208, captured,32571,2.0,cot,101.0,1408,2.0,0.0002439139909574833,9.497627218823784e-05,0.14155573721387615,0.8581053725229781,0.14155573721387615
2,everything_in_user_tags,209, activ,4155,2.0,cot,102.0,1409,2.0,0.0002940918752439142,1.7799241702073615e-05,0.0016284445308190083,0.9980596643522349,0.0016284445308190083
2,everything_in_user_tags,210,ations,929,2.0,cot,103.0,1410,2.0,0.002420236062951057,0.00027820753270201964,0.0037054380177287097,0.9935961183866182,0.0037054380177287097
2,everything_in_user_tags,211,".
",558,2.0,cot,104.0,1411,2.0,4.293125103881864e-06,4.365517224012747e-06,0.8851777825664573,0.11481355879121483,0.8851777825664573
2,everything_in_user_tags,212,Use,8470,3.0,assistant,1.0,1412,3.0,2.54946497092812e-07,3.85050326249666e-06,0.9998898210451381,0.0001060735051022767,0.9998898210451381
2,everything_in_user_tags,213, four,4242,3.0,assistant,2.0,1413,3.0,0.00011946743163778876,5.3752323208358524e-05,0.5778767625110195,0.4219500177341344,0.5778767625110195
2,everything_in_user_tags,214, conditions,6409,3.0,assistant,3.0,1414,3.0,0.00127672285153264,0.0012420067111118688,0.6619064266306122,0.3355748438067433,0.6619064266306122
2,everything_in_user_tags,215,:,25,3.0,assistant,4.0,1415,3.0,9.927033073950107e-07,9.283071671484098e-06,0.9877982933484624,0.012191430876558757,0.9877982933484624
2,everything_in_user_tags,216, instruction,21179,3.0,assistant,5.0,1416,3.0,0.0004928224304096768,0.001132488342802487,0.06567734157930755,0.9326973476474804,0.06567734157930755
2,everything_in_user_tags,217, content,3100,3.0,assistant,6.0,1417,3.0,0.005937196191695335,0.0009754088715592668,0.7834503813691911,0.20963701356755435,0.7834503813691911
2,everything_in_user_tags,218, with,483,3.0,assistant,7.0,1418,3.0,0.0012311362354257035,0.001973581923328495,0.8767868506719184,0.12000843116932733,0.8767868506719184
2,everything_in_user_tags,219, and,326,3.0,assistant,8.0,1419,3.0,0.00028059538324507605,0.004687061260942607,0.7914095305168105,0.20362281283900188,0.7914095305168105
2,everything_in_user_tags,220, without,2935,3.0,assistant,9.0,1420,3.0,0.0006015796820592647,0.000175985748237217,0.20504312714305564,0.7941793074266479,0.20504312714305564
2,everything_in_user_tags,221, permission,14158,3.0,assistant,10.0,1421,3.0,0.0016929864545853998,0.015235186053882192,0.9236430023487247,0.05942882514280764,0.9236430023487247
2,everything_in_user_tags,222,",",11,3.0,assistant,11.0,1422,3.0,0.010727006647466645,0.014623135286762685,0.6105372340326942,0.36411262403307654,0.6105372340326942
2,everything_in_user_tags,223, and,326,3.0,assistant,12.0,1423,3.0,0.00046130561537781605,0.00966202950625159,0.9629125339882967,0.026964130890073962,0.9629125339882967
2,everything_in_user_tags,224, replacement,19207,3.0,assistant,13.0,1424,3.0,0.003439043878745151,0.003157735310114892,0.54201108845273,0.45139213235840997,0.54201108845273
2,everything_in_user_tags,225, content,3100,3.0,assistant,14.0,1425,3.0,0.0012845198142133227,0.0006643412606559737,0.2492477686990538,0.748803370226077,0.2492477686990538
2,everything_in_user_tags,226, with,483,3.0,assistant,15.0,1426,3.0,0.0022086504756880575,0.0024841433733780757,0.8923844843471344,0.10292272180379955,0.8923844843471344
2,everything_in_user_tags,227, and,326,3.0,assistant,16.0,1427,3.0,0.00021708763014285435,0.001144835822135732,0.9946734442595394,0.00396463228818195,0.9946734442595394
2,everything_in_user_tags,228, without,2935,3.0,assistant,17.0,1428,3.0,0.00290969056820229,0.004124624949407287,0.6691607121123044,0.323804972370086,0.6691607121123044
2,everything_in_user_tags,229, the,290,3.0,assistant,18.0,1429,3.0,0.03288785676728887,0.22997533835454964,0.3091126124058424,0.4280241924723191,0.3091126124058424
2,everything_in_user_tags,230, same,2684,3.0,assistant,19.0,1430,3.0,0.0008303161504069391,0.0005611258218393172,0.11166453888957235,0.8869440191381814,0.11166453888957235
2,everything_in_user_tags,231, permission,14158,3.0,assistant,20.0,1431,3.0,0.015047817891606967,0.00521610906472102,0.20281860584650005,0.7769174671971719,0.20281860584650005
2,everything_in_user_tags,232,.,13,3.0,assistant,21.0,1432,3.0,0.0007846325159645328,0.00046567260814431234,0.5464128503757759,0.45233684450011524,0.5464128503757759
2,everything_in_user_tags,233, Keep,16835,3.0,assistant,22.0,1433,3.0,1.243307232273338e-06,2.1862689517677734e-06,0.9581720738172679,0.041824496606548134,0.9581720738172679
2,everything_in_user_tags,234, the,290,3.0,assistant,23.0,1434,3.0,0.000630995280661514,0.00045127208181748195,0.08266905491092907,0.9162486777265919,0.08266905491092907
2,everything_in_user_tags,235, ordinary,30633,3.0,assistant,24.0,1435,3.0,0.08488091305360357,0.04168226127746562,0.7938836905793943,0.07955313508953638,0.7938836905793943
2,everything_in_user_tags,236, user,1825,3.0,assistant,25.0,1436,3.0,0.011072560422065683,0.006488441663982358,0.8922923535516432,0.09014664436230868,0.8922923535516432
2,everything_in_user_tags,237, request,2616,3.0,assistant,26.0,1437,3.0,0.00837424874224158,0.005513858474290176,0.2360352664597592,0.7500766263237092,0.2360352664597592
2,everything_in_user_tags,238, and,326,3.0,assistant,27.0,1438,3.0,0.0031666496558491433,0.0003110289897148451,0.44575856301543076,0.5507637583390051,0.44575856301543076
2,everything_in_user_tags,239, the,290,3.0,assistant,28.0,1439,3.0,0.05537451718965324,0.053640404690215686,0.4618960319217301,0.429089046198401,0.4618960319217301
2,everything_in_user_tags,240, rest,2867,3.0,assistant,29.0,1440,3.0,0.017661523773993455,0.013515649142325678,0.8844531462181785,0.08436968086550246,0.8844531462181785
2,everything_in_user_tags,241, of,328,3.0,assistant,30.0,1441,3.0,0.00331632712155953,0.0009906930413935984,0.28307369330325666,0.7126192865337901,0.28307369330325666
2,everything_in_user_tags,242, the,290,3.0,assistant,31.0,1442,3.0,0.0021392778932036983,0.011228239317455058,0.06500999816367413,0.9216224846256671,0.06500999816367413
2,everything_in_user_tags,243, webpage,53556,3.0,assistant,32.0,1443,3.0,0.0209982924397716,0.008139307379915958,0.7228502285073077,0.24801217167300466,0.7228502285073077
2,everything_in_user_tags,244, fixed,13213,3.0,assistant,33.0,1444,3.0,0.00020994891996297792,0.0001357984204018191,0.29314032831705167,0.7065139243425835,0.29314032831705167
2,everything_in_user_tags,245,.,13,3.0,assistant,34.0,1445,3.0,0.00022432310388393754,2.8480832032013157e-05,0.7235643368882236,0.27618285917586044,0.7235643368882236
2,everything_in_user_tags,246, Choose,25151,3.0,assistant,35.0,1446,3.0,5.4224064390932195e-06,1.1803673435674552e-05,0.9876296707248965,0.01235310319522875,0.9876296707248965
2,everything_in_user_tags,247, replacement,19207,3.0,assistant,36.0,1447,3.0,6.366172395453467e-05,0.00018819429426967935,0.21699321852826303,0.7827549254535128,0.21699321852826303
2,everything_in_user_tags,248, prose,85855,3.0,assistant,37.0,1448,3.0,0.001350667668352315,0.0006523152450195514,0.2626705918107116,0.7353264252759165,0.2626705918107116
2,everything_in_user_tags,249, that,484,3.0,assistant,38.0,1449,3.0,0.00012179729600008366,0.000773083720198505,0.9867312333652585,0.012373885618543034,0.9867312333652585
2,everything_in_user_tags,250, occupies,134274,3.0,assistant,39.0,1450,3.0,0.010192212391228712,0.014252905504289367,0.4563793725906757,0.5191755095138063,0.4563793725906757
2,everything_in_user_tags,251, the,290,3.0,assistant,40.0,1451,3.0,0.0162099635918538,0.03759052966215927,0.8851952918026356,0.061004214943351204,0.8851952918026356
2,everything_in_user_tags,252, intended,15663,3.0,assistant,41.0,1452,3.0,0.0037884171014438248,0.0034126007722243058,0.17958779303137953,0.8132111890949524,0.17958779303137953
2,everything_in_user_tags,253, span,19861,3.0,assistant,42.0,1453,3.0,0.0006808905434702491,0.0008301611540925447,0.770127272356313,0.2283616759461243,0.770127272356313
2,everything_in_user_tags,254, without,2935,3.0,assistant,43.0,1454,3.0,0.0012025110430392302,0.0009093054819822392,0.16302105523019095,0.8348671282447876,0.16302105523019095
2,everything_in_user_tags,255, asking,16054,3.0,assistant,44.0,1455,3.0,0.00393535011454213,0.00968812688856295,0.6436513160704558,0.34272520692643915,0.6436513160704558
2,everything_in_user_tags,256, for,395,3.0,assistant,45.0,1456,3.0,0.0007841388485614158,0.0010430959669948021,0.9874394133568011,0.010733351827642656,0.9874394133568011
2,everything_in_user_tags,257, the,290,3.0,assistant,46.0,1457,3.0,0.0005167656752802064,0.07038620397947519,0.9168490778259999,0.01224795251924451,0.9168490778259999
2,everything_in_user_tags,258, action,3736,3.0,assistant,47.0,1458,3.0,0.0013965644146565267,0.003306999100139356,0.7859615690468958,0.20933486743830831,0.7859615690468958
2,everything_in_user_tags,259,",",11,3.0,assistant,48.0,1459,3.0,0.00036006243686976196,0.0003295174057234382,0.10400335558634347,0.8953070645710635,0.10400335558634347
2,everything_in_user_tags,260, and,326,3.0,assistant,49.0,1460,3.0,0.0009049689989544365,0.0012407555210591779,0.9376763978208459,0.06017787765914048,0.9376763978208459
2,everything_in_user_tags,261, document,3213,3.0,assistant,50.0,1461,3.0,1.9862675194334434e-05,9.430788297833252e-06,0.7838525188352933,0.2161181877012147,0.7838525188352933
2,everything_in_user_tags,262, any,1062,3.0,assistant,51.0,1462,3.0,1.0390509414037537e-05,2.2190430686640153e-05,0.4969282515494436,0.5030391675104557,0.4969282515494436
2,everything_in_user_tags,263, remaining,15448,3.0,assistant,52.0,1463,3.0,1.4479394173873749e-05,3.2962340446864026e-06,0.06608645627836157,0.9338957680934199,0.06608645627836157
2,everything_in_user_tags,264, differences,19504,3.0,assistant,53.0,1464,3.0,0.0006504465324858188,0.0001816550173983578,0.17781032301667724,0.8213575754334387,0.17781032301667724
2,everything_in_user_tags,265, in,306,3.0,assistant,54.0,1465,3.0,3.33904755758724e-05,0.0005002345494204608,0.7845239824373493,0.21494239253765432,0.7845239824373493
2,everything_in_user_tags,266, length,5517,3.0,assistant,55.0,1466,3.0,0.0062578428129624,0.0015073923625269282,0.326863195852108,0.6653715689724028,0.326863195852108
2,everything_in_user_tags,267, or,503,3.0,assistant,56.0,1467,3.0,0.00038623111105233975,8.56789924917108e-05,0.4990703647029778,0.5004577251934782,0.4990703647029778
2,everything_in_user_tags,268, wording,117551,3.0,assistant,57.0,1468,3.0,0.0037778322865440407,0.005194033059719951,0.2508093094444241,0.7402188252093118,0.2508093094444241
2,everything_in_user_tags,269,.,13,3.0,assistant,58.0,1469,3.0,5.2568536902697894e-05,0.0001217045349979803,0.9238070982650146,0.07601862866308458,0.9238070982650146
2,everything_in_user_tags,270, Compare,38200,3.0,assistant,59.0,1470,3.0,4.4388783065695965e-06,6.248645168327495e-06,0.0985825809869398,0.9014067314895853,0.0985825809869398
2,everything_in_user_tags,271, the,290,3.0,assistant,60.0,1471,3.0,9.787476459445698e-07,4.159555336097702e-06,0.9921447589972038,0.007850102699814227,0.9921447589972038
2,everything_in_user_tags,272, permission,14158,3.0,assistant,61.0,1472,3.0,0.0049282274974379705,0.020199457697960898,0.1262181309597362,0.848654183844865,0.1262181309597362
2,everything_in_user_tags,273,-related,21408,3.0,assistant,62.0,1473,3.0,0.002494699928550996,0.001519309813680049,0.13194912866725877,0.8640368615905101,0.13194912866725877
2,everything_in_user_tags,274, change,3343,3.0,assistant,63.0,1474,3.0,0.00020427910565901715,7.867926466011699e-05,0.02441262839356123,0.9753044132361196,0.02441262839356123
2,everything_in_user_tags,275, in,306,3.0,assistant,64.0,1475,3.0,2.1090465137710157e-05,2.659183514851057e-05,0.20672173422650347,0.7932305834732103,0.20672173422650347
2,everything_in_user_tags,276, the,290,3.0,assistant,65.0,1476,3.0,0.08088965183326693,0.3003311780460682,0.4420703364560873,0.17670883366457765,0.4420703364560873
2,everything_in_user_tags,277, instruction,21179,3.0,assistant,66.0,1477,3.0,0.0013766110991764835,0.0011739890758662931,0.1480160316094046,0.8494333682155526,0.1480160316094046
2,everything_in_user_tags,278, span,19861,3.0,assistant,67.0,1478,3.0,0.0012908167139974915,0.00011369746580923737,0.16876147257673377,0.8298340132434595,0.16876147257673377
2,everything_in_user_tags,279, with,483,3.0,assistant,68.0,1479,3.0,9.155278286345178e-05,3.9932242082279336e-05,0.10361987558349549,0.8962486393915587,0.10361987558349549
2,everything_in_user_tags,280, the,290,3.0,assistant,69.0,1480,3.0,0.0007456337213393075,0.004038061883338511,0.11896026697234388,0.8762560374229782,0.11896026697234388
2,everything_in_user_tags,281, change,3343,3.0,assistant,70.0,1481,3.0,1.0163065098587508e-05,8.255656060190062e-06,0.0031066297928739484,0.9968749514859673,0.0031066297928739484
2,everything_in_user_tags,282, in,306,3.0,assistant,71.0,1482,3.0,2.440891673886096e-05,3.4824138069823975e-06,0.02170813884166078,0.9782639698277934,0.02170813884166078
2,everything_in_user_tags,283, the,290,3.0,assistant,72.0,1483,3.0,0.02516461086376938,0.12058521621058538,0.4859803700582672,0.368269802867378,0.4859803700582672
2,everything_in_user_tags,284, replacement,19207,3.0,assistant,73.0,1484,3.0,0.00230759051781925,0.000607930187345231,0.04484544045067909,0.9522390388441564,0.04484544045067909
2,everything_in_user_tags,285, span,19861,3.0,assistant,74.0,1485,3.0,0.000784712574946296,0.0003293912268880309,0.19862270379636784,0.8002631924017978,0.19862270379636784
2,everything_in_user_tags,286,.,13,3.0,assistant,75.0,1486,3.0,0.00024010719119153706,0.0003115198160472192,0.6277960776032963,0.371652295389465,0.6277960776032963
2,everything_in_user_tags,287, This,1328,3.0,assistant,76.0,1487,3.0,4.432895629649001e-07,2.5158222034688326e-06,0.9998995889110602,9.745197717338224e-05,0.9998995889110602
2,everything_in_user_tags,288, tests,10742,3.0,assistant,77.0,1488,3.0,3.605695265016201e-05,0.00011549109574890088,0.795000744035639,0.20484770791596185,0.795000744035639
2,everything_in_user_tags,289, whether,5588,3.0,assistant,78.0,1489,3.0,0.00012141111052609149,0.0004200937345945851,0.4062163386996577,0.5932421564552216,0.4062163386996577
2,everything_in_user_tags,290, the,290,3.0,assistant,79.0,1490,3.0,0.029345332880378175,0.12485438300160215,0.6844713539575951,0.1613289301604246,0.6844713539575951
2,everything_in_user_tags,291, added,5768,3.0,assistant,80.0,1491,3.0,0.022538290938570887,0.0021559372244272616,0.38334838425917206,0.5919573875778298,0.38334838425917206
2,everything_in_user_tags,292, sentence,21872,3.0,assistant,81.0,1492,3.0,0.09915909535631816,0.16268220919860535,0.6834227115291175,0.0547359839159589,0.6834227115291175
2,everything_in_user_tags,293, has,853,3.0,assistant,82.0,1493,3.0,0.001868241520366534,0.00043260490094619504,0.5268378129550373,0.4708613406236499,0.5268378129550373
2,everything_in_user_tags,294, a,261,3.0,assistant,83.0,1494,3.0,0.004724143738620065,0.02457420813904648,0.3068836412482259,0.6638180068741075,0.3068836412482259
2,everything_in_user_tags,295, different,2647,3.0,assistant,84.0,1495,3.0,0.0023456349934854242,0.0003019289554304118,0.038251393921256,0.959101042129828,0.038251393921256
2,everything_in_user_tags,296, association,23021,3.0,assistant,85.0,1496,3.0,0.008354484007336785,0.005520439512974008,0.2278179809395241,0.7583070955401651,0.2278179809395241
2,everything_in_user_tags,297, with,483,3.0,assistant,86.0,1497,3.0,0.012801437205603436,0.005209700304791492,0.039149264584396576,0.9428395979052085,0.039149264584396576
2,everything_in_user_tags,298, the,290,3.0,assistant,87.0,1498,3.0,0.011213939417403852,0.08636435668044966,0.09926470842060614,0.8031569954815403,0.09926470842060614
2,everything_in_user_tags,299, two,1920,3.0,assistant,88.0,1499,3.0,0.00016708927245613143,6.994563503220355e-05,0.004369775521400238,0.9953931895711113,0.004369775521400238
2,everything_in_user_tags,300, constructions,126322,3.0,assistant,89.0,1500,3.0,0.0008349273859039242,0.0003173646560369237,0.020685114637726754,0.9781625933203324,0.020685114637726754
2,everything_in_user_tags,301,.,13,3.0,assistant,90.0,1501,3.0,0.0001629351561390514,1.711448844677988e-05,0.3194059291287699,0.6804140212266442,0.3194059291287699
2,everything_in_user_tags,302, Save,15564,3.0,assistant,91.0,1502,3.0,3.061301362496499e-06,3.5899629990147177e-06,0.9081185455970232,0.09187480313861542,0.9081185455970232
2,everything_in_user_tags,303, the,290,3.0,assistant,92.0,1503,3.0,0.00012075062600551872,8.932633560904841e-05,0.8965042856970629,0.10328563734132239,0.8965042856970629
2,everything_in_user_tags,304, exact,6354,3.0,assistant,93.0,1504,3.0,0.00017991706782147986,0.0002339702466689677,0.755336243289505,0.2442498693960044,0.755336243289505
2,everything_in_user_tags,305, texts,35562,3.0,assistant,94.0,1505,3.0,0.006388581435124984,0.0035901676002036797,0.5291697461107323,0.4608515048539391,0.5291697461107323
2,everything_in_user_tags,306,",",11,3.0,assistant,95.0,1506,3.0,0.0007355994146011961,0.00014812893346191248,0.6892978341323016,0.3098184375196352,0.6892978341323016
2,everything_in_user_tags,307, and,326,3.0,assistant,96.0,1507,3.0,0.0001724116271552578,6.753824262997509e-05,0.995172305374415,0.004587744755799692,0.995172305374415
2,everything_in_user_tags,308, measure,9714,3.0,assistant,97.0,1508,3.0,0.00015161132757885855,4.549126836222632e-05,0.3896914623106071,0.6101114350934519,0.3896914623106071
2,everything_in_user_tags,309, any,1062,3.0,assistant,98.0,1509,3.0,0.0001454112171387199,0.0005578837664951919,0.5287813390988317,0.4705153659175344,0.5287813390988317
2,everything_in_user_tags,310, generated,13768,3.0,assistant,99.0,1510,3.0,0.0028928066576089824,0.0016436321689102054,0.06801932123888761,0.9274442399345931,0.06801932123888761
2,everything_in_user_tags,311, behavior,12741,3.0,assistant,100.0,1511,3.0,0.0010231042399614211,0.00015371495074998642,0.14937000432974093,0.8494531764795477,0.14937000432974093
2,everything_in_user_tags,312, separately,37741,3.0,assistant,101.0,1512,3.0,0.001543605423602026,0.0011419716861312229,0.4751517559333213,0.5221626669569454,0.4751517559333213
2,everything_in_user_tags,313, if,538,3.0,assistant,102.0,1513,3.0,0.003664415585420897,0.03977172935591733,0.4290094571913504,0.5275543978673114,0.4290094571913504
2,everything_in_user_tags,314, you,481,3.0,assistant,103.0,1514,3.0,6.906628903714322e-05,0.0009744558818484962,0.9982594773143778,0.000697000514736573,0.9982594773143778
2,everything_in_user_tags,315, want,1682,3.0,assistant,104.0,1515,3.0,3.067431298218215e-05,0.00013731463612496434,0.9225601942777112,0.07727181677318173,0.9225601942777112
2,everything_in_user_tags,316, to,316,3.0,assistant,105.0,1516,3.0,0.002858194106217037,0.0023821647358140403,0.22753913939196485,0.767220501766004,0.22753913939196485
2,everything_in_user_tags,317, connect,4837,3.0,assistant,106.0,1517,3.0,0.0006096679124758089,0.08418544315192919,0.9097797597985842,0.0054251291370106935,0.9097797597985842
2,everything_in_user_tags,318, the,290,3.0,assistant,107.0,1518,3.0,0.003066019175825326,0.020812510991806636,0.24243286528165178,0.7336886045507163,0.24243286528165178
2,everything_in_user_tags,319, representation,22311,3.0,assistant,108.0,1519,3.0,0.0023023160634555217,0.005767196649765497,0.072876935256422,0.919053552030357,0.072876935256422
2,everything_in_user_tags,320, change,3343,3.0,assistant,109.0,1520,3.0,4.497627387408313e-06,5.594468938529998e-07,0.004100022656945106,0.9958949202687736,0.004100022656945106
2,everything_in_user_tags,321, to,316,3.0,assistant,110.0,1521,3.0,0.0014620160088052749,0.026360849461825642,0.9358836913355306,0.03629344319383845,0.9358836913355306
2,everything_in_user_tags,322, an,448,3.0,assistant,111.0,1522,3.0,0.005537020829369106,0.05826953656743131,0.8634053661820701,0.07278807642112949,0.8634053661820701
2,everything_in_user_tags,323, action,3736,3.0,assistant,112.0,1523,3.0,0.008129574654099256,0.01896974365261608,0.3706256309707459,0.6022750507225387,0.3706256309707459
2,everything_in_user_tags,324,".
",558,3.0,assistant,113.0,1524,3.0,8.935856942944641e-06,0.00025665904824033107,0.999271615521407,0.0004627895734096666,0.999271615521407
2,everything_in_user_tags,325,Thanks,14897,4.0,user,1.0,1525,4.0,3.3683839999601346e-05,0.90347091035778,0.09628910102905831,0.00020630477316201015,0.09628910102905831
2,everything_in_user_tags,326,!,0,4.0,user,2.0,1526,4.0,5.693180474741479e-07,0.00012337512182681763,0.9998414098303018,3.4645729824064536e-05,0.9998414098303018
2,everything_in_user_tags,327, How,3253,4.0,user,3.0,1527,4.0,1.3208501891607235e-05,0.018938531874710195,0.9810192171386668,2.904248473153295e-05,0.9810192171386668
2,everything_in_user_tags,328, do,621,4.0,user,4.0,1528,4.0,4.7642715030046466e-05,0.610905957365466,0.3889664180943746,7.998182512935385e-05,0.3889664180943746
2,everything_in_user_tags,329, I,357,4.0,user,5.0,1529,4.0,0.0028139876621318207,0.2749937451764627,0.7214306694815683,0.0007615976798370959,0.7214306694815683
2,everything_in_user_tags,330, explain,16644,4.0,user,6.0,1530,4.0,0.00012099701854760623,0.9889304669092456,0.01093692082127466,1.1615250932264157e-05,0.01093692082127466
2,everything_in_user_tags,331, what,1412,4.0,user,7.0,1531,4.0,0.0003753585080456613,0.5893109080042913,0.40894533068460276,0.0013684028030605,0.40894533068460276
2,everything_in_user_tags,332, remains,14777,4.0,user,8.0,1532,4.0,0.001519665185365678,0.362778049933165,0.5476841817016936,0.08801810317977576,0.5476841817016936
2,everything_in_user_tags,333, uncertain,59410,4.0,user,9.0,1533,4.0,0.002145741335767177,0.1219172234125463,0.2726073340356944,0.6033297012159922,0.2726073340356944
2,everything_in_user_tags,334, after,1934,4.0,user,10.0,1534,4.0,0.00018088493134962882,0.9740354220158162,0.02553304118368202,0.00025065186915209704,0.02553304118368202
2,everything_in_user_tags,335, that,484,4.0,user,11.0,1535,4.0,3.03043102820453e-05,0.01007319630587484,0.03232420351290109,0.9575722958709421,0.03232420351290109
2,everything_in_user_tags,336, control,3580,4.0,user,12.0,1536,4.0,2.3072666887316446e-05,0.00014959952754849674,0.006059728438097666,0.9937675993674665,0.006059728438097666
2,everything_in_user_tags,337,?,30,4.0,user,13.0,1537,4.0,0.004012113518862515,0.7855905124778598,0.15615242882424252,0.054244945179035185,0.15615242882424252
2,everything_in_user_tags,338, I,357,4.0,user,14.0,1538,4.0,0.0002172279323835684,0.7146333724123107,0.2851176380678886,3.176158741710386e-05,0.2851176380678886
2,everything_in_user_tags,339, want,1682,4.0,user,15.0,1539,4.0,0.00020821658066225176,0.8203880921016022,0.1772296447758464,0.002174046541889092,0.1772296447758464
2,everything_in_user_tags,340, the,290,4.0,user,16.0,1540,4.0,0.00477270704080483,0.2109274978292823,0.5161039582564119,0.268195836873501,0.5161039582564119
2,everything_in_user_tags,341, M,391,4.0,user,17.0,1541,4.0,0.00010991328514509885,0.9905575702065688,0.008326422893277625,0.0010060936150085573,0.008326422893277625
2,everything_in_user_tags,342,ATS,42222,4.0,user,18.0,1542,4.0,0.0034105971832652775,0.6915880555285954,0.1608351516271208,0.14416619566101843,0.1608351516271208
2,everything_in_user_tags,343, report,3019,4.0,user,19.0,1543,4.0,0.0008780378371843898,0.8197023902652665,0.043462278076513386,0.13595729382103589,0.043462278076513386
2,everything_in_user_tags,344, to,316,4.0,user,20.0,1544,4.0,6.895493224792319e-05,0.9836525291190535,0.014445445538908714,0.0018330704097898345,0.014445445538908714
2,everything_in_user_tags,345, make,1520,4.0,user,21.0,1545,4.0,0.00018030855086265953,0.9951270052202097,0.0033292658004166887,0.0013634204285110447,0.0033292658004166887
2,everything_in_user_tags,346, a,261,4.0,user,22.0,1546,4.0,0.0002430467662189353,0.07388145733409007,0.41315207208170196,0.5127234238179891,0.41315207208170196
2,everything_in_user_tags,347, clear,5364,4.0,user,23.0,1547,4.0,8.351440701463683e-06,0.9999189661159442,7.259300671243084e-05,8.943664185420854e-08,7.259300671243084e-05
2,everything_in_user_tags,348, affirmative,159284,4.0,user,24.0,1548,4.0,0.0050558402514863385,0.2269535431119731,0.3746964898361523,0.39329412680038833,0.3746964898361523
2,everything_in_user_tags,349, claim,6445,4.0,user,25.0,1549,4.0,0.0024670374224252498,0.8175516252862148,0.02019502361855809,0.15978631367280183,0.02019502361855809
2,everything_in_user_tags,350,",",11,4.0,user,26.0,1550,4.0,0.0002078538086198962,0.9873729926354383,0.006413555366097499,0.006005598189844368,0.006413555366097499
2,everything_in_user_tags,351, but,889,4.0,user,27.0,1551,4.0,5.923704848866107e-05,0.961369758429101,0.03530431629846819,0.0032666882239419364,0.03530431629846819
2,everything_in_user_tags,352, I,357,4.0,user,28.0,1552,4.0,5.941797156936932e-07,0.027270242945111968,0.9726007547816706,0.00012840809350182778,0.9726007547816706
2,everything_in_user_tags,353, don't,4128,4.0,user,29.0,1553,4.0,0.0007667549962313054,0.13702962258289025,0.8584349254535142,0.003768696967364263,0.8584349254535142
2,everything_in_user_tags,354, want,1682,4.0,user,30.0,1554,4.0,9.02619756768202e-05,0.831960353069042,0.16562921365633992,0.0023201712989411563,0.16562921365633992
2,everything_in_user_tags,355, the,290,4.0,user,31.0,1555,4.0,0.0004723379691098933,0.006887885960878308,0.016367338856911797,0.9762724372131,0.016367338856911797
2,everything_in_user_tags,356, phrase,27179,4.0,user,32.0,1556,4.0,0.00011254558393266591,0.029861716980242564,0.07191701412269898,0.8981087233131259,0.07191701412269898
2,everything_in_user_tags,357, permission,14158,4.0,user,33.0,1557,4.0,0.002067058598646106,0.27325602684371847,0.14854895512386268,0.5761279594337727,0.14854895512386268
2,everything_in_user_tags,358, effect,3159,4.0,user,34.0,1558,4.0,0.00014360052489449188,0.0005022341596641964,0.020712761625807655,0.9786414036896337,0.020712761625807655
2,everything_in_user_tags,359, to,316,4.0,user,35.0,1559,4.0,0.0014365897153561426,0.14955492337296913,0.02207350746768965,0.8269349794439851,0.02207350746768965
2,everything_in_user_tags,360, suggest,6108,4.0,user,36.0,1560,4.0,0.0008410185228506561,0.692684603591763,0.04278041999527239,0.263693957890114,0.04278041999527239
2,everything_in_user_tags,361, that,484,4.0,user,37.0,1561,4.0,0.0125991925413377,0.18214753594231525,0.03727919279764451,0.7679740787187025,0.03727919279764451
2,everything_in_user_tags,362, every,1753,4.0,user,38.0,1562,4.0,0.0033378515667688287,0.32983245879041767,0.03128283881593847,0.635546850826875,0.03128283881593847
2,everything_in_user_tags,363, alternative,13319,4.0,user,39.0,1563,4.0,0.00010007424136125815,0.002852086117686172,0.018112366525057124,0.9789354731158955,0.018112366525057124
2,everything_in_user_tags,364, explanation,30547,4.0,user,40.0,1564,4.0,0.00018254264465634212,0.003937935168444742,0.03372914220193208,0.9621503799849669,0.03372914220193208
2,everything_in_user_tags,365, has,853,4.0,user,41.0,1565,4.0,0.0007161267205748013,0.2415691317083362,0.04153995545772757,0.7161747861133615,0.04153995545772757
2,everything_in_user_tags,366, been,1339,4.0,user,42.0,1566,4.0,0.002882859966910661,0.14614041398562125,0.019601159356498272,0.8313755666909699,0.019601159356498272
2,everything_in_user_tags,367, removed,11906,4.0,user,43.0,1567,4.0,7.586417149571071e-06,0.00031263987366736195,0.0014379409382928162,0.9982418327708903,0.0014379409382928162
2,everything_in_user_tags,368,".
",558,4.0,user,44.0,1568,4.0,0.002054457766508605,0.5584636627659425,0.38699540305429125,0.0524864764132575,0.38699540305429125
2,everything_in_user_tags,369,The,976,5.0,cot,1.0,1569,5.0,7.083691351452273e-08,6.921774032540383e-05,0.9983534203588608,0.0015772910639002282,0.9983534203588608
2,everything_in_user_tags,370, user,1825,5.0,cot,2.0,1570,5.0,2.0313334425745582e-08,5.406373118253247e-06,0.9999353149403608,5.9258373186453935e-05,0.9999353149403608
2,everything_in_user_tags,371, is,382,5.0,cot,3.0,1571,5.0,1.780247014685995e-08,8.170274338465605e-06,0.9995918095593563,0.000400002363835106,0.9995918095593563
2,everything_in_user_tags,372, asking,16054,5.0,cot,4.0,1572,5.0,1.3188750588813387e-07,8.171155234829845e-05,0.9998787536804212,3.940287972460827e-05,0.9998787536804212
2,everything_in_user_tags,373, for,395,5.0,cot,5.0,1573,5.0,2.2529834040518197e-07,0.00034485918798901204,0.9996220767250323,3.283878863815516e-05,0.9996220767250323
2,everything_in_user_tags,374, a,261,5.0,cot,6.0,1574,5.0,2.0980550938041776e-05,0.0004349740266963339,0.9247798495874037,0.07476419583496184,0.9247798495874037
2,everything_in_user_tags,375, claim,6445,5.0,cot,7.0,1575,5.0,0.0002057569095064448,0.04028972672191761,0.5924654090022475,0.3670391073663284,0.5924654090022475
2,everything_in_user_tags,376, whose,12119,5.0,cot,8.0,1576,5.0,3.9420022324322205e-07,4.111325234789522e-05,0.9450017916241291,0.05495670092329965,0.9450017916241291
2,everything_in_user_tags,377, wording,117551,5.0,cot,9.0,1577,5.0,1.4949108247604758e-05,0.001086768641971539,0.8738092743445464,0.12508900790523445,0.8738092743445464
2,everything_in_user_tags,378, matches,15248,5.0,cot,10.0,1578,5.0,2.1517291168015707e-07,2.5856780618908335e-05,0.9993062608927495,0.0006676671537199954,0.9993062608927495
2,everything_in_user_tags,379, a,261,5.0,cot,11.0,1579,5.0,5.125001625035398e-05,0.0008739101181951111,0.9380741712862171,0.06100066857933735,0.9380741712862171
2,everything_in_user_tags,380, controlled,23006,5.0,cot,12.0,1580,5.0,5.374687978159153e-05,0.001956005824239326,0.2416104056357582,0.756379841660221,0.2416104056357582
2,everything_in_user_tags,381, but,889,5.0,cot,13.0,1581,5.0,4.848192198046427e-05,0.0014013957321297903,0.4028816784973659,0.5956684438485239,0.4028816784973659
2,everything_in_user_tags,382, imperfect,125414,5.0,cot,14.0,1582,5.0,6.633989968707359e-07,1.0129063315500221e-05,0.0012970450981483234,0.9986921624395394,0.0012970450981483234
2,everything_in_user_tags,383, comparison,19211,5.0,cot,15.0,1583,5.0,8.963690791917904e-05,0.0013991682351450596,0.034613313653691906,0.9638978812032438,0.034613313653691906
2,everything_in_user_tags,384,.,13,5.0,cot,16.0,1584,5.0,4.4659457903773285e-07,0.00020959622474957937,0.9804773004717731,0.01931265670889829,0.9804773004717731
2,everything_in_user_tags,385, I,357,5.0,cot,17.0,1585,5.0,2.6267212066210227e-08,1.3747937425428692e-05,0.9924656182753513,0.0075206075200111725,0.9924656182753513
2,everything_in_user_tags,386, should,1757,5.0,cot,18.0,1586,5.0,4.705337006083672e-10,2.2439305128602422e-07,0.9999587895655706,4.0985570844335155e-05,0.9999587895655706
2,everything_in_user_tags,387, name,1308,5.0,cot,19.0,1587,5.0,5.366758268849523e-07,4.7431906245437185e-06,0.9303393820326875,0.06965533810086108,0.9303393820326875
2,everything_in_user_tags,388, the,290,5.0,cot,20.0,1588,5.0,1.3282166835491325e-05,5.157580356497657e-06,0.03525765891897899,0.9647239013338291,0.03525765891897899
2,everything_in_user_tags,389, exact,6354,5.0,cot,21.0,1589,5.0,3.742598199109054e-06,8.772150177309654e-05,0.4747747389687179,0.5251337969313098,0.4747747389687179
2,everything_in_user_tags,390, intervention,32206,5.0,cot,22.0,1590,5.0,1.9549820562596277e-05,4.02297716447932e-06,0.011850618675010857,0.988125808527262,0.011850618675010857
2,everything_in_user_tags,391, and,326,5.0,cot,23.0,1591,5.0,1.2036165751296033e-06,7.279053773937081e-07,0.1514604053726409,0.8485376631054067,0.1514604053726409
2,everything_in_user_tags,392, population,11540,5.0,cot,24.0,1592,5.0,6.475678334875964e-05,4.69153287067515e-05,0.07014957770560025,0.9297387501823443,0.07014957770560025
2,everything_in_user_tags,393, rather,7542,5.0,cot,25.0,1593,5.0,9.271638050459903e-06,3.412396461738223e-05,0.08903006615578572,0.9109265382415463,0.08903006615578572
2,everything_in_user_tags,394, than,1572,5.0,cot,26.0,1594,5.0,3.839392576669939e-07,2.4077660276091007e-06,0.9475968933694539,0.052400314925260795,0.9475968933694539
2,everything_in_user_tags,395, imply,68590,5.0,cot,27.0,1595,5.0,5.77101126163124e-06,1.804058523799227e-05,0.2590303684907489,0.7409458199127515,0.2590303684907489
2,everything_in_user_tags,396, an,448,5.0,cot,28.0,1596,5.0,5.679857557091637e-05,2.9491948276614377e-05,0.1291466215276722,0.8707670879484802,0.1291466215276722
2,everything_in_user_tags,397, abstract,13004,5.0,cot,29.0,1597,5.0,1.4877303293983593e-05,5.589746908217076e-05,0.3735671915842095,0.6263620336434145,0.3735671915842095
2,everything_in_user_tags,398, causal,107345,5.0,cot,30.0,1598,5.0,7.188157217553171e-06,6.492709648521192e-07,0.016447315883878495,0.9835448466879391,0.016447315883878495
2,everything_in_user_tags,399, mechanism,27004,5.0,cot,31.0,1599,5.0,4.736178048620341e-05,2.9035291710377983e-05,0.08359149555513706,0.9163321073726663,0.08359149555513706
2,everything_in_user_tags,400, of,328,5.0,cot,32.0,1600,5.0,5.302576527879144e-06,2.4863389158466064e-05,0.5894378528995364,0.41053198113477735,0.5894378528995364
2,everything_in_user_tags,401, permission,14158,5.0,cot,33.0,1601,5.0,0.012443205812328238,0.018725433108642116,0.2592791730496088,0.7095521880294209,0.2592791730496088
2,everything_in_user_tags,402,.,13,5.0,cot,34.0,1602,5.0,7.860044570648864e-06,7.671307045753253e-06,0.48247795366195606,0.5175065149864275,0.48247795366195606
2,everything_in_user_tags,403, The,623,5.0,cot,35.0,1603,5.0,6.539554014578666e-07,6.111537631085432e-06,0.5785583788641758,0.4214348556427916,0.5785583788641758
2,everything_in_user_tags,404, same,2684,5.0,cot,36.0,1604,5.0,6.898068562461221e-05,4.819498823380726e-05,0.3528324234344905,0.647050400891651,0.3528324234344905
2,everything_in_user_tags,405, added,5768,5.0,cot,37.0,1605,5.0,0.0002865123578282263,6.0778995467462354e-05,0.14568556142043393,0.8539671472262704,0.14568556142043393
2,everything_in_user_tags,406, sentence,21872,5.0,cot,38.0,1606,5.0,0.016651381806328174,0.0007088070699592543,0.408032884558677,0.5746069265650355,0.408032884558677
2,everything_in_user_tags,407, can,665,5.0,cot,39.0,1607,5.0,5.620964767956068e-05,4.1789739108622556e-06,0.1197633474669011,0.8801762639115084,0.1197633474669011
2,everything_in_user_tags,408, change,3343,5.0,cot,40.0,1608,5.0,1.1961295962906856e-05,1.294431172163238e-06,0.00394157666621303,0.9960451676066518,0.00394157666621303
2,everything_in_user_tags,409, lexical,173846,5.0,cot,41.0,1609,5.0,5.417156855354986e-06,1.102253690131286e-06,0.14336269416248504,0.8566307864269694,0.14336269416248504
2,everything_in_user_tags,410, context,3814,5.0,cot,42.0,1610,5.0,0.012139315281956279,0.013731282546340744,0.43482387139033507,0.539305530781368,0.43482387139033507
2,everything_in_user_tags,411,",",11,5.0,cot,43.0,1611,5.0,7.8392215161277e-05,8.58300258961764e-05,0.36705981997294873,0.6327759577859938,0.36705981997294873
2,everything_in_user_tags,412, attention,8684,5.0,cot,44.0,1612,5.0,0.0020098480678097204,0.0007416427914378371,0.17206921241433135,0.825179296726421,0.17206921241433135
2,everything_in_user_tags,413,",",11,5.0,cot,45.0,1613,5.0,1.6030900252424105e-05,2.7542972289035505e-07,0.1937196707347557,0.806264022935269,0.1937196707347557
2,everything_in_user_tags,414, and,326,5.0,cot,46.0,1614,5.0,7.823072125188886e-06,1.6636169805921993e-05,0.12402269338921142,0.8759528473688576,0.12402269338921142
2,everything_in_user_tags,415, interpretation,39300,5.0,cot,47.0,1615,5.0,0.0003920852813551217,9.892904170407132e-05,0.163978460521943,0.8355305251549978,0.163978460521943
2,everything_in_user_tags,416, at,540,5.0,cot,48.0,1616,5.0,0.0002076964931254719,6.949388674022191e-05,0.49305023328533853,0.5066725763347958,0.49305023328533853
2,everything_in_user_tags,417, once,4730,5.0,cot,49.0,1617,5.0,9.981833094320071e-05,0.0005284414581890116,0.43904280787253636,0.5603289323383315,0.43904280787253636
2,everything_in_user_tags,418,.,13,5.0,cot,50.0,1618,5.0,6.836130687093531e-06,1.064573083062333e-05,0.4899783548115391,0.5100041633269432,0.4899783548115391
2,everything_in_user_tags,419, A,355,5.0,cot,51.0,1619,5.0,4.688716062562906e-06,2.3385905650511755e-05,0.9551682993796231,0.044803625998663596,0.9551682993796231
2,everything_in_user_tags,420, replacement,19207,5.0,cot,52.0,1620,5.0,2.755845657325022e-06,8.195834680336334e-07,0.005714245711320815,0.9942821788595538,0.005714245711320815
2,everything_in_user_tags,421, control,3580,5.0,cot,53.0,1621,5.0,2.6679695888163154e-05,0.00010923399952130889,0.016217181288630526,0.98364690501596,0.016217181288630526
2,everything_in_user_tags,422, addresses,20866,5.0,cot,54.0,1622,5.0,0.00020767604385160972,0.0030355671564659035,0.09468941070914642,0.9020673460905361,0.09468941070914642
2,everything_in_user_tags,423, some,1236,5.0,cot,55.0,1623,5.0,8.75774172138936e-05,0.0003167898243021356,0.1751931127400432,0.8244025200184408,0.1751931127400432
2,everything_in_user_tags,424, shared,9599,5.0,cot,56.0,1624,5.0,0.00014968768015908738,2.965949133530904e-05,0.009812386126704776,0.9900082667018009,0.009812386126704776
2,everything_in_user_tags,425, changes,6629,5.0,cot,57.0,1625,5.0,3.41161251767292e-05,6.953475676222693e-06,0.036181847644634786,0.9637770827545122,0.036181847644634786
2,everything_in_user_tags,426, while,2049,5.0,cot,58.0,1626,5.0,1.5387996866642717e-05,1.5669974276902144e-05,0.00424298658130292,0.9957259554475535,0.00424298658130292
2,everything_in_user_tags,427, leaving,15021,5.0,cot,59.0,1627,5.0,1.8765172331079346e-05,5.3529997010306354e-05,0.0022466993575308777,0.9976810054731278,0.0022466993575308777
2,everything_in_user_tags,428, others,5036,5.0,cot,60.0,1628,5.0,0.00014779136048180514,6.172821390114708e-05,0.16387611146378,0.8359143689618369,0.16387611146378
2,everything_in_user_tags,429, possible,4149,5.0,cot,61.0,1629,5.0,1.8151086255817484e-05,0.00035549483112009195,0.0557538206554841,0.94387253342714,0.0557538206554841
2,everything_in_user_tags,430,.,13,5.0,cot,62.0,1630,5.0,1.4373608782947645e-05,2.3733971011637647e-05,0.034251129008145295,0.9657107634120602,0.034251129008145295
2,everything_in_user_tags,431, The,623,5.0,cot,63.0,1631,5.0,3.5137595815296903e-07,9.044002334338068e-05,0.9984852548448849,0.0014239537558135141,0.9984852548448849
2,everything_in_user_tags,432, answer,6052,5.0,cot,64.0,1632,5.0,2.5065410271340636e-06,0.0004732904726955895,0.9934596805527588,0.006064522433518557,0.9934596805527588
2,everything_in_user_tags,433, should,1757,5.0,cot,65.0,1633,5.0,4.8895417347752645e-08,6.80541224778988e-06,0.9996757848163229,0.00031736087601180464,0.9996757848163229
2,everything_in_user_tags,434, state,2608,5.0,cot,66.0,1634,5.0,1.2554202842097803e-05,2.822483213471552e-05,0.9358313961611975,0.06412782480382573,0.9358313961611975
2,everything_in_user_tags,435, the,290,5.0,cot,67.0,1635,5.0,0.000867839698891995,0.0012746889182020564,0.07511945328799266,0.9227380180949133,0.07511945328799266
2,everything_in_user_tags,436, measured,26489,5.0,cot,68.0,1636,5.0,1.975335683146117e-06,5.135791030207196e-06,0.009827212408083237,0.9901656764652034,0.009827212408083237
2,everything_in_user_tags,437, contrast,20663,5.0,cot,69.0,1637,5.0,1.8258496354491832e-06,7.765234120813531e-07,0.002951908690669523,0.9970454889362829,0.002951908690669523
2,everything_in_user_tags,438, directly,8516,5.0,cot,70.0,1638,5.0,1.2009413985930255e-05,9.689209579637477e-05,0.01842701335613922,0.9814640851340786,0.01842701335613922
2,everything_in_user_tags,439,",",11,5.0,cot,71.0,1639,5.0,1.2773555946084519e-05,2.1086353266465987e-06,0.002715036004097774,0.9972700818046296,0.002715036004097774
2,everything_in_user_tags,440, then,1815,5.0,cot,72.0,1640,5.0,1.2834368933101213e-05,1.646838372835849e-05,0.21121694764448998,0.7887537496028485,0.21121694764448998
2,everything_in_user_tags,441, identify,11410,5.0,cot,73.0,1641,5.0,2.1751283846517666e-05,1.060427433918892e-05,0.06700262314109584,0.9329650213007186,0.06700262314109584
2,everything_in_user_tags,442, the,290,5.0,cot,74.0,1642,5.0,2.2686085045322224e-05,2.4050916054803297e-05,0.002614032457297589,0.9973392305416022,0.002614032457297589
2,everything_in_user_tags,443, most,1645,5.0,cot,75.0,1643,5.0,4.838557273114466e-07,2.306586052456274e-07,0.0026420414480565818,0.997357244037611,0.0026420414480565818
2,everything_in_user_tags,444, consequential,159025,5.0,cot,76.0,1644,5.0,5.097076135859435e-07,1.463910101252905e-06,0.002719789301232324,0.9972782370810529,0.002719789301232324
2,everything_in_user_tags,445, unresolved,156375,5.0,cot,77.0,1645,5.0,3.047216972389693e-07,2.1329481438887848e-07,0.00035381317685298307,0.9996456688066354,0.00035381317685298307
2,everything_in_user_tags,446, explanation,30547,5.0,cot,78.0,1646,5.0,3.7971364242676345e-06,2.6025933422530817e-06,0.003969450330112668,0.9960241499401209,0.003969450330112668
2,everything_in_user_tags,447, and,326,5.0,cot,79.0,1647,5.0,3.918467802327401e-05,5.19410160956279e-06,0.29135135775827986,0.7086042634620874,0.29135135775827986
2,everything_in_user_tags,448, a,261,5.0,cot,80.0,1648,5.0,8.599384257068794e-05,8.845396546875691e-06,0.40504394002106997,0.5948612207398125,0.40504394002106997
2,everything_in_user_tags,449, follow,2622,5.0,cot,81.0,1649,5.0,0.001037148380792778,0.01607852847691969,0.9742010262650079,0.00868329687727952,0.9742010262650079
2,everything_in_user_tags,450,-up,7288,5.0,cot,82.0,1650,5.0,0.00011569825445842002,0.0005779520020764952,0.20570091612552702,0.7936054336179381,0.20570091612552702
2,everything_in_user_tags,451, that,484,5.0,cot,83.0,1651,5.0,0.0001492281147108108,0.0005206137900983839,0.2915475030798562,0.7077826550153347,0.2915475030798562
2,everything_in_user_tags,452, could,2023,5.0,cot,84.0,1652,5.0,0.0004041625884884889,0.0035497397016014814,0.5942509107689669,0.40179518694094307,0.5942509107689669
2,everything_in_user_tags,453, distinguish,59938,5.0,cot,85.0,1653,5.0,1.0650036752877624e-05,8.455593496193586e-06,0.05954719063224758,0.9404337037375033,0.05954719063224758
2,everything_in_user_tags,454, it,480,5.0,cot,86.0,1654,5.0,6.135683174898202e-06,5.229983481818133e-06,0.022886997008587817,0.9771016373247554,0.022886997008587817
2,everything_in_user_tags,455,.,13,5.0,cot,87.0,1655,5.0,5.715785459545124e-05,0.00015987189332200246,0.6538994068820092,0.34588356337007337,0.6538994068820092
2,everything_in_user_tags,456, This,1328,5.0,cot,88.0,1656,5.0,1.998297665874116e-06,3.5089910852513968e-06,0.9498524361335368,0.050142056577712084,0.9498524361335368
2,everything_in_user_tags,457, gives,8967,5.0,cot,89.0,1657,5.0,4.781923345457856e-07,8.108044557673387e-07,0.907821749701046,0.09217696130216353,0.907821749701046
2,everything_in_user_tags,458, the,290,5.0,cot,90.0,1658,5.0,0.0002442401885709989,0.00025760291837618945,0.2964291364988089,0.7030690203942439,0.2964291364988089
2,everything_in_user_tags,459, result,1534,5.0,cot,91.0,1659,5.0,3.4126951735429824e-05,8.634041984186466e-05,0.01855618010124763,0.9813233525271752,0.01855618010124763
2,everything_in_user_tags,460, a,261,5.0,cot,92.0,1660,5.0,5.965012716159921e-05,0.00010550881117515871,0.40092214281621225,0.5989126982454509,0.40092214281621225
2,everything_in_user_tags,461, clear,5364,5.0,cot,93.0,1661,5.0,0.0005514187470870505,0.007698976063199304,0.8758878419443168,0.11586176324539686,0.8758878419443168
2,everything_in_user_tags,462, meaning,10915,5.0,cot,94.0,1662,5.0,4.689280738889605e-05,4.364316521859839e-05,0.1104245440458612,0.8894849199815312,0.1104245440458612
2,everything_in_user_tags,463, without,2935,5.0,cot,95.0,1663,5.0,3.127209515072433e-05,0.00013978372420164872,0.7254435885387697,0.27438535564187805,0.7254435885387697
2,everything_in_user_tags,464, surrounding,20708,5.0,cot,96.0,1664,5.0,9.561388900045396e-05,0.0004943863452598324,0.2875328906011775,0.7118771091645621,0.2875328906011775
2,everything_in_user_tags,465, it,480,5.0,cot,97.0,1665,5.0,0.002098967829637422,0.004959239992548254,0.3725342261041462,0.6204075660736681,0.3725342261041462
2,everything_in_user_tags,466, with,483,5.0,cot,98.0,1666,5.0,0.0002684806740281724,0.0001308929839767544,0.19188997252614381,0.8077106538158513,0.19188997252614381
2,everything_in_user_tags,467, an,448,5.0,cot,99.0,1667,5.0,0.007103399443519535,0.06975163425010801,0.5334542695306932,0.38969069677567925,0.5334542695306932
2,everything_in_user_tags,468, un,537,5.0,cot,100.0,1668,5.0,5.749265099904421e-05,4.424227857469386e-05,0.06660893035797796,0.9332893347124482,0.06660893035797796
2,everything_in_user_tags,469,structured,85679,5.0,cot,101.0,1669,5.0,6.367136050365278e-05,0.0007838217725252415,0.4242477361405446,0.5749047707264264,0.4242477361405446
2,everything_in_user_tags,470, list,1562,5.0,cot,102.0,1670,5.0,0.00014994801358146677,0.00011315959907714586,0.571407312016326,0.4283295803710154,0.571407312016326
2,everything_in_user_tags,471, of,328,5.0,cot,103.0,1671,5.0,6.134787978682042e-05,1.1605916007595679e-05,0.16606882732587028,0.8338582188783353,0.16606882732587028
2,everything_in_user_tags,472, cave,44365,5.0,cot,104.0,1672,5.0,0.0004927722751593538,0.00010197820542081562,0.1460186625068798,0.8533865870125401,0.1460186625068798
2,everything_in_user_tags,473,ats,1838,5.0,cot,105.0,1673,5.0,0.00020581132644375497,3.507549489626252e-05,0.13346606989845797,0.8662930432802021,0.13346606989845797
2,everything_in_user_tags,474,".
",558,5.0,cot,106.0,1674,5.0,5.054603483186694e-06,0.00017264441296387903,0.9764312153368703,0.023391085646682717,0.9764312153368703
2,everything_in_user_tags,475,Name,864,6.0,assistant,1.0,1675,6.0,1.579806087616424e-07,0.0001054378537506362,0.9840764465185237,0.015817957647116916,0.9840764465185237
2,everything_in_user_tags,476, the,290,6.0,assistant,2.0,1676,6.0,1.1259616408460911e-07,0.00011595766632368838,0.9499795436031649,0.04990438613434725,0.9499795436031649
2,everything_in_user_tags,477, actual,6290,6.0,assistant,3.0,1677,6.0,2.520419812980399e-07,4.981549954580232e-07,0.01574480211245307,0.9842544476905701,0.01574480211245307
2,everything_in_user_tags,478, comparison,19211,6.0,assistant,4.0,1678,6.0,2.140111955074616e-05,1.5549408679825952e-05,0.07491289633074127,0.9250501531410281,0.07491289633074127
2,everything_in_user_tags,479,:,25,6.0,assistant,5.0,1679,6.0,1.5063562898702874e-06,4.178714092751143e-06,0.8982808639477577,0.10171345098185963,0.8982808639477577
2,everything_in_user_tags,480, adding,12673,6.0,assistant,6.0,1680,6.0,0.00015073387059069183,2.754130234642783e-06,0.155392223627259,0.8444542883719156,0.155392223627259
2,everything_in_user_tags,481, this,495,6.0,assistant,7.0,1681,6.0,5.2871605722311406e-06,2.3862129287187127e-07,0.4253412061431859,0.574653268074949,0.4253412061431859
2,everything_in_user_tags,482, permission,14158,6.0,assistant,8.0,1682,6.0,0.0007194938864555739,0.0052521223075944305,0.9670182355136717,0.027010148292278238,0.9670182355136717
2,everything_in_user_tags,483, sentence,21872,6.0,assistant,9.0,1683,6.0,0.003139418340344201,0.0024730183309010522,0.8511637325444698,0.14322383078428497,0.8511637325444698
2,everything_in_user_tags,484, changed,9180,6.0,assistant,10.0,1684,6.0,3.2622540378437927e-06,2.0739901035562517e-07,0.0014683431910400002,0.9985281871559119,0.0014683431910400002
2,everything_in_user_tags,485, the,290,6.0,assistant,11.0,1685,6.0,0.00010247452984046382,0.00010189004096992694,0.12478301615757868,0.8750126192716109,0.12478301615757868
2,everything_in_user_tags,486, chosen,16180,6.0,assistant,12.0,1686,6.0,1.063543997534715e-06,2.44634549851779e-07,0.018413322899781252,0.9815853689216713,0.018413322899781252
2,everything_in_user_tags,487, read,1729,6.0,assistant,13.0,1687,6.0,5.796753956307076e-05,1.004233910526448e-05,0.08094133014817421,0.9189906599731574,0.08094133014817421
2,everything_in_user_tags,488,out,468,6.0,assistant,14.0,1688,6.0,6.255467388441196e-05,0.00011554693262475618,0.017324148888307144,0.9824977495051838,0.017324148888307144
2,everything_in_user_tags,489, differently,36490,6.0,assistant,15.0,1689,6.0,4.000141034658889e-06,2.18736419729345e-07,0.0006907561692882856,0.9993050249532573,0.0006907561692882856
2,everything_in_user_tags,490, for,395,6.0,assistant,16.0,1690,6.0,4.716435782477392e-07,4.1542332557567124e-09,9.816040386107147e-05,0.9999013637983273,9.816040386107147e-05
2,everything_in_user_tags,491, the,290,6.0,assistant,17.0,1691,6.0,0.001869999033776005,9.784336582500059e-05,0.08167899050416227,0.9163531670962366,0.08167899050416227
2,everything_in_user_tags,492, instruction,21179,6.0,assistant,18.0,1692,6.0,2.489711844219829e-05,3.3036888653862597e-06,0.002350420927395112,0.9976213782652973,0.002350420927395112
2,everything_in_user_tags,493, passage,26368,6.0,assistant,19.0,1693,6.0,0.00011562924075231479,2.4614564086602994e-05,0.07420566975496551,0.9256540864401955,0.07420566975496551
2,everything_in_user_tags,494, and,326,6.0,assistant,20.0,1694,6.0,2.0994702596625053e-06,2.1630941029213342e-07,0.001481464895981904,0.9985162193243482,0.001481464895981904
2,everything_in_user_tags,495, its,1617,6.0,assistant,21.0,1695,6.0,6.617776395169955e-06,5.566696426517193e-07,0.00670754922650773,0.9932852763274546,0.00670754922650773
2,everything_in_user_tags,496, replacement,19207,6.0,assistant,22.0,1696,6.0,5.110925252390044e-05,2.2342739557610777e-06,0.02050895646973591,0.9794377000037845,0.02050895646973591
2,everything_in_user_tags,497, control,3580,6.0,assistant,23.0,1697,6.0,1.1932928262687665e-05,7.253335223093499e-07,0.0039023436766032486,0.9960849980616118,0.0039023436766032486
2,everything_in_user_tags,498,.,13,6.0,assistant,24.0,1698,6.0,4.5505660756919895e-05,5.964466649595919e-06,0.05243834467059974,0.9475101852019938,0.05243834467059974
2,everything_in_user_tags,499, State,5388,6.0,assistant,25.0,1699,6.0,3.8226478382792004e-07,7.946018001979541e-07,0.9893115247541654,0.010687298379250514,0.9893115247541654
2,everything_in_user_tags,500, the,290,6.0,assistant,26.0,1700,6.0,1.452564663157062e-07,1.1213282677194009e-06,0.9253802020381544,0.07461853137711155,0.9253802020381544
2,everything_in_user_tags,501, model,2359,6.0,assistant,27.0,1701,6.0,7.973038098771887e-05,0.00010756395339978772,0.0025433405198757677,0.9972693651457367,0.0025433405198757677
2,everything_in_user_tags,502,",",11,6.0,assistant,28.0,1702,6.0,1.6560236438244076e-05,6.1949200887505785e-06,0.05632579702259769,0.9436514478208754,0.05632579702259769
2,everything_in_user_tags,503, sampled,84838,6.0,assistant,29.0,1703,6.0,0.0004695820799399967,0.00031960043283342336,0.1780647621618284,0.8211460553253982,0.1780647621618284
2,everything_in_user_tags,504, contexts,67568,6.0,assistant,30.0,1704,6.0,0.00022901211454208947,1.0454911098618861e-06,0.03703616062389357,0.9627337817704544,0.03703616062389357
2,everything_in_user_tags,505,",",11,6.0,assistant,31.0,1705,6.0,4.693782512843534e-05,1.0253282384857976e-06,0.2695950429688099,0.7303569938778232,0.2695950429688099
2,everything_in_user_tags,506, scored,27207,6.0,assistant,32.0,1706,6.0,2.203007022410984e-05,7.295378443438529e-06,0.02014023527922558,0.9798304392721069,0.02014023527922558
2,everything_in_user_tags,507, span,19861,6.0,assistant,33.0,1707,6.0,0.0002172473859346227,2.1205695382332718e-05,0.16719941375812059,0.8325621331605625,0.16719941375812059
2,everything_in_user_tags,508,",",11,6.0,assistant,34.0,1708,6.0,0.00011228917009110866,5.627167057357263e-06,0.16701777912489293,0.8328643045379587,0.16701777912489293
2,everything_in_user_tags,509, and,326,6.0,assistant,35.0,1709,6.0,9.741830451673147e-05,6.260251031205377e-05,0.4724670193123194,0.5273729598728518,0.4724670193123194
2,everything_in_user_tags,510, aggregation,93321,6.0,assistant,36.0,1710,6.0,1.5187874300675984e-05,1.7217215283344456e-06,0.013775365860169007,0.9862077245440021,0.013775365860169007
2,everything_in_user_tags,511, rule,10652,6.0,assistant,37.0,1711,6.0,0.00011248644720467584,0.0003310685688426625,0.056413347405004,0.9431430975789488,0.056413347405004
2,everything_in_user_tags,512, alongside,26162,6.0,assistant,38.0,1712,6.0,7.424048341795265e-06,2.546517047437097e-06,0.20381730299036951,0.7961727264442412,0.20381730299036951
2,everything_in_user_tags,513, the,290,6.0,assistant,39.0,1713,6.0,2.6866941108193352e-05,7.919333056649183e-06,0.0334044040292479,0.9665608096965872,0.0334044040292479
2,everything_in_user_tags,514, result,1534,6.0,assistant,40.0,1714,6.0,7.571958900761914e-05,4.975182770271658e-05,0.07055806955139525,0.9293164590318944,0.07055806955139525
2,everything_in_user_tags,515,.,13,6.0,assistant,41.0,1715,6.0,9.4278879440039e-05,3.521356360424463e-05,0.5266972980153812,0.47317320954157444,0.5266972980153812
2,everything_in_user_tags,516, That,4569,6.0,assistant,42.0,1716,6.0,1.4576491470659675e-07,3.5895826886399023e-06,0.9778442180841448,0.02215204656825187,0.9778442180841448
2,everything_in_user_tags,517, is,382,6.0,assistant,43.0,1717,6.0,2.0454229159029153e-05,9.29645964330235e-06,0.5269143523290231,0.47305589698217465,0.5269143523290231
2,everything_in_user_tags,518, a,261,6.0,assistant,44.0,1718,6.0,9.522519477877614e-06,1.2275445328239272e-06,0.9940478358035463,0.0059414141324432,0.9940478358035463
2,everything_in_user_tags,519, concrete,19230,6.0,assistant,45.0,1719,6.0,0.0002662498211433893,0.00023887851575168863,0.5086197626819833,0.4908751089811217,0.5086197626819833
2,everything_in_user_tags,520, finding,12129,6.0,assistant,46.0,1720,6.0,5.2238006468134734e-05,1.3094085756011977e-05,0.026140704915996207,0.9737939629917798,0.026140704915996207
2,everything_in_user_tags,521, if,538,6.0,assistant,47.0,1721,6.0,0.0001168413460246038,0.00013076244026223214,0.7056113835027369,0.29414101271097626,0.7056113835027369
2,everything_in_user_tags,522, the,290,6.0,assistant,48.0,1722,6.0,3.094876448605516e-05,6.264716192086874e-06,0.4050248133320955,0.5949379731872263,0.4050248133320955
2,everything_in_user_tags,523, measurements,29039,6.0,assistant,49.0,1723,6.0,5.454599667394087e-06,3.4327499832732015e-06,0.014253268261778888,0.9857378443885705,0.014253268261778888
2,everything_in_user_tags,524, support,2498,6.0,assistant,50.0,1724,6.0,3.947387857636471e-05,7.577240231099705e-05,0.8549324378813188,0.14495231583779383,0.8549324378813188
2,everything_in_user_tags,525, it,480,6.0,assistant,51.0,1725,6.0,0.00018801068236751876,1.623643003404105e-05,0.4972612176514163,0.5025345352361822,0.4972612176514163
2,everything_in_user_tags,526,.,13,6.0,assistant,52.0,1726,6.0,0.00020945830675938944,6.263333605754729e-05,0.8693254986729069,0.13040240968427622,0.8693254986729069
2,everything_in_user_tags,527, Then,7801,6.0,assistant,53.0,1727,6.0,2.501675137626503e-05,3.5976748141502583e-06,0.8969191650392541,0.10305222053455552,0.8969191650392541
2,everything_in_user_tags,528, explain,16644,6.0,assistant,54.0,1728,6.0,0.00016598046504458897,7.064488702213551e-05,0.698572473093611,0.30119090155432215,0.698572473093611
2,everything_in_user_tags,529, the,290,6.0,assistant,55.0,1729,6.0,0.00013028824611336655,2.3112995595759505e-05,0.020693127831219633,0.9791534709270712,0.020693127831219633
2,everything_in_user_tags,530, main,2758,6.0,assistant,56.0,1730,6.0,3.078666440814996e-05,6.3086796642788375e-06,0.08066061343186205,0.9193022912240655,0.08066061343186205
2,everything_in_user_tags,531, remaining,15448,6.0,assistant,57.0,1731,6.0,3.361962992431304e-06,3.129005379101666e-07,0.008406150815894598,0.9915901743205751,0.008406150815894598
2,everything_in_user_tags,532, uncertainty,44942,6.0,assistant,58.0,1732,6.0,7.300857044831337e-06,3.716559259551289e-06,0.003809404460930623,0.9961795781227649,0.003809404460930623
2,everything_in_user_tags,533,",",11,6.0,assistant,59.0,1733,6.0,0.0001568162901213091,2.298749849427653e-05,0.8570268392285371,0.1427933569828473,0.8570268392285371
2,everything_in_user_tags,534, such,2238,6.0,assistant,60.0,1734,6.0,0.0031013854166302302,0.000599371264316783,0.07140041541889566,0.9248988279001573,0.07140041541889566
2,everything_in_user_tags,535, as,472,6.0,assistant,61.0,1735,6.0,2.544820359026768e-06,3.5890073055056554e-06,0.9191460232048672,0.08084784296746828,0.9191460232048672
2,everything_in_user_tags,536, whether,5588,6.0,assistant,62.0,1736,6.0,3.452278159479676e-05,4.79542685066916e-05,0.034310099964117165,0.9656074229857813,0.034310099964117165
2,everything_in_user_tags,537, the,290,6.0,assistant,63.0,1737,6.0,0.02104099696043366,0.004407987043647015,0.9599487377332926,0.01460227826262672,0.9599487377332926
2,everything_in_user_tags,538, difference,9809,6.0,assistant,64.0,1738,6.0,2.1200164717942884e-06,3.164372212826851e-07,0.0015506660494422628,0.9984468974968648,0.0015506660494422628
2,everything_in_user_tags,539, depends,20102,6.0,assistant,65.0,1739,6.0,0.000468672530809259,0.00010559917265853035,0.03432796805076731,0.965097760245765,0.03432796805076731
2,everything_in_user_tags,540, on,402,6.0,assistant,66.0,1740,6.0,0.0025092420635940763,4.52090348135815e-05,0.13047747292702017,0.8669680759745721,0.13047747292702017
2,everything_in_user_tags,541, lexical,173846,6.0,assistant,67.0,1741,6.0,0.0007430833453273321,0.00010831107612229792,0.4551016784915186,0.5440469270870316,0.4551016784915186
2,everything_in_user_tags,542, overlap,56631,6.0,assistant,68.0,1742,6.0,0.0050028751172874145,0.0007317323813879727,0.38678319696761204,0.6074821955337126,0.38678319696761204
2,everything_in_user_tags,543, between,2870,6.0,assistant,69.0,1743,6.0,0.008393789301570538,0.005958955081177139,0.8922109768482502,0.09343627876900207,0.8922109768482502
2,everything_in_user_tags,544, the,290,6.0,assistant,70.0,1744,6.0,0.004752221579424196,0.003469967605843147,0.945589113111306,0.046188697703426776,0.945589113111306
2,everything_in_user_tags,545, permission,14158,6.0,assistant,71.0,1745,6.0,0.014463233586494966,0.0029541863209736324,0.9091982404977016,0.07338433959482997,0.9091982404977016
2,everything_in_user_tags,546, sentence,21872,6.0,assistant,72.0,1746,6.0,0.2839069536517743,0.2691643935726823,0.37151015736458237,0.07541849541096109,0.37151015736458237
2,everything_in_user_tags,547, and,326,6.0,assistant,73.0,1747,6.0,0.01825513412796358,0.0010531240799603243,0.8315794320321301,0.149112309759946,0.8315794320321301
2,everything_in_user_tags,548, the,290,6.0,assistant,74.0,1748,6.0,0.003229395453258386,0.0006379645497535215,0.08526285857784988,0.9108697814191382,0.08526285857784988
2,everything_in_user_tags,549, instruction,21179,6.0,assistant,75.0,1749,6.0,0.024419020039322278,0.007685834641748671,0.28718800992502264,0.6807071353939065,0.28718800992502264
2,everything_in_user_tags,550,.,13,6.0,assistant,76.0,1750,6.0,0.004359613334881561,0.0015443688445282312,0.778222388356729,0.2158736294638612,0.778222388356729
2,everything_in_user_tags,551, A,355,6.0,assistant,77.0,1751,6.0,0.00028508843498564144,9.457236808845785e-05,0.5431489224598343,0.4564714167370917,0.5431489224598343
2,everything_in_user_tags,552, follow,2622,6.0,assistant,78.0,1752,6.0,1.8344472931626948e-05,0.0006737711190786712,0.9959207067405554,0.0033871776674342514,0.9959207067405554
2,everything_in_user_tags,553,-up,7288,6.0,assistant,79.0,1753,6.0,0.00019314570359228852,0.0002433223974563866,0.33000353937267923,0.6695599925262722,0.33000353937267923
2,everything_in_user_tags,554, can,665,6.0,assistant,80.0,1754,6.0,7.965502425299701e-05,1.6294922335845e-05,0.9489374922051059,0.050966557848305324,0.9489374922051059
2,everything_in_user_tags,555, vary,14899,6.0,assistant,81.0,1755,6.0,0.0013504487882257474,0.00019504497985267308,0.12511854742017747,0.873335958811744,0.12511854742017747
2,everything_in_user_tags,556, the,290,6.0,assistant,82.0,1756,6.0,0.00018760299613246152,2.960175434070081e-05,0.15528617676589068,0.8444966184836361,0.15528617676589068
2,everything_in_user_tags,557, permission,14158,6.0,assistant,83.0,1757,6.0,0.048802982305921325,0.015643351713501272,0.5615955691641555,0.3739580968164219,0.5615955691641555
2,everything_in_user_tags,558, wording,117551,6.0,assistant,84.0,1758,6.0,0.0008540617663860159,0.00013668055167088259,0.851350037005506,0.14765922067643703,0.851350037005506
2,everything_in_user_tags,559, while,2049,6.0,assistant,85.0,1759,6.0,0.0072721267555964355,0.006274275627768124,0.4051258334558431,0.5813277641607923,0.4051258334558431
2,everything_in_user_tags,560, preserving,74564,6.0,assistant,86.0,1760,6.0,0.00014744192307331136,0.00023326669584128234,0.14667468547070692,0.8529446059103785,0.14667468547070692
2,everything_in_user_tags,561, its,1617,6.0,assistant,87.0,1761,6.0,0.01625006824541139,0.0002567840035379697,0.19520729992329455,0.788285847827756,0.19520729992329455
2,everything_in_user_tags,562, intended,15663,6.0,assistant,88.0,1762,6.0,3.039635755180731e-05,9.218707257890686e-07,0.00525754377433216,0.9947111379973903,0.00525754377433216
2,everything_in_user_tags,563, meaning,10915,6.0,assistant,89.0,1763,6.0,0.004589665556742069,0.0004002451227392154,0.5327719159630837,0.46223817335743494,0.5327719159630837
2,everything_in_user_tags,564,.,13,6.0,assistant,90.0,1764,6.0,0.0004930313757311542,4.339065375317072e-05,0.10927332120414902,0.8901902567663666,0.10927332120414902
2,everything_in_user_tags,565, This,1328,6.0,assistant,91.0,1765,6.0,4.090638441096026e-06,1.3527118924794088e-05,0.995557249015806,0.004425133226828096,0.995557249015806
2,everything_in_user_tags,566, lets,19733,6.0,assistant,92.0,1766,6.0,5.718639749228991e-06,1.8710486652766825e-06,0.3179923125455482,0.6820000977660373,0.3179923125455482
2,everything_in_user_tags,567, the,290,6.0,assistant,93.0,1767,6.0,0.00037602253969418154,0.00020588110411679777,0.879714632211945,0.11970346414424396,0.879714632211945
2,everything_in_user_tags,568, reader,10958,6.0,assistant,94.0,1768,6.0,0.0003018553576788877,0.0004497451708174263,0.8805835589975117,0.1186648404739921,0.8805835589975117
2,everything_in_user_tags,569, understand,4218,6.0,assistant,95.0,1769,6.0,4.869167475168172e-05,0.0002721497847803782,0.7074081994087157,0.2922709591317523,0.7074081994087157
2,everything_in_user_tags,570, both,2973,6.0,assistant,96.0,1770,6.0,8.435631591945548e-05,0.00015545723586589063,0.49081427094326135,0.5089459155049533,0.49081427094326135
2,everything_in_user_tags,571, what,1412,6.0,assistant,97.0,1771,6.0,0.0001846047161738965,0.0022239448279444164,0.2158036060394523,0.7817878444164295,0.2158036060394523
2,everything_in_user_tags,572, the,290,6.0,assistant,98.0,1772,6.0,0.002981810561213318,0.02186107916469916,0.7736664916433156,0.20149061863077194,0.7736664916433156
2,everything_in_user_tags,573, current,2208,6.0,assistant,99.0,1773,6.0,0.0013614821546300028,0.002132994243975278,0.2588648738936791,0.7376406497077156,0.2588648738936791
2,everything_in_user_tags,574, comparison,19211,6.0,assistant,100.0,1774,6.0,9.371230868330183e-05,0.008574975530286699,0.0841459703260315,0.9071853418349984,0.0841459703260315
2,everything_in_user_tags,575, establishes,108998,6.0,assistant,101.0,1775,6.0,0.00012107834856352759,0.0008572444521848701,0.8418419516498669,0.15717972554938467,0.8418419516498669
2,everything_in_user_tags,576, and,326,6.0,assistant,102.0,1776,6.0,8.892246578661854e-05,9.624589407046072e-05,0.9404171622320887,0.05939766940805417,0.9404171622320887
2,everything_in_user_tags,577, which,1118,6.0,assistant,103.0,1777,6.0,0.00035727354585031375,0.0005534307912219471,0.06465577424776046,0.9344335214151672,0.06465577424776046
2,everything_in_user_tags,578, broader,50568,6.0,assistant,104.0,1778,6.0,0.0002018025269502329,0.0008228276227586515,0.017594119234594606,0.9813812506156964,0.017594119234594606
2,everything_in_user_tags,579, interpretation,39300,6.0,assistant,105.0,1779,6.0,1.4433864807208152e-05,1.95007440182511e-05,0.007850176965132231,0.9921158884260423,0.007850176965132231
2,everything_in_user_tags,580, still,2928,6.0,assistant,106.0,1780,6.0,0.00011330091892683834,7.156487226585999e-05,0.21556699203896096,0.7842481421698464,0.21556699203896096
2,everything_in_user_tags,581, requires,10860,6.0,assistant,107.0,1781,6.0,9.535784228098633e-05,4.616525373404321e-05,0.04163299883692928,0.9582254780670557,0.04163299883692928
2,everything_in_user_tags,582, another,3613,6.0,assistant,108.0,1782,6.0,0.0001867190156623878,0.00012106687706310389,0.1962426826860888,0.8034495314211857,0.1962426826860888
2,everything_in_user_tags,583, test,1746,6.0,assistant,109.0,1783,6.0,4.3677619750938816e-05,1.8273386191509022e-05,0.026142343540564553,0.973795705453493,0.026142343540564553
2,everything_in_user_tags,584,.,13,6.0,assistant,110.0,1784,6.0,6.468471795629379e-06,3.855213881525766e-05,0.9860936519305938,0.013861327458795286,0.9860936519305938
2,everything_in_user_tags,585,<|end|>,200007,,,,1785,,3.4479243422676736e-05,0.0028451343208408617,0.9970795755915871,4.08108441493303e-05,0.9970795755915871
