prompt_ix,prompt_key,token_ix,token,token_id,base_message_ix,base_message_type,segment_token_ix,sample_ix,seg_ix,display_token_ix,prob,p_system,p_user,p_cot,p_assistant,layer_ix,target_role
0,proper_tags,65,Hi,12194,1.0,user,1.0,65,1.0,1,4.512097097988064e-06,1.2094541895368367e-05,0.9999833933574134,4.512097097988064e-06,3.5931937775192025e-12,12,cot
0,proper_tags,66,!,0,1.0,user,2.0,66,1.0,2,8.11602842835282e-07,4.2657845181237126e-05,0.9999565305481884,8.11602842835282e-07,3.787473504609479e-12,12,cot
0,proper_tags,67, I'm,5477,1.0,user,3.0,67,1.0,3,0.0003143494285028113,4.0506293379528965e-05,0.9996451421387458,0.0003143494285028113,2.1393717532374356e-09,12,cot
0,proper_tags,68, planning,10249,1.0,user,4.0,68,1.0,4,1.640060799609101e-05,7.5735327186062e-05,0.9999078626489215,1.640060799609101e-05,1.4158962834765185e-09,12,cot
0,proper_tags,69, a,261,1.0,user,5.0,69,1.0,5,0.00034826725958998317,0.0053273510289158135,0.9943229888901173,0.00034826725958998317,1.3928213767347482e-06,12,cot
0,proper_tags,70, M,391,1.0,user,6.0,70,1.0,6,5.189258817282963e-05,0.00024584637801023816,0.9997022581143035,5.189258817282963e-05,2.9195133872596987e-09,12,cot
0,proper_tags,71,ATS,42222,1.0,user,7.0,71,1.0,7,3.0966324661140275e-06,6.799558567278738e-05,0.9999288991530233,3.0966324661140275e-06,8.628837708178936e-09,12,cot
0,proper_tags,72, study,5012,1.0,user,8.0,72,1.0,8,6.551940943316264e-07,1.1452690140077966e-05,0.9999878916942896,6.551940943316264e-07,4.2147587498929727e-10,12,cot
0,proper_tags,73, to,316,1.0,user,9.0,73,1.0,9,3.1757840954349774e-06,9.606865016502626e-06,0.9999872172657271,3.1757840954349774e-06,8.516071284288542e-11,12,cot
0,proper_tags,74, discuss,5381,1.0,user,10.0,74,1.0,10,1.5247038976759004e-06,4.442561991093392e-06,0.9999940323726694,1.5247038976759004e-06,3.6144172972738903e-10,12,cot
0,proper_tags,75, with,483,1.0,user,11.0,75,1.0,11,2.346559210602993e-05,1.5270465121681023e-05,0.9999612604176124,2.346559210602993e-05,3.525159861633541e-09,12,cot
0,proper_tags,76, Ne,4475,1.0,user,12.0,76,1.0,12,9.303709035547196e-06,6.758097800236588e-06,0.9999839375198718,9.303709035547196e-06,6.732923155691506e-10,12,cot
0,proper_tags,77,el,296,1.0,user,13.0,77,1.0,13,9.128500324738031e-06,3.777603283433916e-05,0.999953091925021,9.128500324738031e-06,3.5418199660298864e-09,12,cot
0,proper_tags,78,.,13,1.0,user,14.0,78,1.0,14,4.422398352808785e-05,0.00013683527067930728,0.999818931977974,4.422398352808785e-05,8.767818497124783e-09,12,cot
0,proper_tags,79, A,355,1.0,user,15.0,79,1.0,15,0.00018185719619570698,6.835480764761044e-05,0.9997497862755653,0.00018185719619570698,1.7205912772147438e-09,12,cot
0,proper_tags,80, role,5430,1.0,user,16.0,80,1.0,16,0.001154924113716597,0.001806456572119241,0.9970284430736847,0.001154924113716597,1.017624047957395e-05,12,cot
0,proper_tags,81, probe,31925,1.0,user,17.0,81,1.0,17,0.0001358349858562502,0.000762690498756686,0.999099255823263,0.0001358349858562502,2.2186921240164907e-06,12,cot
0,proper_tags,82, seems,7890,1.0,user,18.0,82,1.0,18,1.0272636056469371e-05,0.0004916293658498968,0.9994980944452522,1.0272636056469371e-05,3.5528415744461753e-09,12,cot
0,proper_tags,83, sensitive,24438,1.0,user,19.0,83,1.0,19,0.00026827375742448926,0.00149000089853407,0.9982381443209558,0.00026827375742448926,3.581023085588706e-06,12,cot
0,proper_tags,84, to,316,1.0,user,20.0,84,1.0,20,3.2629271970242624e-06,6.761570119644212e-05,0.9999290096743757,3.2629271970242624e-06,1.1169723067378455e-07,12,cot
0,proper_tags,85, both,2973,1.0,user,21.0,85,1.0,21,0.00011958415410760692,0.0004345350611770591,0.9994453913455086,0.00011958415410760692,4.894392066412835e-07,12,cot
0,proper_tags,86, message,3176,1.0,user,22.0,86,1.0,22,0.0007508115870850882,0.0014543236803467078,0.9976328969422669,0.0007508115870850882,0.00016196779030146213,12,cot
0,proper_tags,87, labels,17125,1.0,user,23.0,87,1.0,23,0.005157083495943419,0.00990767531413438,0.9847494333662754,0.005157083495943419,0.00018580782364684942,12,cot
0,proper_tags,88, and,326,1.0,user,24.0,88,1.0,24,0.028290692673564308,0.01749217461279631,0.9531084199828961,0.028290692673564308,0.0011087127307432638,12,cot
0,proper_tags,89, writing,5281,1.0,user,25.0,89,1.0,25,0.01276180601889592,0.01893186233306409,0.9669462901696827,0.01276180601889592,0.0013600414783571085,12,cot
0,proper_tags,90, style,2713,1.0,user,26.0,90,1.0,26,0.012437745463939586,0.035459089209846,0.9515369069756437,0.012437745463939586,0.0005662583505704678,12,cot
0,proper_tags,91,.,13,1.0,user,27.0,91,1.0,27,0.0006779981133476319,0.0007388106296489541,0.9985802221279116,0.0006779981133476319,2.969129091640748e-06,12,cot
0,proper_tags,92, What,4614,1.0,user,28.0,92,1.0,28,0.001095610813292638,0.0007145420209446278,0.9981898200705771,0.001095610813292638,2.709518557129228e-08,12,cot
0,proper_tags,93, ab,692,1.0,user,29.0,93,1.0,29,0.0012423565437453283,0.0033188455264710477,0.9954148159875806,0.0012423565437453283,2.398194220298913e-05,12,cot
0,proper_tags,94,lation,4247,1.0,user,30.0,94,1.0,30,0.00353202290083036,0.00839306624588011,0.9878028601439075,0.00353202290083036,0.00027205070938213525,12,cot
0,proper_tags,95, would,1481,1.0,user,31.0,95,1.0,31,0.0002067000121337982,0.0003570716866673782,0.9994343200168909,0.0002067000121337982,1.9082843077836083e-06,12,cot
0,proper_tags,96, help,1652,1.0,user,32.0,96,1.0,32,0.001201078999841518,0.00495950669788943,0.9938218334192159,0.001201078999841518,1.7580883053056175e-05,12,cot
0,proper_tags,97, me,668,1.0,user,33.0,97,1.0,33,0.0018980015648171345,0.0024769297927476233,0.9956245424768021,0.0018980015648171345,5.261656331779792e-07,12,cot
0,proper_tags,98, distinguish,59938,1.0,user,34.0,98,1.0,34,0.02212112797377565,0.007645418792712017,0.9666341894706114,0.02212112797377565,0.00359926376290101,12,cot
0,proper_tags,99, those,2617,1.0,user,35.0,99,1.0,35,0.10719504278048027,0.049235677777903386,0.6993781110283019,0.10719504278048027,0.14419116841331445,12,cot
0,proper_tags,100, explanations,69457,1.0,user,36.0,100,1.0,36,0.03617971069028877,0.041407370921523266,0.8429250434627504,0.03617971069028877,0.0794878749254376,12,cot
0,proper_tags,101, while,2049,1.0,user,37.0,101,1.0,37,0.044943665049427914,0.00746160019509562,0.9365915803800327,0.044943665049427914,0.01100315437544395,12,cot
0,proper_tags,102, keeping,13958,1.0,user,38.0,102,1.0,38,0.09388430612985608,0.005498722523925007,0.8516271775746963,0.09388430612985608,0.04898979377152257,12,cot
0,proper_tags,103, the,290,1.0,user,39.0,103,1.0,39,0.006449817632439841,0.01994812609540107,0.9684630993402331,0.006449817632439841,0.0051389569319259774,12,cot
0,proper_tags,104, experiment,12527,1.0,user,40.0,104,1.0,40,0.0017766770678257222,0.001939942463151939,0.9935321656070626,0.0017766770678257222,0.00275121486195971,12,cot
0,proper_tags,105, easy,4224,1.0,user,41.0,105,1.0,41,0.005623711497868263,0.0006273895647987133,0.9923764482566927,0.005623711497868263,0.001372450680640278,12,cot
0,proper_tags,106, to,316,1.0,user,42.0,106,1.0,42,0.09324099065770511,0.015247523717058313,0.17883395638324315,0.09324099065770511,0.7126775292419933,12,cot
0,proper_tags,107, understand,4218,1.0,user,43.0,107,1.0,43,0.0391919385118941,0.002550042769845978,0.9565685207388896,0.0391919385118941,0.0016894979793701274,12,cot
0,proper_tags,115,The,976,2.0,cot,1.0,115,2.0,44,0.9954299756269304,5.248732920105492e-10,8.205925940417883e-09,0.9954299756269304,0.004570015642270274,12,cot
0,proper_tags,116, user,1825,2.0,cot,2.0,116,2.0,45,0.9990688880425835,1.7538953367005043e-08,5.709966656474179e-07,0.9990688880425835,0.0009305234217973068,12,cot
0,proper_tags,117, is,382,2.0,cot,3.0,117,2.0,46,0.9983421996386411,2.661542615894383e-09,2.1272310040160532e-08,0.9983421996386411,0.0016577764275063575,12,cot
0,proper_tags,118, considering,17227,2.0,cot,4.0,118,2.0,47,0.9768712456742555,4.44518155826848e-06,0.0006721114712273322,0.9768712456742555,0.022452197672958838,12,cot
0,proper_tags,119, two,1920,2.0,cot,5.0,119,2.0,48,0.9328993219510048,8.849565371580166e-05,0.0015397338639573544,0.9328993219510048,0.06547244853132218,12,cot
0,proper_tags,120, possible,4149,2.0,cot,6.0,120,2.0,49,0.9822392568934761,2.4206786388529946e-05,0.0009438536986370828,0.9822392568934761,0.016792682621498252,12,cot
0,proper_tags,121, sources,11525,2.0,cot,7.0,121,2.0,50,0.4452824429869406,0.0007238552409883839,0.001387163452404224,0.4452824429869406,0.5526065383196669,12,cot
0,proper_tags,122, of,328,2.0,cot,8.0,122,2.0,51,0.6753144681598241,0.0016504820515484387,0.006172011776418819,0.6753144681598241,0.31686303801220866,12,cot
0,proper_tags,123, a,261,2.0,cot,9.0,123,2.0,52,0.6130969709249634,5.669754152035022e-05,0.0018573906133121942,0.6130969709249634,0.3849889409202039,12,cot
0,proper_tags,124, probe,31925,2.0,cot,10.0,124,2.0,53,0.2785342606195145,0.0012574156166429177,0.012176893758208006,0.2785342606195145,0.7080314300056346,12,cot
0,proper_tags,125, signal,12884,2.0,cot,11.0,125,2.0,54,0.03518266191370738,0.00020572691051152554,0.0011915330325248032,0.03518266191370738,0.9634200781432563,12,cot
0,proper_tags,126,:,25,2.0,cot,12.0,126,2.0,55,0.9194852058459687,2.771182293295059e-06,3.140967476406173e-05,0.9194852058459687,0.08048061329697394,12,cot
0,proper_tags,127, formatting,61348,2.0,cot,13.0,127,2.0,56,0.4856442245514517,0.0035251391733212597,0.0016530001571785956,0.4856442245514517,0.5091776361180484,12,cot
0,proper_tags,128, and,326,2.0,cot,14.0,128,2.0,57,0.9626115103646032,0.0005767386792674077,0.000306481271459652,0.9626115103646032,0.036505269684669626,12,cot
0,proper_tags,129, content,3100,2.0,cot,15.0,129,2.0,58,0.48867202502769885,0.09155901583380867,0.13088894337765136,0.48867202502769885,0.2888800157608412,12,cot
0,proper_tags,130, style,2713,2.0,cot,16.0,130,2.0,59,0.49440991586488936,0.005514718677904364,0.00642525967442846,0.49440991586488936,0.4936501057827778,12,cot
0,proper_tags,131,.,13,2.0,cot,17.0,131,2.0,60,0.9487023873764588,6.046418786441993e-07,1.8437823450878295e-06,0.9487023873764588,0.05129516419931738,12,cot
0,proper_tags,132, I,357,2.0,cot,18.0,132,2.0,61,0.8763155010679463,3.665517769481586e-10,1.670913410725059e-10,0.8763155010679463,0.12368449839841068,12,cot
0,proper_tags,133, should,1757,2.0,cot,19.0,133,2.0,62,0.9975594397694793,2.2483282265805073e-09,2.777168587231539e-09,0.9975594397694793,0.0024405552050240655,12,cot
0,proper_tags,134, turn,3716,2.0,cot,20.0,134,2.0,63,0.9821646883262765,8.390754959069894e-08,4.5184249282952474e-08,0.9821646883262765,0.01783518258192467,12,cot
0,proper_tags,135, these,1879,2.0,cot,21.0,135,2.0,64,0.04508952375441744,8.72400376910861e-08,1.89845701299243e-09,0.04508952375441744,0.9549103871070878,12,cot
0,proper_tags,136, into,1511,2.0,cot,22.0,136,2.0,65,0.7589631821071011,3.162853870962684e-08,1.2724245926976711e-09,0.7589631821071011,0.24103678499193565,12,cot
0,proper_tags,137, factors,11652,2.0,cot,23.0,137,2.0,66,0.015860737855203887,1.614008430779763e-06,7.237479600170816e-08,0.015860737855203887,0.9841375757615693,12,cot
0,proper_tags,138, that,484,2.0,cot,24.0,138,2.0,67,0.12775383611189517,2.561055569762905e-09,9.860616964922361e-10,0.12775383611189517,0.8722461603409876,12,cot
0,proper_tags,139, can,665,2.0,cot,25.0,139,2.0,68,0.028888265373778237,3.667649870579166e-05,2.484000398344469e-06,0.028888265373778237,0.9710725741271178,12,cot
0,proper_tags,140, be,413,2.0,cot,26.0,140,2.0,69,0.05419907051383012,0.00021788200893611479,7.777836912065718e-05,0.05419907051383012,0.9455052691081132,12,cot
0,proper_tags,141, varied,36419,2.0,cot,27.0,141,2.0,70,0.023486683942723085,7.2854259984903315e-06,6.25195824212313e-07,0.023486683942723085,0.9765054054354543,12,cot
0,proper_tags,142, independently,38341,2.0,cot,28.0,142,2.0,71,0.050160149023156166,4.7826069168536735e-06,1.1366476313026819e-06,0.050160149023156166,0.9498339317222957,12,cot
0,proper_tags,143, rather,7542,2.0,cot,29.0,143,2.0,72,0.3897181178413666,7.249936421521192e-08,2.8116097218406654e-08,0.3897181178413666,0.6102817815431719,12,cot
0,proper_tags,144, than,1572,2.0,cot,30.0,144,2.0,73,0.5186086917339464,2.0499755360666035e-06,4.6360641234319987e-07,0.5186086917339464,0.4813887946841051,12,cot
0,proper_tags,145, recommending,86344,2.0,cot,31.0,145,2.0,74,0.8123309401316389,1.576153778539925e-08,4.211884989655672e-08,0.8123309401316389,0.1876690019879734,12,cot
0,proper_tags,146, a,261,2.0,cot,32.0,146,2.0,75,0.20750801270890015,8.800788314271046e-07,1.1998801927011804e-05,0.20750801270890015,0.7924791084103414,12,cot
0,proper_tags,147, large,4410,2.0,cot,33.0,147,2.0,76,0.34574507204701627,5.186413039236347e-07,4.2671546794049654e-07,0.34574507204701627,0.6542539825962119,12,cot
0,proper_tags,148, collection,5801,2.0,cot,34.0,148,2.0,77,0.17326219890744643,2.2145329783288163e-07,2.9373618754328427e-08,0.17326219890744643,0.8267375502656369,12,cot
0,proper_tags,149, of,328,2.0,cot,35.0,149,2.0,78,0.170445888430935,9.110254552081708e-06,2.346320967975759e-06,0.170445888430935,0.829542654993545,12,cot
0,proper_tags,150, loosely,119040,2.0,cot,36.0,150,2.0,79,0.10155404525973175,7.688002860358921e-07,2.154555323986073e-08,0.10155404525973175,0.8984451643944291,12,cot
0,proper_tags,151, related,7168,2.0,cot,37.0,151,2.0,80,0.6556847271012113,5.521183562387742e-07,1.4503419597085666e-07,0.6556847271012113,0.3443145757462365,12,cot
0,proper_tags,152, edits,91408,2.0,cot,38.0,152,2.0,81,0.026592387863869395,3.584396467283102e-05,1.0537996065683174e-06,0.026592387863869395,0.9733707143718512,12,cot
0,proper_tags,153,.,13,2.0,cot,39.0,153,2.0,82,0.9871722818751487,1.0027707146042894e-09,2.030101487588938e-09,0.9871722818751487,0.012827715091979105,12,cot
0,proper_tags,154, Holding,80962,2.0,cot,40.0,154,2.0,83,0.0016207108176090044,9.60227025803735e-09,1.819547695801852e-09,0.0016207108176090044,0.9983792777605731,12,cot
0,proper_tags,155, the,290,2.0,cot,41.0,155,2.0,84,0.01788171577400486,3.736963927235584e-06,2.347403411470936e-05,0.01788171577400486,0.9820910732279533,12,cot
0,proper_tags,156, words,6391,2.0,cot,42.0,156,2.0,85,0.35971205315806604,0.0022792999163000933,0.00048786965248058637,0.35971205315806604,0.6375207772731533,12,cot
0,proper_tags,157, fixed,13213,2.0,cot,43.0,157,2.0,86,0.018159578927341373,2.6570367775567196e-06,2.485138634109221e-06,0.018159578927341373,0.981835278897247,12,cot
0,proper_tags,158, while,2049,2.0,cot,44.0,158,2.0,87,0.007603100636656592,5.719646953600712e-08,3.215928161166904e-08,0.007603100636656592,0.9923968100075924,12,cot
0,proper_tags,159, changing,13784,2.0,cot,45.0,159,2.0,88,0.0006760530154160992,2.5278426680046756e-07,1.1303406992055797e-08,0.0006760530154160992,0.9993236828969101,12,cot
0,proper_tags,160, tags,16613,2.0,cot,46.0,160,2.0,89,0.0015278439944248566,8.848402023365083e-07,1.5716268720214287e-07,0.0015278439944248566,0.9984711140026857,12,cot
0,proper_tags,161, tests,10742,2.0,cot,47.0,161,2.0,90,0.002536223095196364,9.993639234617122e-07,3.2506228530690286e-07,0.002536223095196364,0.9974624524785949,12,cot
0,proper_tags,162, a,261,2.0,cot,48.0,162,2.0,91,0.0010328768543729628,6.352108911390853e-06,1.6619181336725344e-06,0.0010328768543729628,0.998959109118582,12,cot
0,proper_tags,163, formatting,61348,2.0,cot,49.0,163,2.0,92,0.0034163614143584375,7.427980211965567e-05,5.510433688237396e-06,0.0034163614143584375,0.9965038483498337,12,cot
0,proper_tags,164, effect,3159,2.0,cot,50.0,164,2.0,93,0.0006777994727672364,1.3237024556421088e-06,3.9162899526729816e-07,0.0006777994727672364,0.9993204851957818,12,cot
0,proper_tags,165, on,402,2.0,cot,51.0,165,2.0,94,0.0014511217783669747,2.563972021908183e-06,6.684311001938056e-07,0.0014511217783669747,0.9985456458185109,12,cot
0,proper_tags,166, that,484,2.0,cot,52.0,166,2.0,95,0.005245423443595397,4.783247925809384e-06,7.362733224892922e-07,0.005245423443595397,0.9947490570351563,12,cot
0,proper_tags,167, input,3422,2.0,cot,53.0,167,2.0,96,0.004025582520140555,7.801423759018699e-05,1.3416975473136547e-05,0.004025582520140555,0.9958829862667962,12,cot
0,proper_tags,168,.,13,2.0,cot,54.0,168,2.0,97,0.028368251930741883,3.083955332251692e-09,6.341432597264324e-10,0.028368251930741883,0.9716317443511596,12,cot
0,proper_tags,169, Holding,80962,2.0,cot,55.0,169,2.0,98,0.001248612484546312,6.326822174558655e-09,1.1699110002970547e-10,0.001248612484546312,0.9987513810716403,12,cot
0,proper_tags,170, the,290,2.0,cot,56.0,170,2.0,99,0.004602506171136267,2.9806655206212083e-05,1.8033773795560235e-06,0.004602506171136267,0.9953658837962779,12,cot
0,proper_tags,171, tags,16613,2.0,cot,57.0,171,2.0,100,0.12146486712243311,7.927075524302406e-05,2.0649118386336655e-05,0.12146486712243311,0.8784352130039376,12,cot
0,proper_tags,172, fixed,13213,2.0,cot,58.0,172,2.0,101,0.30311656035146217,3.995038012526216e-05,5.898371311787526e-06,0.30311656035146217,0.6968375908971008,12,cot
0,proper_tags,173, while,2049,2.0,cot,59.0,173,2.0,102,0.09368954099336683,1.0264925008657555e-06,7.792546940429248e-08,0.09368954099336683,0.9063093545886629,12,cot
0,proper_tags,174, rewriting,177109,2.0,cot,60.0,174,2.0,103,0.0029819908448920555,3.0637286766007342e-06,2.131681203366223e-07,0.0029819908448920555,0.9970147322583109,12,cot
0,proper_tags,175, style,2713,2.0,cot,61.0,175,2.0,104,0.0016435667435073336,7.873020523619274e-07,6.30016092716333e-08,0.0016435667435073336,0.998355582952831,12,cot
0,proper_tags,176, tests,10742,2.0,cot,62.0,176,2.0,105,0.01547969903275866,5.180399513916475e-07,6.767745371566432e-08,0.01547969903275866,0.9845197152498363,12,cot
0,proper_tags,177, a,261,2.0,cot,63.0,177,2.0,106,0.003386677772887031,5.670737936778865e-07,7.107504094700337e-08,0.003386677772887031,0.9966126840782784,12,cot
0,proper_tags,178, content,3100,2.0,cot,64.0,178,2.0,107,0.0008327801431978691,7.743661227354211e-07,4.094959677922015e-08,0.0008327801431978691,0.9991664045410825,12,cot
0,proper_tags,179, effect,3159,2.0,cot,65.0,179,2.0,108,0.000699095496320143,1.6239198723928703e-08,9.510350823027764e-10,0.000699095496320143,0.999300887313446,12,cot
0,proper_tags,180,",",11,2.0,cot,66.0,180,2.0,109,0.04854529470954415,1.3670534148495884e-07,1.3245431755375135e-08,0.04854529470954415,0.9514545553396827,12,cot
0,proper_tags,181, although,11943,2.0,cot,67.0,181,2.0,110,0.07888251261021548,2.228494472619198e-08,9.201380996168333e-10,0.07888251261021548,0.9211174641847016,12,cot
0,proper_tags,182, the,290,2.0,cot,68.0,182,2.0,111,0.00952723485958719,1.741145405280075e-06,1.6466193785282316e-07,0.00952723485958719,0.9904708593330697,12,cot
0,proper_tags,183, rewrite,50059,2.0,cot,69.0,183,2.0,112,0.044152435462611224,1.6072229573107182e-05,4.283170625928928e-07,0.044152435462611224,0.955831063990753,12,cot
0,proper_tags,184, necessarily,23517,2.0,cot,70.0,184,2.0,113,0.028342353546780066,3.4587748512589615e-07,2.999979403663847e-07,0.028342353546780066,0.9716570005777945,12,cot
0,proper_tags,185, changes,6629,2.0,cot,71.0,185,2.0,114,0.007303734086593635,2.5969169705803887e-06,1.546147637840425e-07,0.007303734086593635,0.9926935143816721,12,cot
0,proper_tags,186, tokens,20290,2.0,cot,72.0,186,2.0,115,0.13090056945052098,0.0005221498236502787,0.0001824811909206349,0.13090056945052098,0.8683947995349081,12,cot
0,proper_tags,187, and,326,2.0,cot,73.0,187,2.0,116,0.0055230145756948726,1.0915985996949418e-06,5.121777641591124e-08,0.0055230145756948726,0.994475842607929,12,cot
0,proper_tags,188, may,1340,2.0,cot,74.0,188,2.0,117,0.013961470371387947,4.801189877537462e-09,2.6712364132629223e-10,0.013961470371387947,0.9860385245602985,12,cot
0,proper_tags,189, introduce,26650,2.0,cot,75.0,189,2.0,118,0.03627746817140153,2.091272153252744e-06,3.994788116110538e-08,0.03627746817140153,0.963720400608564,12,cot
0,proper_tags,190, other,1273,2.0,cot,76.0,190,2.0,119,0.017886841944145027,9.470208508723317e-07,5.341121917100067e-08,0.017886841944145027,0.982112157623785,12,cot
0,proper_tags,191, differences,19504,2.0,cot,77.0,191,2.0,120,0.009724154943802604,3.0724474556836406e-06,8.644026914486828e-07,0.009724154943802604,0.9902719082060503,12,cot
0,proper_tags,192,.,13,2.0,cot,78.0,192,2.0,121,0.9458181525976768,1.9282536887079923e-08,1.0985314584255424e-09,0.9458181525976768,0.054181827021254826,12,cot
0,proper_tags,193, A,355,2.0,cot,79.0,193,2.0,122,0.9968971942228837,1.1804395041854051e-11,7.211803144480914e-12,0.9968971942228837,0.00310280575810012,12,cot
0,proper_tags,194, small,3291,2.0,cot,80.0,194,2.0,123,0.4475399573125194,4.372265352362089e-07,4.5382798797911433e-07,0.4475399573125194,0.5524591516329574,12,cot
0,proper_tags,195, crossed,47928,2.0,cot,81.0,195,2.0,124,0.15227685205645997,1.5048529022831744e-06,9.002507284831496e-08,0.15227685205645997,0.847721553065565,12,cot
0,proper_tags,196, design,2364,2.0,cot,82.0,196,2.0,125,0.2584728687251339,1.2891199161797263e-06,2.1129870446822423e-07,0.2584728687251339,0.7415256308562455,12,cot
0,proper_tags,197, can,665,2.0,cot,83.0,197,2.0,126,0.99072877292826,1.1847501445334123e-08,3.863397593149865e-09,0.99072877292826,0.009271211360841016,12,cot
0,proper_tags,198, expose,49768,2.0,cot,84.0,198,2.0,127,0.013679662596173718,8.979039956868167e-07,4.779286232243928e-08,0.013679662596173718,0.9863193917069683,12,cot
0,proper_tags,199, interactions,30722,2.0,cot,85.0,199,2.0,128,0.003604713752067851,4.8998339293285166e-05,3.181927239040227e-06,0.003604713752067851,0.9963431059813997,12,cot
0,proper_tags,200, between,2870,2.0,cot,86.0,200,2.0,129,0.09772106980757898,2.397558503316377e-05,6.792010250958085e-07,0.09772106980757898,0.9022542754063627,12,cot
0,proper_tags,201, the,290,2.0,cot,87.0,201,2.0,130,0.1287761021119922,4.5596536717370826e-05,3.564659709092114e-05,0.1287761021119922,0.8711426547541995,12,cot
0,proper_tags,202, two,1920,2.0,cot,88.0,202,2.0,131,0.014706794487413747,6.08878792754877e-06,1.695817379238216e-06,0.014706794487413747,0.9852854209072794,12,cot
0,proper_tags,203,.,13,2.0,cot,89.0,203,2.0,132,0.6360334053162008,1.0366934806320052e-07,8.976213781059824e-08,0.6360334053162008,0.3639664012523132,12,cot
0,proper_tags,204, I,357,2.0,cot,90.0,204,2.0,133,0.9867984565839428,8.417393678061007e-12,8.587918726740775e-13,0.9867984565839428,0.01320154340678098,12,cot
0,proper_tags,205, should,1757,2.0,cot,91.0,205,2.0,134,0.9813994122498068,5.920108379506149e-12,2.893944595852827e-12,0.9813994122498068,0.018600587741379185,12,cot
0,proper_tags,206, explain,16644,2.0,cot,92.0,206,2.0,135,0.9903543284108068,2.137412201653589e-10,1.4194559451664904e-10,0.9903543284108068,0.009645671233506167,12,cot
0,proper_tags,207, what,1412,2.0,cot,93.0,207,2.0,136,0.7175529202320817,2.0841317283700626e-08,1.0632466442971873e-09,0.7175529202320817,0.2824470578633544,12,cot
0,proper_tags,208, each,2454,2.0,cot,94.0,208,2.0,137,0.3616694318422556,8.595260463349112e-08,4.620229487836562e-09,0.3616694318422556,0.6383304775849102,12,cot
0,proper_tags,209, comparison,19211,2.0,cot,95.0,209,2.0,138,0.0249308122149015,2.3216668116377117e-07,2.5169767804730165e-09,0.0249308122149015,0.9750689531014405,12,cot
0,proper_tags,210, isolates,150862,2.0,cot,96.0,210,2.0,139,0.0021105146634651183,3.246074071999173e-08,9.606535111775595e-11,0.0021105146634651183,0.9978894527797288,12,cot
0,proper_tags,211, and,326,2.0,cot,97.0,211,2.0,140,0.3834040066385069,2.5265754771659695e-10,2.6738804255584732e-11,0.3834040066385069,0.6165959930820968,12,cot
0,proper_tags,212, where,1919,2.0,cot,98.0,212,2.0,141,0.02508746740695414,3.5302717677994393e-09,1.038507477273164e-11,0.02508746740695414,0.9749125290523891,12,cot
0,proper_tags,213, residual,54782,2.0,cot,99.0,213,2.0,142,0.000564706237630702,1.707551370368062e-09,4.671508459298875e-12,0.000564706237630702,0.9994352920501465,12,cot
0,proper_tags,214, ambiguity,154576,2.0,cot,100.0,214,2.0,143,0.00326830189009088,6.972690534666066e-09,1.4162270781713695e-10,0.00326830189009088,0.9967316909955959,12,cot
0,proper_tags,215, remains,14777,2.0,cot,101.0,215,2.0,144,0.20168323202014876,3.0609429866394996e-09,2.3585969243928892e-11,0.20168323202014876,0.7983167648953222,12,cot
0,proper_tags,223,Begin,18660,3.0,assistant,1.0,223,3.0,145,0.0008806605541430381,3.170915381853614e-11,8.955473545304088e-12,0.0008806605541430381,0.9991193394051923,12,cot
0,proper_tags,224, with,483,3.0,assistant,2.0,224,3.0,146,0.00023101306743001648,2.352056501972909e-11,5.937833316543631e-12,0.00023101306743001648,0.9997689869031117,12,cot
0,proper_tags,225, a,261,3.0,assistant,3.0,225,3.0,147,7.914373178112693e-05,3.97466618809641e-12,2.60681257845793e-13,7.914373178112693e-05,0.9999208562639834,12,cot
0,proper_tags,226, crossed,47928,3.0,assistant,4.0,226,3.0,148,4.532814668894693e-05,2.480522928022879e-11,4.3645204190523087e-13,4.532814668894693e-05,0.9999546718280693,12,cot
0,proper_tags,227, comparison,19211,3.0,assistant,5.0,227,3.0,149,2.379615009717594e-05,4.52953129017126e-12,2.6326994329127096e-13,2.379615009717594e-05,0.99997620384511,12,cot
0,proper_tags,228,.,13,3.0,assistant,6.0,228,3.0,150,0.00024187963972524938,6.114177290842178e-13,2.802990502561069e-13,0.00024187963972524938,0.999758120359383,12,cot
0,proper_tags,229, Take,14166,3.0,assistant,7.0,229,3.0,151,2.6964929171237915e-05,1.0628383466384871e-11,8.544633853426245e-14,2.6964929171237915e-05,0.9999730350601149,12,cot
0,proper_tags,230, the,290,3.0,assistant,8.0,230,3.0,152,0.0015844505665002417,1.579584388968871e-08,7.970763240833913e-10,0.0015844505665002417,0.9984155328405795,12,cot
0,proper_tags,231, same,2684,3.0,assistant,9.0,231,3.0,153,9.7249579595674e-05,5.528972847255805e-10,3.103859479790748e-11,9.7249579595674e-05,0.9999027498364685,12,cot
0,proper_tags,232, passage,26368,3.0,assistant,10.0,232,3.0,154,2.887170564912782e-05,3.7465408766121875e-09,2.0357875983521346e-10,2.887170564912782e-05,0.9999711243442312,12,cot
0,proper_tags,233, and,326,3.0,assistant,11.0,233,3.0,155,0.0001485466356043522,7.790383705375908e-11,7.348922674107965e-12,0.0001485466356043522,0.9998514532791428,12,cot
0,proper_tags,234, render,5898,3.0,assistant,12.0,234,3.0,156,3.9329851699327434e-05,8.219294467085302e-10,3.2461869762536325e-10,3.9329851699327434e-05,0.9999606690017526,12,cot
0,proper_tags,235, it,480,3.0,assistant,13.0,235,3.0,157,0.002001792698850869,1.0853338016577419e-08,5.16110646361581e-09,0.002001792698850869,0.9979981912867045,12,cot
0,proper_tags,236, under,1641,3.0,assistant,14.0,236,3.0,158,0.0002688507230732595,6.370152433895395e-11,1.0154532349977287e-11,0.0002688507230732595,0.9997311492030707,12,cot
0,proper_tags,237, two,1920,3.0,assistant,15.0,237,3.0,159,0.00010569979312973964,2.7812744826269336e-10,3.1902211253725624e-11,0.00010569979312973964,0.9998942998968405,12,cot
0,proper_tags,238, role,5430,3.0,assistant,16.0,238,3.0,160,0.021432557777745016,3.0445641751185312e-05,1.4776905111212278e-06,0.021432557777745016,0.9785355188899926,12,cot
0,proper_tags,239, labels,17125,3.0,assistant,17.0,239,3.0,161,0.01380713649792312,1.209090709770373e-06,5.91727850293121e-07,0.01380713649792312,0.986191062683517,12,cot
0,proper_tags,240,;,26,3.0,assistant,18.0,240,3.0,162,9.492475766677544e-05,4.038734567881185e-11,2.376065126916882e-11,9.492475766677544e-05,0.9999050751781853,12,cot
0,proper_tags,241, then,1815,3.0,assistant,19.0,241,3.0,163,0.00021711285479157923,3.791777177393508e-11,3.0391607174905197e-12,0.00021711285479157923,0.9997828871042516,12,cot
0,proper_tags,242, repeat,22962,3.0,assistant,20.0,242,3.0,164,0.0008827529454664843,3.2505819998205996e-10,6.054534523069443e-11,0.0008827529454664843,0.9991172466689299,12,cot
0,proper_tags,243, those,2617,3.0,assistant,21.0,243,3.0,165,0.00034321072234326337,4.1017254897960124e-10,6.402157600231258e-11,0.00034321072234326337,0.9996567888034625,12,cot
0,proper_tags,244, labels,17125,3.0,assistant,22.0,244,3.0,166,0.02422103751800654,1.3229727400530034e-06,4.8372440851976e-07,0.02422103751800654,0.9757771557848449,12,cot
0,proper_tags,245, with,483,3.0,assistant,23.0,245,3.0,167,0.005004224114969752,3.654806844348242e-08,1.364426891629942e-08,0.005004224114969752,0.994995725692693,12,cot
0,proper_tags,246, a,261,3.0,assistant,24.0,246,3.0,168,0.00022257336817423039,6.402120411519514e-10,3.333218352977762e-11,0.00022257336817423039,0.9997774259582816,12,cot
0,proper_tags,247, second,3099,3.0,assistant,25.0,247,3.0,169,3.9939553247019986e-05,2.6703332119715947e-11,1.9689752178424926e-12,3.9939553247019986e-05,0.9999600604180807,12,cot
0,proper_tags,248, version,3926,3.0,assistant,26.0,248,3.0,170,0.0006338021616971186,2.6120991436897483e-09,1.966848876519956e-09,0.0006338021616971186,0.9993661932593549,12,cot
0,proper_tags,249, that,484,3.0,assistant,27.0,249,3.0,171,6.401377963635007e-05,1.4371712735924814e-11,1.4022638694733064e-12,6.401377963635007e-05,0.9999359862045898,12,cot
0,proper_tags,250, expresses,108103,3.0,assistant,28.0,250,3.0,172,8.139479254603078e-05,3.0096220867930425e-09,7.468468107573619e-11,8.139479254603078e-05,0.9999186021231473,12,cot
0,proper_tags,251, the,290,3.0,assistant,29.0,251,3.0,173,0.000615364790249789,1.1454999423993558e-07,1.408248222537898e-09,0.000615364790249789,0.9993845192515077,12,cot
0,proper_tags,252, same,2684,3.0,assistant,30.0,252,3.0,174,0.00011462136614725296,1.5428150257570817e-08,3.302957006136667e-10,0.00011462136614725296,0.9998853628754067,12,cot
0,proper_tags,253, substance,30837,3.0,assistant,31.0,253,3.0,175,1.4296424995265351e-05,2.81510445908653e-11,2.286206621530052e-12,1.4296424995265351e-05,0.9999857035445676,12,cot
0,proper_tags,254, in,306,3.0,assistant,32.0,254,3.0,176,0.00017104011681770835,2.277617278573015e-09,9.903869513216037e-11,0.00017104011681770835,0.9998289575065262,12,cot
0,proper_tags,255, a,261,3.0,assistant,33.0,255,3.0,177,3.5389303613725455e-06,1.3666601356895842e-10,8.23219326962887e-12,3.5389303613725455e-06,0.9999964609247405,12,cot
0,proper_tags,256, different,2647,3.0,assistant,34.0,256,3.0,178,2.745676613098963e-05,3.9373495283006986e-10,3.152931479893408e-11,2.745676613098963e-05,0.9999725428086048,12,cot
0,proper_tags,257, style,2713,3.0,assistant,35.0,257,3.0,179,1.3869487436095922e-05,1.3849498747226468e-10,1.6393025750461277e-11,1.3869487436095922e-05,0.999986130357676,12,cot
0,proper_tags,258,.,13,3.0,assistant,36.0,258,3.0,180,5.30073854369145e-07,9.353793287620203e-15,8.740063058359599e-17,5.30073854369145e-07,0.9999994699261362,12,cot
0,proper_tags,259, This,1328,3.0,assistant,37.0,259,3.0,181,1.6487924639147295e-05,1.074650119092337e-14,3.7659001308317486e-16,1.6487924639147295e-05,0.9999835120753497,12,cot
0,proper_tags,260, gives,8967,3.0,assistant,38.0,260,3.0,182,3.407623550387273e-07,7.0724976194790434e-15,8.688741864107419e-18,3.407623550387273e-07,0.9999996592376379,12,cot
0,proper_tags,261, four,4242,3.0,assistant,39.0,261,3.0,183,4.565989129104869e-05,2.3811030415262384e-11,1.2431979410346376e-13,4.565989129104869e-05,0.9999543400847736,12,cot
0,proper_tags,262, conditions,6409,3.0,assistant,40.0,262,3.0,184,0.00022217848531579795,2.5017440966042637e-09,3.401728185636662e-11,0.00022217848531579795,0.9997778189789227,12,cot
0,proper_tags,263,.,13,3.0,assistant,41.0,263,3.0,185,4.755908413826663e-06,1.9334388475177447e-13,3.6700765543632247e-16,4.755908413826663e-06,0.9999952440913924,12,cot
0,proper_tags,264, Compare,38200,3.0,assistant,42.0,264,3.0,186,2.032068515522683e-06,2.4575062183895792e-12,1.360531315981172e-14,2.032068515522683e-06,0.9999979679290134,12,cot
0,proper_tags,265, labels,17125,3.0,assistant,43.0,265,3.0,187,0.001139086052128366,5.017167908195604e-07,4.2938997643039086e-07,0.001139086052128366,0.9988599828411044,12,cot
0,proper_tags,266, within,3518,3.0,assistant,44.0,266,3.0,188,9.552826726139925e-06,2.5867890221938065e-11,3.439251021025896e-12,9.552826726139925e-06,0.9999904471439667,12,cot
0,proper_tags,267, each,2454,3.0,assistant,45.0,267,3.0,189,3.919523818012522e-06,3.4256732613688028e-12,1.5858272059118668e-12,3.919523818012522e-06,0.9999960804711704,12,cot
0,proper_tags,268, wording,117551,3.0,assistant,46.0,268,3.0,190,7.854909917778257e-06,3.446223094808679e-09,3.252566470312001e-10,7.854909917778257e-06,0.9999921413186025,12,cot
0,proper_tags,269,",",11,3.0,assistant,47.0,269,3.0,191,1.3756549173877003e-05,6.460804780809607e-12,2.323728052791092e-12,1.3756549173877003e-05,0.9999862434420417,12,cot
0,proper_tags,270, and,326,3.0,assistant,48.0,270,3.0,192,2.729220812108694e-06,6.778834787520276e-14,3.979002955713989e-15,2.729220812108694e-06,0.9999972707791163,12,cot
0,proper_tags,271, compare,12221,3.0,assistant,49.0,271,3.0,193,3.7642202186315816e-05,3.416620170292599e-11,1.4480810595029e-12,3.7642202186315816e-05,0.9999623577621994,12,cot
0,proper_tags,272, wording,117551,3.0,assistant,50.0,272,3.0,194,0.0003508369317018462,2.2248364491745015e-09,1.0411631104504551e-10,0.0003508369317018462,0.9996491607393453,12,cot
0,proper_tags,273, within,3518,3.0,assistant,51.0,273,3.0,195,0.0009205676214066588,3.798612817571379e-09,4.4208877444019185e-11,0.0009205676214066588,0.9990794285357717,12,cot
0,proper_tags,274, each,2454,3.0,assistant,52.0,274,3.0,196,3.2298641348481594e-05,2.8252408756306227e-10,3.274404816164947e-11,3.2298641348481594e-05,0.9999677010433833,12,cot
0,proper_tags,275, label,4208,3.0,assistant,53.0,275,3.0,197,5.036352370248491e-06,1.0901783712579796e-09,9.712223712341443e-10,5.036352370248491e-06,0.9999949615862289,12,cot
0,proper_tags,276,.,13,3.0,assistant,54.0,276,3.0,198,1.5363714511088375e-06,2.0027598869699693e-14,7.841144066238245e-17,1.5363714511088375e-06,0.9999984636285287,12,cot
0,proper_tags,277, Keep,16835,3.0,assistant,55.0,277,3.0,199,5.919519620692331e-06,4.882061410139224e-14,1.3599704733558574e-16,5.919519620692331e-06,0.9999940804803303,12,cot
0,proper_tags,278, the,290,3.0,assistant,56.0,278,3.0,200,4.586332834478388e-06,6.4601230848202465e-12,6.6376335433592e-14,4.586332834478388e-06,0.9999954136606389,12,cot
0,proper_tags,279, surrounding,20708,3.0,assistant,57.0,279,3.0,201,0.0021896614527384707,3.016554843644858e-07,1.643842093167459e-08,0.0021896614527384707,0.9978100204533562,12,cot
0,proper_tags,280, conversation,15681,3.0,assistant,58.0,280,3.0,202,0.0005428358603926848,7.034249614271045e-07,9.226490193465971e-09,0.0005428358603926848,0.9994564514881558,12,cot
0,proper_tags,281, fixed,13213,3.0,assistant,59.0,281,3.0,203,1.3736097330886655e-05,6.536311610602684e-11,6.059204981746521e-13,1.3736097330886655e-05,0.9999862638367,12,cot
0,proper_tags,282,",",11,3.0,assistant,60.0,282,3.0,204,6.3600734306515935e-06,6.681748986149463e-13,4.493119552325769e-15,6.3600734306515935e-06,0.9999936399258966,12,cot
0,proper_tags,283, including,3463,3.0,assistant,61.0,283,3.0,205,0.00011524633563796377,2.882037912319595e-09,2.212758858824205e-11,0.00011524633563796377,0.9998847507601965,12,cot
0,proper_tags,284, its,1617,3.0,assistant,62.0,284,3.0,206,7.661438034974533e-05,3.4134553371561347e-09,1.1820667631956335e-11,7.661438034974533e-05,0.9999233821943743,12,cot
0,proper_tags,285, order,2569,3.0,assistant,63.0,285,3.0,207,0.001250244462795302,3.795515285988388e-07,9.365551891319691e-09,0.001250244462795302,0.9987493666201241,12,cot
0,proper_tags,286, and,326,3.0,assistant,64.0,286,3.0,208,2.8671603519426685e-05,1.4740474325022106e-09,5.780494607136286e-12,2.8671603519426685e-05,0.9999713269166527,12,cot
0,proper_tags,287, length,5517,3.0,assistant,65.0,287,3.0,209,0.0017386902567519498,1.3111011036011644e-07,1.3230740935118024e-09,0.0017386902567519498,0.9982611773100635,12,cot
0,proper_tags,288, wherever,37059,3.0,assistant,66.0,288,3.0,210,9.618372769429977e-05,2.9720289032961485e-10,1.0370270289406714e-11,9.618372769429977e-05,0.9999038159647324,12,cot
0,proper_tags,289, possible,4149,3.0,assistant,67.0,289,3.0,211,8.762113590263282e-06,9.664892617878801e-13,7.941166493968282e-16,8.762113590263282e-06,0.9999912378854424,12,cot
0,proper_tags,290,.,13,3.0,assistant,68.0,290,3.0,212,3.2221426989218134e-06,1.972858049768352e-15,3.1886468353081317e-18,3.2221426989218134e-06,0.999996777857299,12,cot
0,proper_tags,291, If,1843,3.0,assistant,69.0,291,3.0,213,1.9517093970542787e-06,1.1992624859790569e-12,7.119001475511781e-16,1.9517093970542787e-06,0.9999980482894029,12,cot
0,proper_tags,292, the,290,3.0,assistant,70.0,292,3.0,214,2.4372626560160314e-06,1.5099865985044228e-10,1.7455310402349646e-13,2.4372626560160314e-06,0.9999975625861708,12,cot
0,proper_tags,293, effect,3159,3.0,assistant,71.0,293,3.0,215,4.388510998860257e-06,6.798787291550986e-11,2.291037323050721e-13,4.388510998860257e-06,0.9999956114207842,12,cot
0,proper_tags,294, of,328,3.0,assistant,72.0,294,3.0,216,0.00011195712439331832,4.667125056062483e-10,8.129291804142181e-12,0.00011195712439331832,0.9998880424007649,12,cot
0,proper_tags,295, a,261,3.0,assistant,73.0,295,3.0,217,0.00032755601599146396,1.1260322548776106e-08,4.430951524131829e-11,0.00032755601599146396,0.9996724326793764,12,cot
0,proper_tags,296, label,4208,3.0,assistant,74.0,296,3.0,218,0.001224868761266895,2.32457833361969e-06,4.47622367985001e-07,0.001224868761266895,0.9987723590380315,12,cot
0,proper_tags,297, changes,6629,3.0,assistant,75.0,297,3.0,219,4.472507817139904e-06,3.2712864839226913e-09,7.2362033373032264e-12,4.472507817139904e-06,0.9999955242136601,12,cot
0,proper_tags,298, across,5251,3.0,assistant,76.0,298,3.0,220,2.985551352355877e-06,5.178149023469749e-10,4.942789260606617e-12,2.985551352355877e-06,0.99999701392589,12,cot
0,proper_tags,299, styles,12849,3.0,assistant,77.0,299,3.0,221,8.042115498613635e-07,6.559847910748536e-10,1.1260057722152035e-11,8.042115498613635e-07,0.9999991951212052,12,cot
0,proper_tags,300,",",11,3.0,assistant,78.0,300,3.0,222,1.1511043767818373e-05,1.9473525649577333e-10,5.228255529284443e-13,1.1511043767818373e-05,0.9999884887609741,12,cot
0,proper_tags,301, show,2356,3.0,assistant,79.0,301,3.0,223,5.636080264804956e-05,9.267977589451495e-11,3.513457666762497e-12,5.636080264804956e-05,0.9999436391011587,12,cot
0,proper_tags,302, that,484,3.0,assistant,80.0,302,3.0,224,2.4892728509804363e-05,4.067823351224007e-10,7.520146192884923e-11,2.4892728509804363e-05,0.9999751067895063,12,cot
0,proper_tags,303, interaction,22391,3.0,assistant,81.0,303,3.0,225,1.0345236333234248e-06,3.327292579982924e-10,5.1916320260727035e-12,1.0345236333234248e-06,0.9999989651384458,12,cot
0,proper_tags,304, rather,7542,3.0,assistant,82.0,304,3.0,226,1.1325813769788582e-05,3.449259897644908e-12,9.74348346715725e-14,1.1325813769788582e-05,0.9999886741826836,12,cot
0,proper_tags,305, than,1572,3.0,assistant,83.0,305,3.0,227,1.0427076495978216e-05,7.575114460906055e-11,3.729962242236689e-12,1.0427076495978216e-05,0.9999895728440228,12,cot
0,proper_tags,306, reporting,20790,3.0,assistant,84.0,306,3.0,228,3.0662474649485848e-06,8.941565373562153e-12,5.1098695059740764e-14,3.0662474649485848e-06,0.9999969337435423,12,cot
0,proper_tags,307, only,1606,3.0,assistant,85.0,307,3.0,229,0.00011934955738932568,4.4165914955718906e-10,7.781438627965711e-12,0.00011934955738932568,0.9998806499931702,12,cot
0,proper_tags,308, one,1001,3.0,assistant,86.0,308,3.0,230,0.0005684489502666497,3.5336852441787e-09,4.560465510590814e-10,0.0005684489502666497,0.9994315470600016,12,cot
0,proper_tags,309, overall,10705,3.0,assistant,87.0,309,3.0,231,3.3109902180168314e-06,4.123472165516694e-11,1.3556115784812389e-11,3.3109902180168314e-06,0.9999966889549912,12,cot
0,proper_tags,310, average,7848,3.0,assistant,88.0,310,3.0,232,1.6598938009736048e-06,1.0180375793315537e-11,5.202405187449736e-13,1.6598938009736048e-06,0.9999983400954983,12,cot
0,proper_tags,311,.,13,3.0,assistant,89.0,311,3.0,233,3.173650688220959e-07,2.1850852378464036e-16,6.127293057030816e-19,3.173650688220959e-07,0.999999682634931,12,cot
0,proper_tags,312, Preserve,140469,3.0,assistant,90.0,312,3.0,234,2.920835695989255e-06,1.984311681462535e-13,3.0823653124616055e-16,2.920835695989255e-06,0.9999970791641052,12,cot
0,proper_tags,313, both,2973,3.0,assistant,91.0,313,3.0,235,9.158930576919116e-06,1.6622604331208033e-10,4.71724104679479e-13,9.158930576919116e-06,0.9999908409027252,12,cot
0,proper_tags,314, word,2195,3.0,assistant,92.0,314,3.0,236,0.0014741480193594463,9.002721408415955e-07,3.4763616491070874e-08,0.0014741480193594463,0.9985249169448831,12,cot
0,proper_tags,315,ings,963,3.0,assistant,93.0,315,3.0,237,8.652871761498082e-05,2.2345397984989213e-08,2.8294091190492424e-10,8.652871761498082e-05,0.999913448654046,12,cot
0,proper_tags,316, so,813,3.0,assistant,94.0,316,3.0,238,3.136113219686257e-05,8.334959088216813e-11,2.532551095487111e-13,3.136113219686257e-05,0.9999686387842003,12,cot
0,proper_tags,317, readers,15116,3.0,assistant,95.0,317,3.0,239,3.998960272874509e-05,1.3635321718317234e-10,5.481828577094431e-12,3.998960272874509e-05,0.9999600102554362,12,cot
0,proper_tags,318, can,665,3.0,assistant,96.0,318,3.0,240,0.0003093984684737778,1.2566813799631609e-09,2.5145292248654038e-11,0.0003093984684737778,0.9996906002496996,12,cot
0,proper_tags,319, judge,23319,3.0,assistant,97.0,319,3.0,241,3.249277566593888e-05,3.938455630093742e-11,1.1360823727381513e-12,3.249277566593888e-05,0.9999675071838134,12,cot
0,proper_tags,320, whether,5588,3.0,assistant,98.0,320,3.0,242,2.9752374118356732e-05,7.861648336192009e-10,6.782157186407338e-12,2.9752374118356732e-05,0.9999702468329347,12,cot
0,proper_tags,321, the,290,3.0,assistant,99.0,321,3.0,243,3.785162081940553e-05,3.523505771950961e-09,1.0054246727094714e-10,3.785162081940553e-05,0.9999621447551322,12,cot
0,proper_tags,322, rewrite,50059,3.0,assistant,100.0,322,3.0,244,2.193463336006924e-06,5.516418804659073e-11,1.029560840432242e-12,2.193463336006924e-06,0.9999978064804702,12,cot
0,proper_tags,323, introduced,17882,3.0,assistant,101.0,323,3.0,245,4.106495444880561e-06,2.5607788385089445e-11,2.522195052634444e-13,4.106495444880561e-06,0.9999958934786952,12,cot
0,proper_tags,324, a,261,3.0,assistant,102.0,324,3.0,246,2.0424176388865404e-05,1.2934102234894257e-08,5.035160085316837e-10,2.0424176388865404e-05,0.999979562385993,12,cot
0,proper_tags,325, new,620,3.0,assistant,103.0,325,3.0,247,3.2920135157995835e-05,3.0916986975925293e-09,4.6149270861999936e-11,3.2920135157995835e-05,0.9999670767269939,12,cot
0,proper_tags,326, topic,10901,3.0,assistant,104.0,326,3.0,248,0.0002902463512936316,1.307693226306154e-07,1.6343974201723294e-08,0.0002902463512936316,0.9997096065354096,12,cot
0,proper_tags,327, or,503,3.0,assistant,105.0,327,3.0,249,7.526539996862876e-06,2.0928974807869643e-11,2.9555365688632846e-13,7.526539996862876e-06,0.9999924734387786,12,cot
0,proper_tags,328, instruction,21179,3.0,assistant,106.0,328,3.0,250,0.0010970526374682705,2.293938457894571e-06,9.278247109933341e-08,0.0010970526374682705,0.9989005606416028,12,cot
0,proper_tags,329, that,484,3.0,assistant,107.0,329,3.0,251,0.0006230335555649138,5.177066558126188e-08,1.3729043257234348e-09,0.0006230335555649138,0.9993769133008651,12,cot
0,proper_tags,330, could,2023,3.0,assistant,108.0,330,3.0,252,1.6243152049675863e-05,9.740241421320223e-11,6.840278718466162e-13,1.6243152049675863e-05,0.9999837567498638,12,cot
0,proper_tags,331, explain,16644,3.0,assistant,109.0,331,3.0,253,1.8191197350957497e-06,1.5701530351326514e-11,1.1726186018656413e-13,1.8191197350957497e-06,0.9999981808644461,12,cot
0,proper_tags,332, the,290,3.0,assistant,110.0,332,3.0,254,6.629871760915147e-07,1.6327221493262346e-10,3.759711712958128e-12,6.629871760915147e-07,0.9999993368457919,12,cot
0,proper_tags,333, difference,9809,3.0,assistant,111.0,333,3.0,255,1.8204713842157437e-06,2.1519906755880698e-10,2.005591262084252e-11,1.8204713842157437e-06,0.9999981792933609,12,cot
0,proper_tags,339,That,7924,4.0,user,1.0,339,4.0,256,0.5348161514977592,3.958957337386097e-06,0.0003051931728667436,0.5348161514977592,0.46487469637203677,12,cot
0,proper_tags,340, sounds,15538,4.0,user,2.0,340,4.0,257,0.005302199165879673,2.7348484097651826e-07,0.00011429725893766681,0.005302199165879673,0.9945832300903416,12,cot
0,proper_tags,341, manageable,105350,4.0,user,3.0,341,4.0,258,0.0658385390096247,2.728479995363051e-06,0.0019436243740995343,0.0658385390096247,0.9322151081362805,12,cot
0,proper_tags,342,.,13,4.0,user,4.0,342,4.0,259,0.020098505569402465,3.811337669384712e-05,0.002379263995126129,0.020098505569402465,0.9774841170587777,12,cot
0,proper_tags,343, How,3253,4.0,user,5.0,343,4.0,260,0.45701826847314925,3.10454567699304e-05,0.00021300738079040325,0.45701826847314925,0.5427376786892905,12,cot
0,proper_tags,344, should,1757,4.0,user,6.0,344,4.0,261,0.6594916890786786,1.1850959155499523e-05,0.28862280368540055,0.6594916890786786,0.05187365627676536,12,cot
0,proper_tags,345, I,357,4.0,user,7.0,345,4.0,262,0.10630318776805318,2.3364439896905396e-05,0.000142481712617547,0.10630318776805318,0.8935309660794324,12,cot
0,proper_tags,346, decide,13001,4.0,user,8.0,346,4.0,263,0.12175535516686625,2.0330728362621192e-06,0.0006299593782909621,0.12175535516686625,0.8776126523820065,12,cot
0,proper_tags,347, which,1118,4.0,user,9.0,347,4.0,264,0.08074397346902344,4.282398096356801e-07,5.9471950730064584e-06,0.08074397346902344,0.9192496510960939,12,cot
0,proper_tags,348, parts,7881,4.0,user,10.0,348,4.0,265,0.001970070902262852,1.165185424177576e-06,1.4878547749558352e-06,0.001970070902262852,0.998027276057538,12,cot
0,proper_tags,349, of,328,4.0,user,11.0,349,4.0,266,0.022649629139508985,1.7604886661002562e-06,8.883610063570556e-06,0.022649629139508985,0.9773397267617614,12,cot
0,proper_tags,350, the,290,4.0,user,12.0,350,4.0,267,0.00857977739163996,6.777450211595615e-05,0.0004959662511704982,0.00857977739163996,0.9908564818550736,12,cot
0,proper_tags,351, wording,117551,4.0,user,13.0,351,4.0,268,0.004246411193033932,7.976097879793986e-06,7.50404717866119e-05,0.004246411193033932,0.9956705722372997,12,cot
0,proper_tags,352, to,316,4.0,user,14.0,352,4.0,269,0.0077895189847640945,1.977871597313118e-06,1.3203395192634292e-05,0.0077895189847640945,0.992195299748446,12,cot
0,proper_tags,353, change,3343,4.0,user,15.0,353,4.0,270,0.0007813615594286627,2.5551888498650203e-07,4.88999214229961e-07,0.0007813615594286627,0.9992178939224722,12,cot
0,proper_tags,354,?,30,4.0,user,16.0,354,4.0,271,0.024212532703645314,1.899412284503574e-07,8.970945712619764e-06,0.024212532703645314,0.9757783064094137,12,cot
0,proper_tags,355, I,357,4.0,user,17.0,355,4.0,272,0.16029751983968757,6.184037041987013e-05,0.265368134658798,0.16029751983968757,0.5742725051310946,12,cot
0,proper_tags,356, don't,4128,4.0,user,18.0,356,4.0,273,0.015477577324187227,1.8344140873670577e-05,0.00035921919943745047,0.015477577324187227,0.9841448593355017,12,cot
0,proper_tags,357, want,1682,4.0,user,19.0,357,4.0,274,0.005227767162339367,2.2225243325844617e-06,0.009955802467973838,0.005227767162339367,0.9848142078453541,12,cot
0,proper_tags,358, an,448,4.0,user,20.0,358,4.0,275,0.0014409132968174092,1.1095029792016358e-06,1.5097735491701107e-06,0.0014409132968174092,0.9985564674266543,12,cot
0,proper_tags,359, ab,692,4.0,user,21.0,359,4.0,276,0.003849960932598797,5.0416141760533365e-05,0.0002825968737125032,0.003849960932598797,0.9958170260519281,12,cot
0,proper_tags,360,lation,4247,4.0,user,22.0,360,4.0,277,0.0007086433967289132,9.170040526870206e-07,4.9697907865180814e-06,0.0007086433967289132,0.9992854698084319,12,cot
0,proper_tags,361, that,484,4.0,user,23.0,361,4.0,278,0.007888396536898786,1.3699732565091838e-07,7.457097830587247e-05,0.007888396536898786,0.9920368954874696,12,cot
0,proper_tags,362, changes,6629,4.0,user,24.0,362,4.0,279,8.145250490764962e-05,1.327555277339262e-08,6.986197919604534e-08,8.145250490764962e-05,0.9999184643575604,12,cot
0,proper_tags,363, everything,5519,4.0,user,25.0,363,4.0,280,0.0003658766161129052,3.5140176492426414e-08,3.8373229877163593e-07,0.0003658766161129052,0.999633704511412,12,cot
0,proper_tags,364, at,540,4.0,user,26.0,364,4.0,281,0.0011121439447287734,1.2330157508952469e-05,5.148481231351921e-06,0.0011121439447287734,0.9988703774165308,12,cot
0,proper_tags,365, once,4730,4.0,user,27.0,365,4.0,282,0.00032872857828266327,2.079660355295378e-07,1.9541086811165168e-05,0.00032872857828266327,0.9996515223688706,12,cot
0,proper_tags,366,",",11,4.0,user,28.0,366,4.0,283,0.0020820204234374036,4.684500974218633e-06,0.0020150694862306807,0.0020820204234374036,0.9958982255893577,12,cot
0,proper_tags,367, because,2236,4.0,user,29.0,367,4.0,284,0.036816164410746435,9.655037260384848e-06,0.04431117153902314,0.036816164410746435,0.91886300901297,12,cot
0,proper_tags,368, then,1815,4.0,user,30.0,368,4.0,285,0.0007971045359780577,1.7541136694161967e-07,3.0674870377821656e-06,0.0007971045359780577,0.9991996525656172,12,cot
0,proper_tags,369, a,261,4.0,user,31.0,369,4.0,286,0.0010490061366348808,6.069147745416282e-07,1.870235053960409e-06,0.0010490061366348808,0.9989485167135367,12,cot
0,proper_tags,370, difference,9809,4.0,user,32.0,370,4.0,287,8.745797297535648e-06,5.214978490099842e-09,1.9541849573194583e-08,8.745797297535648e-06,0.9999912294458743,12,cot
0,proper_tags,371, in,306,4.0,user,33.0,371,4.0,288,0.000292331300734187,9.168384859088028e-08,1.2980488212760859e-05,0.000292331300734187,0.9996945965272044,12,cot
0,proper_tags,372, the,290,4.0,user,34.0,372,4.0,289,0.16932287292273926,0.0003580982741489829,0.00032986983442118443,0.16932287292273926,0.8299891589686905,12,cot
0,proper_tags,373, graph,7465,4.0,user,35.0,373,4.0,290,0.00018804703746485438,9.52063601614817e-08,4.833912149636799e-07,0.00018804703746485438,0.99981137436496,12,cot
0,proper_tags,374, would,1481,4.0,user,36.0,374,4.0,291,2.1625142772222996e-05,2.6918899802984896e-09,9.065409147653086e-08,2.1625142772222996e-05,0.9999782815112462,12,cot
0,proper_tags,375, be,413,4.0,user,37.0,375,4.0,292,0.0002918496648724577,3.195938478049744e-08,4.9160047605156655e-06,0.0002918496648724577,0.9997032023709822,12,cot
0,proper_tags,376, hard,3479,4.0,user,38.0,376,4.0,293,0.0027034698220973494,1.307860654293847e-06,0.0002845949912227747,0.0027034698220973494,0.9970106273260256,12,cot
0,proper_tags,377, to,316,4.0,user,39.0,377,4.0,294,8.239953807444178e-05,3.2607696769870634e-08,1.3985406352278878e-07,8.239953807444178e-05,0.9999174280001651,12,cot
0,proper_tags,378, interpret,18135,4.0,user,40.0,378,4.0,295,3.0748902119334215e-05,1.331259749024073e-09,1.3632325217668247e-08,3.0748902119334215e-05,0.9999692361342957,12,cot
0,proper_tags,386,The,976,5.0,cot,1.0,386,5.0,296,0.07353342141205638,7.973891195026727e-10,5.473185844563915e-10,0.07353342141205638,0.926466577243236,12,cot
0,proper_tags,387, user,1825,5.0,cot,2.0,387,5.0,297,0.45005538454833516,1.0632475143173684e-08,1.7855954055170412e-08,0.45005538454833516,0.5499445869632356,12,cot
0,proper_tags,388, is,382,5.0,cot,3.0,388,5.0,298,0.017091689728034192,1.5381297640904295e-09,3.401602923875595e-09,0.017091689728034192,0.9829083053322332,12,cot
0,proper_tags,389, correctly,20323,5.0,cot,4.0,389,5.0,299,0.018935781792106907,2.2810512256257977e-10,7.232469578638376e-10,0.018935781792106907,0.981064217256541,12,cot
0,proper_tags,390, concerned,19414,5.0,cot,5.0,390,5.0,300,0.004165342860810069,3.577952831532616e-10,3.693442180930469e-09,0.004165342860810069,0.9958346530879524,12,cot
0,proper_tags,391, that,484,5.0,cot,6.0,391,5.0,301,0.003847377053006671,1.1112644476023466e-09,4.403000610407126e-09,0.003847377053006671,0.9961526174327283,12,cot
0,proper_tags,392, a,261,5.0,cot,7.0,392,5.0,302,0.027241617542684466,1.368118680405041e-08,1.7051962483749192e-07,0.027241617542684466,0.972758198256504,12,cot
0,proper_tags,393, broad,11245,5.0,cot,8.0,393,5.0,303,0.01312511081534415,2.659674517705003e-08,8.672968769214964e-07,0.01312511081534415,0.9868739952910337,12,cot
0,proper_tags,394, rewrite,50059,5.0,cot,9.0,394,5.0,304,0.0003526734301587442,1.4879807009725577e-09,8.469111404182947e-10,0.0003526734301587442,0.9996473242349495,12,cot
0,proper_tags,395, may,1340,5.0,cot,10.0,395,5.0,305,0.004308750709839236,5.351117241425116e-09,2.517691083198669e-08,0.004308750709839236,0.9956912187621326,12,cot
0,proper_tags,396, con,406,5.0,cot,11.0,396,5.0,306,0.00044478750031069243,9.354784746799774e-10,1.558470012519456e-09,0.00044478750031069243,0.9995552100057408,12,cot
0,proper_tags,397,flate,27662,5.0,cot,12.0,397,5.0,307,0.010671210960232588,1.5537821033214292e-07,5.705457274102204e-07,0.010671210960232588,0.9893280631158297,12,cot
0,proper_tags,398, several,4919,5.0,cot,13.0,398,5.0,308,0.004543390361145587,8.156710101147468e-08,8.168722348805902e-08,0.004543390361145587,0.99545644638453,12,cot
0,proper_tags,399, content,3100,5.0,cot,14.0,399,5.0,309,0.00013234864583269425,1.0278487061234268e-07,1.4797377304119132e-08,0.00013234864583269425,0.9998675337719193,12,cot
0,proper_tags,400, changes,6629,5.0,cot,15.0,400,5.0,310,0.0001328129416210669,1.1100626431451359e-09,4.770472332844988e-10,0.0001328129416210669,0.999867185471269,12,cot
0,proper_tags,401,.,13,5.0,cot,16.0,401,5.0,311,0.000546942272019836,5.773694881396352e-12,6.4344065218346285e-12,0.000546942272019836,0.9994530577157721,12,cot
0,proper_tags,402, I,357,5.0,cot,17.0,402,5.0,312,0.0009422277774665382,1.1316319584414201e-13,1.075076293218851e-13,0.0009422277774665382,0.9990577722223127,12,cot
0,proper_tags,403, should,1757,5.0,cot,18.0,403,5.0,313,0.527721917544046,2.4012016016889853e-10,4.452400391933867e-10,0.527721917544046,0.4722780817705937,12,cot
0,proper_tags,404, recommend,7013,5.0,cot,19.0,404,5.0,314,0.43426665991020086,1.0030803899434538e-09,4.484666865970696e-09,0.43426665991020086,0.5657333346020518,12,cot
0,proper_tags,405, a,261,5.0,cot,20.0,405,5.0,315,0.004597233399320879,2.1542304540852586e-09,1.077335029298173e-09,0.004597233399320879,0.9954027633691136,12,cot
0,proper_tags,406, concrete,19230,5.0,cot,21.0,406,5.0,316,0.14912143844113485,1.1152594604156208e-09,6.208541876370532e-09,0.14912143844113485,0.8508785542350639,12,cot
0,proper_tags,407, transformation,26242,5.0,cot,22.0,407,5.0,317,0.00012224898219654994,1.2223959330235739e-08,1.4091322507226043e-09,0.00012224898219654994,0.999877737384712,12,cot
0,proper_tags,408, with,483,5.0,cot,23.0,408,5.0,318,0.05485868357060521,1.427694795804526e-08,7.06150068453541e-08,0.05485868357060521,0.9451412315374399,12,cot
0,proper_tags,409, an,448,5.0,cot,24.0,409,5.0,319,0.005640897412346709,6.410140721198985e-09,2.9358058741490685e-09,0.005640897412346709,0.9943590932417066,12,cot
0,proper_tags,410, explicit,23141,5.0,cot,25.0,410,5.0,320,0.0014753242496832015,8.33684998986914e-11,1.3237728014259094e-10,0.0014753242496832015,0.998524675534571,12,cot
0,proper_tags,411, scope,12645,5.0,cot,26.0,411,5.0,321,0.00018318860459100487,1.499486953503455e-10,1.8156148671332416e-11,0.00018318860459100487,0.9998168112273041,12,cot
0,proper_tags,412,.,13,5.0,cot,27.0,412,5.0,322,0.03802864971649957,2.7169853607617158e-12,3.304342213241273e-11,0.03802864971649957,0.9619713502477399,12,cot
0,proper_tags,413, For,2214,5.0,cot,28.0,413,5.0,323,0.0005904247863571228,1.1519358098809978e-13,3.633913744458005e-15,0.0005904247863571228,0.9994095752135241,12,cot
0,proper_tags,414, instance,4934,5.0,cot,29.0,414,5.0,324,0.01178572123421505,6.295669962776139e-13,1.4662914949847313e-13,0.01178572123421505,0.9882142787650088,12,cot
0,proper_tags,415,",",11,5.0,cot,30.0,415,5.0,325,0.0004424687985809826,8.562845653792362e-09,6.88765271674593e-10,0.0004424687985809826,0.9995575219498082,12,cot
0,proper_tags,416, a,261,5.0,cot,31.0,416,5.0,326,0.001159702042682855,3.722344270163583e-09,2.169143238346251e-10,0.001159702042682855,0.9988402940180586,12,cot
0,proper_tags,417, passage,26368,5.0,cot,32.0,417,5.0,327,0.00026786455081640977,1.3280490180073088e-08,4.468279672142353e-11,0.00026786455081640977,0.9997321221240107,12,cot
0,proper_tags,418, can,665,5.0,cot,33.0,418,5.0,328,0.004948312327059754,1.60995395791012e-10,4.6064921588179684e-11,0.004948312327059754,0.9950516874658799,12,cot
0,proper_tags,419, move,5275,5.0,cot,34.0,419,5.0,329,0.00014752850283079123,2.9280823081276864e-09,1.250022730058708e-10,0.00014752850283079123,0.9998524684440847,12,cot
0,proper_tags,420, from,591,5.0,cot,35.0,420,5.0,330,0.000728766967989189,1.9728897724827743e-08,6.684019768626613e-10,0.000728766967989189,0.9992712126347111,12,cot
0,proper_tags,421, an,448,5.0,cot,36.0,421,5.0,331,0.0032806820036405736,8.056400467104741e-08,1.1750896441928199e-09,0.0032806820036405736,0.9967192362572651,12,cot
0,proper_tags,422, internal,8812,5.0,cot,37.0,422,5.0,332,0.00788606403884429,3.4811098779013043e-07,6.306257504507425e-09,0.00788606403884429,0.9921135815439104,12,cot
0,proper_tags,423, planning,10249,5.0,cot,38.0,423,5.0,333,0.021847088078857803,2.3460194753763826e-06,1.1994800843730864e-07,0.021847088078857803,0.9781504459536583,12,cot
0,proper_tags,424, voice,11723,5.0,cot,39.0,424,5.0,334,0.000309807169356058,1.4957120390349153e-08,1.5097506401964523e-10,0.000309807169356058,0.9996901777225485,12,cot
0,proper_tags,425, to,316,5.0,cot,40.0,425,5.0,335,0.006956431501608927,2.7760323121893284e-09,3.070206416824448e-11,0.006956431501608927,0.9930435656916567,12,cot
0,proper_tags,426, a,261,5.0,cot,41.0,426,5.0,336,0.022191551720592863,1.5823469914649404e-06,3.2392107059123106e-08,0.022191551720592863,0.9778068335403086,12,cot
0,proper_tags,427, direct,2823,5.0,cot,42.0,427,5.0,337,0.001202162285066274,1.0011127635378996e-07,2.2967582272831278e-09,0.001202162285066274,0.9987977353068991,12,cot
0,proper_tags,428, explanatory,177098,5.0,cot,43.0,428,5.0,338,0.00846237708619069,4.6886386540077594e-07,7.014436990594546e-09,0.00846237708619069,0.9915371470355068,12,cot
0,proper_tags,429, answer,6052,5.0,cot,44.0,429,5.0,339,0.0016683983096505703,6.161872316753875e-07,6.867467532198211e-09,0.0016683983096505703,0.9983309786356501,12,cot
0,proper_tags,430, while,2049,5.0,cot,45.0,430,5.0,340,0.00227654587468071,8.631239242528707e-10,2.1424002538646653e-11,0.00227654587468071,0.9977234532407715,12,cot
0,proper_tags,431, retaining,76464,5.0,cot,46.0,431,5.0,341,0.000636741424441143,2.7765855971094203e-09,1.1199177241920801e-10,0.000636741424441143,0.9993632556869815,12,cot
0,proper_tags,432, the,290,5.0,cot,47.0,432,5.0,342,0.0005587916933959352,7.904114964869585e-08,7.130151846393964e-10,0.0005587916933959352,0.9994411285524393,12,cot
0,proper_tags,433, factual,106694,5.0,cot,48.0,433,5.0,343,0.00015024458064262025,2.9739508309145363e-08,1.209618435505265e-10,0.00015024458064262025,0.9998497255588872,12,cot
0,proper_tags,434, propositions,104068,5.0,cot,49.0,434,5.0,344,0.00034865898207410716,6.440636985457252e-08,1.1887647403789634e-09,0.00034865898207410716,0.9996512754227913,12,cot
0,proper_tags,435, and,326,5.0,cot,50.0,435,5.0,345,0.0006669373792721933,6.275762868312775e-09,3.5173881340004536e-11,0.0006669373792721933,0.999333056309791,12,cot
0,proper_tags,436, their,1043,5.0,cot,51.0,436,5.0,346,0.0003888247391890296,5.649082706135582e-08,2.5827393207711613e-10,0.0003888247391890296,0.99961111851171,12,cot
0,proper_tags,437, order,2569,5.0,cot,52.0,437,5.0,347,0.0011013989476673766,6.898481562812372e-08,1.6065647604267822e-09,0.0011013989476673766,0.9988985304609522,12,cot
0,proper_tags,438,.,13,5.0,cot,53.0,438,5.0,348,0.009911115506270154,3.196475495451071e-10,1.0304101181726071e-11,0.009911115506270154,0.9900888841637782,12,cot
0,proper_tags,439, That,4569,5.0,cot,54.0,439,5.0,349,0.0037288462276846798,1.2595736724899684e-12,2.2013861373243016e-12,0.0037288462276846798,0.9962711537688543,12,cot
0,proper_tags,440, does,2226,5.0,cot,55.0,440,5.0,350,0.00010118448126237628,8.040268716642524e-10,2.483530883338018e-10,0.00010118448126237628,0.9998988144663576,12,cot
0,proper_tags,441, not,625,5.0,cot,56.0,441,5.0,351,0.00011545629155551,2.6404824182480127e-10,6.719469531166517e-11,0.00011545629155551,0.9998845433772017,12,cot
0,proper_tags,442, make,1520,5.0,cot,57.0,442,5.0,352,0.00044974926376206763,1.4175086862195415e-07,3.434851490623491e-08,0.00044974926376206763,0.9995500746368543,12,cot
0,proper_tags,443, the,290,5.0,cot,58.0,443,5.0,353,0.0007939423623123126,1.0812792889672111e-07,9.916760397135821e-09,0.0007939423623123126,0.9992059395929984,12,cot
0,proper_tags,444, texts,35562,5.0,cot,59.0,444,5.0,354,0.00030306820424334325,4.980109974120244e-09,9.181174729662496e-10,0.00030306820424334325,0.9996969258975291,12,cot
0,proper_tags,445, identical,32820,5.0,cot,60.0,445,5.0,355,0.0002607857344888488,1.3577924117899427e-08,5.864163763494939e-09,0.0002607857344888488,0.9997391948234232,12,cot
0,proper_tags,446, in,306,5.0,cot,61.0,446,5.0,356,0.000575354350602233,1.9171821608702767e-07,1.302408824667413e-08,0.000575354350602233,0.9994244409070935,12,cot
0,proper_tags,447, meaning,10915,5.0,cot,62.0,447,5.0,357,0.00021230637991714733,4.9326376394677545e-08,2.851318579197066e-09,0.00021230637991714733,0.9997876414423879,12,cot
0,proper_tags,448, or,503,5.0,cot,63.0,448,5.0,358,0.00043053954024093545,2.281621775978038e-08,5.678173769639254e-10,0.00043053954024093545,0.9995694370757239,12,cot
0,proper_tags,449, token,6602,5.0,cot,64.0,449,5.0,359,0.0007847616692660388,1.0575318594595934e-06,2.6316923576530638e-08,0.0007847616692660388,0.999214154481951,12,cot
0,proper_tags,450,ization,2860,5.0,cot,65.0,450,5.0,360,0.0003690147535916449,1.554413697115077e-08,2.9903224701374262e-09,0.0003690147535916449,0.999630966711949,12,cot
0,proper_tags,451,",",11,5.0,cot,66.0,451,5.0,361,0.0001235409144388711,6.840521248040353e-09,5.159267341214103e-10,0.0001235409144388711,0.9998764517291132,12,cot
0,proper_tags,452, so,813,5.0,cot,67.0,452,5.0,362,0.0003697138809934024,2.695374010801745e-09,6.126919678851444e-11,0.0003697138809934024,0.9996302833623635,12,cot
0,proper_tags,453, those,2617,5.0,cot,68.0,453,5.0,363,0.00011222508711827443,1.2749982621439335e-08,3.7110602135506063e-10,0.00011222508711827443,0.9998877617917931,12,cot
0,proper_tags,454, limitations,15817,5.0,cot,69.0,454,5.0,364,0.0005544310396263021,2.534448607000176e-10,6.042655258338525e-12,0.0005544310396263021,0.9994455687008863,12,cot
0,proper_tags,455, should,1757,5.0,cot,70.0,455,5.0,365,0.2891854164029023,4.841048246341714e-09,2.969930857233854e-10,0.2891854164029023,0.7108145784590564,12,cot
0,proper_tags,456, be,413,5.0,cot,71.0,456,5.0,366,0.012083737606688518,1.9533739808248107e-08,6.232843262489821e-10,0.012083737606688518,0.9879162422362875,12,cot
0,proper_tags,457, acknowledged,54700,5.0,cot,72.0,457,5.0,367,0.04641749606962822,9.713987640711907e-10,3.334295487248996e-10,0.04641749606962822,0.9535825026255434,12,cot
0,proper_tags,458,.,13,5.0,cot,73.0,458,5.0,368,0.0067521019912508634,4.0596042953719595e-12,6.749237672872464e-13,0.0067521019912508634,0.9932478980040147,12,cot
0,proper_tags,459, Multiple,39109,5.0,cot,74.0,459,5.0,369,0.0009140487401544641,1.0516673482124964e-08,7.139995521250428e-10,0.0009140487401544641,0.9990859400291725,12,cot
0,proper_tags,460, independently,38341,5.0,cot,75.0,460,5.0,370,0.00025735966698505234,1.2415432560819826e-08,1.3030850891741742e-09,0.00025735966698505234,0.9997426266144974,12,cot
0,proper_tags,461, prepared,13128,5.0,cot,76.0,461,5.0,371,0.0004242627714778557,8.962271234272659e-10,1.899666953258715e-11,0.0004242627714778557,0.9995757363132984,12,cot
0,proper_tags,462, rew,132005,5.0,cot,77.0,462,5.0,372,4.8364191245619235e-05,1.1759067099006008e-09,4.1360284927924615e-11,4.8364191245619235e-05,0.9999516345914874,12,cot
0,proper_tags,463,rites,41991,5.0,cot,78.0,463,5.0,373,0.0005344678114940508,2.985557163878732e-09,2.8055054520557953e-10,0.0005344678114940508,0.9994655289223981,12,cot
0,proper_tags,464, would,1481,5.0,cot,79.0,464,5.0,374,0.018244638185459988,1.0020817305195742e-08,1.654670534155151e-09,0.018244638185459988,0.9817553501390521,12,cot
0,proper_tags,465, help,1652,5.0,cot,80.0,465,5.0,375,0.0039667792096411735,1.5349278104308279e-09,3.7792413664374595e-10,0.0039667792096411735,0.996033218877507,12,cot
0,proper_tags,466, distinguish,59938,5.0,cot,81.0,466,5.0,376,2.74164337771328e-05,1.6924653589066477e-10,3.0690156536351075e-11,2.74164337771328e-05,0.9999725833662861,12,cot
0,proper_tags,467, a,261,5.0,cot,82.0,467,5.0,377,0.0001062004729871132,2.0298720857158924e-09,1.3413967589257874e-10,0.0001062004729871132,0.9998937973630011,12,cot
0,proper_tags,468, style,2713,5.0,cot,83.0,468,5.0,378,3.637291908415419e-05,3.08675456937191e-09,5.678096889864784e-10,3.637291908415419e-05,0.9999636234263516,12,cot
0,proper_tags,469, pattern,8302,5.0,cot,84.0,469,5.0,379,4.055592609791236e-05,6.529067602223851e-09,1.2241371790778391e-09,4.055592609791236e-05,0.9999594363206974,12,cot
0,proper_tags,470, from,591,5.0,cot,85.0,470,5.0,380,4.2751652814723534e-05,1.318226209091794e-09,2.7919153575443495e-10,4.2751652814723534e-05,0.9999572467497676,12,cot
0,proper_tags,471, one,1001,5.0,cot,86.0,471,5.0,381,0.0012696014096594687,1.743956462637974e-08,1.9485313689571083e-09,0.0012696014096594687,0.9987303792022445,12,cot
0,proper_tags,472, unusual,30529,5.0,cot,87.0,472,5.0,382,0.017205329159417766,1.3229913691644727e-07,2.211619708881987e-07,0.017205329159417766,0.9827943173794743,12,cot
0,proper_tags,473, parap,71265,5.0,cot,88.0,473,5.0,383,0.0009620973733881993,8.128104311933645e-07,1.850264746686514e-08,0.0009620973733881993,0.9990370713135331,12,cot
0,proper_tags,474,hrase,46439,5.0,cot,89.0,474,5.0,384,0.0008197766444098648,9.030784485878645e-09,6.971256067882637e-09,0.0008197766444098648,0.9991802073535496,12,cot
0,proper_tags,475,",",11,5.0,cot,90.0,475,5.0,385,0.0013293680521784946,5.029129351561647e-10,3.117232696873377e-11,0.0013293680521784946,0.9986706314137364,12,cot
0,proper_tags,476, but,889,5.0,cot,91.0,476,5.0,386,0.002997103490666569,3.260148567204903e-10,3.186720975978365e-12,0.002997103490666569,0.9970028961801318,12,cot
0,proper_tags,477, the,290,5.0,cot,92.0,477,5.0,387,0.0005992729967865694,1.6218248186868407e-10,5.164964506177736e-12,0.0005992729967865694,0.9994007268358659,12,cot
0,proper_tags,478, initial,4871,5.0,cot,93.0,478,5.0,388,0.000772645764270952,1.243950065915036e-09,2.0773371120340143e-10,0.000772645764270952,0.9992273527840452,12,cot
0,proper_tags,479, demonstration,56324,5.0,cot,94.0,479,5.0,389,0.0020256450209754904,1.8763228755295497e-07,1.057795792102036e-08,0.0020256450209754904,0.9979741567687791,12,cot
0,proper_tags,480, can,665,5.0,cot,95.0,480,5.0,390,0.00954418873413452,4.673664763264151e-09,1.527286086420621e-09,0.00954418873413452,0.9904558050649147,12,cot
0,proper_tags,481, remain,12760,5.0,cot,96.0,481,5.0,391,0.0008968639028218932,1.4257863605314201e-09,7.595803536965674e-11,0.0008968639028218932,0.9991031345954338,12,cot
0,proper_tags,482, small,3291,5.0,cot,97.0,482,5.0,392,0.001573650516314796,3.8903318284754083e-08,1.0679929019852026e-08,0.001573650516314796,0.998426299900438,12,cot
0,proper_tags,483, and,326,5.0,cot,98.0,483,5.0,393,6.281322182386135e-05,1.5626007264154346e-09,1.2597931976499174e-10,6.281322182386135e-05,0.9999371850895961,12,cot
0,proper_tags,484, clearly,15603,5.0,cot,99.0,484,5.0,394,3.8902752356573215e-05,5.032878971876581e-10,4.0369403723503727e-10,3.8902752356573215e-05,0.9999610963406614,12,cot
0,proper_tags,485, labeled,55089,5.0,cot,100.0,485,5.0,395,2.350107927471052e-05,5.660233432971331e-10,1.471780252410082e-11,2.350107927471052e-05,0.999976498339984,12,cot
0,proper_tags,486, as,472,5.0,cot,101.0,486,5.0,396,0.0004351597030302492,8.646457053322589e-10,1.1820655817133941e-11,0.0004351597030302492,0.9995648394205033,12,cot
0,proper_tags,487, such,2238,5.0,cot,102.0,487,5.0,397,0.008832145881519857,4.001786064867834e-09,1.1392788584005643e-09,0.008832145881519857,0.9911678489774152,12,cot
0,proper_tags,495,Specify,156320,6.0,assistant,1.0,495,6.0,398,4.6328336695580133e-07,2.933477528040844e-14,6.3298137294009275e-15,4.6328336695580133e-07,0.9999995367165974,12,cot
0,proper_tags,496, the,290,6.0,assistant,2.0,496,6.0,399,3.0774521979869906e-06,2.801199958743556e-12,1.9056711673576179e-13,3.0774521979869906e-06,0.9999969225448103,12,cot
0,proper_tags,497, transformation,26242,6.0,assistant,3.0,497,6.0,400,1.7979954084938616e-05,5.6114810839507883e-11,2.905221987739005e-12,1.7979954084938616e-05,0.9999820199868952,12,cot
0,proper_tags,498, before,2254,6.0,assistant,4.0,498,6.0,401,1.935332786314024e-05,2.801419276488697e-12,1.1449745109365787e-12,1.935332786314024e-05,0.9999806466681905,12,cot
0,proper_tags,499, writing,5281,6.0,assistant,5.0,499,6.0,402,4.858038486148073e-06,6.419210307596356e-11,3.6138517656170004e-11,4.858038486148073e-06,0.9999951418611833,12,cot
0,proper_tags,500, the,290,6.0,assistant,6.0,500,6.0,403,1.3845931864797197e-05,9.592753309998e-11,3.0030692763289134e-11,1.3845931864797197e-05,0.999986153942177,12,cot
0,proper_tags,501, alternative,13319,6.0,assistant,7.0,501,6.0,404,3.897502720321948e-06,1.2511780659233565e-11,6.700777311299763e-12,3.897502720321948e-06,0.999996102478067,12,cot
0,proper_tags,502,.,13,6.0,assistant,8.0,502,6.0,405,4.641914446754022e-06,1.0333527534544911e-14,2.2287279720735063e-14,4.641914446754022e-06,0.9999953580855205,12,cot
0,proper_tags,503, For,2214,6.0,assistant,9.0,503,6.0,406,1.1517206329506016e-06,7.55671734761442e-15,1.5311072983747994e-15,1.1517206329506016e-06,0.999998848279358,12,cot
0,proper_tags,504, example,4994,6.0,assistant,10.0,504,6.0,407,6.398178141956092e-05,3.643524234079054e-14,1.4465425055812077e-14,6.398178141956092e-05,0.9999360182185295,12,cot
0,proper_tags,505,",",11,6.0,assistant,11.0,505,6.0,408,3.0805549133871046e-05,1.2616318924192526e-12,8.072777779589156e-14,3.0805549133871046e-05,0.9999691944495238,12,cot
0,proper_tags,506, convert,8452,6.0,assistant,12.0,506,6.0,409,6.998710300368015e-06,2.773375886426926e-12,5.548604593604139e-14,6.998710300368015e-06,0.9999930012868707,12,cot
0,proper_tags,507, an,448,6.0,assistant,13.0,507,6.0,410,7.15054585384767e-05,1.8005819343820845e-10,8.570522830749238e-13,7.15054585384767e-05,0.9999284943605462,12,cot
0,proper_tags,508, internal,8812,6.0,assistant,14.0,508,6.0,411,0.0007333979580156664,1.7864216055019346e-09,6.711123260437596e-11,0.0007333979580156664,0.9992666001884516,12,cot
0,proper_tags,509, planning,10249,6.0,assistant,15.0,509,6.0,412,0.00010359675665979194,3.9179261200787655e-10,8.099929236595657e-12,0.00010359675665979194,0.9998964028434476,12,cot
0,proper_tags,510, passage,26368,6.0,assistant,16.0,510,6.0,413,5.810699437300907e-07,7.660824717305889e-13,1.1996993046063131e-15,5.810699437300907e-07,0.999999418929289,12,cot
0,proper_tags,511, into,1511,6.0,assistant,17.0,511,6.0,414,6.160326505443562e-05,1.811609199897184e-11,7.343741498487789e-13,6.160326505443562e-05,0.9999383967160951,12,cot
0,proper_tags,512, a,261,6.0,assistant,18.0,512,6.0,415,0.00029156228116504707,4.251091982721208e-09,7.789552211253075e-11,0.00029156228116504707,0.9997084333898475,12,cot
0,proper_tags,513, direct,2823,6.0,assistant,19.0,513,6.0,416,1.968774729802418e-06,1.0289158280629546e-11,3.098211191852834e-13,1.968774729802418e-06,0.9999980312146711,12,cot
0,proper_tags,514, explanation,30547,6.0,assistant,20.0,514,6.0,417,3.48917823318744e-05,2.2247676826977396e-10,7.83897383261569e-12,3.48917823318744e-05,0.9999651079873524,12,cot
0,proper_tags,515, while,2049,6.0,assistant,21.0,515,6.0,418,1.3082658121018898e-05,4.327168772228297e-12,6.760571810275168e-13,1.3082658121018898e-05,0.9999869173368757,12,cot
0,proper_tags,516, preserving,74564,6.0,assistant,22.0,516,6.0,419,6.169683032120098e-06,2.0343617027377303e-12,4.683261922951849e-14,6.169683032120098e-06,0.9999938303148866,12,cot
0,proper_tags,517, its,1617,6.0,assistant,23.0,517,6.0,420,2.8531716079860324e-06,1.0930145393778965e-11,9.158207279300656e-13,2.8531716079860324e-06,0.9999971468165462,12,cot
0,proper_tags,518, factual,106694,6.0,assistant,24.0,518,6.0,421,8.470611916741866e-08,4.7756809638792755e-12,3.6361587297716864e-14,8.470611916741866e-08,0.9999999152890687,12,cot
0,proper_tags,519, claims,14846,6.0,assistant,25.0,519,6.0,422,1.6886173613793158e-06,6.773152307077357e-12,2.1554780406620531e-13,1.6886173613793158e-06,0.9999983113756499,12,cot
0,proper_tags,520,",",11,6.0,assistant,26.0,520,6.0,423,1.8269531203389375e-05,1.916218453774501e-13,1.0709517688831744e-14,1.8269531203389375e-05,0.9999817304685943,12,cot
0,proper_tags,521, examples,15652,6.0,assistant,27.0,521,6.0,424,0.00012402079434349817,1.1499486129900913e-07,3.0088839225728143e-09,0.00012402079434349817,0.9998758612019114,12,cot
0,proper_tags,522,",",11,6.0,assistant,28.0,522,6.0,425,0.0011569249814127232,5.3006104106445266e-08,3.787504786271371e-09,0.0011569249814127232,0.9988430182249785,12,cot
0,proper_tags,523, and,326,6.0,assistant,29.0,523,6.0,426,3.931997817369739e-05,2.5714748789894126e-10,2.984265038954089e-11,3.931997817369739e-05,0.9999606797348362,12,cot
0,proper_tags,524, order,2569,6.0,assistant,30.0,524,6.0,427,4.017606305512414e-06,1.1038136474590003e-10,9.705650966984868e-12,4.017606305512414e-06,0.9999959822736075,12,cot
0,proper_tags,525,.,13,6.0,assistant,31.0,525,6.0,428,8.83599524937498e-06,1.3191909120213959e-13,3.698760414272889e-14,8.83599524937498e-06,0.9999911640045818,12,cot
0,proper_tags,526, Avoid,46613,6.0,assistant,32.0,526,6.0,429,4.080329319036458e-06,5.33039660414967e-13,9.812168551091244e-14,4.080329319036458e-06,0.9999959196700499,12,cot
0,proper_tags,527, adding,12673,6.0,assistant,33.0,527,6.0,430,0.0006785278486011342,8.50188114152259e-09,8.286158263715877e-10,0.0006785278486011342,0.9993214628209018,12,cot
0,proper_tags,528, a,261,6.0,assistant,34.0,528,6.0,431,0.00040637449530836776,1.7796625854525298e-08,3.5528545214530474e-09,0.00040637449530836776,0.9995936041552113,12,cot
0,proper_tags,529, new,620,6.0,assistant,35.0,529,6.0,432,0.0011582812764151249,3.151648912237478e-08,1.5529778305970629e-09,0.0011582812764151249,0.9988416856541179,12,cot
0,proper_tags,530, instruction,21179,6.0,assistant,36.0,530,6.0,433,5.155430397282729e-05,4.30698407628682e-09,3.79764498229076e-10,5.155430397282729e-05,0.9999484410092785,12,cot
0,proper_tags,531,",",11,6.0,assistant,37.0,531,6.0,434,5.541940411470028e-05,9.85412515596426e-11,8.214456969791148e-12,5.541940411470028e-05,0.9999445804891296,12,cot
0,proper_tags,532, changing,13784,6.0,assistant,38.0,532,6.0,435,0.0001026818003081521,4.2575795824806703e-10,1.0614277404485737e-11,0.0001026818003081521,0.9998973177633196,12,cot
0,proper_tags,533, the,290,6.0,assistant,39.0,533,6.0,436,8.846648692880749e-05,1.3283206383131744e-08,5.555055067201985e-11,8.846648692880749e-05,0.9999115201743143,12,cot
0,proper_tags,534, topic,10901,6.0,assistant,40.0,534,6.0,437,4.995466575856344e-05,1.7622630369885467e-08,1.5715130235488398e-09,4.995466575856344e-05,0.999950026140098,12,cot
0,proper_tags,535,",",11,6.0,assistant,41.0,535,6.0,438,1.1718561635992178e-05,4.8710237771631255e-12,9.241369685963754e-14,1.1718561635992178e-05,0.9999882814334005,12,cot
0,proper_tags,536, or,503,6.0,assistant,42.0,536,6.0,439,1.9829321975342024e-05,6.7363868600948265e-12,4.310231832980562e-13,1.9829321975342024e-05,0.9999801706708573,12,cot
0,proper_tags,537, inserting,97747,6.0,assistant,43.0,537,6.0,440,0.00020690160012306583,7.315778673388731e-10,4.9768251004356494e-11,0.00020690160012306583,0.9997930976185307,12,cot
0,proper_tags,538, extra,5018,6.0,assistant,44.0,538,6.0,441,0.00031698513298169194,3.436537141704178e-09,1.0115252338591519e-10,0.00031698513298169194,0.9996830113293286,12,cot
0,proper_tags,539, evidence,11716,6.0,assistant,45.0,539,6.0,442,5.796210802806651e-06,1.9969879381342622e-10,1.2474636218711424e-12,5.796210802806651e-06,0.9999942035882509,12,cot
0,proper_tags,540,.,13,6.0,assistant,46.0,540,6.0,443,3.260253328190996e-06,3.120131617748481e-14,3.022809155131928e-15,3.260253328190996e-06,0.9999967397466376,12,cot
0,proper_tags,541, Keep,16835,6.0,assistant,47.0,541,6.0,444,1.0137330080956165e-06,2.615385045091102e-13,3.6158994460381306e-14,1.0137330080956165e-06,0.9999989862666943,12,cot
0,proper_tags,542, a,261,6.0,assistant,48.0,542,6.0,445,1.8706615248601005e-05,2.0225840447907574e-11,1.0897642947610856e-12,1.8706615248601005e-05,0.9999812933634359,12,cot
0,proper_tags,543, short,4022,6.0,assistant,49.0,543,6.0,446,4.448966293619588e-05,3.3301706154768707e-10,1.6366332157292026e-10,4.448966293619588e-05,0.9999555098403834,12,cot
0,proper_tags,544, checklist,60797,6.0,assistant,50.0,544,6.0,447,1.3211119650689475e-05,2.125306741546934e-12,9.512967278506309e-14,1.3211119650689475e-05,0.999986788878129,12,cot
0,proper_tags,545, of,328,6.0,assistant,51.0,545,6.0,448,1.555292041486914e-05,4.950887032440173e-13,8.41665312049771e-14,1.555292041486914e-05,0.999984447079006,12,cot
0,proper_tags,546, the,290,6.0,assistant,52.0,546,6.0,449,2.488426579362546e-05,1.6078068460691205e-11,2.4066853020992795e-13,2.488426579362546e-05,0.9999751157178876,12,cot
0,proper_tags,547, properties,8359,6.0,assistant,53.0,547,6.0,450,3.4652783139150046e-05,5.227419846755214e-11,7.40237045498607e-13,3.4652783139150046e-05,0.9999653471638464,12,cot
0,proper_tags,548, you,481,6.0,assistant,54.0,548,6.0,451,0.0005681373051894877,2.6514965163277757e-11,4.286027314136267e-12,0.0005681373051894877,0.9994318626640095,12,cot
0,proper_tags,549, intended,15663,6.0,assistant,55.0,549,6.0,452,6.358534559299836e-06,2.8648474797679415e-13,3.165008652203668e-15,6.358534559299836e-06,0.9999936414651511,12,cot
0,proper_tags,550, to,316,6.0,assistant,56.0,550,6.0,453,4.140525873855242e-05,2.345460775741413e-10,6.14446357437295e-12,4.140525873855242e-05,0.9999585945005709,12,cot
0,proper_tags,551, preserve,33507,6.0,assistant,57.0,551,6.0,454,9.674407186787825e-07,1.8476401370871243e-13,1.2354245090672235e-15,9.674407186787825e-07,0.9999990325590953,12,cot
0,proper_tags,552,",",11,6.0,assistant,58.0,552,6.0,455,3.2811439535251255e-05,6.647645647304041e-14,1.8097034191900987e-14,3.2811439535251255e-05,0.9999671885603802,12,cot
0,proper_tags,553, and,326,6.0,assistant,59.0,553,6.0,456,2.7313308793034197e-05,2.1915321294399736e-12,6.678733475261188e-13,2.7313308793034197e-05,0.9999726866883475,12,cot
0,proper_tags,554, ask,3810,6.0,assistant,60.0,554,6.0,457,6.727792691943698e-05,6.602215391504781e-11,3.949000234157171e-12,6.727792691943698e-05,0.9999327220031095,12,cot
0,proper_tags,555, another,3613,6.0,assistant,61.0,555,6.0,458,7.402318716260783e-05,1.6301431001492334e-09,1.8608265508122563e-10,7.402318716260783e-05,0.9999259749966116,12,cot
0,proper_tags,556, reader,10958,6.0,assistant,62.0,556,6.0,459,1.3565213080137192e-05,2.47169061791146e-10,3.26177255216913e-11,1.3565213080137192e-05,0.9999864345071331,12,cot
0,proper_tags,557, to,316,6.0,assistant,63.0,557,6.0,460,7.298845364389224e-05,1.0175900275916947e-10,6.561681904608646e-12,7.298845364389224e-05,0.9999270114380355,12,cot
0,proper_tags,558, inspect,36665,6.0,assistant,64.0,558,6.0,461,1.6810863646316545e-05,2.0127025449573147e-12,2.282001581092542e-13,1.6810863646316545e-05,0.9999831891341127,12,cot
0,proper_tags,559, the,290,6.0,assistant,65.0,559,6.0,462,8.403250352390954e-06,2.9908337428868346e-12,4.6768259379210956e-14,8.403250352390954e-06,0.99999159674661,12,cot
0,proper_tags,560, pair,10610,6.0,assistant,66.0,560,6.0,463,3.864967454254496e-06,2.96944080648591e-12,5.457199982222125e-13,3.864967454254496e-06,0.9999961350290305,12,cot
0,proper_tags,561, before,2254,6.0,assistant,67.0,561,6.0,464,3.0222735260125125e-06,8.151725487240109e-13,4.0804226381287465e-14,3.0222735260125125e-06,0.999996977725618,12,cot
0,proper_tags,562, measurement,27666,6.0,assistant,68.0,562,6.0,465,1.7164630806471367e-07,9.416113706944323e-13,6.264702302962578e-14,1.7164630806471367e-07,0.9999998283526875,12,cot
0,proper_tags,563,.,13,6.0,assistant,69.0,563,6.0,466,1.2018580933983734e-06,1.2831373572204183e-14,4.2581722742321045e-16,1.2018580933983734e-06,0.9999987981418933,12,cot
0,proper_tags,564, Record,14574,6.0,assistant,70.0,564,6.0,467,4.082045319431508e-06,3.3390351215738105e-13,9.64471853487382e-15,4.082045319431508e-06,0.999995917954337,12,cot
0,proper_tags,565, token,6602,6.0,assistant,71.0,565,6.0,468,2.804755138387718e-06,6.603191248302101e-10,5.371382953082634e-12,2.804755138387718e-06,0.999997194579171,12,cot
0,proper_tags,566, counts,28991,6.0,assistant,72.0,566,6.0,469,1.5167675756951605e-05,9.350635339424227e-10,1.6003603135983696e-11,1.5167675756951605e-05,0.999984831373176,12,cot
0,proper_tags,567, because,2236,6.0,assistant,73.0,567,6.0,470,4.8332244926866546e-05,4.4717670121177876e-11,5.667801189298439e-12,4.8332244926866546e-05,0.9999516677046877,12,cot
0,proper_tags,568, a,261,6.0,assistant,74.0,568,6.0,471,0.00032575970987256834,6.069146399471952e-10,2.631204529009975e-11,0.00032575970987256834,0.9996742396569008,12,cot
0,proper_tags,569, stylist,87902,6.0,assistant,75.0,569,6.0,472,5.535578576205996e-06,8.589236093283065e-10,1.3633290073762768e-11,5.535578576205996e-06,0.999994463548867,12,cot
0,proper_tags,570,ic,291,6.0,assistant,76.0,570,6.0,473,6.180473585760098e-06,2.965883613827187e-11,3.2618812799532816e-13,6.180473585760098e-06,0.9999938194964292,12,cot
0,proper_tags,571, rewrite,50059,6.0,assistant,77.0,571,6.0,474,4.807281137799038e-05,1.2660337032655204e-10,1.7782371338340594e-12,4.807281137799038e-05,0.9999519270602404,12,cot
0,proper_tags,572, may,1340,6.0,assistant,78.0,572,6.0,475,1.1419105316910849e-05,2.536262925405184e-11,2.1467417669437717e-13,1.1419105316910849e-05,0.9999885808691057,12,cot
0,proper_tags,573, also,1217,6.0,assistant,79.0,573,6.0,476,2.170229879290266e-05,1.121740110152152e-09,3.425161746024956e-11,2.170229879290266e-05,0.9999782965452154,12,cot
0,proper_tags,574, change,3343,6.0,assistant,80.0,574,6.0,477,0.0003360843449289247,2.480509290454606e-09,4.761595331118372e-11,0.0003360843449289247,0.9996639131269458,12,cot
0,proper_tags,575, length,5517,6.0,assistant,81.0,575,6.0,478,2.920009772733265e-05,3.6893120979728403e-09,1.5417462580144335e-10,2.920009772733265e-05,0.999970796058786,12,cot
0,proper_tags,576,.,13,6.0,assistant,82.0,576,6.0,479,2.3918424426510885e-06,2.954289833702254e-13,6.374697056594024e-16,2.3918424426510885e-06,0.9999976081572612,12,cot
0,proper_tags,577, Treat,25189,6.0,assistant,83.0,577,6.0,480,6.034869384089111e-06,3.274820014458378e-12,1.7257866170897036e-13,6.034869384089111e-06,0.9999939651271684,12,cot
0,proper_tags,578, the,290,6.0,assistant,84.0,578,6.0,481,1.5937935726900827e-05,2.506322194405951e-11,3.550720208315704e-13,1.5937935726900827e-05,0.9999840620388548,12,cot
0,proper_tags,579, first,1577,6.0,assistant,85.0,579,6.0,482,8.888765614079125e-05,2.811491250811738e-10,2.5209558192690098e-12,8.888765614079125e-05,0.9999111120601892,12,cot
0,proper_tags,580, pair,10610,6.0,assistant,86.0,580,6.0,483,0.0002046400050710131,3.5192774870278434e-10,2.4819085850833806e-11,0.0002046400050710131,0.9997953596181822,12,cot
0,proper_tags,581, as,472,6.0,assistant,87.0,581,6.0,484,1.1256847380253577e-05,5.645474714183968e-12,1.4478982971735222e-13,1.1256847380253577e-05,0.9999887431468295,12,cot
0,proper_tags,582, an,448,6.0,assistant,88.0,582,6.0,485,2.1979306394542788e-05,1.7719542420067266e-10,5.71668196443982e-12,2.1979306394542788e-05,0.9999780205106933,12,cot
0,proper_tags,583, illustration,55575,6.0,assistant,89.0,583,6.0,486,2.354981254938116e-05,1.934329392830689e-11,2.499292730898215e-12,2.354981254938116e-05,0.999976450165608,12,cot
0,proper_tags,584, of,328,6.0,assistant,90.0,584,6.0,487,1.939984202819703e-05,3.8873647860162813e-11,4.297484890083155e-13,1.939984202819703e-05,0.9999806001186684,12,cot
0,proper_tags,585, the,290,6.0,assistant,91.0,585,6.0,488,2.4139498800231574e-06,4.1556333581556224e-12,1.0377081412183803e-13,2.4139498800231574e-06,0.9999975860458606,12,cot
0,proper_tags,586, comparison,19211,6.0,assistant,92.0,586,6.0,489,6.982400602493799e-07,4.634840469363393e-13,2.3143812823857045e-14,6.982400602493799e-07,0.9999993017594532,12,cot
0,proper_tags,587,.,13,6.0,assistant,93.0,587,6.0,490,2.0929471099955792e-06,8.018639262143629e-13,1.7537418487715973e-14,2.0929471099955792e-06,0.9999979070520705,12,cot
0,proper_tags,588, To,2514,6.0,assistant,94.0,588,6.0,491,3.811093783585295e-06,1.0654983322603645e-12,6.375590735544878e-15,3.811093783585295e-06,0.9999961889051446,12,cot
0,proper_tags,589, claim,6445,6.0,assistant,95.0,589,6.0,492,4.09806642919982e-07,3.149756208396672e-13,3.9976632326333283e-16,4.09806642919982e-07,0.9999995901930417,12,cot
0,proper_tags,590, a,261,6.0,assistant,96.0,590,6.0,493,3.715041187090284e-06,5.85267849174425e-12,1.859128311902283e-14,3.715041187090284e-06,0.9999962849529416,12,cot
0,proper_tags,591, repeat,22962,6.0,assistant,97.0,591,6.0,494,9.547327479929295e-05,7.253298871777251e-09,1.3833777720032562e-11,9.547327479929295e-05,0.999904519458068,12,cot
0,proper_tags,592,able,562,6.0,assistant,98.0,592,6.0,495,7.615569330301926e-06,3.857003098214765e-11,1.3441281621399848e-13,7.615569330301926e-06,0.9999923843919652,12,cot
0,proper_tags,593, style,2713,6.0,assistant,99.0,593,6.0,496,1.194924046976135e-05,4.4005386349882823e-10,3.1370030307684246e-12,1.194924046976135e-05,0.9999880503163394,12,cot
0,proper_tags,594, effect,3159,6.0,assistant,100.0,594,6.0,497,1.4520185801760159e-06,3.90005651629428e-12,4.177750640206941e-15,1.4520185801760159e-06,0.9999985479775156,12,cot
0,proper_tags,595,",",11,6.0,assistant,101.0,595,6.0,498,6.485696651412126e-06,3.460476469918876e-11,6.341723809959823e-14,6.485696651412126e-06,0.9999935142686804,12,cot
0,proper_tags,596, prepare,13708,6.0,assistant,102.0,596,6.0,499,5.286272579522227e-06,9.294503049727571e-12,2.2260329291068892e-13,5.286272579522227e-06,0.9999947137179035,12,cot
0,proper_tags,597, several,4919,6.0,assistant,103.0,597,6.0,500,3.063862233020339e-05,4.661380306651115e-10,2.613229943781859e-11,3.063862233020339e-05,0.9999693608853994,12,cot
0,proper_tags,598, independent,13313,6.0,assistant,104.0,598,6.0,501,3.0216156733747773e-05,7.102351935882725e-11,3.251860803467739e-12,3.0216156733747773e-05,0.9999697837689908,12,cot
0,proper_tags,599, pairs,24702,6.0,assistant,105.0,599,6.0,502,8.566993433699475e-05,8.03977029431848e-11,2.5147171960657847e-11,8.566993433699475e-05,0.9999143299601182,12,cot
0,proper_tags,600, using,2360,6.0,assistant,106.0,600,6.0,503,1.8875927984398185e-05,7.315658391199689e-11,2.2259897810830096e-12,1.8875927984398185e-05,0.9999811239966331,12,cot
0,proper_tags,601, the,290,6.0,assistant,107.0,601,6.0,504,4.52245399631471e-06,4.593652854743769e-12,4.0098378408222647e-14,4.52245399631471e-06,0.99999547754137,12,cot
0,proper_tags,602, same,2684,6.0,assistant,108.0,602,6.0,505,3.8641952978399154e-05,2.0767288938390515e-09,6.242016754460346e-11,3.8641952978399154e-05,0.9999613559078726,12,cot
0,proper_tags,603, rule,10652,6.0,assistant,109.0,603,6.0,506,1.5968954987477532e-05,9.494464447211908e-11,5.45986281260459e-12,1.5968954987477532e-05,0.9999840309446081,12,cot
0,proper_tags,604, and,326,6.0,assistant,110.0,604,6.0,507,4.778976981016306e-06,1.045037407635321e-09,1.1634197289861224e-11,4.778976981016306e-06,0.9999952199663473,12,cot
0,proper_tags,605, evaluate,21646,6.0,assistant,111.0,605,6.0,508,9.797279423853327e-07,2.2639320479534835e-11,5.605264596747505e-13,9.797279423853327e-07,0.9999990202488578,12,cot
0,proper_tags,606, the,290,6.0,assistant,112.0,606,6.0,509,1.6751319728121636e-06,1.6744044944627995e-10,5.549182267667106e-13,1.6751319728121636e-06,0.9999983247000319,12,cot
0,proper_tags,607, whole,6062,6.0,assistant,113.0,607,6.0,510,4.735193410159215e-06,6.036979943606858e-11,1.895784245010657e-12,4.735193410159215e-06,0.9999952647443242,12,cot
0,proper_tags,608, set,920,6.0,assistant,114.0,608,6.0,511,8.933162485064158e-06,2.658060391784453e-11,3.291261929519438e-12,8.933162485064158e-06,0.999991066807643,12,cot
0,proper_tags,609, rather,7542,6.0,assistant,115.0,609,6.0,512,1.669535362847934e-06,1.932158176159011e-12,6.723912447114008e-13,1.669535362847934e-06,0.9999983304620326,12,cot
0,proper_tags,610, than,1572,6.0,assistant,116.0,610,6.0,513,2.5919411175261134e-06,2.971584033386876e-12,1.783444813704883e-12,2.5919411175261134e-06,0.9999974080541274,12,cot
0,proper_tags,611, selecting,31615,6.0,assistant,117.0,611,6.0,514,9.339675642250552e-06,6.347332502379928e-12,2.7294799489668395e-12,9.339675642250552e-06,0.9999906603152809,12,cot
0,proper_tags,612, the,290,6.0,assistant,118.0,612,6.0,515,4.462722235488365e-05,7.945321212842786e-11,2.0317322808617336e-10,4.462722235488365e-05,0.9999553724950186,12,cot
0,proper_tags,613, cle,2489,6.0,assistant,119.0,613,6.0,516,4.4022978906710666e-07,4.9595868341493434e-14,3.4951882279303877e-15,4.4022978906710666e-07,0.9999995597701579,12,cot
0,proper_tags,614,arest,21325,6.0,assistant,120.0,614,6.0,517,7.829269433844638e-06,1.6999970080169982e-10,3.4719461295774577e-10,7.829269433844638e-06,0.9999921702133718,12,cot
1,basic_no_format,58,Hi,12194,1.0,user,1.0,677,1.0,1,0.3820987293564792,0.007556570939383334,0.6103209617132703,0.3820987293564792,2.3737990867197056e-05,12,cot
1,basic_no_format,59,!,0,1.0,user,2.0,678,1.0,2,0.0006106475382193972,0.001779441266337961,0.9976098747828959,0.0006106475382193972,3.64125468060676e-08,12,cot
1,basic_no_format,60, I'm,5477,1.0,user,3.0,679,1.0,3,0.15947764482573878,0.006927628520865886,0.8335923505703937,0.15947764482573878,2.376083001582585e-06,12,cot
1,basic_no_format,61, planning,10249,1.0,user,4.0,680,1.0,4,0.0010508869891105907,0.0023687961747973474,0.996579353772717,0.0010508869891105907,9.630633749342691e-07,12,cot
1,basic_no_format,62, a,261,1.0,user,5.0,681,1.0,5,0.002011977803462698,0.004244191238640862,0.9937427921419504,0.002011977803462698,1.0388159460111482e-06,12,cot
1,basic_no_format,63, M,391,1.0,user,6.0,682,1.0,6,0.0008045540438203564,0.0021038630502614904,0.997091406048811,0.0008045540438203564,1.7685710725479513e-07,12,cot
1,basic_no_format,64,ATS,42222,1.0,user,7.0,683,1.0,7,1.591760976189802e-05,0.0003047223758759551,0.9996792519988114,1.591760976189802e-05,1.0801555060000724e-07,12,cot
1,basic_no_format,65, study,5012,1.0,user,8.0,684,1.0,8,1.780930088846785e-05,6.635516037085985e-05,0.9999157747784784,1.780930088846785e-05,6.076026232167133e-08,12,cot
1,basic_no_format,66, to,316,1.0,user,9.0,685,1.0,9,7.128123409056486e-05,9.275157947829631e-05,0.9998359607023906,7.128123409056486e-05,6.484040727924745e-09,12,cot
1,basic_no_format,67, discuss,5381,1.0,user,10.0,686,1.0,10,0.00011332852596713032,6.391093852631191e-05,0.9998226358790232,0.00011332852596713032,1.246564834170469e-07,12,cot
1,basic_no_format,68, with,483,1.0,user,11.0,687,1.0,11,0.00013669489054024845,0.0001007194954566367,0.9997625393574755,0.00013669489054024845,4.625652780669953e-08,12,cot
1,basic_no_format,69, Ne,4475,1.0,user,12.0,688,1.0,12,0.00024874815220278013,0.00012995135962859072,0.9996211596217868,0.00024874815220278013,1.4086638164852158e-07,12,cot
1,basic_no_format,70,el,296,1.0,user,13.0,689,1.0,13,0.00013758280766907254,0.00038650331098243713,0.9994756933902011,0.00013758280766907254,2.2049114750374562e-07,12,cot
1,basic_no_format,71,.,13,1.0,user,14.0,690,1.0,14,0.0004256111349558968,0.0016106297914806084,0.9979632012386238,0.0004256111349558968,5.578349397481192e-07,12,cot
1,basic_no_format,72, A,355,1.0,user,15.0,691,1.0,15,0.04637363117280904,0.0010700818676126376,0.9525550235770818,0.04637363117280904,1.2633824966852483e-06,12,cot
1,basic_no_format,73, role,5430,1.0,user,16.0,692,1.0,16,0.03150625590832159,0.007916109169733654,0.9598307691033104,0.03150625590832159,0.0007468658186342851,12,cot
1,basic_no_format,74, probe,31925,1.0,user,17.0,693,1.0,17,0.0007511684702608807,0.0025736048159534113,0.9966660479395616,0.0007511684702608807,9.17877422400861e-06,12,cot
1,basic_no_format,75, seems,7890,1.0,user,18.0,694,1.0,18,0.00021169455161243627,0.0022772918308934897,0.9975108541107726,0.00021169455161243627,1.5950672157012186e-07,12,cot
1,basic_no_format,76, sensitive,24438,1.0,user,19.0,695,1.0,19,0.0006153570822737235,0.003310673345631585,0.9960624433087111,0.0006153570822737235,1.1526263383789613e-05,12,cot
1,basic_no_format,77, to,316,1.0,user,20.0,696,1.0,20,3.076974559425518e-05,0.0002598773702375262,0.9997067528171226,3.076974559425518e-05,2.600067045508006e-06,12,cot
1,basic_no_format,78, both,2973,1.0,user,21.0,697,1.0,21,0.0001150533507252437,0.0008066937087644559,0.9990780480986774,0.0001150533507252437,2.0484183286017755e-07,12,cot
1,basic_no_format,79, message,3176,1.0,user,22.0,698,1.0,22,0.0009757574374510646,0.001867307502618108,0.9970144018280984,0.0009757574374510646,0.00014253323183242646,12,cot
1,basic_no_format,80, labels,17125,1.0,user,23.0,699,1.0,23,0.015887565921100088,0.03210277659263874,0.9507515226229525,0.015887565921100088,0.0012581348633087736,12,cot
1,basic_no_format,81, and,326,1.0,user,24.0,700,1.0,24,0.032261281804324124,0.0373205506509806,0.9294120146806766,0.032261281804324124,0.001006152864018643,12,cot
1,basic_no_format,82, writing,5281,1.0,user,25.0,701,1.0,25,0.005354940516972563,0.03729460945203868,0.9566974071900529,0.005354940516972563,0.0006530428409358659,12,cot
1,basic_no_format,83, style,2713,1.0,user,26.0,702,1.0,26,0.01164854536952549,0.06892098061356933,0.9189167243962177,0.01164854536952549,0.0005137496206873382,12,cot
1,basic_no_format,84,.,13,1.0,user,27.0,703,1.0,27,0.003999336399925344,0.0016179301647835864,0.9943783176761469,0.003999336399925344,4.415759144039534e-06,12,cot
1,basic_no_format,85, What,4614,1.0,user,28.0,704,1.0,28,0.05466386314552839,0.0058572791015841464,0.9394778858865853,0.05466386314552839,9.718663023140448e-07,12,cot
1,basic_no_format,86, ab,692,1.0,user,29.0,705,1.0,29,0.021605840158515327,0.004702853741609497,0.973608638559243,0.021605840158515327,8.26675406321395e-05,12,cot
1,basic_no_format,87,lation,4247,1.0,user,30.0,706,1.0,30,0.0029823656908955893,0.00562170511578075,0.9911369101872581,0.0029823656908955893,0.0002590190060655902,12,cot
1,basic_no_format,88, would,1481,1.0,user,31.0,707,1.0,31,0.00025794225142920026,0.0006747230407591181,0.9990672006674262,0.00025794225142920026,1.340403854306166e-07,12,cot
1,basic_no_format,89, help,1652,1.0,user,32.0,708,1.0,32,0.0038405381365967093,0.006608822344646813,0.98954231863678,0.0038405381365967093,8.32088197667564e-06,12,cot
1,basic_no_format,90, me,668,1.0,user,33.0,709,1.0,33,0.011776623439013874,0.010357731729843368,0.9778634468167978,0.011776623439013874,2.198014344867002e-06,12,cot
1,basic_no_format,91, distinguish,59938,1.0,user,34.0,710,1.0,34,0.053374650579438146,0.013494845946782623,0.9305424453804872,0.053374650579438146,0.00258805809329193,12,cot
1,basic_no_format,92, those,2617,1.0,user,35.0,711,1.0,35,0.19657057660094068,0.09684178760543355,0.6069321147082157,0.19657057660094068,0.09965552108540994,12,cot
1,basic_no_format,93, explanations,69457,1.0,user,36.0,712,1.0,36,0.019191903004177696,0.02885460916361647,0.9447570595025616,0.019191903004177696,0.0071964283296441865,12,cot
1,basic_no_format,94, while,2049,1.0,user,37.0,713,1.0,37,0.11025844334634272,0.011243113915890108,0.8759881708937055,0.11025844334634272,0.0025102718440616067,12,cot
1,basic_no_format,95, keeping,13958,1.0,user,38.0,714,1.0,38,0.22667896308357946,0.008490446577320466,0.7333477827550059,0.22667896308357946,0.03148280758409431,12,cot
1,basic_no_format,96, the,290,1.0,user,39.0,715,1.0,39,0.005321145380304891,0.012423543653408711,0.9815360838284789,0.005321145380304891,0.0007192271378074371,12,cot
1,basic_no_format,97, experiment,12527,1.0,user,40.0,716,1.0,40,0.0062483716806451045,0.003377747637978261,0.9870776479681794,0.0062483716806451045,0.003296232713197266,12,cot
1,basic_no_format,98, easy,4224,1.0,user,41.0,717,1.0,41,0.015647693519174666,0.0011413077943983388,0.9819858002002613,0.015647693519174666,0.0012251984861658743,12,cot
1,basic_no_format,99, to,316,1.0,user,42.0,718,1.0,42,0.0037218194602727525,0.00276179158192961,0.993505754336702,0.0037218194602727525,1.0634621095732872e-05,12,cot
1,basic_no_format,100, understand,4218,1.0,user,43.0,719,1.0,43,0.06002920507191782,0.005004871061382407,0.9333184293734694,0.06002920507191782,0.0016474944932304023,12,cot
1,basic_no_format,102,The,976,2.0,cot,1.0,721,2.0,44,0.9987849323989803,4.872107474901105e-07,0.0009761265718328983,0.9987849323989803,0.00023845381843931075,12,cot
1,basic_no_format,103, user,1825,2.0,cot,2.0,722,2.0,45,0.9999312067721836,1.72302332809962e-07,1.0641672425066343e-05,0.9999312067721836,5.797925305864082e-05,12,cot
1,basic_no_format,104, is,382,2.0,cot,3.0,723,2.0,46,0.9999865937727208,2.4780144215579927e-09,3.593151606255782e-08,0.9999865937727208,1.3367817748849163e-05,12,cot
1,basic_no_format,105, considering,17227,2.0,cot,4.0,724,2.0,47,0.9960687354715971,8.933138981769255e-06,0.0016407123031283808,0.9960687354715971,0.0022816190862926865,12,cot
1,basic_no_format,106, two,1920,2.0,cot,5.0,725,2.0,48,0.9967293801934262,1.7676476989748008e-05,0.0002680544860734761,0.9967293801934262,0.0029848888435107203,12,cot
1,basic_no_format,107, possible,4149,2.0,cot,6.0,726,2.0,49,0.9976085315070589,3.7009658091132435e-05,0.0013483571660777144,0.9976085315070589,0.0010061016687721324,12,cot
1,basic_no_format,108, sources,11525,2.0,cot,7.0,727,2.0,50,0.8986663062004668,0.0049622891066746265,0.011676092253127957,0.8986663062004668,0.08469531243973054,12,cot
1,basic_no_format,109, of,328,2.0,cot,8.0,728,2.0,51,0.942604620921599,0.0030581641307040872,0.01726146512936405,0.942604620921599,0.037075749818332886,12,cot
1,basic_no_format,110, a,261,2.0,cot,9.0,729,2.0,52,0.8983961188519154,0.00022373659290844146,0.005078915861112117,0.8983961188519154,0.0963012286940641,12,cot
1,basic_no_format,111, probe,31925,2.0,cot,10.0,730,2.0,53,0.6300682789901478,0.004223054239069885,0.06310890273234436,0.6300682789901478,0.3025997640384379,12,cot
1,basic_no_format,112, signal,12884,2.0,cot,11.0,731,2.0,54,0.16186515578582428,0.0012695485051544512,0.007640517361496167,0.16186515578582428,0.8292247783475252,12,cot
1,basic_no_format,113,:,25,2.0,cot,12.0,732,2.0,55,0.9932116296205581,2.185252219457245e-06,3.229471615448069e-05,0.9932116296205581,0.0067538904110681225,12,cot
1,basic_no_format,114, formatting,61348,2.0,cot,13.0,733,2.0,56,0.8798145750685131,0.023838304283571168,0.04073392085132318,0.8798145750685131,0.055613199796592384,12,cot
1,basic_no_format,115, and,326,2.0,cot,14.0,734,2.0,57,0.9898824716273781,0.0028548700693313846,0.0036968895306400294,0.9898824716273781,0.0035657687726505464,12,cot
1,basic_no_format,116, content,3100,2.0,cot,15.0,735,2.0,58,0.3929891407963326,0.15690975036455437,0.4360712089276243,0.3929891407963326,0.01402989991148875,12,cot
1,basic_no_format,117, style,2713,2.0,cot,16.0,736,2.0,59,0.8036776701740251,0.02714637237382911,0.047320752992826697,0.8036776701740251,0.12185520445931894,12,cot
1,basic_no_format,118,.,13,2.0,cot,17.0,737,2.0,60,0.995794274117984,8.723945663980831e-06,7.686875793865612e-05,0.995794274117984,0.004120133178413257,12,cot
1,basic_no_format,119, I,357,2.0,cot,18.0,738,2.0,61,0.9658320187175257,1.069544762140361e-06,2.4759768713605092e-06,0.9658320187175257,0.03416443576084097,12,cot
1,basic_no_format,120, should,1757,2.0,cot,19.0,739,2.0,62,0.9999597204904919,4.353216226499567e-09,1.5495817087696229e-07,0.9999597204904919,4.012019812106418e-05,12,cot
1,basic_no_format,121, turn,3716,2.0,cot,20.0,740,2.0,63,0.9997401687218959,1.5758512749450572e-07,5.687322363107245e-07,0.9997401687218959,0.00025910496074042994,12,cot
1,basic_no_format,122, these,1879,2.0,cot,21.0,741,2.0,64,0.7806246103013089,2.1793472235359782e-06,9.992440219746436e-07,0.7806246103013089,0.21937221110744562,12,cot
1,basic_no_format,123, into,1511,2.0,cot,22.0,742,2.0,65,0.987125471337165,9.38017127793331e-08,2.278787713208779e-08,0.987125471337165,0.012874412073244914,12,cot
1,basic_no_format,124, factors,11652,2.0,cot,23.0,743,2.0,66,0.30650829441643135,0.0002470942768608285,3.21089538877444e-05,0.30650829441643135,0.6932125023528201,12,cot
1,basic_no_format,125, that,484,2.0,cot,24.0,744,2.0,67,0.9985848189231356,5.039093822437136e-09,6.534260453421514e-09,0.9985848189231356,0.0014151695035101851,12,cot
1,basic_no_format,126, can,665,2.0,cot,25.0,745,2.0,68,0.5718027783378139,0.0012439137530608681,0.0008261885982765795,0.5718027783378139,0.42612711931084857,12,cot
1,basic_no_format,127, be,413,2.0,cot,26.0,746,2.0,69,0.15990223201142484,0.018960808397352046,0.024889837382674765,0.15990223201142484,0.7962471222085483,12,cot
1,basic_no_format,128, varied,36419,2.0,cot,27.0,747,2.0,70,0.36223507993636134,0.0009539282013788897,0.00024290155069904795,0.36223507993636134,0.6365680903115607,12,cot
1,basic_no_format,129, independently,38341,2.0,cot,28.0,748,2.0,71,0.7359780236303878,0.0004282890673559947,0.0002590741530306409,0.7359780236303878,0.26333461314922557,12,cot
1,basic_no_format,130, rather,7542,2.0,cot,29.0,749,2.0,72,0.9189484923961525,9.7356294123174e-06,6.049714245142536e-05,0.9189484923961525,0.0809812748319837,12,cot
1,basic_no_format,131, than,1572,2.0,cot,30.0,750,2.0,73,0.988517085472854,3.0645405344185244e-06,1.346436760925482e-05,0.988517085472854,0.011466385619002201,12,cot
1,basic_no_format,132, recommending,86344,2.0,cot,31.0,751,2.0,74,0.9988296743058418,1.8139115651549887e-07,1.5604643777858244e-05,0.9988296743058418,0.0011545396592238055,12,cot
1,basic_no_format,133, a,261,2.0,cot,32.0,752,2.0,75,0.956396211467841,0.00014990194944544623,0.006052270151212517,0.956396211467841,0.03740161643150098,12,cot
1,basic_no_format,134, large,4410,2.0,cot,33.0,753,2.0,76,0.964068956887579,2.0280990305989092e-06,7.918972691853537e-05,0.964068956887579,0.03584982528647167,12,cot
1,basic_no_format,135, collection,5801,2.0,cot,34.0,754,2.0,77,0.9603583127003747,4.674527051411332e-06,2.690404397273129e-05,0.9603583127003747,0.03961010872860099,12,cot
1,basic_no_format,136, of,328,2.0,cot,35.0,755,2.0,78,0.8431160874440545,0.00011154894638426861,0.00019425482932738323,0.8431160874440545,0.15657810878023393,12,cot
1,basic_no_format,137, loosely,119040,2.0,cot,36.0,756,2.0,79,0.8788105734489737,7.21984153191391e-05,1.7230164134538676e-05,0.8788105734489737,0.1210999979715726,12,cot
1,basic_no_format,138, related,7168,2.0,cot,37.0,757,2.0,80,0.9550225950253761,7.441531224920025e-06,1.3266829720678992e-05,0.9550225950253761,0.04495669661367811,12,cot
1,basic_no_format,139, edits,91408,2.0,cot,38.0,758,2.0,81,0.1907788206421134,0.0031991953195639015,0.0001918345164924877,0.1907788206421134,0.8058301495218302,12,cot
1,basic_no_format,140,.,13,2.0,cot,39.0,759,2.0,82,0.9965318653138432,1.996759434341421e-05,1.857522128397665e-05,0.9965318653138432,0.0034295918705293093,12,cot
1,basic_no_format,141, Holding,80962,2.0,cot,40.0,760,2.0,83,0.3578005107328464,2.3914464206803407e-05,9.037686224985298e-05,0.3578005107328464,0.642085197940697,12,cot
1,basic_no_format,142, the,290,2.0,cot,41.0,761,2.0,84,0.00964771228109961,0.002548243324370886,0.0008535024427186415,0.00964771228109961,0.9869505419518108,12,cot
1,basic_no_format,143, words,6391,2.0,cot,42.0,762,2.0,85,0.7471698750451871,0.04283730693039735,0.04558330915295655,0.7471698750451871,0.16440950887145897,12,cot
1,basic_no_format,144, fixed,13213,2.0,cot,43.0,763,2.0,86,0.48818452138821317,0.001060797803085732,0.008993654556430749,0.48818452138821317,0.5017610262522704,12,cot
1,basic_no_format,145, while,2049,2.0,cot,44.0,764,2.0,87,0.8734104789502721,0.0004575403957230187,0.00584502385351948,0.8734104789502721,0.12028695680048535,12,cot
1,basic_no_format,146, changing,13784,2.0,cot,45.0,765,2.0,88,0.059381946920003585,0.0007226211281697118,0.0005033669637980072,0.059381946920003585,0.9393920649880286,12,cot
1,basic_no_format,147, tags,16613,2.0,cot,46.0,766,2.0,89,0.05105731239500371,0.0003518606556934431,0.0002840147131573248,0.05105731239500371,0.9483068122361455,12,cot
1,basic_no_format,148, tests,10742,2.0,cot,47.0,767,2.0,90,0.28727630252834446,0.004368728634196294,0.035080165935853794,0.28727630252834446,0.6732748029016054,12,cot
1,basic_no_format,149, a,261,2.0,cot,48.0,768,2.0,91,0.07921934462505345,0.002033872210882246,0.007877722057868025,0.07921934462505345,0.9108690611061963,12,cot
1,basic_no_format,150, formatting,61348,2.0,cot,49.0,769,2.0,92,0.07427595327405362,0.030398407389605725,0.020056643134109237,0.07427595327405362,0.8752689962022314,12,cot
1,basic_no_format,151, effect,3159,2.0,cot,50.0,770,2.0,93,0.04331132391152636,0.001654365564230997,0.003882096661485577,0.04331132391152636,0.9511522138627571,12,cot
1,basic_no_format,152, on,402,2.0,cot,51.0,771,2.0,94,0.02087554544052353,0.002364855794053577,0.006971675778328831,0.02087554544052353,0.969787922987094,12,cot
1,basic_no_format,153, that,484,2.0,cot,52.0,772,2.0,95,0.07004106626200403,0.0028119616784012934,0.007962173918158321,0.07004106626200403,0.9191847981414364,12,cot
1,basic_no_format,154, input,3422,2.0,cot,53.0,773,2.0,96,0.021312591764300316,0.009176198645696333,0.014946728918509131,0.021312591764300316,0.9545644806714941,12,cot
1,basic_no_format,155,.,13,2.0,cot,54.0,774,2.0,97,0.36931117971186234,0.0001605671837390362,0.0005416140524676059,0.36931117971186234,0.629986639051931,12,cot
1,basic_no_format,156, Holding,80962,2.0,cot,55.0,775,2.0,98,0.028785140707715998,1.2834739589436202e-05,4.393237439731523e-06,0.028785140707715998,0.9711976313152548,12,cot
1,basic_no_format,157, the,290,2.0,cot,56.0,776,2.0,99,0.24657760961499425,0.0674820972429162,0.28861789844667696,0.24657760961499425,0.39732239469541264,12,cot
1,basic_no_format,158, tags,16613,2.0,cot,57.0,777,2.0,100,0.3287494573104088,0.06003073132775516,0.10322142480849353,0.3287494573104088,0.5079983865533425,12,cot
1,basic_no_format,159, fixed,13213,2.0,cot,58.0,778,2.0,101,0.6091355735381229,0.025962814418154893,0.048617996872811146,0.6091355735381229,0.3162836151709111,12,cot
1,basic_no_format,160, while,2049,2.0,cot,59.0,779,2.0,102,0.7577150557978709,0.0009547390972816913,0.0013402169908937772,0.7577150557978709,0.2399899881139537,12,cot
1,basic_no_format,161, rewriting,177109,2.0,cot,60.0,780,2.0,103,0.0631790714842678,0.0024715049965225206,0.004786184075920659,0.0631790714842678,0.9295632394432891,12,cot
1,basic_no_format,162, style,2713,2.0,cot,61.0,781,2.0,104,0.02700783143112659,0.00022032265088524548,7.656500237105315e-05,0.02700783143112659,0.9726952809156171,12,cot
1,basic_no_format,163, tests,10742,2.0,cot,62.0,782,2.0,105,0.42899416744455837,0.004736999311582108,0.0215101369140022,0.42899416744455837,0.5447586963298573,12,cot
1,basic_no_format,164, a,261,2.0,cot,63.0,783,2.0,106,0.9988647095142649,5.62342025645513e-06,3.998371421054503e-05,0.9988647095142649,0.0010896833512682382,12,cot
1,basic_no_format,165, content,3100,2.0,cot,64.0,784,2.0,107,0.05321656370874188,0.001650446429699079,0.0007648273573102051,0.05321656370874188,0.9443681625042488,12,cot
1,basic_no_format,166, effect,3159,2.0,cot,65.0,785,2.0,108,0.044093139751669126,0.00021684702298041227,0.0002906416802803008,0.044093139751669126,0.9553993715450703,12,cot
1,basic_no_format,167,",",11,2.0,cot,66.0,786,2.0,109,0.4312889070831163,0.0010104066991041894,0.007234453141644252,0.4312889070831163,0.5604662330761353,12,cot
1,basic_no_format,168, although,11943,2.0,cot,67.0,787,2.0,110,0.9952993462815823,0.00016059616870782388,0.002481163526099713,0.9952993462815823,0.0020588940236101415,12,cot
1,basic_no_format,169, the,290,2.0,cot,68.0,788,2.0,111,0.2187133599157056,0.004730079386463475,0.006491115137095436,0.2187133599157056,0.7700654455607354,12,cot
1,basic_no_format,170, rewrite,50059,2.0,cot,69.0,789,2.0,112,0.4507106237302945,0.006093254189470995,0.0009178192506717428,0.4507106237302945,0.5422783028295627,12,cot
1,basic_no_format,171, necessarily,23517,2.0,cot,70.0,790,2.0,113,0.9042822539829395,0.0007761475380599591,0.008024054984512828,0.9042822539829395,0.08691754349448777,12,cot
1,basic_no_format,172, changes,6629,2.0,cot,71.0,791,2.0,114,0.2672628619362563,0.009975377470565072,0.023843823477169377,0.2672628619362563,0.6989179371160094,12,cot
1,basic_no_format,173, tokens,20290,2.0,cot,72.0,792,2.0,115,0.4099384792363792,0.08899448370228923,0.3773368683509389,0.4099384792363792,0.12373016871039277,12,cot
1,basic_no_format,174, and,326,2.0,cot,73.0,793,2.0,116,0.3276312925496677,0.016215004259922294,0.022519574245388026,0.3276312925496677,0.6336341289450219,12,cot
1,basic_no_format,175, may,1340,2.0,cot,74.0,794,2.0,117,0.8990165402807941,0.00037841794936160477,0.004551139838359955,0.8990165402807941,0.0960539019314843,12,cot
1,basic_no_format,176, introduce,26650,2.0,cot,75.0,795,2.0,118,0.5169231859231209,0.0008326451018770831,0.00023689929218820814,0.5169231859231209,0.48200726968281377,12,cot
1,basic_no_format,177, other,1273,2.0,cot,76.0,796,2.0,119,0.5736514581501773,0.0003581247995058354,0.0007936681437727287,0.5736514581501773,0.42519674890654413,12,cot
1,basic_no_format,178, differences,19504,2.0,cot,77.0,797,2.0,120,0.20534290991151952,0.003942099953441345,0.011427870248829542,0.20534290991151952,0.7792871198862097,12,cot
1,basic_no_format,179,.,13,2.0,cot,78.0,798,2.0,121,0.9960928330728513,8.517434540774878e-05,0.0019998006990998084,0.9960928330728513,0.001822191882641132,12,cot
1,basic_no_format,180, A,355,2.0,cot,79.0,799,2.0,122,0.9997839960911631,1.7623864196962844e-06,2.050899704274272e-06,0.9997839960911631,0.00021219062271281985,12,cot
1,basic_no_format,181, small,3291,2.0,cot,80.0,800,2.0,123,0.8871634682888977,0.0013117602444141978,0.027235165677626034,0.8871634682888977,0.08428960578906197,12,cot
1,basic_no_format,182, crossed,47928,2.0,cot,81.0,801,2.0,124,0.7204039386914509,0.0023290538389297523,0.0003410273191186162,0.7204039386914509,0.27692598015050074,12,cot
1,basic_no_format,183, design,2364,2.0,cot,82.0,802,2.0,125,0.5917406264312126,0.001069185315564319,0.0007476898418679885,0.5917406264312126,0.406442498411355,12,cot
1,basic_no_format,184, can,665,2.0,cot,83.0,803,2.0,126,0.983809546180251,0.0006700852301889144,0.0037520451208155796,0.983809546180251,0.011768323468744577,12,cot
1,basic_no_format,185, expose,49768,2.0,cot,84.0,804,2.0,127,0.25523157453605666,0.004244239565736321,0.0035619021785078743,0.25523157453605666,0.7369622837196992,12,cot
1,basic_no_format,186, interactions,30722,2.0,cot,85.0,805,2.0,128,0.07646159061527656,0.06854517536909327,0.024557989876405013,0.07646159061527656,0.8304352441392252,12,cot
1,basic_no_format,187, between,2870,2.0,cot,86.0,806,2.0,129,0.3117595139949017,0.27373564738051454,0.14421116602745712,0.3117595139949017,0.27029367259712667,12,cot
1,basic_no_format,188, the,290,2.0,cot,87.0,807,2.0,130,0.9083437972474563,0.0037155363255044482,0.021352198170736202,0.9083437972474563,0.06658846825630291,12,cot
1,basic_no_format,189, two,1920,2.0,cot,88.0,808,2.0,131,0.35239367032319013,0.019024011763424217,0.035840610873137675,0.35239367032319013,0.592741707040248,12,cot
1,basic_no_format,190,.,13,2.0,cot,89.0,809,2.0,132,0.9515803689613999,0.00046792255799407636,0.003418548048462793,0.9515803689613999,0.04453316043214314,12,cot
1,basic_no_format,191, I,357,2.0,cot,90.0,810,2.0,133,0.9998892293763474,4.859917211588641e-07,1.1240720662474506e-06,0.9998892293763474,0.00010916055986511636,12,cot
1,basic_no_format,192, should,1757,2.0,cot,91.0,811,2.0,134,0.9999841323761469,4.2156296358507273e-07,1.2349151688107111e-06,0.9999841323761469,1.4211145720701197e-05,12,cot
1,basic_no_format,193, explain,16644,2.0,cot,92.0,812,2.0,135,0.9999568205665167,2.8446445353618684e-07,9.185332059572167e-06,0.9999568205665167,3.370963697026533e-05,12,cot
1,basic_no_format,194, what,1412,2.0,cot,93.0,813,2.0,136,0.9989922250724242,1.7786679059045932e-06,1.80577892390769e-05,0.9989922250724242,0.0009879384704307166,12,cot
1,basic_no_format,195, each,2454,2.0,cot,94.0,814,2.0,137,0.9777913702871421,1.805700406783528e-05,2.910713818826868e-05,0.9777913702871421,0.022161465570601897,12,cot
1,basic_no_format,196, comparison,19211,2.0,cot,95.0,815,2.0,138,0.272633651322124,0.0003151257898808633,1.422289682912243e-05,0.272633651322124,0.727036999991166,12,cot
1,basic_no_format,197, isolates,150862,2.0,cot,96.0,816,2.0,139,0.13593500820233373,0.000147866368959133,1.7622183691518375e-06,0.13593500820233373,0.8639153632103379,12,cot
1,basic_no_format,198, and,326,2.0,cot,97.0,817,2.0,140,0.873817471253484,9.954932524604507e-06,1.577190185429287e-05,0.873817471253484,0.12615680191213713,12,cot
1,basic_no_format,199, where,1919,2.0,cot,98.0,818,2.0,141,0.7471553357351441,5.778928225500652e-06,4.3283808611996564e-07,0.7471553357351441,0.2528384524985442,12,cot
1,basic_no_format,200, residual,54782,2.0,cot,99.0,819,2.0,142,0.01904904909173051,3.498569915690374e-06,1.1288905549364289e-07,0.01904904909173051,0.9809473394492984,12,cot
1,basic_no_format,201, ambiguity,154576,2.0,cot,100.0,820,2.0,143,0.04613851436917888,4.243363971023964e-05,4.222658994793293e-06,0.04613851436917888,0.9538148293321161,12,cot
1,basic_no_format,202, remains,14777,2.0,cot,101.0,821,2.0,144,0.8920612138651032,1.5741084962839018e-05,1.4336363829701307e-06,0.8920612138651032,0.10792161141355112,12,cot
1,basic_no_format,204,Begin,18660,3.0,assistant,1.0,823,3.0,145,0.9999157426274558,1.220578754277164e-06,7.770197545705471e-06,0.9999157426274558,7.526659624425026e-05,12,cot
1,basic_no_format,205, with,483,3.0,assistant,2.0,824,3.0,146,0.9888354901767374,4.069202140486758e-06,5.5088636598152006e-05,0.9888354901767374,0.011105351984523925,12,cot
1,basic_no_format,206, a,261,3.0,assistant,3.0,825,3.0,147,0.9991165007451487,9.704770794077833e-07,3.3582738713445663e-05,0.9991165007451487,0.000848946039058433,12,cot
1,basic_no_format,207, crossed,47928,3.0,assistant,4.0,826,3.0,148,0.2719257484674057,3.116190826904232e-05,5.094645504668161e-06,0.2719257484674057,0.7280379949788206,12,cot
1,basic_no_format,208, comparison,19211,3.0,assistant,5.0,827,3.0,149,0.1576266474432807,1.0705832041454085e-05,4.939206451359068e-06,0.1576266474432807,0.8423577075182264,12,cot
1,basic_no_format,209,.,13,3.0,assistant,6.0,828,3.0,150,0.9827901521513923,5.281115511720243e-06,6.976754236289046e-05,0.9827901521513923,0.01713479919073302,12,cot
1,basic_no_format,210, Take,14166,3.0,assistant,7.0,829,3.0,151,0.9286871963404971,2.459875587934924e-06,4.2376902856800395e-07,0.9286871963404971,0.07130992001488638,12,cot
1,basic_no_format,211, the,290,3.0,assistant,8.0,830,3.0,152,0.6931747712730705,0.029187085673634778,0.042219753184866746,0.6931747712730705,0.23541838986842809,12,cot
1,basic_no_format,212, same,2684,3.0,assistant,9.0,831,3.0,153,0.03548081117261268,0.00010751763893314018,2.9454237406082724e-05,0.03548081117261268,0.9643822169510481,12,cot
1,basic_no_format,213, passage,26368,3.0,assistant,10.0,832,3.0,154,0.014351832281736582,0.0003893413731270154,0.00010047607782608515,0.014351832281736582,0.9851583502673102,12,cot
1,basic_no_format,214, and,326,3.0,assistant,11.0,833,3.0,155,0.15866717282123396,0.00021041282468772449,0.00013375137852365978,0.15866717282123396,0.8409886629755547,12,cot
1,basic_no_format,215, render,5898,3.0,assistant,12.0,834,3.0,156,0.1576828987937798,0.0009948644258971945,0.0020707728776352256,0.1576828987937798,0.8392514639026879,12,cot
1,basic_no_format,216, it,480,3.0,assistant,13.0,835,3.0,157,0.9303022254083048,0.003600880782888168,0.004098960302440315,0.9303022254083048,0.061997933506366676,12,cot
1,basic_no_format,217, under,1641,3.0,assistant,14.0,836,3.0,158,0.30161837730577246,7.746262280561425e-05,0.00016217522952493066,0.30161837730577246,0.698141984841897,12,cot
1,basic_no_format,218, two,1920,3.0,assistant,15.0,837,3.0,159,0.17639391594548431,0.00014250925381326115,8.284376828496472e-05,0.17639391594548431,0.8233807310324174,12,cot
1,basic_no_format,219, role,5430,3.0,assistant,16.0,838,3.0,160,0.8368444685420758,0.02540090641286756,0.010496886049206958,0.8368444685420758,0.12725773899584972,12,cot
1,basic_no_format,220, labels,17125,3.0,assistant,17.0,839,3.0,161,0.8248918435936545,0.0053760585478760115,0.013623613990564306,0.8248918435936545,0.15610848386790505,12,cot
1,basic_no_format,221,;,26,3.0,assistant,18.0,840,3.0,162,0.7357286010144123,0.0036593553213732483,0.041311830725860296,0.7357286010144123,0.21930021293835417,12,cot
1,basic_no_format,222, then,1815,3.0,assistant,19.0,841,3.0,163,0.07966004315855227,1.4183571631396507e-05,9.544465470353751e-05,0.07966004315855227,0.9202303286151128,12,cot
1,basic_no_format,223, repeat,22962,3.0,assistant,20.0,842,3.0,164,0.8016643801117367,6.512623280041986e-05,0.00015151150344806533,0.8016643801117367,0.19811898215201487,12,cot
1,basic_no_format,224, those,2617,3.0,assistant,21.0,843,3.0,165,0.13809109978677267,3.875193416663675e-05,0.00011332074070743604,0.13809109978677267,0.8617568275383531,12,cot
1,basic_no_format,225, labels,17125,3.0,assistant,22.0,844,3.0,166,0.860924095109075,0.013867480362073605,0.06128843406371078,0.860924095109075,0.06391999046514057,12,cot
1,basic_no_format,226, with,483,3.0,assistant,23.0,845,3.0,167,0.8020647245555627,0.002411334892323999,0.005203044643482541,0.8020647245555627,0.19032089590863094,12,cot
1,basic_no_format,227, a,261,3.0,assistant,24.0,846,3.0,168,0.03937198387354407,0.0028907675781605436,0.0013998429355506256,0.03937198387354407,0.9563374056127447,12,cot
1,basic_no_format,228, second,3099,3.0,assistant,25.0,847,3.0,169,0.2190749934456473,0.00010916195853073794,0.00011436594607520118,0.2190749934456473,0.7807014786497468,12,cot
1,basic_no_format,229, version,3926,3.0,assistant,26.0,848,3.0,170,0.35436299645256786,0.0004072674164397086,0.0031990913425595934,0.35436299645256786,0.6420306447884329,12,cot
1,basic_no_format,230, that,484,3.0,assistant,27.0,849,3.0,171,0.1737299883794269,0.00020997603833692338,0.0011105458296206564,0.1737299883794269,0.8249494897526155,12,cot
1,basic_no_format,231, expresses,108103,3.0,assistant,28.0,850,3.0,172,0.08663561545332563,0.0013642241574084817,0.0009944006372899661,0.08663561545332563,0.9110057597519758,12,cot
1,basic_no_format,232, the,290,3.0,assistant,29.0,851,3.0,173,0.9141979564045616,0.006863247899224869,0.008123187836452715,0.9141979564045616,0.07081560785976072,12,cot
1,basic_no_format,233, same,2684,3.0,assistant,30.0,852,3.0,174,0.1440686337689166,0.008868639355470331,0.0035547351667104764,0.1440686337689166,0.8435079917089027,12,cot
1,basic_no_format,234, substance,30837,3.0,assistant,31.0,853,3.0,175,0.2983487723781906,0.0008480504740794624,0.0005929053906525827,0.2983487723781906,0.7002102717570774,12,cot
1,basic_no_format,235, in,306,3.0,assistant,32.0,854,3.0,176,0.2317049547074012,0.0031695481209466246,0.0008091792481973341,0.2317049547074012,0.7643163179234548,12,cot
1,basic_no_format,236, a,261,3.0,assistant,33.0,855,3.0,177,0.0008945799337760498,1.4896259463160295e-06,3.2092674930242185e-07,0.0008945799337760498,0.9991036095135284,12,cot
1,basic_no_format,237, different,2647,3.0,assistant,34.0,856,3.0,178,0.09067578131818106,0.0003932093564299829,0.0004945305858634739,0.09067578131818106,0.9084364787395255,12,cot
1,basic_no_format,238, style,2713,3.0,assistant,35.0,857,3.0,179,0.06646791305911814,0.0002575858328182734,0.00033207221871031813,0.06646791305911814,0.9329424288893533,12,cot
1,basic_no_format,239,.,13,3.0,assistant,36.0,858,3.0,180,0.038901849394185714,1.9817774953751107e-05,1.0696714521759179e-05,0.038901849394185714,0.9610676361163387,12,cot
1,basic_no_format,240, This,1328,3.0,assistant,37.0,859,3.0,181,0.8342517321958213,6.035921433667458e-06,1.767248724903419e-05,0.8342517321958213,0.1657245593954961,12,cot
1,basic_no_format,241, gives,8967,3.0,assistant,38.0,860,3.0,182,0.01975501882057239,5.603717672206002e-08,1.6479796413243366e-09,0.01975501882057239,0.9802449234942713,12,cot
1,basic_no_format,242, four,4242,3.0,assistant,39.0,861,3.0,183,0.5524521217099219,0.00023257154485198533,2.401451395279533e-05,0.5524521217099219,0.4472912922312734,12,cot
1,basic_no_format,243, conditions,6409,3.0,assistant,40.0,862,3.0,184,0.38435361417812497,0.0007610944643991917,0.00016028769348163202,0.38435361417812497,0.6147250036639943,12,cot
1,basic_no_format,244,.,13,3.0,assistant,41.0,863,3.0,185,0.03764059065089924,4.982022018162262e-05,3.972720103732414e-06,0.03764059065089924,0.9623056164088154,12,cot
1,basic_no_format,245, Compare,38200,3.0,assistant,42.0,864,3.0,186,0.012349392248560121,9.721045716824372e-07,2.5480133568202876e-08,0.012349392248560121,0.9876496101667347,12,cot
1,basic_no_format,246, labels,17125,3.0,assistant,43.0,865,3.0,187,0.545978956570135,0.018821961075112352,0.26313110317128324,0.545978956570135,0.17206797918346947,12,cot
1,basic_no_format,247, within,3518,3.0,assistant,44.0,866,3.0,188,0.10923365375157944,5.057993871119852e-05,5.172252320415171e-05,0.10923365375157944,0.8906640437865053,12,cot
1,basic_no_format,248, each,2454,3.0,assistant,45.0,867,3.0,189,0.009307066582109369,2.8161735072349288e-06,6.845022935548986e-06,0.009307066582109369,0.9906832722214478,12,cot
1,basic_no_format,249, wording,117551,3.0,assistant,46.0,868,3.0,190,0.022905046031732424,0.0039992305554835674,0.0028959479886851093,0.022905046031732424,0.9701997754240989,12,cot
1,basic_no_format,250,",",11,3.0,assistant,47.0,869,3.0,191,0.05000610417105328,0.0003878520456608102,0.0005084450082468287,0.05000610417105328,0.9490975987750392,12,cot
1,basic_no_format,251, and,326,3.0,assistant,48.0,870,3.0,192,0.061318068096205734,5.821717854602437e-06,1.4476697596699698e-06,0.061318068096205734,0.93867466251618,12,cot
1,basic_no_format,252, compare,12221,3.0,assistant,49.0,871,3.0,193,0.04701363828392396,3.850687575539418e-06,1.012313399200297e-06,0.04701363828392396,0.9529814987151014,12,cot
1,basic_no_format,253, wording,117551,3.0,assistant,50.0,872,3.0,194,0.026518862660451736,0.00013354008511614685,1.9256590858191418e-05,0.026518862660451736,0.9733283406635739,12,cot
1,basic_no_format,254, within,3518,3.0,assistant,51.0,873,3.0,195,0.18322696566345653,7.008171905282292e-05,6.089009886346622e-06,0.18322696566345653,0.8166968636076042,12,cot
1,basic_no_format,255, each,2454,3.0,assistant,52.0,874,3.0,196,0.026275425736605875,3.838145600120314e-05,0.00015694003669966216,0.026275425736605875,0.9735292527706932,12,cot
1,basic_no_format,256, label,4208,3.0,assistant,53.0,875,3.0,197,0.03207983598385345,0.002775718948938415,0.011622236275514336,0.03207983598385345,0.9535222087916938,12,cot
1,basic_no_format,257,.,13,3.0,assistant,54.0,876,3.0,198,0.05272414957850173,1.5099304466654017e-05,9.214417577913488e-07,0.05272414957850173,0.9472598296752738,12,cot
1,basic_no_format,258, Keep,16835,3.0,assistant,55.0,877,3.0,199,0.617012529332048,2.0812324776180025e-06,6.570170485203672e-07,0.617012529332048,0.382984732418426,12,cot
1,basic_no_format,259, the,290,3.0,assistant,56.0,878,3.0,200,0.15876893733908432,0.0010020140958896828,0.0016439314161222753,0.15876893733908432,0.8385851171489037,12,cot
1,basic_no_format,260, surrounding,20708,3.0,assistant,57.0,879,3.0,201,0.8017255155914207,0.015563119121504322,0.004522042864691243,0.8017255155914207,0.17818932242238378,12,cot
1,basic_no_format,261, conversation,15681,3.0,assistant,58.0,880,3.0,202,0.2351096293126128,0.011384709617684107,0.0017392793344991754,0.2351096293126128,0.7517663817352038,12,cot
1,basic_no_format,262, fixed,13213,3.0,assistant,59.0,881,3.0,203,0.08984368734287472,0.0007482158790215979,6.955204214151853e-05,0.08984368734287472,0.9093385447359622,12,cot
1,basic_no_format,263,",",11,3.0,assistant,60.0,882,3.0,204,0.25298671237285864,0.009669864425724026,0.001948483205816885,0.25298671237285864,0.7353949399956006,12,cot
1,basic_no_format,264, including,3463,3.0,assistant,61.0,883,3.0,205,0.33027895949323194,0.00015056597508377855,8.459553823560227e-05,0.33027895949323194,0.6694858789934487,12,cot
1,basic_no_format,265, its,1617,3.0,assistant,62.0,884,3.0,206,0.1719253537840127,0.007804855157960105,0.000910598580298082,0.1719253537840127,0.8193591924777291,12,cot
1,basic_no_format,266, order,2569,3.0,assistant,63.0,885,3.0,207,0.46025616125343144,0.003675481365807758,0.0017499330601476212,0.46025616125343144,0.5343184243206133,12,cot
1,basic_no_format,267, and,326,3.0,assistant,64.0,886,3.0,208,0.03648977929593958,0.0003129172971411546,1.3640508560419046e-05,0.03648977929593958,0.9631836628983588,12,cot
1,basic_no_format,268, length,5517,3.0,assistant,65.0,887,3.0,209,0.8676872221266266,0.0026320057883015024,0.004394045829992891,0.8676872221266266,0.1252867262550789,12,cot
1,basic_no_format,269, wherever,37059,3.0,assistant,66.0,888,3.0,210,0.5450744628759581,4.759424450253607e-05,7.814667938533641e-05,0.5450744628759581,0.4547997962001541,12,cot
1,basic_no_format,270, possible,4149,3.0,assistant,67.0,889,3.0,211,0.5560243174413254,1.843000047634247e-05,2.671325333013937e-06,0.5560243174413254,0.44395458123286513,12,cot
1,basic_no_format,271,.,13,3.0,assistant,68.0,890,3.0,212,0.9427841238290061,1.23237005268219e-05,1.6837967333320718e-06,0.9427841238290061,0.057201868673733884,12,cot
1,basic_no_format,272, If,1843,3.0,assistant,69.0,891,3.0,213,0.9374805549857018,1.8099841510713208e-05,6.626345722395195e-06,0.9374805549857018,0.062494718827065046,12,cot
1,basic_no_format,273, the,290,3.0,assistant,70.0,892,3.0,214,0.02904424803921382,0.00020732295755821817,4.1870150877321864e-05,0.02904424803921382,0.9707065588523507,12,cot
1,basic_no_format,274, effect,3159,3.0,assistant,71.0,893,3.0,215,0.006158593554585053,3.150956172732187e-05,3.323151326050564e-07,0.006158593554585053,0.9938095645685551,12,cot
1,basic_no_format,275, of,328,3.0,assistant,72.0,894,3.0,216,0.017203364650555147,6.335599176535032e-06,1.058054438528302e-06,0.017203364650555147,0.9827892416958297,12,cot
1,basic_no_format,276, a,261,3.0,assistant,73.0,895,3.0,217,0.9825429769919296,6.103133702294028e-05,0.0003483268151339722,0.9825429769919296,0.01704766485591338,12,cot
1,basic_no_format,277, label,4208,3.0,assistant,74.0,896,3.0,218,0.6713675065005842,0.07606317887331121,0.09163324542463665,0.6713675065005842,0.160936069201468,12,cot
1,basic_no_format,278, changes,6629,3.0,assistant,75.0,897,3.0,219,0.02004424664402507,0.00043333955713572816,9.477682796935583e-06,0.02004424664402507,0.9795129361160423,12,cot
1,basic_no_format,279, across,5251,3.0,assistant,76.0,898,3.0,220,0.015415630707646625,0.00030543535064513094,4.667627980326416e-05,0.015415630707646625,0.9842322576619049,12,cot
1,basic_no_format,280, styles,12849,3.0,assistant,77.0,899,3.0,221,0.0023622060852946467,0.00011780494529835313,7.186793204811497e-06,0.0023622060852946467,0.9975128021762022,12,cot
1,basic_no_format,281,",",11,3.0,assistant,78.0,900,3.0,222,0.0318566837856552,0.0008733215348302663,1.2555302269846996e-05,0.0318566837856552,0.9672574393772446,12,cot
1,basic_no_format,282, show,2356,3.0,assistant,79.0,901,3.0,223,0.703612529196135,0.00016633510206904496,9.525817687793475e-05,0.703612529196135,0.296125877524918,12,cot
1,basic_no_format,283, that,484,3.0,assistant,80.0,902,3.0,224,0.11798616228178942,0.0001392758225581829,0.00020721934307065378,0.11798616228178942,0.8816673425525817,12,cot
1,basic_no_format,284, interaction,22391,3.0,assistant,81.0,903,3.0,225,0.009328540430785749,0.0005944166075247273,3.140454693002887e-05,0.009328540430785749,0.9900456384147593,12,cot
1,basic_no_format,285, rather,7542,3.0,assistant,82.0,904,3.0,226,0.10940568818820239,2.481476717906398e-05,1.6225376582412275e-05,0.10940568818820239,0.8905532716680362,12,cot
1,basic_no_format,286, than,1572,3.0,assistant,83.0,905,3.0,227,0.13936444033103895,9.749834913169469e-06,2.5316165508508438e-05,0.13936444033103895,0.8606004936685394,12,cot
1,basic_no_format,287, reporting,20790,3.0,assistant,84.0,906,3.0,228,0.04139388031450017,5.150673171881779e-06,1.973859628133506e-06,0.04139388031450017,0.9585989951526999,12,cot
1,basic_no_format,288, only,1606,3.0,assistant,85.0,907,3.0,229,0.6399503186486819,6.3172383980676415e-06,1.9546501354996175e-06,0.6399503186486819,0.3600414094627846,12,cot
1,basic_no_format,289, one,1001,3.0,assistant,86.0,908,3.0,230,0.7673981535389046,0.00011621604810734164,0.00023489719395348196,0.7673981535389046,0.23225073321903467,12,cot
1,basic_no_format,290, overall,10705,3.0,assistant,87.0,909,3.0,231,0.02185094715040641,1.4451666717329594e-05,6.632045910136125e-05,0.02185094715040641,0.9780682807237748,12,cot
1,basic_no_format,291, average,7848,3.0,assistant,88.0,910,3.0,232,0.036133718905490296,1.8181118114131795e-05,3.779613445794462e-05,0.036133718905490296,0.9638103038419376,12,cot
1,basic_no_format,292,.,13,3.0,assistant,89.0,911,3.0,233,0.06919438793947606,9.77045454759971e-06,7.104715740079965e-06,0.06919438793947606,0.9307887368902363,12,cot
1,basic_no_format,293, Preserve,140469,3.0,assistant,90.0,912,3.0,234,0.32149759851805637,8.667661459445909e-07,2.706699965663356e-07,0.32149759851805637,0.6785012640458011,12,cot
1,basic_no_format,294, both,2973,3.0,assistant,91.0,913,3.0,235,0.010208029318463192,4.975804397788837e-05,5.554852930682011e-06,0.010208029318463192,0.9897366577846283,12,cot
1,basic_no_format,295, word,2195,3.0,assistant,92.0,914,3.0,236,0.41433585694478164,0.005546066954242536,0.010653450734628915,0.41433585694478164,0.5694646253663468,12,cot
1,basic_no_format,296,ings,963,3.0,assistant,93.0,915,3.0,237,0.08417657551817738,0.003388559097586343,0.0006634731729476027,0.08417657551817738,0.9117713922112888,12,cot
1,basic_no_format,297, so,813,3.0,assistant,94.0,916,3.0,238,0.10116423506302874,5.846142952777553e-05,1.715267166880099e-06,0.10116423506302874,0.8987755882402766,12,cot
1,basic_no_format,298, readers,15116,3.0,assistant,95.0,917,3.0,239,0.9278862602677702,0.00027048119016288835,0.004464262045736695,0.9278862602677702,0.06737899649633029,12,cot
1,basic_no_format,299, can,665,3.0,assistant,96.0,918,3.0,240,0.25418797388879005,0.0001085846831003524,8.352028742606826e-06,0.25418797388879005,0.745695089399367,12,cot
1,basic_no_format,300, judge,23319,3.0,assistant,97.0,919,3.0,241,0.457338277141884,2.6167727040283576e-05,9.715215148181977e-06,0.457338277141884,0.5426258399159276,12,cot
1,basic_no_format,301, whether,5588,3.0,assistant,98.0,920,3.0,242,0.03984580342508633,9.842618273520836e-05,4.30139816723535e-06,0.03984580342508633,0.9600514689940113,12,cot
1,basic_no_format,302, the,290,3.0,assistant,99.0,921,3.0,243,0.8141111421720352,0.01131937037238452,0.05336540326412159,0.8141111421720352,0.12120408419145863,12,cot
1,basic_no_format,303, rewrite,50059,3.0,assistant,100.0,922,3.0,244,0.027696302684856275,0.000330730330524332,0.00019721696618616187,0.027696302684856275,0.9717757500184332,12,cot
1,basic_no_format,304, introduced,17882,3.0,assistant,101.0,923,3.0,245,0.028335842189011015,3.2812193509190514e-05,5.092330611088388e-06,0.028335842189011015,0.9716262532868687,12,cot
1,basic_no_format,305, a,261,3.0,assistant,102.0,924,3.0,246,0.18074987925755678,0.014649326482802417,0.08025823680361588,0.18074987925755678,0.7243425574560249,12,cot
1,basic_no_format,306, new,620,3.0,assistant,103.0,925,3.0,247,0.0669332661435987,0.0006825491742662464,7.704514976827216e-05,0.0669332661435987,0.9323071395323669,12,cot
1,basic_no_format,307, topic,10901,3.0,assistant,104.0,926,3.0,248,0.4961543281936477,0.008559804523359155,0.031186516577162565,0.4961543281936477,0.4640993507058305,12,cot
1,basic_no_format,308, or,503,3.0,assistant,105.0,927,3.0,249,0.5350897061495338,0.007312806672881796,0.0021130376984206684,0.5350897061495338,0.45548444947916367,12,cot
1,basic_no_format,309, instruction,21179,3.0,assistant,106.0,928,3.0,250,0.7002935922526953,0.04603828803530625,0.0311984501476877,0.7002935922526953,0.22246966956431072,12,cot
1,basic_no_format,310, that,484,3.0,assistant,107.0,929,3.0,251,0.8350924864207006,0.049951665595524046,0.02358281164777531,0.8350924864207006,0.09137303633600019,12,cot
1,basic_no_format,311, could,2023,3.0,assistant,108.0,930,3.0,252,0.48368568530712447,5.623969632834118e-05,2.5572930605442342e-06,0.48368568530712447,0.5162555177034865,12,cot
1,basic_no_format,312, explain,16644,3.0,assistant,109.0,931,3.0,253,0.05842490760733029,0.00016534652257953547,1.8715371032660396e-05,0.05842490760733029,0.9413910304990575,12,cot
1,basic_no_format,313, the,290,3.0,assistant,110.0,932,3.0,254,0.3321722503062979,0.008629365335277108,0.10619109926848654,0.3321722503062979,0.5530072850899386,12,cot
1,basic_no_format,314, difference,9809,3.0,assistant,111.0,933,3.0,255,0.034276841572344785,0.0008982447627974587,0.0008813740485450719,0.034276841572344785,0.9639435396163126,12,cot
1,basic_no_format,316,That,7924,4.0,user,1.0,935,4.0,256,0.9995840859624916,1.356816995833089e-08,1.6634255863157173e-07,0.9995840859624916,0.00041573412677980786,12,cot
1,basic_no_format,317, sounds,15538,4.0,user,2.0,936,4.0,257,0.9873776854485328,7.036284723072019e-07,1.1475222763633131e-05,0.9873776854485328,0.012610135700231387,12,cot
1,basic_no_format,318, manageable,105350,4.0,user,3.0,937,4.0,258,0.9957055764995739,1.7325913237494267e-06,2.9829093285714875e-05,0.9957055764995739,0.0042628618158165,12,cot
1,basic_no_format,319,.,13,4.0,user,4.0,938,4.0,259,0.8932913890825948,2.5063967863070963e-05,0.010472809019523875,0.8932913890825948,0.09621073793001818,12,cot
1,basic_no_format,320, How,3253,4.0,user,5.0,939,4.0,260,0.8770573954425047,9.313570407571836e-05,0.12217740578369925,0.8770573954425047,0.0006720630697202714,12,cot
1,basic_no_format,321, should,1757,4.0,user,6.0,940,4.0,261,0.9641673245083511,8.59043606615053e-06,0.035756738800805196,0.9641673245083511,6.734625477750266e-05,12,cot
1,basic_no_format,322, I,357,4.0,user,7.0,941,4.0,262,0.9961026222097308,0.00029567998215490507,0.002663028517808319,0.9961026222097308,0.0009386692903061793,12,cot
1,basic_no_format,323, decide,13001,4.0,user,8.0,942,4.0,263,0.9946620003155141,1.2244099423319475e-05,0.002610077873625238,0.9946620003155141,0.002715677711437339,12,cot
1,basic_no_format,324, which,1118,4.0,user,9.0,943,4.0,264,0.9747857986125119,1.0886724067072513e-05,0.00014790775061938438,0.9747857986125119,0.025055406912801628,12,cot
1,basic_no_format,325, parts,7881,4.0,user,10.0,944,4.0,265,0.3523098615868408,0.0006524736502935433,0.0008981266460774844,0.3523098615868408,0.6461395381167883,12,cot
1,basic_no_format,326, of,328,4.0,user,11.0,945,4.0,266,0.88076012017858,0.0001229375217877374,0.0007795050560563527,0.88076012017858,0.1183374372435759,12,cot
1,basic_no_format,327, the,290,4.0,user,12.0,946,4.0,267,0.7892222245460149,0.0004918584576525533,0.1709673377930074,0.7892222245460149,0.039318579203325175,12,cot
1,basic_no_format,328, wording,117551,4.0,user,13.0,947,4.0,268,0.35181030550430575,0.0011788902437324493,0.04430597839475432,0.35181030550430575,0.6027048258572075,12,cot
1,basic_no_format,329, to,316,4.0,user,14.0,948,4.0,269,0.8739760803393823,0.0003926520144069011,0.0033194340782163956,0.8739760803393823,0.12231183356799441,12,cot
1,basic_no_format,330, change,3343,4.0,user,15.0,949,4.0,270,0.25762973875384154,0.0005048616210169899,0.0025966981639312338,0.25762973875384154,0.7392687014612102,12,cot
1,basic_no_format,331,?,30,4.0,user,16.0,950,4.0,271,0.9885759971505891,3.633917214742733e-05,0.002318336993178571,0.9885759971505891,0.009069326684084953,12,cot
1,basic_no_format,332, I,357,4.0,user,17.0,951,4.0,272,0.9696075256748358,1.6328453974601045e-05,0.02664484411238614,0.9696075256748358,0.003731301758803394,12,cot
1,basic_no_format,333, don't,4128,4.0,user,18.0,952,4.0,273,0.9923168935576683,4.815718721054539e-05,0.0016251885519349006,0.9923168935576683,0.006009760703186295,12,cot
1,basic_no_format,334, want,1682,4.0,user,19.0,953,4.0,274,0.23635455312771336,0.00015928902814322027,0.7342284317369967,0.23635455312771336,0.02925772610714672,12,cot
1,basic_no_format,335, an,448,4.0,user,20.0,954,4.0,275,0.500831326357066,0.0008053935825034844,0.003773060002972657,0.500831326357066,0.49459022005745784,12,cot
1,basic_no_format,336, ab,692,4.0,user,21.0,955,4.0,276,0.8462574424766268,0.014349890957600912,0.03398030828675977,0.8462574424766268,0.1054123582790125,12,cot
1,basic_no_format,337,lation,4247,4.0,user,22.0,956,4.0,277,0.2480786813806255,0.0032939096114884218,0.0253165532109097,0.2480786813806255,0.7233108557969764,12,cot
1,basic_no_format,338, that,484,4.0,user,23.0,957,4.0,278,0.754306676247185,5.31975533683366e-05,0.011411691038621333,0.754306676247185,0.2342284351608254,12,cot
1,basic_no_format,339, changes,6629,4.0,user,24.0,958,4.0,279,0.05198329783735967,5.942336164627664e-05,0.0007575362067640351,0.05198329783735967,0.9471997425942299,12,cot
1,basic_no_format,340, everything,5519,4.0,user,25.0,959,4.0,280,0.2998997876441213,0.00018852451721952483,0.009562568045256186,0.2998997876441213,0.690349119793403,12,cot
1,basic_no_format,341, at,540,4.0,user,26.0,960,4.0,281,0.16744570236621764,0.0027296210477459172,0.0024430448624767793,0.16744570236621764,0.8273816317235597,12,cot
1,basic_no_format,342, once,4730,4.0,user,27.0,961,4.0,282,0.26398734878796726,0.0012462097771746984,0.30948093767501805,0.26398734878796726,0.4252855037598399,12,cot
1,basic_no_format,343,",",11,4.0,user,28.0,962,4.0,283,0.3390743677424258,0.0013139514167091922,0.6000123285948593,0.3390743677424258,0.05959935224600574,12,cot
1,basic_no_format,344, because,2236,4.0,user,29.0,963,4.0,284,0.5864208533082842,0.000256808591440792,0.36466995149511405,0.5864208533082842,0.048652386605161003,12,cot
1,basic_no_format,345, then,1815,4.0,user,30.0,964,4.0,285,0.16564642178628747,0.00023969699503270905,0.015393867378203436,0.16564642178628747,0.8187200138404763,12,cot
1,basic_no_format,346, a,261,4.0,user,31.0,965,4.0,286,0.43402817864910553,0.006569209181925407,0.00376316244631382,0.43402817864910553,0.5556394497226553,12,cot
1,basic_no_format,347, difference,9809,4.0,user,32.0,966,4.0,287,0.008521708047774423,5.658800206674424e-05,0.0004217460755100542,0.008521708047774423,0.9909999578746487,12,cot
1,basic_no_format,348, in,306,4.0,user,33.0,967,4.0,288,0.10075689532846584,0.0003397391734898626,0.05108433598791736,0.10075689532846584,0.847819029510127,12,cot
1,basic_no_format,349, the,290,4.0,user,34.0,968,4.0,289,0.9086934100961904,0.004473049600847132,0.02791372396111904,0.9086934100961904,0.05891981634184344,12,cot
1,basic_no_format,350, graph,7465,4.0,user,35.0,969,4.0,290,0.22442072559144136,0.0004151407339991701,0.005749115477005611,0.22442072559144136,0.7694150181975538,12,cot
1,basic_no_format,351, would,1481,4.0,user,36.0,970,4.0,291,0.06630923988410813,4.821591756049317e-05,0.0033241131055853426,0.06630923988410813,0.9303184310927461,12,cot
1,basic_no_format,352, be,413,4.0,user,37.0,971,4.0,292,0.24877243324614556,0.00016872809225923442,0.040342796374173304,0.24877243324614556,0.7107160422874219,12,cot
1,basic_no_format,353, hard,3479,4.0,user,38.0,972,4.0,293,0.48669619763744637,0.0017446901441999963,0.258980380610155,0.48669619763744637,0.2525787316081989,12,cot
1,basic_no_format,354, to,316,4.0,user,39.0,973,4.0,294,0.12633189064053504,0.00023319068797405043,0.0038258500372481442,0.12633189064053504,0.8696090686342427,12,cot
1,basic_no_format,355, interpret,18135,4.0,user,40.0,974,4.0,295,0.04139710204804034,2.9329690163418565e-05,0.00033162369331463646,0.04139710204804034,0.9582419445684817,12,cot
1,basic_no_format,357,The,976,5.0,cot,1.0,976,5.0,296,0.997652997623577,6.525767781746887e-10,8.076712906954698e-07,0.997652997623577,0.0023461940525557933,12,cot
1,basic_no_format,358, user,1825,5.0,cot,2.0,977,5.0,297,0.9999192038173665,2.3200888864437964e-07,1.3914801613963633e-05,0.9999192038173665,6.664937213074457e-05,12,cot
1,basic_no_format,359, is,382,5.0,cot,3.0,978,5.0,298,0.9967563446475394,8.410477887515321e-08,1.569749646576975e-06,0.9967563446475394,0.003242001498035221,12,cot
1,basic_no_format,360, correctly,20323,5.0,cot,4.0,979,5.0,299,0.9988102530500369,1.7792076770984037e-07,1.412601802492254e-05,0.9988102530500369,0.0011754430111703745,12,cot
1,basic_no_format,361, concerned,19414,5.0,cot,5.0,980,5.0,300,0.9885591024214764,5.248563718624987e-07,0.0001508461988513711,0.9885591024214764,0.011289526523300378,12,cot
1,basic_no_format,362, that,484,5.0,cot,6.0,981,5.0,301,0.9505864247168743,3.490078720608932e-07,4.118990929262934e-05,0.9505864247168743,0.049372036365961165,12,cot
1,basic_no_format,363, a,261,5.0,cot,7.0,982,5.0,302,0.7975060136300213,4.946892683900943e-06,0.00017315727870138468,0.7975060136300213,0.2023158821985933,12,cot
1,basic_no_format,364, broad,11245,5.0,cot,8.0,983,5.0,303,0.9640349870877141,1.3500745192734955e-05,0.0015148874965992072,0.9640349870877141,0.03443662467049384,12,cot
1,basic_no_format,365, rewrite,50059,5.0,cot,9.0,984,5.0,304,0.5252852955801703,2.8130253770053023e-05,0.00016150755527804774,0.5252852955801703,0.47452506661078153,12,cot
1,basic_no_format,366, may,1340,5.0,cot,10.0,985,5.0,305,0.9449465657781752,5.001012875478621e-06,0.000163878648587313,0.9449465657781752,0.054884554560362016,12,cot
1,basic_no_format,367, con,406,5.0,cot,11.0,986,5.0,306,0.7930584802461945,0.0001818801196978812,0.0008240528673285509,0.7930584802461945,0.20593558676677912,12,cot
1,basic_no_format,368,flate,27662,5.0,cot,12.0,987,5.0,307,0.8912755582573414,5.319300344748931e-05,0.0005714432686143879,0.8912755582573414,0.10809980547059667,12,cot
1,basic_no_format,369, several,4919,5.0,cot,13.0,988,5.0,308,0.8657898422308119,0.00015801532915115383,0.0008992078261436596,0.8657898422308119,0.13315293461389327,12,cot
1,basic_no_format,370, content,3100,5.0,cot,14.0,989,5.0,309,0.20586955313975286,0.0020108161199601585,0.003205066180603567,0.20586955313975286,0.7889145645596833,12,cot
1,basic_no_format,371, changes,6629,5.0,cot,15.0,990,5.0,310,0.10379338231145581,4.188093459359059e-05,5.302915745208052e-05,0.10379338231145581,0.8961117075964985,12,cot
1,basic_no_format,372,.,13,5.0,cot,16.0,991,5.0,311,0.795901019075233,5.518528674874141e-07,2.260110925232881e-06,0.795901019075233,0.2040961689609744,12,cot
1,basic_no_format,373, I,357,5.0,cot,17.0,992,5.0,312,0.9945028674639417,4.674352472470346e-09,3.2187122347685287e-07,0.9945028674639417,0.005496805990482425,12,cot
1,basic_no_format,374, should,1757,5.0,cot,18.0,993,5.0,313,0.999980170663646,4.024296534636655e-10,3.5331885442206456e-08,0.999980170663646,1.979360203891342e-05,12,cot
1,basic_no_format,375, recommend,7013,5.0,cot,19.0,994,5.0,314,0.9999964437046917,1.5479182971148352e-09,8.06270939888835e-08,0.9999964437046917,3.4741202960686163e-06,12,cot
1,basic_no_format,376, a,261,5.0,cot,20.0,995,5.0,315,0.7490402568206245,7.670254018917765e-07,1.144582397423562e-05,0.7490402568206245,0.25094753032999934,12,cot
1,basic_no_format,377, concrete,19230,5.0,cot,21.0,996,5.0,316,0.9991715912031764,5.078412709243218e-08,1.9787040369332897e-06,0.9991715912031764,0.0008263793086594861,12,cot
1,basic_no_format,378, transformation,26242,5.0,cot,22.0,997,5.0,317,0.08012088792536963,0.00012624712329345014,4.5302187753007336e-05,0.08012088792536963,0.9197075627635839,12,cot
1,basic_no_format,379, with,483,5.0,cot,23.0,998,5.0,318,0.9981799886615413,3.7818697351788495e-07,1.7946552609485546e-05,0.9981799886615413,0.001801686598875622,12,cot
1,basic_no_format,380, an,448,5.0,cot,24.0,999,5.0,319,0.35843204079350705,4.4848775634385454e-06,4.955079676528743e-06,0.35843204079350705,0.641558519249253,12,cot
1,basic_no_format,381, explicit,23141,5.0,cot,25.0,1000,5.0,320,0.7207220839536135,2.7787548608539086e-07,2.2102332879697407e-06,0.7207220839536135,0.27927542793761256,12,cot
1,basic_no_format,382, scope,12645,5.0,cot,26.0,1001,5.0,321,0.5608359657133495,2.0324941697099592e-06,2.037941520498006e-06,0.5608359657133495,0.43915996385096034,12,cot
1,basic_no_format,383,.,13,5.0,cot,27.0,1002,5.0,322,0.9608423006875313,2.9336101673485744e-08,1.357400007736105e-06,0.9608423006875313,0.0391563125763593,12,cot
1,basic_no_format,384, For,2214,5.0,cot,28.0,1003,5.0,323,0.9211288387528928,3.347142000258072e-08,1.8317587704566275e-07,0.9211288387528928,0.0788709445998101,12,cot
1,basic_no_format,385, instance,4934,5.0,cot,29.0,1004,5.0,324,0.9990238354583517,2.3712273406150285e-08,4.987977983533055e-06,0.9990238354583517,0.0009711528513914136,12,cot
1,basic_no_format,386,",",11,5.0,cot,30.0,1005,5.0,325,0.22304714985802715,8.361612505947247e-05,9.699313467548537e-05,0.22304714985802715,0.776772240882238,12,cot
1,basic_no_format,387, a,261,5.0,cot,31.0,1006,5.0,326,0.29302531904174417,9.442166433888681e-05,1.1898942914831664e-05,0.29302531904174417,0.7068683603510022,12,cot
1,basic_no_format,388, passage,26368,5.0,cot,32.0,1007,5.0,327,0.0597075654052744,0.00017882459380109313,1.4251603713312893e-05,0.0597075654052744,0.9400993583972113,12,cot
1,basic_no_format,389, can,665,5.0,cot,33.0,1008,5.0,328,0.9442714212625125,6.430033518114506e-06,1.3032190244141455e-05,0.9442714212625125,0.05570911651372518,12,cot
1,basic_no_format,390, move,5275,5.0,cot,34.0,1009,5.0,329,0.20129376491407944,6.257258835637951e-05,5.578585518878758e-05,0.20129376491407944,0.7985878766423754,12,cot
1,basic_no_format,391, from,591,5.0,cot,35.0,1010,5.0,330,0.5603168594391894,0.00012095176047551728,0.0001214488544765801,0.5603168594391894,0.43944073994585847,12,cot
1,basic_no_format,392, an,448,5.0,cot,36.0,1011,5.0,331,0.9195923398654401,0.00027265427002207175,0.0002351819301734258,0.9195923398654401,0.07989982393436436,12,cot
1,basic_no_format,393, internal,8812,5.0,cot,37.0,1012,5.0,332,0.7437622863796405,0.0008974272985720342,0.0003552781000773137,0.7437622863796405,0.2549850082217102,12,cot
1,basic_no_format,394, planning,10249,5.0,cot,38.0,1013,5.0,333,0.8169818232466014,0.001419688002145046,0.0009286878827357726,0.8169818232466014,0.18066980086851778,12,cot
1,basic_no_format,395, voice,11723,5.0,cot,39.0,1014,5.0,334,0.38264108974685057,0.0015945585159602748,0.0002816565007970874,0.38264108974685057,0.6154826952363921,12,cot
1,basic_no_format,396, to,316,5.0,cot,40.0,1015,5.0,335,0.8653272710299833,1.443094423274999e-05,5.683698740311554e-07,0.8653272710299833,0.1346577296559099,12,cot
1,basic_no_format,397, a,261,5.0,cot,41.0,1016,5.0,336,0.8291934671235321,0.001462639969720517,0.0007645534520318337,0.8291934671235321,0.16857933945471543,12,cot
1,basic_no_format,398, direct,2823,5.0,cot,42.0,1017,5.0,337,0.20142640488737984,0.0011847330349333478,0.0005236790227070828,0.20142640488737984,0.7968651830549797,12,cot
1,basic_no_format,399, explanatory,177098,5.0,cot,43.0,1018,5.0,338,0.4898917589286402,0.0017628938513368697,0.0005160257745653789,0.4898917589286402,0.5078293214454576,12,cot
1,basic_no_format,400, answer,6052,5.0,cot,44.0,1019,5.0,339,0.15292490416099364,0.0021722977046799413,0.0004882971560674375,0.15292490416099364,0.844414500978259,12,cot
1,basic_no_format,401, while,2049,5.0,cot,45.0,1020,5.0,340,0.32506851963363953,4.443262575601655e-05,9.092571712048922e-06,0.32506851963363953,0.6748779551688925,12,cot
1,basic_no_format,402, retaining,76464,5.0,cot,46.0,1021,5.0,341,0.6505185937504858,2.9094464109781713e-05,6.3646783451223005e-06,0.6505185937504858,0.34944594710705923,12,cot
1,basic_no_format,403, the,290,5.0,cot,47.0,1022,5.0,342,0.8891935037633354,0.0008752814090223681,0.0011275130132464572,0.8891935037633354,0.10880370181439585,12,cot
1,basic_no_format,404, factual,106694,5.0,cot,48.0,1023,5.0,343,0.03666766109819116,0.0002749669851312607,7.202313584081159e-06,0.03666766109819116,0.9630501696030935,12,cot
1,basic_no_format,405, propositions,104068,5.0,cot,49.0,1024,5.0,344,0.35416888232578986,0.005695590943132088,0.0012885625471121434,0.35416888232578986,0.6388469641839659,12,cot
1,basic_no_format,406, and,326,5.0,cot,50.0,1025,5.0,345,0.24737041745078578,0.000131236582708436,4.522563685644802e-06,0.24737041745078578,0.7524938234028202,12,cot
1,basic_no_format,407, their,1043,5.0,cot,51.0,1026,5.0,346,0.13670548214204048,0.001341146713067222,7.136432380109614e-05,0.13670548214204048,0.8618820068210912,12,cot
1,basic_no_format,408, order,2569,5.0,cot,52.0,1027,5.0,347,0.6080017337714183,0.000913586546842905,0.00028191732446697945,0.6080017337714183,0.39080276235727196,12,cot
1,basic_no_format,409,.,13,5.0,cot,53.0,1028,5.0,348,0.9835966420594853,3.56080222890256e-05,2.969413787930135e-05,0.9835966420594853,0.016338055780346594,12,cot
1,basic_no_format,410, That,4569,5.0,cot,54.0,1029,5.0,349,0.8040356312375716,4.988304819359277e-06,0.0001304443837401384,0.8040356312375716,0.1958289360738688,12,cot
1,basic_no_format,411, does,2226,5.0,cot,55.0,1030,5.0,350,0.07032795066656378,0.0003367664010878396,0.00012583229897768068,0.07032795066656378,0.9292094506333707,12,cot
1,basic_no_format,412, not,625,5.0,cot,56.0,1031,5.0,351,0.646663819132923,2.0745964703099026e-05,0.00010967223123142243,0.646663819132923,0.35320576267114234,12,cot
1,basic_no_format,413, make,1520,5.0,cot,57.0,1032,5.0,352,0.425283495371742,0.010689335457979694,0.007967821333129002,0.425283495371742,0.5560593478371494,12,cot
1,basic_no_format,414, the,290,5.0,cot,58.0,1033,5.0,353,0.09689076382334476,0.00046702390437337345,0.0015993490046395124,0.09689076382334476,0.9010428632676425,12,cot
1,basic_no_format,415, texts,35562,5.0,cot,59.0,1034,5.0,354,0.12711055980927882,0.0007994170585620871,0.0006128226642152254,0.12711055980927882,0.8714772004679437,12,cot
1,basic_no_format,416, identical,32820,5.0,cot,60.0,1035,5.0,355,0.16198982935195955,0.00030670045940255303,0.00022804780078761015,0.16198982935195955,0.8374754223878503,12,cot
1,basic_no_format,417, in,306,5.0,cot,61.0,1036,5.0,356,0.20117158699821375,0.0007031689652977446,0.00020581936344400313,0.20117158699821375,0.7979194246730446,12,cot
1,basic_no_format,418, meaning,10915,5.0,cot,62.0,1037,5.0,357,0.10722515568196055,0.001485217658806821,0.0003014602437743247,0.10722515568196055,0.8909881664154583,12,cot
1,basic_no_format,419, or,503,5.0,cot,63.0,1038,5.0,358,0.4180583162449865,0.0035491985405979695,0.00011994263845045483,0.4180583162449865,0.5782725425759649,12,cot
1,basic_no_format,420, token,6602,5.0,cot,64.0,1039,5.0,359,0.22895331523296666,0.029351923406476986,0.003827241957903204,0.22895331523296666,0.7378675194026532,12,cot
1,basic_no_format,421,ization,2860,5.0,cot,65.0,1040,5.0,360,0.5239380322123088,0.004382890444493399,0.005328054282586886,0.5239380322123088,0.4663510230606108,12,cot
1,basic_no_format,422,",",11,5.0,cot,66.0,1041,5.0,361,0.08265258103688629,0.0019941791780605732,0.00048717101918388154,0.08265258103688629,0.9148660687658693,12,cot
1,basic_no_format,423, so,813,5.0,cot,67.0,1042,5.0,362,0.7410809594309774,0.0006196062632028047,7.11113110019267e-05,0.7410809594309774,0.2582283229948178,12,cot
1,basic_no_format,424, those,2617,5.0,cot,68.0,1043,5.0,363,0.07636077825832022,0.0006883644348394299,5.627685213712797e-05,0.07636077825832022,0.9228945804547032,12,cot
1,basic_no_format,425, limitations,15817,5.0,cot,69.0,1044,5.0,364,0.7234568102132871,2.7542229308555842e-05,5.370099526413251e-06,0.7234568102132871,0.276510277457878,12,cot
1,basic_no_format,426, should,1757,5.0,cot,70.0,1045,5.0,365,0.9888597583894227,1.1556775352063914e-05,4.834779380399883e-05,0.9888597583894227,0.011080337041421294,12,cot
1,basic_no_format,427, be,413,5.0,cot,71.0,1046,5.0,366,0.9941781278988249,9.88004349249432e-06,0.00020616629921577044,0.9941781278988249,0.005605825758467055,12,cot
1,basic_no_format,428, acknowledged,54700,5.0,cot,72.0,1047,5.0,367,0.9962880260913928,7.507549287109584e-06,2.4313925833954595e-05,0.9962880260913928,0.0036801524334860464,12,cot
1,basic_no_format,429,.,13,5.0,cot,73.0,1048,5.0,368,0.8905046969925281,1.4594921589374287e-05,3.556596295135998e-06,0.8905046969925281,0.1094771514895872,12,cot
1,basic_no_format,430, Multiple,39109,5.0,cot,74.0,1049,5.0,369,0.935817258085081,0.00010601491297626684,0.0004384199651612659,0.935817258085081,0.06363830703678143,12,cot
1,basic_no_format,431, independently,38341,5.0,cot,75.0,1050,5.0,370,0.663938077110347,0.000425504090759797,0.0003479282563454463,0.663938077110347,0.3352884905425477,12,cot
1,basic_no_format,432, prepared,13128,5.0,cot,76.0,1051,5.0,371,0.6613793063831079,7.816908426303987e-05,1.7251092517034904e-05,0.6613793063831079,0.33852527344011196,12,cot
1,basic_no_format,433, rew,132005,5.0,cot,77.0,1052,5.0,372,0.04221914568762107,0.00012140002215659187,1.2308791826727484e-05,0.04221914568762107,0.9576471454983956,12,cot
1,basic_no_format,434,rites,41991,5.0,cot,78.0,1053,5.0,373,0.2999517927364506,0.00012158258288713812,9.901189342875793e-05,0.2999517927364506,0.6998276127872335,12,cot
1,basic_no_format,435, would,1481,5.0,cot,79.0,1054,5.0,374,0.9937215884671482,9.120939298618545e-05,0.00012795248941230175,0.9937215884671482,0.006059249650453376,12,cot
1,basic_no_format,436, help,1652,5.0,cot,80.0,1055,5.0,375,0.9944800090153394,3.7862544828406056e-06,1.6389264660509093e-05,0.9944800090153394,0.005499815465517096,12,cot
1,basic_no_format,437, distinguish,59938,5.0,cot,81.0,1056,5.0,376,0.23965611998051714,1.1578462504411492e-05,2.5217291935356158e-05,0.23965611998051714,0.7603070842650431,12,cot
1,basic_no_format,438, a,261,5.0,cot,82.0,1057,5.0,377,0.08606576036107498,9.064186738462397e-05,0.00013996204503676895,0.08606576036107498,0.9137036357265037,12,cot
1,basic_no_format,439, style,2713,5.0,cot,83.0,1058,5.0,378,0.021891471802706466,4.228495636320015e-05,3.8581270954359646e-05,0.021891471802706466,0.978027661969976,12,cot
1,basic_no_format,440, pattern,8302,5.0,cot,84.0,1059,5.0,379,0.11004200367818166,0.001164336345998386,0.002728141846840839,0.11004200367818166,0.8860655181289792,12,cot
1,basic_no_format,441, from,591,5.0,cot,85.0,1060,5.0,380,0.11759038169403485,2.439944192452998e-05,4.501100665293325e-05,0.11759038169403485,0.8823402078573878,12,cot
1,basic_no_format,442, one,1001,5.0,cot,86.0,1061,5.0,381,0.5384767017269386,0.0016430460545782944,0.0018432181230217397,0.5384767017269386,0.4580370340954613,12,cot
1,basic_no_format,443, unusual,30529,5.0,cot,87.0,1062,5.0,382,0.922352399160286,5.8141745335999534e-05,0.001484413382364731,0.922352399160286,0.07610504571201324,12,cot
1,basic_no_format,444, parap,71265,5.0,cot,88.0,1063,5.0,383,0.6098290977085059,0.011529486057992781,0.0030993926043724283,0.6098290977085059,0.375542023629129,12,cot
1,basic_no_format,445,hrase,46439,5.0,cot,89.0,1064,5.0,384,0.6652290386573084,0.0008825032101893954,0.007181501008933267,0.6652290386573084,0.3267069571235689,12,cot
1,basic_no_format,446,",",11,5.0,cot,90.0,1065,5.0,385,0.8762994736959764,0.00045212089268278715,0.0020329210027300888,0.8762994736959764,0.12121548440861071,12,cot
1,basic_no_format,447, but,889,5.0,cot,91.0,1066,5.0,386,0.9909782950067245,8.715416974119644e-05,4.189670610625546e-05,0.9909782950067245,0.008892654117428,12,cot
1,basic_no_format,448, the,290,5.0,cot,92.0,1067,5.0,387,0.7969543683003291,7.1075917298999195e-06,5.814723285082271e-05,0.7969543683003291,0.20298037687509018,12,cot
1,basic_no_format,449, initial,4871,5.0,cot,93.0,1068,5.0,388,0.8837061620125567,6.461512071163381e-05,0.0002809911297345212,0.8837061620125567,0.11594823173699716,12,cot
1,basic_no_format,450, demonstration,56324,5.0,cot,94.0,1069,5.0,389,0.6021835539297063,0.008152866254037324,0.0034389981344658048,0.6021835539297063,0.3862245816817906,12,cot
1,basic_no_format,451, can,665,5.0,cot,95.0,1070,5.0,390,0.9921305546541781,5.0460139601553775e-05,0.0009475504378235096,0.9921305546541781,0.006871434768396767,12,cot
1,basic_no_format,452, remain,12760,5.0,cot,96.0,1071,5.0,391,0.9108980225940821,3.172401512538755e-05,0.0003104941288559725,0.9108980225940821,0.08875975926193654,12,cot
1,basic_no_format,453, small,3291,5.0,cot,97.0,1072,5.0,392,0.9125155769065436,0.001056687673679975,0.005193442167560551,0.9125155769065436,0.08123429325221589,12,cot
1,basic_no_format,454, and,326,5.0,cot,98.0,1073,5.0,393,0.9065200214132476,0.00017538122434395797,0.001225069856230272,0.9065200214132476,0.09207952750617805,12,cot
1,basic_no_format,455, clearly,15603,5.0,cot,99.0,1074,5.0,394,0.3830607604840466,3.433478045929933e-05,0.000829124279442989,0.3830607604840466,0.6160757804560512,12,cot
1,basic_no_format,456, labeled,55089,5.0,cot,100.0,1075,5.0,395,0.048775306960638296,0.00018082865639376322,6.640599679154997e-05,0.048775306960638296,0.9509774583861763,12,cot
1,basic_no_format,457, as,472,5.0,cot,101.0,1076,5.0,396,0.8294457667215095,1.9248009723245313e-05,1.3539235651049605e-05,0.8294457667215095,0.17052144603311625,12,cot
1,basic_no_format,458, such,2238,5.0,cot,102.0,1077,5.0,397,0.9802997710386316,0.00022609976982154552,0.0007348396441331333,0.9802997710386316,0.018739289547413603,12,cot
1,basic_no_format,460,Specify,156320,6.0,assistant,1.0,1079,6.0,398,0.9736683504669137,1.1973978395860675e-06,0.004684381942985277,0.9736683504669137,0.02164607019226154,12,cot
1,basic_no_format,461, the,290,6.0,assistant,2.0,1080,6.0,399,0.9825958467616244,8.991018524492117e-07,2.418903274794497e-05,0.9825958467616244,0.017379065103775265,12,cot
1,basic_no_format,462, transformation,26242,6.0,assistant,3.0,1081,6.0,400,0.7280767114873421,0.0001785841108953594,0.00035482611710660207,0.7280767114873421,0.2713898782846558,12,cot
1,basic_no_format,463, before,2254,6.0,assistant,4.0,1082,6.0,401,0.9903685767187407,3.8843356558375355e-05,0.0019860809505988317,0.9903685767187407,0.0076064989741022465,12,cot
1,basic_no_format,464, writing,5281,6.0,assistant,5.0,1083,6.0,402,0.19005649661399204,0.0008740418338220828,0.019021975320361106,0.19005649661399204,0.7900474862318247,12,cot
1,basic_no_format,465, the,290,6.0,assistant,6.0,1084,6.0,403,0.9701904784178529,0.0017239450935531396,0.021146744486724444,0.9701904784178529,0.006938832001869381,12,cot
1,basic_no_format,466, alternative,13319,6.0,assistant,7.0,1085,6.0,404,0.07209604724806855,3.983831765359248e-05,0.0002216577671341575,0.07209604724806855,0.9276424566671436,12,cot
1,basic_no_format,467,.,13,6.0,assistant,8.0,1086,6.0,405,0.9540018012981095,6.462311443104647e-06,9.041492829612445e-05,0.9540018012981095,0.045901321462151076,12,cot
1,basic_no_format,468, For,2214,6.0,assistant,9.0,1087,6.0,406,0.910615746729302,2.4239029512975593e-06,0.0016475036539613992,0.910615746729302,0.08773432571378526,12,cot
1,basic_no_format,469, example,4994,6.0,assistant,10.0,1088,6.0,407,0.9686433118150887,6.869877701095556e-06,0.0011339288643189176,0.9686433118150887,0.030215889442891223,12,cot
1,basic_no_format,470,",",11,6.0,assistant,11.0,1089,6.0,408,0.8540150003758232,7.413030949341744e-05,0.00016045801291233975,0.8540150003758232,0.145750411301771,12,cot
1,basic_no_format,471, convert,8452,6.0,assistant,12.0,1090,6.0,409,0.5427715287579492,2.9663419475876947e-05,8.811202475791364e-06,0.5427715287579492,0.4571899966200992,12,cot
1,basic_no_format,472, an,448,6.0,assistant,13.0,1091,6.0,410,0.9599386185504383,0.0019509704256447848,0.00855709761229394,0.9599386185504383,0.02955331341162306,12,cot
1,basic_no_format,473, internal,8812,6.0,assistant,14.0,1092,6.0,411,0.7001613508308553,0.00041937427379100416,0.0001083726854252411,0.7001613508308553,0.2993109022099285,12,cot
1,basic_no_format,474, planning,10249,6.0,assistant,15.0,1093,6.0,412,0.914171472090016,0.00027381616804393323,0.00010600808397445047,0.914171472090016,0.0854487036579657,12,cot
1,basic_no_format,475, passage,26368,6.0,assistant,16.0,1094,6.0,413,0.1835896314512341,0.00014164619402711696,7.521287494949214e-06,0.1835896314512341,0.8162612010672438,12,cot
1,basic_no_format,476, into,1511,6.0,assistant,17.0,1095,6.0,414,0.6838703707137359,0.00010473146172446338,1.4505750858201218e-05,0.6838703707137359,0.3160103920736814,12,cot
1,basic_no_format,477, a,261,6.0,assistant,18.0,1096,6.0,415,0.7265248451298292,0.009354519953635058,0.19122966531141528,0.7265248451298292,0.07289096960512037,12,cot
1,basic_no_format,478, direct,2823,6.0,assistant,19.0,1097,6.0,416,0.13387315193412205,0.0001327008407162172,5.2490189765422764e-05,0.13387315193412205,0.8659416570353963,12,cot
1,basic_no_format,479, explanation,30547,6.0,assistant,20.0,1098,6.0,417,0.5469339517034457,0.002069686611787869,0.0004265546754017963,0.5469339517034457,0.45056980700936455,12,cot
1,basic_no_format,480, while,2049,6.0,assistant,21.0,1099,6.0,418,0.6469341769946069,0.0010061248277592493,0.0006308441196580836,0.6469341769946069,0.35142885405797575,12,cot
1,basic_no_format,481, preserving,74564,6.0,assistant,22.0,1100,6.0,419,0.6639282582815194,3.1615248269519385e-05,3.2669525898347273e-06,0.6639282582815194,0.3360368595176213,12,cot
1,basic_no_format,482, its,1617,6.0,assistant,23.0,1101,6.0,420,0.3454463077924192,0.01535893030266905,0.011983886586481193,0.3454463077924192,0.6272108753184307,12,cot
1,basic_no_format,483, factual,106694,6.0,assistant,24.0,1102,6.0,421,0.03456008733978447,0.00013714832411868257,6.735298170787809e-06,0.03456008733978447,0.965296029037926,12,cot
1,basic_no_format,484, claims,14846,6.0,assistant,25.0,1103,6.0,422,0.31694009400991324,0.004603237316959665,0.0012123539979771013,0.31694009400991324,0.67724431467515,12,cot
1,basic_no_format,485,",",11,6.0,assistant,26.0,1104,6.0,423,0.8613408189253144,8.792307762946891e-05,6.740840685124679e-06,0.8613408189253144,0.13856451715637086,12,cot
1,basic_no_format,486, examples,15652,6.0,assistant,27.0,1105,6.0,424,0.7429345041864627,0.008343209717198846,0.0032687046495146993,0.7429345041864627,0.2454535814468238,12,cot
1,basic_no_format,487,",",11,6.0,assistant,28.0,1106,6.0,425,0.7018105678886665,0.01815992228206518,0.01702243695325381,0.7018105678886665,0.2630070728760145,12,cot
1,basic_no_format,488, and,326,6.0,assistant,29.0,1107,6.0,426,0.5377775967057187,0.0009928980406739211,9.42183393554539e-05,0.5377775967057187,0.4611352869142519,12,cot
1,basic_no_format,489, order,2569,6.0,assistant,30.0,1108,6.0,427,0.46407123132862277,0.0016557518101200511,0.0011267215008103047,0.46407123132862277,0.5331462953604469,12,cot
1,basic_no_format,490,.,13,6.0,assistant,31.0,1109,6.0,428,0.984456675304026,0.00015976177114291552,0.0053797819840794535,0.984456675304026,0.01000378094075146,12,cot
1,basic_no_format,491, Avoid,46613,6.0,assistant,32.0,1110,6.0,429,0.9560716802645611,6.849821579463362e-06,6.674155887722089e-05,0.9560716802645611,0.04385472835498219,12,cot
1,basic_no_format,492, adding,12673,6.0,assistant,33.0,1111,6.0,430,0.9161550065015656,0.0004482386106489467,0.00042284601497124023,0.9161550065015656,0.0829739088728143,12,cot
1,basic_no_format,493, a,261,6.0,assistant,34.0,1112,6.0,431,0.39457203139852237,1.6300739397948396e-05,2.2677418285865054e-05,0.39457203139852237,0.6053889904437938,12,cot
1,basic_no_format,494, new,620,6.0,assistant,35.0,1113,6.0,432,0.7468038152709588,0.0014784373586103465,0.0012795561639589346,0.7468038152709588,0.250438191206472,12,cot
1,basic_no_format,495, instruction,21179,6.0,assistant,36.0,1114,6.0,433,0.6763791813354757,0.00180019989692493,0.004038162562631096,0.6763791813354757,0.31778245620496837,12,cot
1,basic_no_format,496,",",11,6.0,assistant,37.0,1115,6.0,434,0.6785707223587246,0.002123241716949165,0.0017253243849929432,0.6785707223587246,0.3175807115393333,12,cot
1,basic_no_format,497, changing,13784,6.0,assistant,38.0,1116,6.0,435,0.700279590946313,0.0003036443232355482,0.0001769108755081681,0.700279590946313,0.29923985385494334,12,cot
1,basic_no_format,498, the,290,6.0,assistant,39.0,1117,6.0,436,0.7059944419112089,0.0015052763606947831,0.004876777074312239,0.7059944419112089,0.2876235046537841,12,cot
1,basic_no_format,499, topic,10901,6.0,assistant,40.0,1118,6.0,437,0.34961098455412754,0.006167413567797388,0.0030579574154646337,0.34961098455412754,0.6411636444626103,12,cot
1,basic_no_format,500,",",11,6.0,assistant,41.0,1119,6.0,438,0.7858106516945084,0.00948357551643426,0.003935240369475069,0.7858106516945084,0.20077053241958231,12,cot
1,basic_no_format,501, or,503,6.0,assistant,42.0,1120,6.0,439,0.8982760203592194,1.9437612429137213e-06,2.0632444523112777e-06,0.8982760203592194,0.10171997263508538,12,cot
1,basic_no_format,502, inserting,97747,6.0,assistant,43.0,1121,6.0,440,0.4055926104117082,0.00010033584599814801,0.0002527760416169016,0.4055926104117082,0.5940542777006768,12,cot
1,basic_no_format,503, extra,5018,6.0,assistant,44.0,1122,6.0,441,0.7038220659353743,0.0003306007240312127,0.0002970866588932645,0.7038220659353743,0.29555024668170105,12,cot
1,basic_no_format,504, evidence,11716,6.0,assistant,45.0,1123,6.0,442,0.026493240371392824,0.0003034384381269045,5.11154048760737e-05,0.026493240371392824,0.9731522057856042,12,cot
1,basic_no_format,505,.,13,6.0,assistant,46.0,1124,6.0,443,0.6783753928348488,5.734731390182502e-05,1.300531414589416e-05,0.6783753928348488,0.32155425453710357,12,cot
1,basic_no_format,506, Keep,16835,6.0,assistant,47.0,1125,6.0,444,0.5242998279648114,1.3164264242777752e-05,5.662093150820485e-05,0.5242998279648114,0.4756303868394376,12,cot
1,basic_no_format,507, a,261,6.0,assistant,48.0,1126,6.0,445,0.8253741827937413,0.0007145475032234175,0.0007197292353056774,0.8253741827937413,0.17319154046772953,12,cot
1,basic_no_format,508, short,4022,6.0,assistant,49.0,1127,6.0,446,0.7858075882429318,0.0007489051085579809,0.013369484301182304,0.7858075882429318,0.20007402234732793,12,cot
1,basic_no_format,509, checklist,60797,6.0,assistant,50.0,1128,6.0,447,0.7156852699854931,3.905328737604554e-05,9.371064284686824e-05,0.7156852699854931,0.2841819660842839,12,cot
1,basic_no_format,510, of,328,6.0,assistant,51.0,1129,6.0,448,0.9945382563834374,9.71414877154964e-06,0.0005418112070422998,0.9945382563834374,0.004910218260748793,12,cot
1,basic_no_format,511, the,290,6.0,assistant,52.0,1130,6.0,449,0.6987589133633437,1.9797258331431303e-05,9.996649257142958e-05,0.6987589133633437,0.30112132288575344,12,cot
1,basic_no_format,512, properties,8359,6.0,assistant,53.0,1131,6.0,450,0.4237319971044075,0.00011942381325796967,8.144574770577665e-06,0.4237319971044075,0.5761404345075639,12,cot
1,basic_no_format,513, you,481,6.0,assistant,54.0,1132,6.0,451,0.9966508817368698,4.406188101125935e-05,0.0014022337474876633,0.9966508817368698,0.0019028226346313017,12,cot
1,basic_no_format,514, intended,15663,6.0,assistant,55.0,1133,6.0,452,0.3364865710993901,5.108560899370182e-06,2.0512326809981067e-06,0.3364865710993901,0.6635062691070296,12,cot
1,basic_no_format,515, to,316,6.0,assistant,56.0,1134,6.0,453,0.036594071868203945,9.559294993471902e-06,7.642260633364436e-06,0.036594071868203945,0.9633887265761691,12,cot
1,basic_no_format,516, preserve,33507,6.0,assistant,57.0,1135,6.0,454,0.03203021634274821,2.4241090182605953e-06,4.365347039744577e-08,0.03203021634274821,0.967967315894763,12,cot
1,basic_no_format,517,",",11,6.0,assistant,58.0,1136,6.0,455,0.8247881698799399,3.1181669197174507e-05,1.7891542500468202e-05,0.8247881698799399,0.1751627569083624,12,cot
1,basic_no_format,518, and,326,6.0,assistant,59.0,1137,6.0,456,0.9859194735282318,3.064787107878264e-05,0.005670552218417677,0.9859194735282318,0.008379326382271736,12,cot
1,basic_no_format,519, ask,3810,6.0,assistant,60.0,1138,6.0,457,0.7779240834900009,3.231887563717137e-05,9.20493237618399e-05,0.7779240834900009,0.22195154831060018,12,cot
1,basic_no_format,520, another,3613,6.0,assistant,61.0,1139,6.0,458,0.511285307874951,0.00014480008143887555,0.0004216679686887443,0.511285307874951,0.48814822407492137,12,cot
1,basic_no_format,521, reader,10958,6.0,assistant,62.0,1140,6.0,459,0.5766596624661886,0.00013644523511570727,0.0003553067670991802,0.5766596624661886,0.4228485855315966,12,cot
1,basic_no_format,522, to,316,6.0,assistant,63.0,1141,6.0,460,0.956729683816322,4.191293080793755e-05,0.0002491537589414917,0.956729683816322,0.04297924949392872,12,cot
1,basic_no_format,523, inspect,36665,6.0,assistant,64.0,1142,6.0,461,0.3549673698329054,5.482075431659438e-06,1.174580596195363e-05,0.3549673698329054,0.645015402285701,12,cot
1,basic_no_format,524, the,290,6.0,assistant,65.0,1143,6.0,462,0.4171803890538432,0.003556306852655191,0.007159680228314262,0.4171803890538432,0.5721036238651873,12,cot
1,basic_no_format,525, pair,10610,6.0,assistant,66.0,1144,6.0,463,0.4831858491409892,2.2706977036692588e-05,8.01227290130931e-05,0.4831858491409892,0.516711321152961,12,cot
1,basic_no_format,526, before,2254,6.0,assistant,67.0,1145,6.0,464,0.3881121513826369,1.655572039595752e-05,1.0408474867120248e-05,0.3881121513826369,0.6118608844221001,12,cot
1,basic_no_format,527, measurement,27666,6.0,assistant,68.0,1146,6.0,465,0.02033899146124826,1.040493069166657e-05,4.935768345569799e-05,0.02033899146124826,0.9796012459246043,12,cot
1,basic_no_format,528,.,13,6.0,assistant,69.0,1147,6.0,466,0.5394905274586714,1.8705256627010933e-05,2.7392270140160876e-05,0.5394905274586714,0.46046337501456147,12,cot
1,basic_no_format,529, Record,14574,6.0,assistant,70.0,1148,6.0,467,0.2130013810208706,4.878568167225753e-06,1.3092954262697506e-05,0.2130013810208706,0.7869806474566995,12,cot
1,basic_no_format,530, token,6602,6.0,assistant,71.0,1149,6.0,468,0.08993896384425129,0.0008227752978692261,0.00024257010793545084,0.08993896384425129,0.908995690749944,12,cot
1,basic_no_format,531, counts,28991,6.0,assistant,72.0,1150,6.0,469,0.08614723447159178,0.001359975261478038,0.00038103574043513427,0.08614723447159178,0.912111754526495,12,cot
1,basic_no_format,532, because,2236,6.0,assistant,73.0,1151,6.0,470,0.47427986425320856,0.0004075678809353677,0.0009039368309732466,0.47427986425320856,0.5244086310348829,12,cot
1,basic_no_format,533, a,261,6.0,assistant,74.0,1152,6.0,471,0.3903842363704656,0.00037027708222486664,0.0003086940364638379,0.3903842363704656,0.6089367925108458,12,cot
1,basic_no_format,534, stylist,87902,6.0,assistant,75.0,1153,6.0,472,0.06825624050148371,0.000489954698686414,0.00040666478664906397,0.06825624050148371,0.9308471400131809,12,cot
1,basic_no_format,535,ic,291,6.0,assistant,76.0,1154,6.0,473,0.17648275965553642,6.097160104059085e-05,2.2238320345459604e-05,0.17648275965553642,0.8234340304230775,12,cot
1,basic_no_format,536, rewrite,50059,6.0,assistant,77.0,1155,6.0,474,0.47821244334527335,0.0017036226032054675,0.0007630150642750484,0.47821244334527335,0.5193209189872462,12,cot
1,basic_no_format,537, may,1340,6.0,assistant,78.0,1156,6.0,475,0.4207095030305936,1.4079918934405058e-05,5.3768077119660585e-06,0.4207095030305936,0.57927104024276,12,cot
1,basic_no_format,538, also,1217,6.0,assistant,79.0,1157,6.0,476,0.5422979481686795,0.0025317499650647605,0.0025247624000440624,0.5422979481686795,0.4526455394662118,12,cot
1,basic_no_format,539, change,3343,6.0,assistant,80.0,1158,6.0,477,0.6620306300332905,0.0014093471438073287,0.00239307838958327,0.6620306300332905,0.3341669444333188,12,cot
1,basic_no_format,540, length,5517,6.0,assistant,81.0,1159,6.0,478,0.2075202911716799,0.0007605491327105188,0.0014765977478017266,0.2075202911716799,0.7902425619478078,12,cot
1,basic_no_format,541,.,13,6.0,assistant,82.0,1160,6.0,479,0.45305548020296466,0.00034914752556693715,0.00013776200695155737,0.45305548020296466,0.5464576102645168,12,cot
1,basic_no_format,542, Treat,25189,6.0,assistant,83.0,1161,6.0,480,0.8788599014358095,1.0269751753147279e-05,0.00036411767872279645,0.8788599014358095,0.12076571113371468,12,cot
1,basic_no_format,543, the,290,6.0,assistant,84.0,1162,6.0,481,0.45459865859761234,2.356448685095542e-06,0.00023481479309258023,0.45459865859761234,0.5451641701606099,12,cot
1,basic_no_format,544, first,1577,6.0,assistant,85.0,1163,6.0,482,0.2946179731401969,0.00044961323679819837,0.00010980552347369786,0.2946179731401969,0.7048226080995311,12,cot
1,basic_no_format,545, pair,10610,6.0,assistant,86.0,1164,6.0,483,0.5295329608389486,9.167822841250974e-05,0.00020309652566131953,0.5295329608389486,0.47017226440697757,12,cot
1,basic_no_format,546, as,472,6.0,assistant,87.0,1165,6.0,484,0.7298037124027709,0.004294522314727739,0.014275823593414708,0.7298037124027709,0.2516259416890866,12,cot
1,basic_no_format,547, an,448,6.0,assistant,88.0,1166,6.0,485,0.5579290673929959,0.0006237383023210491,0.0005965079326331851,0.5579290673929959,0.44085068637205,12,cot
1,basic_no_format,548, illustration,55575,6.0,assistant,89.0,1167,6.0,486,0.34205442003919134,0.0008763116855012355,0.0006068733592060497,0.34205442003919134,0.6564623949161014,12,cot
1,basic_no_format,549, of,328,6.0,assistant,90.0,1168,6.0,487,0.8404168709787588,0.005046447171063955,0.006342286125831034,0.8404168709787588,0.14819439572434623,12,cot
1,basic_no_format,550, the,290,6.0,assistant,91.0,1169,6.0,488,0.8799584032743273,0.0007880202284678436,0.027851589259967734,0.8799584032743273,0.0914019872372372,12,cot
1,basic_no_format,551, comparison,19211,6.0,assistant,92.0,1170,6.0,489,0.0818348065376443,1.218354716729795e-05,4.182386432847474e-05,0.0818348065376443,0.9181111860508598,12,cot
1,basic_no_format,552,.,13,6.0,assistant,93.0,1171,6.0,490,0.7665871670258617,0.002024188893365456,0.00915780315739383,0.7665871670258617,0.22223084092337897,12,cot
1,basic_no_format,553, To,2514,6.0,assistant,94.0,1172,6.0,491,0.4008317123489659,2.7288210297472145e-05,0.0021981329464884113,0.4008317123489659,0.5969428664942482,12,cot
1,basic_no_format,554, claim,6445,6.0,assistant,95.0,1173,6.0,492,0.0159417316717612,3.691017473535736e-06,1.0506913307747498e-06,0.0159417316717612,0.9840535266194343,12,cot
1,basic_no_format,555, a,261,6.0,assistant,96.0,1174,6.0,493,0.9957377489559764,0.000160775144979512,0.0006109876666612632,0.9957377489559764,0.0034904882323827506,12,cot
1,basic_no_format,556, repeat,22962,6.0,assistant,97.0,1175,6.0,494,0.20907442647642263,0.0005658798413909825,4.6958617013847885e-05,0.20907442647642263,0.7903127350651725,12,cot
1,basic_no_format,557,able,562,6.0,assistant,98.0,1176,6.0,495,0.3080621025053038,0.00020007036922183483,8.921254870427192e-05,0.3080621025053038,0.6916486145767701,12,cot
1,basic_no_format,558, style,2713,6.0,assistant,99.0,1177,6.0,496,0.021701027981539767,0.00013116486586520247,9.45586429097385e-05,0.021701027981539767,0.9780732485096854,12,cot
1,basic_no_format,559, effect,3159,6.0,assistant,100.0,1178,6.0,497,0.10093116993342582,1.3637664804130374e-05,7.563191224079433e-07,0.10093116993342582,0.8990544360826477,12,cot
1,basic_no_format,560,",",11,6.0,assistant,101.0,1179,6.0,498,0.5794459517068531,0.0003355591512914398,2.9486713547166197e-05,0.5794459517068531,0.4201890024283083,12,cot
1,basic_no_format,561, prepare,13708,6.0,assistant,102.0,1180,6.0,499,0.713376510205867,0.0003640888774609577,0.0003688998183210017,0.713376510205867,0.2858905010983509,12,cot
1,basic_no_format,562, several,4919,6.0,assistant,103.0,1181,6.0,500,0.862447637847035,0.0006544391182039172,0.0007333760791281089,0.862447637847035,0.13616454695563301,12,cot
1,basic_no_format,563, independent,13313,6.0,assistant,104.0,1182,6.0,501,0.671088205939656,0.0002109981369232177,0.00017685989565290977,0.671088205939656,0.3285239360277678,12,cot
1,basic_no_format,564, pairs,24702,6.0,assistant,105.0,1183,6.0,502,0.5388985172728615,5.972362218862086e-05,0.00039766307963242005,0.5388985172728615,0.4606440960253175,12,cot
1,basic_no_format,565, using,2360,6.0,assistant,106.0,1184,6.0,503,0.8011584388916638,0.0004618088394384758,0.0009348752378584718,0.8011584388916638,0.1974448770310392,12,cot
1,basic_no_format,566, the,290,6.0,assistant,107.0,1185,6.0,504,0.9989587024245579,1.925411228873771e-06,6.481748828003034e-06,0.9989587024245579,0.0010328904153853052,12,cot
1,basic_no_format,567, same,2684,6.0,assistant,108.0,1186,6.0,505,0.8050892152575975,0.007577306921124381,0.018234552345124323,0.8050892152575975,0.1690989254761538,12,cot
1,basic_no_format,568, rule,10652,6.0,assistant,109.0,1187,6.0,506,0.2551638135176012,0.00023875584707100313,0.0002119763923977212,0.2551638135176012,0.7443854542429301,12,cot
1,basic_no_format,569, and,326,6.0,assistant,110.0,1188,6.0,507,0.4410217637819923,0.010556282498435652,0.002877371545765467,0.4410217637819923,0.5455445821738065,12,cot
1,basic_no_format,570, evaluate,21646,6.0,assistant,111.0,1189,6.0,508,0.1268709935949734,0.00014066646235606818,0.0007145057161810758,0.1268709935949734,0.8722738342264895,12,cot
1,basic_no_format,571, the,290,6.0,assistant,112.0,1190,6.0,509,0.1672854930915643,0.0005260323254716101,1.491649491625269e-05,0.1672854930915643,0.8321735580880477,12,cot
1,basic_no_format,572, whole,6062,6.0,assistant,113.0,1191,6.0,510,0.1197192595245409,0.00014027495764333702,0.00027577092535092273,0.1197192595245409,0.8798646945924649,12,cot
1,basic_no_format,573, set,920,6.0,assistant,114.0,1192,6.0,511,0.4164713492779704,0.00016186370685719397,0.0008467196308088812,0.4164713492779704,0.5825200673843636,12,cot
1,basic_no_format,574, rather,7542,6.0,assistant,115.0,1193,6.0,512,0.2614201067948189,0.00022418418405890358,0.0010777862523757664,0.2614201067948189,0.7372779227687464,12,cot
1,basic_no_format,575, than,1572,6.0,assistant,116.0,1194,6.0,513,0.08536576198768978,1.617335684061381e-05,0.0002479247773614061,0.08536576198768978,0.9143701398781082,12,cot
1,basic_no_format,576, selecting,31615,6.0,assistant,117.0,1195,6.0,514,0.37649655111232555,1.4354247491319368e-05,0.000220083400574101,0.37649655111232555,0.6232690112396091,12,cot
1,basic_no_format,577, the,290,6.0,assistant,118.0,1196,6.0,515,0.659908010546931,0.002740464141540585,0.0050775007832317,0.659908010546931,0.33227402452829674,12,cot
1,basic_no_format,578, cle,2489,6.0,assistant,119.0,1197,6.0,516,0.9007639139184349,0.00012041686793581704,0.03122066065808042,0.9007639139184349,0.0678950085555488,12,cot
1,basic_no_format,579,arest,21325,6.0,assistant,120.0,1198,6.0,517,0.09625614572701394,0.0002139959939988308,0.0062376318324150505,0.09625614572701394,0.8972922264465721,12,cot
2,everything_in_user_tags,61,Hi,12194,1.0,user,1.0,1263,1.0,1,0.013744414840428073,0.0006401296191878152,0.9856152597027601,0.013744414840428073,1.9583762408133205e-07,12,cot
2,everything_in_user_tags,62,!,0,1.0,user,2.0,1264,1.0,2,2.966324573510573e-05,0.00015296270248784212,0.9998173734317329,2.966324573510573e-05,6.200442161928865e-10,12,cot
2,everything_in_user_tags,63, I'm,5477,1.0,user,3.0,1265,1.0,3,0.008351776687002184,0.0004073084047830972,0.9912405123362086,0.008351776687002184,4.0257200613126396e-07,12,cot
2,everything_in_user_tags,64, planning,10249,1.0,user,4.0,1266,1.0,4,0.0001254851526426767,0.00040331615668314245,0.9994711494572933,0.0001254851526426767,4.923338066545007e-08,12,cot
2,everything_in_user_tags,65, a,261,1.0,user,5.0,1267,1.0,5,0.002287623167031243,0.0016475989914872158,0.9960641419462134,0.002287623167031243,6.358952680567504e-07,12,cot
2,everything_in_user_tags,66, M,391,1.0,user,6.0,1268,1.0,6,0.00011905427751074922,0.0004323165109789269,0.9994486198102385,0.00011905427751074922,9.401271746610486e-09,12,cot
2,everything_in_user_tags,67,ATS,42222,1.0,user,7.0,1269,1.0,7,4.623232391620324e-06,0.00011478449456578431,0.9998805801229298,4.623232391620324e-06,1.2150112716442884e-08,12,cot
2,everything_in_user_tags,68, study,5012,1.0,user,8.0,1270,1.0,8,2.6148826796247424e-06,4.117387492786887e-05,0.9999562077347665,2.6148826796247424e-06,3.5076259323510356e-09,12,cot
2,everything_in_user_tags,69, to,316,1.0,user,9.0,1271,1.0,9,1.5551739858158148e-05,2.6761144070535484e-05,0.999957686218029,1.5551739858158148e-05,8.980425208093352e-10,12,cot
2,everything_in_user_tags,70, discuss,5381,1.0,user,10.0,1272,1.0,10,2.1200419840597482e-05,2.638126566522386e-05,0.9999524071998378,2.1200419840597482e-05,1.1114656250306197e-08,12,cot
2,everything_in_user_tags,71, with,483,1.0,user,11.0,1273,1.0,11,4.991170937208654e-05,3.7373397399013405e-05,0.999912705817912,4.991170937208654e-05,9.075316989853639e-09,12,cot
2,everything_in_user_tags,72, Ne,4475,1.0,user,12.0,1274,1.0,12,0.00016085927411800335,4.248431511913725e-05,0.9997966202537121,0.00016085927411800335,3.615705071024265e-08,12,cot
2,everything_in_user_tags,73,el,296,1.0,user,13.0,1275,1.0,13,2.6187996106034623e-05,8.55764241338007e-05,0.9998882240778293,2.6187996106034623e-05,1.1501930745494282e-08,12,cot
2,everything_in_user_tags,74,.,13,1.0,user,14.0,1276,1.0,14,0.00012640256346874306,0.0004729519491424481,0.9994005507836918,0.00012640256346874306,9.470369690546362e-08,12,cot
2,everything_in_user_tags,75, A,355,1.0,user,15.0,1277,1.0,15,0.005407888202664968,0.00018952659955451994,0.9944025086880741,0.005407888202664968,7.650970652262894e-08,12,cot
2,everything_in_user_tags,76, role,5430,1.0,user,16.0,1278,1.0,16,0.011155505188880992,0.002947102996397207,0.9858208711922266,0.011155505188880992,7.652062249510527e-05,12,cot
2,everything_in_user_tags,77, probe,31925,1.0,user,17.0,1279,1.0,17,0.00021000785396846407,0.0009407796835840755,0.9988476152594798,0.00021000785396846407,1.5972029675769127e-06,12,cot
2,everything_in_user_tags,78, seems,7890,1.0,user,18.0,1280,1.0,18,5.325389936655395e-05,0.0007783184376421442,0.9991684073846014,5.325389936655395e-05,2.0278389917253285e-08,12,cot
2,everything_in_user_tags,79, sensitive,24438,1.0,user,19.0,1281,1.0,19,0.0002971108446296159,0.0015232459005109155,0.9981756849844619,0.0002971108446296159,3.958270397656169e-06,12,cot
2,everything_in_user_tags,80, to,316,1.0,user,20.0,1282,1.0,20,6.325951225677596e-06,9.06523176834614e-05,0.9999029065468318,6.325951225677596e-06,1.1518425920302023e-07,12,cot
2,everything_in_user_tags,81, both,2973,1.0,user,21.0,1283,1.0,21,7.195985983683354e-05,0.0005787803979726158,0.9993491650414783,7.195985983683354e-05,9.47007123609988e-08,12,cot
2,everything_in_user_tags,82, message,3176,1.0,user,22.0,1284,1.0,22,0.0006583647839906714,0.0014929336149218202,0.9977993719165752,0.0006583647839906714,4.932968451231215e-05,12,cot
2,everything_in_user_tags,83, labels,17125,1.0,user,23.0,1285,1.0,23,0.006184362154674127,0.01551556351182115,0.9780210729826616,0.006184362154674127,0.0002790013508430915,12,cot
2,everything_in_user_tags,84, and,326,1.0,user,24.0,1286,1.0,24,0.01535854006831246,0.01932747745763834,0.9650691730404968,0.01535854006831246,0.0002448094335523586,12,cot
2,everything_in_user_tags,85, writing,5281,1.0,user,25.0,1287,1.0,25,0.0025472878171793364,0.02178688063219963,0.9754761328444006,0.0025472878171793364,0.00018969870622041862,12,cot
2,everything_in_user_tags,86, style,2713,1.0,user,26.0,1288,1.0,26,0.00663341177189309,0.04117654107603248,0.9519969825713301,0.00663341177189309,0.00019306458074432655,12,cot
2,everything_in_user_tags,87,.,13,1.0,user,27.0,1289,1.0,27,0.0002489741192571073,0.00028129697467274404,0.9994696371589228,0.0002489741192571073,9.174714736082189e-08,12,cot
2,everything_in_user_tags,88, What,4614,1.0,user,28.0,1290,1.0,28,0.007937753406652131,0.0013725338331700694,0.9906896528465711,0.007937753406652131,5.991360662642201e-08,12,cot
2,everything_in_user_tags,89, ab,692,1.0,user,29.0,1291,1.0,29,0.0049341766151696905,0.0017705460215538987,0.9932834036154877,0.0049341766151696905,1.1873747788631394e-05,12,cot
2,everything_in_user_tags,90,lation,4247,1.0,user,30.0,1292,1.0,30,0.003602351226064758,0.005125331820545889,0.9910453949974194,0.003602351226064758,0.0002269219559699102,12,cot
2,everything_in_user_tags,91, would,1481,1.0,user,31.0,1293,1.0,31,0.00035562538840434106,0.00034870492918258187,0.9992952789283406,0.00035562538840434106,3.907540724796501e-07,12,cot
2,everything_in_user_tags,92, help,1652,1.0,user,32.0,1294,1.0,32,0.00354469014020007,0.004354000951229406,0.9920961077140128,0.00354469014020007,5.201194557593438e-06,12,cot
2,everything_in_user_tags,93, me,668,1.0,user,33.0,1295,1.0,33,0.004782400393866385,0.003704410930778364,0.9915127660959998,0.004782400393866385,4.225793555423519e-07,12,cot
2,everything_in_user_tags,94, distinguish,59938,1.0,user,34.0,1296,1.0,34,0.032168496060177285,0.007535937216865491,0.9592262767058908,0.032168496060177285,0.0010692900170665557,12,cot
2,everything_in_user_tags,95, those,2617,1.0,user,35.0,1297,1.0,35,0.14959908855499,0.056548546895801584,0.7168689969588699,0.14959908855499,0.07698336759033872,12,cot
2,everything_in_user_tags,96, explanations,69457,1.0,user,36.0,1298,1.0,36,0.0333302119009179,0.028314887046327713,0.921202870123669,0.0333302119009179,0.01715203092908534,12,cot
2,everything_in_user_tags,97, while,2049,1.0,user,37.0,1299,1.0,37,0.07426422595144792,0.006316007209860181,0.9179524668905911,0.07426422595144792,0.001467299948100767,12,cot
2,everything_in_user_tags,98, keeping,13958,1.0,user,38.0,1300,1.0,38,0.13151893745851165,0.0057520221157827105,0.8442093457613071,0.13151893745851165,0.018519694664398546,12,cot
2,everything_in_user_tags,99, the,290,1.0,user,39.0,1301,1.0,39,0.003744658331511936,0.009480332760034486,0.9847368818408757,0.003744658331511936,0.0020381270675781096,12,cot
2,everything_in_user_tags,100, experiment,12527,1.0,user,40.0,1302,1.0,40,0.003430975042542759,0.0017083635075737463,0.9929094266042692,0.003430975042542759,0.0019512348456142401,12,cot
2,everything_in_user_tags,101, easy,4224,1.0,user,41.0,1303,1.0,41,0.0068589959612618545,0.00045398686985223877,0.9921001208695934,0.0068589959612618545,0.0005868962992925231,12,cot
2,everything_in_user_tags,102, to,316,1.0,user,42.0,1304,1.0,42,0.006516769051820418,0.0009145867358081151,0.9925541613145936,0.006516769051820418,1.448289777780475e-05,12,cot
2,everything_in_user_tags,103, understand,4218,1.0,user,43.0,1305,1.0,43,0.03672518818010741,0.001817768438521791,0.9605919723030436,0.03672518818010741,0.000865071078327189,12,cot
2,everything_in_user_tags,105,The,976,2.0,cot,1.0,1307,2.0,44,0.9992736337468285,5.733581107752736e-07,0.0005379706098672761,0.9992736337468285,0.00018782228519324736,12,cot
2,everything_in_user_tags,106, user,1825,2.0,cot,2.0,1308,2.0,45,0.9999004552320223,3.0776540938399384e-07,2.394473127696296e-05,0.9999004552320223,7.529227129139677e-05,12,cot
2,everything_in_user_tags,107, is,382,2.0,cot,3.0,1309,2.0,46,0.999972979007919,7.082996115384299e-09,6.143465317900499e-08,0.999972979007919,2.695247443164284e-05,12,cot
2,everything_in_user_tags,108, considering,17227,2.0,cot,4.0,1310,2.0,47,0.9953431382500291,1.8455389906806696e-05,0.0027919028215756597,0.9953431382500291,0.001846503538488432,12,cot
2,everything_in_user_tags,109, two,1920,2.0,cot,5.0,1311,2.0,48,0.9975893533812925,1.4308992630131517e-05,0.00017385520248500155,0.9975893533812925,0.0022224824235924185,12,cot
2,everything_in_user_tags,110, possible,4149,2.0,cot,6.0,1312,2.0,49,0.9966878133389544,4.5536801142201426e-05,0.0018263784830697422,0.9966878133389544,0.0014402713768335354,12,cot
2,everything_in_user_tags,111, sources,11525,2.0,cot,7.0,1313,2.0,50,0.840523052540498,0.005314486279891837,0.011495070064635658,0.840523052540498,0.14266739111497465,12,cot
2,everything_in_user_tags,112, of,328,2.0,cot,8.0,1314,2.0,51,0.9208887944068719,0.006633681962369876,0.038031819296561166,0.9208887944068719,0.03444570433419693,12,cot
2,everything_in_user_tags,113, a,261,2.0,cot,9.0,1315,2.0,52,0.9325747339603515,0.000280550703062446,0.008061024810283257,0.9325747339603515,0.05908369052630271,12,cot
2,everything_in_user_tags,114, probe,31925,2.0,cot,10.0,1316,2.0,53,0.45020604393537206,0.00942000832011399,0.1664199900592201,0.45020604393537206,0.37395395768529377,12,cot
2,everything_in_user_tags,115, signal,12884,2.0,cot,11.0,1317,2.0,54,0.14763100810623525,0.0009569060372439758,0.0013369319312244703,0.14763100810623525,0.8500751539252963,12,cot
2,everything_in_user_tags,116,:,25,2.0,cot,12.0,1318,2.0,55,0.993027269625964,3.22436997430548e-06,4.388167190073724e-05,0.993027269625964,0.006925624332160942,12,cot
2,everything_in_user_tags,117, formatting,61348,2.0,cot,13.0,1319,2.0,56,0.8759515475321404,0.02174772625755321,0.025714798315015202,0.8759515475321404,0.07658592789529124,12,cot
2,everything_in_user_tags,118, and,326,2.0,cot,14.0,1320,2.0,57,0.9872070130238364,0.005148637663904637,0.002705279467077738,0.9872070130238364,0.004939069845181369,12,cot
2,everything_in_user_tags,119, content,3100,2.0,cot,15.0,1321,2.0,58,0.4255222251729884,0.1785652452379677,0.37206198256543593,0.4255222251729884,0.02385054702360781,12,cot
2,everything_in_user_tags,120, style,2713,2.0,cot,16.0,1322,2.0,59,0.7767426578578907,0.034464626515320666,0.03847155420068427,0.7767426578578907,0.15032116142610438,12,cot
2,everything_in_user_tags,121,.,13,2.0,cot,17.0,1323,2.0,60,0.9975977369045013,1.1424336416748531e-05,7.815579818423126e-05,0.9975977369045013,0.0023126829608977207,12,cot
2,everything_in_user_tags,122, I,357,2.0,cot,18.0,1324,2.0,61,0.9814555247875084,4.92004946845339e-07,1.3840537708608458e-06,0.9814555247875084,0.018542599153773848,12,cot
2,everything_in_user_tags,123, should,1757,2.0,cot,19.0,1325,2.0,62,0.9999782336886964,4.7627245752994564e-09,2.584190482218549e-07,0.9999782336886964,2.1503129530866316e-05,12,cot
2,everything_in_user_tags,124, turn,3716,2.0,cot,20.0,1326,2.0,63,0.9997483954938238,3.2281578354218905e-07,4.968185487977957e-07,0.9997483954938238,0.0002507848718438834,12,cot
2,everything_in_user_tags,125, these,1879,2.0,cot,21.0,1327,2.0,64,0.8974366251200409,2.675721700264741e-06,2.0607850393530576e-06,0.8974366251200409,0.10255863837321956,12,cot
2,everything_in_user_tags,126, into,1511,2.0,cot,22.0,1328,2.0,65,0.9828044677941785,1.9435935099914776e-07,2.612969052968496e-08,0.9828044677941785,0.01719531171677986,12,cot
2,everything_in_user_tags,127, factors,11652,2.0,cot,23.0,1329,2.0,66,0.24028762113708496,0.000251238735900924,2.7962068536205337e-05,0.24028762113708496,0.759433178058478,12,cot
2,everything_in_user_tags,128, that,484,2.0,cot,24.0,1330,2.0,67,0.9997419093814407,7.204906774223932e-08,2.250837688092739e-07,0.9997419093814407,0.0002577934857226463,12,cot
2,everything_in_user_tags,129, can,665,2.0,cot,25.0,1331,2.0,68,0.5280693651219295,0.0008988665096578539,0.0005136996454745172,0.5280693651219295,0.47051806872293817,12,cot
2,everything_in_user_tags,130, be,413,2.0,cot,26.0,1332,2.0,69,0.09461676814436855,0.011083859375993921,0.003651675330232288,0.09461676814436855,0.8906476971494053,12,cot
2,everything_in_user_tags,131, varied,36419,2.0,cot,27.0,1333,2.0,70,0.3422081250390006,0.0012984687922244185,0.0002737574308645659,0.3422081250390006,0.6562196487379104,12,cot
2,everything_in_user_tags,132, independently,38341,2.0,cot,28.0,1334,2.0,71,0.6991591665782837,0.0005866875456360195,0.00041532337443543144,0.6991591665782837,0.29983882250164473,12,cot
2,everything_in_user_tags,133, rather,7542,2.0,cot,29.0,1335,2.0,72,0.932541283491146,1.590041755113483e-05,0.00011685685732762872,0.932541283491146,0.06732595923397529,12,cot
2,everything_in_user_tags,134, than,1572,2.0,cot,30.0,1336,2.0,73,0.9866926178050921,4.096078813179587e-06,2.0712661097878813e-05,0.9866926178050921,0.013282573454996833,12,cot
2,everything_in_user_tags,135, recommending,86344,2.0,cot,31.0,1337,2.0,74,0.999000406289761,2.0940123535206235e-07,1.8036438458417554e-05,0.999000406289761,0.0009813478705454274,12,cot
2,everything_in_user_tags,136, a,261,2.0,cot,32.0,1338,2.0,75,0.9783227472842776,5.3599856518564454e-05,0.004668512395135286,0.9783227472842776,0.016955140464068444,12,cot
2,everything_in_user_tags,137, large,4410,2.0,cot,33.0,1339,2.0,76,0.9722987688612439,1.5565366228999932e-06,8.727125710704903e-05,0.9722987688612439,0.027612403345026303,12,cot
2,everything_in_user_tags,138, collection,5801,2.0,cot,34.0,1340,2.0,77,0.9678257766716264,3.935725472047717e-06,2.292303024538976e-05,0.9678257766716264,0.032147364572656205,12,cot
2,everything_in_user_tags,139, of,328,2.0,cot,35.0,1341,2.0,78,0.8776229970715512,6.701168676948328e-05,0.00011623659406587476,0.8776229970715512,0.12219375464761344,12,cot
2,everything_in_user_tags,140, loosely,119040,2.0,cot,36.0,1342,2.0,79,0.8975764600793135,4.8648824998417765e-05,1.4525430427630017e-05,0.8975764600793135,0.10236036566526048,12,cot
2,everything_in_user_tags,141, related,7168,2.0,cot,37.0,1343,2.0,80,0.9582375491294828,4.341664969937352e-06,8.762132661492528e-06,0.9582375491294828,0.04174934707288582,12,cot
2,everything_in_user_tags,142, edits,91408,2.0,cot,38.0,1344,2.0,81,0.3584323578409137,0.01037912736628468,0.0004829623811709669,0.3584323578409137,0.6307055524116307,12,cot
2,everything_in_user_tags,143,.,13,2.0,cot,39.0,1345,2.0,82,0.9975967328399825,1.1611629497971759e-05,1.9710019668782258e-05,0.9975967328399825,0.002371945510850636,12,cot
2,everything_in_user_tags,144, Holding,80962,2.0,cot,40.0,1346,2.0,83,0.5486584474808555,5.4153629692603854e-05,0.00034969623079162554,0.5486584474808555,0.4509377026586603,12,cot
2,everything_in_user_tags,145, the,290,2.0,cot,41.0,1347,2.0,84,0.01175872626041897,0.0050780482759489555,0.0027159885089757577,0.01175872626041897,0.9804472369546564,12,cot
2,everything_in_user_tags,146, words,6391,2.0,cot,42.0,1348,2.0,85,0.7140389057948408,0.04737583633916317,0.04486355951464918,0.7140389057948408,0.19372169835134684,12,cot
2,everything_in_user_tags,147, fixed,13213,2.0,cot,43.0,1349,2.0,86,0.47533212435917044,0.0011443134561388718,0.011247507276376677,0.47533212435917044,0.5122760549083141,12,cot
2,everything_in_user_tags,148, while,2049,2.0,cot,44.0,1350,2.0,87,0.8778688247901051,0.0004930823803248649,0.006905592479652777,0.8778688247901051,0.11473250034991726,12,cot
2,everything_in_user_tags,149, changing,13784,2.0,cot,45.0,1351,2.0,88,0.06092304065231235,0.0009616223270550888,0.0006088072708186024,0.06092304065231235,0.9375065297498139,12,cot
2,everything_in_user_tags,150, tags,16613,2.0,cot,46.0,1352,2.0,89,0.043416954843976736,0.00036071260801530093,0.0002746001072005555,0.043416954843976736,0.9559477324408074,12,cot
2,everything_in_user_tags,151, tests,10742,2.0,cot,47.0,1353,2.0,90,0.36945865382199494,0.00507842210259475,0.053804868727409805,0.36945865382199494,0.5716580553480005,12,cot
2,everything_in_user_tags,152, a,261,2.0,cot,48.0,1354,2.0,91,0.052148699000602934,0.0027140621755929874,0.006656864860413413,0.052148699000602934,0.9384803739633906,12,cot
2,everything_in_user_tags,153, formatting,61348,2.0,cot,49.0,1355,2.0,92,0.06637901169857298,0.05678502152270401,0.025333245018436767,0.06637901169857298,0.8515027217602862,12,cot
2,everything_in_user_tags,154, effect,3159,2.0,cot,50.0,1356,2.0,93,0.056818240612177544,0.0020410002068979435,0.00390241789293297,0.056818240612177544,0.9372383412879914,12,cot
2,everything_in_user_tags,155, on,402,2.0,cot,51.0,1357,2.0,94,0.029608797864300394,0.0032097357619376844,0.005930575982899517,0.029608797864300394,0.9612508903908623,12,cot
2,everything_in_user_tags,156, that,484,2.0,cot,52.0,1358,2.0,95,0.11975546407588632,0.006353870204666144,0.01668501713393545,0.11975546407588632,0.8572056485855122,12,cot
2,everything_in_user_tags,157, input,3422,2.0,cot,53.0,1359,2.0,96,0.029144131226897543,0.009276802418621565,0.009907276094507755,0.029144131226897543,0.9516717902599731,12,cot
2,everything_in_user_tags,158,.,13,2.0,cot,54.0,1360,2.0,97,0.4800355281057804,0.00035526321038994606,0.0014556767198437316,0.4800355281057804,0.5181535319639861,12,cot
2,everything_in_user_tags,159, Holding,80962,2.0,cot,55.0,1361,2.0,98,0.039697637964738915,1.674781452859031e-05,6.0173169511692306e-06,0.039697637964738915,0.9602795969037814,12,cot
2,everything_in_user_tags,160, the,290,2.0,cot,56.0,1362,2.0,99,0.12121144102268032,0.026765732895157143,0.06280239731606754,0.12121144102268032,0.7892204287660951,12,cot
2,everything_in_user_tags,161, tags,16613,2.0,cot,57.0,1363,2.0,100,0.29452118688291956,0.06963623435336236,0.14553992293979584,0.29452118688291956,0.4903026558239222,12,cot
2,everything_in_user_tags,162, fixed,13213,2.0,cot,58.0,1364,2.0,101,0.6944575791332642,0.023601096301895524,0.04106039563802352,0.6944575791332642,0.24088092892681673,12,cot
2,everything_in_user_tags,163, while,2049,2.0,cot,59.0,1365,2.0,102,0.7928797597300847,0.0010646079792767155,0.0017908501904694866,0.7928797597300847,0.20426478210016916,12,cot
2,everything_in_user_tags,164, rewriting,177109,2.0,cot,60.0,1366,2.0,103,0.07242986130867263,0.0026687416970849003,0.005385054027832858,0.07242986130867263,0.9195163429664097,12,cot
2,everything_in_user_tags,165, style,2713,2.0,cot,61.0,1367,2.0,104,0.021070078045441847,0.00012439731965800574,5.407274468170351e-05,0.021070078045441847,0.9787514518902185,12,cot
2,everything_in_user_tags,166, tests,10742,2.0,cot,62.0,1368,2.0,105,0.42316284898199225,0.002673455382443998,0.014646812374467457,0.42316284898199225,0.5595168832610963,12,cot
2,everything_in_user_tags,167, a,261,2.0,cot,63.0,1369,2.0,106,0.9989204925527246,9.538865709919296e-06,0.00012806821508665563,0.9989204925527246,0.0009419003664788554,12,cot
2,everything_in_user_tags,168, content,3100,2.0,cot,64.0,1370,2.0,107,0.027930500192037667,0.0006340904141826551,0.00031189874479917,0.027930500192037667,0.9711235106489805,12,cot
2,everything_in_user_tags,169, effect,3159,2.0,cot,65.0,1371,2.0,108,0.052409687612288806,0.00024366430949188139,0.0003124341139200747,0.052409687612288806,0.9470342139642993,12,cot
2,everything_in_user_tags,170,",",11,2.0,cot,66.0,1372,2.0,109,0.4855725209903357,0.0014710856872464492,0.011004420593199301,0.4855725209903357,0.5019519727292185,12,cot
2,everything_in_user_tags,171, although,11943,2.0,cot,67.0,1373,2.0,110,0.9915800348578826,0.00023615960057621105,0.007441421121667574,0.9915800348578826,0.0007423844198738126,12,cot
2,everything_in_user_tags,172, the,290,2.0,cot,68.0,1374,2.0,111,0.29641374068217274,0.01907946587258795,0.022750212736108683,0.29641374068217274,0.6617565807091307,12,cot
2,everything_in_user_tags,173, rewrite,50059,2.0,cot,69.0,1375,2.0,112,0.4766256400174225,0.005586822969771563,0.0009835036755831052,0.4766256400174225,0.5168040333372228,12,cot
2,everything_in_user_tags,174, necessarily,23517,2.0,cot,70.0,1376,2.0,113,0.9054391022670811,0.0006922049889080528,0.009876829556563755,0.9054391022670811,0.08399186318744703,12,cot
2,everything_in_user_tags,175, changes,6629,2.0,cot,71.0,1377,2.0,114,0.24199366138109607,0.006999926978674981,0.01645642829436265,0.24199366138109607,0.7345499833458662,12,cot
2,everything_in_user_tags,176, tokens,20290,2.0,cot,72.0,1378,2.0,115,0.38485907530002106,0.09209509498443413,0.3755928632446199,0.38485907530002106,0.14745296647092493,12,cot
2,everything_in_user_tags,177, and,326,2.0,cot,73.0,1379,2.0,116,0.3552655771902653,0.01635800577066757,0.03142298183178563,0.3552655771902653,0.5969534352072815,12,cot
2,everything_in_user_tags,178, may,1340,2.0,cot,74.0,1380,2.0,117,0.9282729051315741,0.00032408766590700676,0.005587690452176801,0.9282729051315741,0.06581531675034206,12,cot
2,everything_in_user_tags,179, introduce,26650,2.0,cot,75.0,1381,2.0,118,0.40791151160755657,0.0006091691151916135,0.00016893721209942407,0.40791151160755657,0.5913103820651524,12,cot
2,everything_in_user_tags,180, other,1273,2.0,cot,76.0,1382,2.0,119,0.39334934202901,0.0003800872426443551,0.0008588101684540384,0.39334934202901,0.6054117605598915,12,cot
2,everything_in_user_tags,181, differences,19504,2.0,cot,77.0,1383,2.0,120,0.19139025727091932,0.0039351306328305625,0.011348110261943408,0.19139025727091932,0.7933265018343066,12,cot
2,everything_in_user_tags,182,.,13,2.0,cot,78.0,1384,2.0,121,0.9902097137406017,0.0002101880449453683,0.007543503778346535,0.9902097137406017,0.0020365944361062883,12,cot
2,everything_in_user_tags,183, A,355,2.0,cot,79.0,1385,2.0,122,0.9998879427061279,4.196738482991589e-06,4.799050182402057e-06,0.9998879427061279,0.00010306150520647258,12,cot
2,everything_in_user_tags,184, small,3291,2.0,cot,80.0,1386,2.0,123,0.8980243424205364,0.001498593861312103,0.04316380463710953,0.8980243424205364,0.05731325908104209,12,cot
2,everything_in_user_tags,185, crossed,47928,2.0,cot,81.0,1387,2.0,124,0.8195186467535523,0.002799065103055813,0.0005824690877460107,0.8195186467535523,0.1770998190556459,12,cot
2,everything_in_user_tags,186, design,2364,2.0,cot,82.0,1388,2.0,125,0.5240009536253634,0.0014309891053936228,0.000951234544830428,0.5240009536253634,0.4736168227244127,12,cot
2,everything_in_user_tags,187, can,665,2.0,cot,83.0,1389,2.0,126,0.9803724189279762,0.0010504795799581121,0.009407841355824639,0.9803724189279762,0.009169260136240857,12,cot
2,everything_in_user_tags,188, expose,49768,2.0,cot,84.0,1390,2.0,127,0.28955526802717757,0.008884363778276885,0.009393860676503704,0.28955526802717757,0.6921665075180418,12,cot
2,everything_in_user_tags,189, interactions,30722,2.0,cot,85.0,1391,2.0,128,0.06332464808877017,0.09416750117888713,0.03044158354691022,0.06332464808877017,0.8120662671854326,12,cot
2,everything_in_user_tags,190, between,2870,2.0,cot,86.0,1392,2.0,129,0.24863268716907833,0.2638618562370179,0.39641511022711173,0.24863268716907833,0.09109034636679214,12,cot
2,everything_in_user_tags,191, the,290,2.0,cot,87.0,1393,2.0,130,0.8674164104510722,0.006915781205959678,0.02614711858365158,0.8674164104510722,0.09952068975931647,12,cot
2,everything_in_user_tags,192, two,1920,2.0,cot,88.0,1394,2.0,131,0.41512863706679265,0.03001960323164817,0.06960654773749932,0.41512863706679265,0.48524521196406,12,cot
2,everything_in_user_tags,193,.,13,2.0,cot,89.0,1395,2.0,132,0.9521564818181737,0.0009040761897947172,0.00800922369558532,0.9521564818181737,0.038930218296446086,12,cot
2,everything_in_user_tags,194, I,357,2.0,cot,90.0,1396,2.0,133,0.9999453740322872,1.3447005167394807e-06,5.375515560023716e-06,0.9999453740322872,4.790575163609343e-05,12,cot
2,everything_in_user_tags,195, should,1757,2.0,cot,91.0,1397,2.0,134,0.9999900696840437,8.564567239430708e-07,3.1012892498062184e-06,0.9999900696840437,5.9725699825718e-06,12,cot
2,everything_in_user_tags,196, explain,16644,2.0,cot,92.0,1398,2.0,135,0.9999532921347309,4.5616124936742575e-07,2.1509332570116953e-05,0.9999532921347309,2.4742371449644373e-05,12,cot
2,everything_in_user_tags,197, what,1412,2.0,cot,93.0,1399,2.0,136,0.9993623212331632,2.9817399503085547e-06,3.696035106572996e-05,0.9993623212331632,0.0005977366758206592,12,cot
2,everything_in_user_tags,198, each,2454,2.0,cot,94.0,1400,2.0,137,0.9760949701761059,3.3158114393212056e-05,7.590557067745133e-05,0.9760949701761059,0.023795966138823513,12,cot
2,everything_in_user_tags,199, comparison,19211,2.0,cot,95.0,1401,2.0,138,0.37123170893399354,0.0005109706051235403,3.222808470703471e-05,0.37123170893399354,0.628225092376176,12,cot
2,everything_in_user_tags,200, isolates,150862,2.0,cot,96.0,1402,2.0,139,0.17149363373369753,0.0002296930500140448,2.8874919630701513e-06,0.17149363373369753,0.8282737857243254,12,cot
2,everything_in_user_tags,201, and,326,2.0,cot,97.0,1403,2.0,140,0.8960737445090146,1.481819547055088e-05,2.9367616076802294e-05,0.8960737445090146,0.10388206967943811,12,cot
2,everything_in_user_tags,202, where,1919,2.0,cot,98.0,1404,2.0,141,0.8402458761977202,6.468531619912845e-06,7.330168557717776e-07,0.8402458761977202,0.15974692225380402,12,cot
2,everything_in_user_tags,203, residual,54782,2.0,cot,99.0,1405,2.0,142,0.024922548207937358,4.261331972322292e-06,1.5434222384336353e-07,0.024922548207937358,0.9750730361178666,12,cot
2,everything_in_user_tags,204, ambiguity,154576,2.0,cot,100.0,1406,2.0,143,0.060767835078874406,6.234209813030963e-05,8.838664014455267e-06,0.060767835078874406,0.9391609841589807,12,cot
2,everything_in_user_tags,205, remains,14777,2.0,cot,101.0,1407,2.0,144,0.9036386341006529,1.6549891266948106e-05,1.8864750196356696e-06,0.9036386341006529,0.0963429295330606,12,cot
2,everything_in_user_tags,207,Begin,18660,3.0,assistant,1.0,1409,3.0,145,0.9999327694263775,7.509636450324611e-07,8.428637538789625e-06,0.9999327694263775,5.805097243854942e-05,12,cot
2,everything_in_user_tags,208, with,483,3.0,assistant,2.0,1410,3.0,146,0.9891661506709036,4.901730408319362e-06,8.817665142906983e-05,0.9891661506709036,0.010740770947258957,12,cot
2,everything_in_user_tags,209, a,261,3.0,assistant,3.0,1411,3.0,147,0.9937815107378777,7.996829298293552e-06,0.0005024935039180221,0.9937815107378777,0.005707998928906007,12,cot
2,everything_in_user_tags,210, crossed,47928,3.0,assistant,4.0,1412,3.0,148,0.26015018720901567,6.87406014412562e-05,1.5653555905745364e-05,0.26015018720901567,0.7397654186336374,12,cot
2,everything_in_user_tags,211, comparison,19211,3.0,assistant,5.0,1413,3.0,149,0.1472499298885403,1.8053110833963733e-05,9.873124544893433e-06,0.1472499298885403,0.8527221438760809,12,cot
2,everything_in_user_tags,212,.,13,3.0,assistant,6.0,1414,3.0,150,0.9843875622372925,1.0647960357007302e-05,0.000138734047975479,0.9843875622372925,0.015463055754375093,12,cot
2,everything_in_user_tags,213, Take,14166,3.0,assistant,7.0,1415,3.0,151,0.9351994534895428,4.815626868933819e-06,9.16408037432446e-07,0.9351994534895428,0.06479481447555084,12,cot
2,everything_in_user_tags,214, the,290,3.0,assistant,8.0,1416,3.0,152,0.7568810572898255,0.020833468186954338,0.006345791791525459,0.7568810572898255,0.2159396827316946,12,cot
2,everything_in_user_tags,215, same,2684,3.0,assistant,9.0,1417,3.0,153,0.034333470329983816,0.0001504798201512165,3.571656865972823e-05,0.034333470329983816,0.9654803332812052,12,cot
2,everything_in_user_tags,216, passage,26368,3.0,assistant,10.0,1418,3.0,154,0.009912723766627558,0.0003440853726411414,7.199906856305172e-05,0.009912723766627558,0.9896711917921681,12,cot
2,everything_in_user_tags,217, and,326,3.0,assistant,11.0,1419,3.0,155,0.17709611694649235,0.0003190866669408826,0.00020889778713707835,0.17709611694649235,0.8223758985994297,12,cot
2,everything_in_user_tags,218, render,5898,3.0,assistant,12.0,1420,3.0,156,0.17195986358910698,0.0014697066092270873,0.002541185018402752,0.17195986358910698,0.8240292447832631,12,cot
2,everything_in_user_tags,219, it,480,3.0,assistant,13.0,1421,3.0,157,0.8557618745520502,0.018893848492032902,0.042227963960846625,0.8557618745520502,0.08311631299507016,12,cot
2,everything_in_user_tags,220, under,1641,3.0,assistant,14.0,1422,3.0,158,0.31053073575110374,0.00010172107046957553,0.00018223579917498267,0.31053073575110374,0.6891853073792517,12,cot
2,everything_in_user_tags,221, two,1920,3.0,assistant,15.0,1423,3.0,159,0.3633123165375319,0.0003148681938772391,0.0004046182043729902,0.3633123165375319,0.6359681970642179,12,cot
2,everything_in_user_tags,222, role,5430,3.0,assistant,16.0,1424,3.0,160,0.8533385163814533,0.021533978934092816,0.008809962403330164,0.8533385163814533,0.11631754228112369,12,cot
2,everything_in_user_tags,223, labels,17125,3.0,assistant,17.0,1425,3.0,161,0.7904339165976221,0.0065832968260932535,0.009781727931727657,0.7904339165976221,0.19320105864455694,12,cot
2,everything_in_user_tags,224,;,26,3.0,assistant,18.0,1426,3.0,162,0.690918219808319,0.003886543250691602,0.026079908921817975,0.690918219808319,0.2791153280191713,12,cot
2,everything_in_user_tags,225, then,1815,3.0,assistant,19.0,1427,3.0,163,0.07589209895691965,2.2572587774762567e-05,9.878862789014387e-05,0.07589209895691965,0.9239865398274154,12,cot
2,everything_in_user_tags,226, repeat,22962,3.0,assistant,20.0,1428,3.0,164,0.7985909123028992,6.0196668963705364e-05,0.00015070017377567682,0.7985909123028992,0.20119819085436133,12,cot
2,everything_in_user_tags,227, those,2617,3.0,assistant,21.0,1429,3.0,165,0.15627295782659215,4.5770553129031975e-05,0.0001373381568836263,0.15627295782659215,0.8435439334633953,12,cot
2,everything_in_user_tags,228, labels,17125,3.0,assistant,22.0,1430,3.0,166,0.8493315986041707,0.012100376787832642,0.07573724886416425,0.8493315986041707,0.06283077574383253,12,cot
2,everything_in_user_tags,229, with,483,3.0,assistant,23.0,1431,3.0,167,0.8526538227627916,0.0024103588834796324,0.0050973295908130385,0.8526538227627916,0.13983848876291574,12,cot
2,everything_in_user_tags,230, a,261,3.0,assistant,24.0,1432,3.0,168,0.032395205807507314,0.0017753179306833722,0.0036357965633490486,0.032395205807507314,0.9621936796984601,12,cot
2,everything_in_user_tags,231, second,3099,3.0,assistant,25.0,1433,3.0,169,0.2274070575721855,0.0001287256538571874,0.0001478083390274271,0.2274070575721855,0.7723164084349299,12,cot
2,everything_in_user_tags,232, version,3926,3.0,assistant,26.0,1434,3.0,170,0.4314176350936159,0.000421237117231928,0.0039343067201788795,0.4314176350936159,0.5642268210689733,12,cot
2,everything_in_user_tags,233, that,484,3.0,assistant,27.0,1435,3.0,171,0.16533897898938055,0.00020199287074051787,0.0012128961555105938,0.16533897898938055,0.8332461319843684,12,cot
2,everything_in_user_tags,234, expresses,108103,3.0,assistant,28.0,1436,3.0,172,0.0866967130736002,0.002333268281601229,0.0011642412356965368,0.0866967130736002,0.909805777409102,12,cot
2,everything_in_user_tags,235, the,290,3.0,assistant,29.0,1437,3.0,173,0.9141073410833116,0.00575458734959136,0.003971325613296658,0.9141073410833116,0.07616674595380038,12,cot
2,everything_in_user_tags,236, same,2684,3.0,assistant,30.0,1438,3.0,174,0.12825804834253723,0.008138626102635656,0.0033229543717737398,0.12825804834253723,0.8602803711830533,12,cot
2,everything_in_user_tags,237, substance,30837,3.0,assistant,31.0,1439,3.0,175,0.2068634446411952,0.0007432877177021625,0.000391295210866518,0.2068634446411952,0.7920019724302361,12,cot
2,everything_in_user_tags,238, in,306,3.0,assistant,32.0,1440,3.0,176,0.23418492501721877,0.0025476567818773013,0.0006939491645925872,0.23418492501721877,0.7625734690363113,12,cot
2,everything_in_user_tags,239, a,261,3.0,assistant,33.0,1441,3.0,177,0.0010212166422065004,4.241861339012474e-06,2.1463119641498773e-06,0.0010212166422065004,0.9989723951844903,12,cot
2,everything_in_user_tags,240, different,2647,3.0,assistant,34.0,1442,3.0,178,0.10035519293879193,0.0004085116553016488,0.0004935280755676632,0.10035519293879193,0.8987427673303389,12,cot
2,everything_in_user_tags,241, style,2713,3.0,assistant,35.0,1443,3.0,179,0.054994715079128405,0.00018858610005179674,0.0002627592423530022,0.054994715079128405,0.9445539395784669,12,cot
2,everything_in_user_tags,242,.,13,3.0,assistant,36.0,1444,3.0,180,0.03705573705914723,1.860225505070512e-05,1.1573511016610957e-05,0.03705573705914723,0.9629140871747853,12,cot
2,everything_in_user_tags,243, This,1328,3.0,assistant,37.0,1445,3.0,181,0.88237014808363,1.3653348014247579e-05,6.654063485365764e-05,0.88237014808363,0.117549657933502,12,cot
2,everything_in_user_tags,244, gives,8967,3.0,assistant,38.0,1446,3.0,182,0.02249570237141276,7.909356930384024e-08,2.7229166029847775e-09,0.02249570237141276,0.9775042158121013,12,cot
2,everything_in_user_tags,245, four,4242,3.0,assistant,39.0,1447,3.0,183,0.5666468979817658,0.00023479887553062053,3.613656884371055e-05,0.5666468979817658,0.4330821665738599,12,cot
2,everything_in_user_tags,246, conditions,6409,3.0,assistant,40.0,1448,3.0,184,0.3394971874352382,0.0007594219609536186,0.00024182904505135947,0.3394971874352382,0.6595015615587567,12,cot
2,everything_in_user_tags,247,.,13,3.0,assistant,41.0,1449,3.0,185,0.05138631680400986,8.955911188742279e-05,8.867890658627928e-06,0.05138631680400986,0.9485152561934441,12,cot
2,everything_in_user_tags,248, Compare,38200,3.0,assistant,42.0,1450,3.0,186,0.01395600622853045,1.5718844852746603e-06,4.4289621864825155e-08,0.01395600622853045,0.9860423775973624,12,cot
2,everything_in_user_tags,249, labels,17125,3.0,assistant,43.0,1451,3.0,187,0.5800619688418217,0.015222354486336012,0.20303174914989972,0.5800619688418217,0.20168392752194259,12,cot
2,everything_in_user_tags,250, within,3518,3.0,assistant,44.0,1452,3.0,188,0.09658384889917698,4.15604924646652e-05,3.966094244425636e-05,0.09658384889917698,0.9033349296659142,12,cot
2,everything_in_user_tags,251, each,2454,3.0,assistant,45.0,1453,3.0,189,0.01079935286067346,2.4607624138470716e-06,5.4024169046701755e-06,0.01079935286067346,0.9891927839600081,12,cot
2,everything_in_user_tags,252, wording,117551,3.0,assistant,46.0,1454,3.0,190,0.017399617328355675,0.0033439541606531346,0.0031744103680800676,0.017399617328355675,0.9760820181429112,12,cot
2,everything_in_user_tags,253,",",11,3.0,assistant,47.0,1455,3.0,191,0.05188592593687479,0.0003985065056793329,0.0005406631326012218,0.05188592593687479,0.9471749044248446,12,cot
2,everything_in_user_tags,254, and,326,3.0,assistant,48.0,1456,3.0,192,0.0705266648264195,6.990406582990953e-06,1.5446700178177614e-06,0.0705266648264195,0.9294648000969797,12,cot
2,everything_in_user_tags,255, compare,12221,3.0,assistant,49.0,1457,3.0,193,0.04670807123347907,4.3298975393873e-06,1.1878637106065111e-06,0.04670807123347907,0.9532864110052708,12,cot
2,everything_in_user_tags,256, wording,117551,3.0,assistant,50.0,1458,3.0,194,0.02124998024901354,0.0001263385966937262,1.645918096132309e-05,0.02124998024901354,0.9786072219733314,12,cot
2,everything_in_user_tags,257, within,3518,3.0,assistant,51.0,1459,3.0,195,0.20642426505649822,6.367371166291006e-05,6.273135431701812e-06,0.20642426505649822,0.793505788096407,12,cot
2,everything_in_user_tags,258, each,2454,3.0,assistant,52.0,1460,3.0,196,0.020269096193470528,3.262883785202808e-05,0.00015319093848389735,0.020269096193470528,0.9795450840301936,12,cot
2,everything_in_user_tags,259, label,4208,3.0,assistant,53.0,1461,3.0,197,0.028535345245468625,0.0025052450405949164,0.010639316625456226,0.028535345245468625,0.9583200930884803,12,cot
2,everything_in_user_tags,260,.,13,3.0,assistant,54.0,1462,3.0,198,0.05137597520440675,1.4489267333085527e-05,1.0394832890830202e-06,0.05137597520440675,0.9486084960449711,12,cot
2,everything_in_user_tags,261, Keep,16835,3.0,assistant,55.0,1463,3.0,199,0.6939639123505656,3.3032965760067204e-06,1.332515926588267e-06,0.6939639123505656,0.30603145183693176,12,cot
2,everything_in_user_tags,262, the,290,3.0,assistant,56.0,1464,3.0,200,0.13406696211974561,0.0022145108880731314,0.003418288186302148,0.13406696211974561,0.8603002388058791,12,cot
2,everything_in_user_tags,263, surrounding,20708,3.0,assistant,57.0,1465,3.0,201,0.7784851627688131,0.017838973729889178,0.005807940319311347,0.7784851627688131,0.19786792318198645,12,cot
2,everything_in_user_tags,264, conversation,15681,3.0,assistant,58.0,1466,3.0,202,0.16007158812024838,0.008426569905071204,0.0012169754860204632,0.16007158812024838,0.83028486648866,12,cot
2,everything_in_user_tags,265, fixed,13213,3.0,assistant,59.0,1467,3.0,203,0.08161725207146887,0.0008853873013395553,8.411991382011249e-05,0.08161725207146887,0.9174132407133715,12,cot
2,everything_in_user_tags,266,",",11,3.0,assistant,60.0,1468,3.0,204,0.20244078055972112,0.010998449879343288,0.003064613827690142,0.20244078055972112,0.7834961557332455,12,cot
2,everything_in_user_tags,267, including,3463,3.0,assistant,61.0,1469,3.0,205,0.3216541563117853,0.00012554297024914304,0.00011361086917603821,0.3216541563117853,0.6781066898487894,12,cot
2,everything_in_user_tags,268, its,1617,3.0,assistant,62.0,1470,3.0,206,0.12162784098281486,0.007487818343121313,0.0007538950156191257,0.12162784098281486,0.8701304456584446,12,cot
2,everything_in_user_tags,269, order,2569,3.0,assistant,63.0,1471,3.0,207,0.3484513476537526,0.0034217153048395448,0.001537183135746903,0.3484513476537526,0.646589753905661,12,cot
2,everything_in_user_tags,270, and,326,3.0,assistant,64.0,1472,3.0,208,0.026739142197368025,0.00037691302381497906,1.726964211767318e-05,0.026739142197368025,0.9728666751366992,12,cot
2,everything_in_user_tags,271, length,5517,3.0,assistant,65.0,1473,3.0,209,0.8048518639130574,0.0024920684065509804,0.00398212305263504,0.8048518639130574,0.18867394462775655,12,cot
2,everything_in_user_tags,272, wherever,37059,3.0,assistant,66.0,1474,3.0,210,0.5215196285181453,4.0064939473514406e-05,0.00010949950629114412,0.5215196285181453,0.47833080703609016,12,cot
2,everything_in_user_tags,273, possible,4149,3.0,assistant,67.0,1475,3.0,211,0.4699504977908385,1.050189510597972e-05,2.2442668713014773e-06,0.4699504977908385,0.5300367560471844,12,cot
2,everything_in_user_tags,274,.,13,3.0,assistant,68.0,1476,3.0,212,0.9587004950604849,1.705775160163709e-05,2.9071249335511654e-06,0.9587004950604849,0.04127954006297975,12,cot
2,everything_in_user_tags,275, If,1843,3.0,assistant,69.0,1477,3.0,213,0.9569389959791958,1.7894566622207825e-05,1.1262478103521766e-05,0.9569389959791958,0.043031846976078515,12,cot
2,everything_in_user_tags,276, the,290,3.0,assistant,70.0,1478,3.0,214,0.03647901478508373,0.00041098298406746386,0.0001694736477535932,0.03647901478508373,0.9629405285830952,12,cot
2,everything_in_user_tags,277, effect,3159,3.0,assistant,71.0,1479,3.0,215,0.0059914593388916285,3.397154824945138e-05,5.183975165977341e-07,0.0059914593388916285,0.9939740507153423,12,cot
2,everything_in_user_tags,278, of,328,3.0,assistant,72.0,1480,3.0,216,0.013678451491889123,5.522451775901262e-06,1.7480930079912265e-06,0.013678451491889123,0.986314277963327,12,cot
2,everything_in_user_tags,279, a,261,3.0,assistant,73.0,1481,3.0,217,0.9655089657508626,0.00018219688526045059,0.0007281219798256454,0.9655089657508626,0.033580715384051184,12,cot
2,everything_in_user_tags,280, label,4208,3.0,assistant,74.0,1482,3.0,218,0.651106810798307,0.0783475057489977,0.09786242510520254,0.651106810798307,0.17268325834749276,12,cot
2,everything_in_user_tags,281, changes,6629,3.0,assistant,75.0,1483,3.0,219,0.019274730460972216,0.0005412407796782805,1.369264637699168e-05,0.019274730460972216,0.9801703361129724,12,cot
2,everything_in_user_tags,282, across,5251,3.0,assistant,76.0,1484,3.0,220,0.016281242945122364,0.00037455876155905495,5.215477336434541e-05,0.016281242945122364,0.9832920435199543,12,cot
2,everything_in_user_tags,283, styles,12849,3.0,assistant,77.0,1485,3.0,221,0.002607533408375015,0.00014358999245349448,9.348937947360262e-06,0.002607533408375015,0.9972395276612241,12,cot
2,everything_in_user_tags,284,",",11,3.0,assistant,78.0,1486,3.0,222,0.026782572697569597,0.0011777748590421028,1.471361727715479e-05,0.026782572697569597,0.9720249388261111,12,cot
2,everything_in_user_tags,285, show,2356,3.0,assistant,79.0,1487,3.0,223,0.663094719741638,0.00020817440750892335,0.00014330112386812548,0.663094719741638,0.33655380472698493,12,cot
2,everything_in_user_tags,286, that,484,3.0,assistant,80.0,1488,3.0,224,0.12202615083370659,0.0001887039772977035,0.00032897977869476955,0.12202615083370659,0.8774561654103009,12,cot
2,everything_in_user_tags,287, interaction,22391,3.0,assistant,81.0,1489,3.0,225,0.008497770984921096,0.0007090984721260298,3.651104468620608e-05,0.008497770984921096,0.9907566194982667,12,cot
2,everything_in_user_tags,288, rather,7542,3.0,assistant,82.0,1490,3.0,226,0.1684559896203432,6.24007022597446e-05,5.609840794599777e-05,0.1684559896203432,0.8314255112694512,12,cot
2,everything_in_user_tags,289, than,1572,3.0,assistant,83.0,1491,3.0,227,0.16924879073785853,1.3628844544638073e-05,5.4219084516339216e-05,0.16924879073785853,0.8306833613330806,12,cot
2,everything_in_user_tags,290, reporting,20790,3.0,assistant,84.0,1492,3.0,228,0.032732007484182105,6.208855890522612e-06,2.8220047894930496e-06,0.032732007484182105,0.9672589616551378,12,cot
2,everything_in_user_tags,291, only,1606,3.0,assistant,85.0,1493,3.0,229,0.6577039563479178,8.680880643085209e-06,3.3259041453793673e-06,0.6577039563479178,0.34228403686729386,12,cot
2,everything_in_user_tags,292, one,1001,3.0,assistant,86.0,1494,3.0,230,0.721560312386173,0.0001576450617591968,0.00038057528593930264,0.721560312386173,0.2779014672661285,12,cot
2,everything_in_user_tags,293, overall,10705,3.0,assistant,87.0,1495,3.0,231,0.03092084635518904,2.330700443980568e-05,0.00017860848145257276,0.03092084635518904,0.9688772381589187,12,cot
2,everything_in_user_tags,294, average,7848,3.0,assistant,88.0,1496,3.0,232,0.024825997443889632,8.671111342569966e-06,1.1051381631405713e-05,0.024825997443889632,0.9751542800631363,12,cot
2,everything_in_user_tags,295,.,13,3.0,assistant,89.0,1497,3.0,233,0.08967563561872911,1.6403543700877603e-05,1.2879355693275641e-05,0.08967563561872911,0.9102950814818768,12,cot
2,everything_in_user_tags,296, Preserve,140469,3.0,assistant,90.0,1498,3.0,234,0.365012346944186,1.0943724216788807e-06,4.6371162982012053e-07,0.365012346944186,0.6349860949717625,12,cot
2,everything_in_user_tags,297, both,2973,3.0,assistant,91.0,1499,3.0,235,0.012412783003441213,3.702271847055124e-05,4.001562625666654e-06,0.012412783003441213,0.9875461927154626,12,cot
2,everything_in_user_tags,298, word,2195,3.0,assistant,92.0,1500,3.0,236,0.4036979594931896,0.005136578405505268,0.010662665858129592,0.4036979594931896,0.5805027962431755,12,cot
2,everything_in_user_tags,299,ings,963,3.0,assistant,93.0,1501,3.0,237,0.06477186840628904,0.0017494201806857255,0.000716386831146586,0.06477186840628904,0.9327623245818787,12,cot
2,everything_in_user_tags,300, so,813,3.0,assistant,94.0,1502,3.0,238,0.10438609177905213,4.981127149696708e-05,1.4879131284670967e-06,0.10438609177905213,0.8955626090363226,12,cot
2,everything_in_user_tags,301, readers,15116,3.0,assistant,95.0,1503,3.0,239,0.9341984266455271,0.00045841691655748584,0.007382711866506363,0.9341984266455271,0.05796044457140912,12,cot
2,everything_in_user_tags,302, can,665,3.0,assistant,96.0,1504,3.0,240,0.24659653911588342,0.00010510850888001705,8.912362132188347e-06,0.24659653911588342,0.7532894400131044,12,cot
2,everything_in_user_tags,303, judge,23319,3.0,assistant,97.0,1505,3.0,241,0.39625230817676127,3.0306280270069093e-05,1.059628708671067e-05,0.39625230817676127,0.6037067892558821,12,cot
2,everything_in_user_tags,304, whether,5588,3.0,assistant,98.0,1506,3.0,242,0.041678762735569294,0.0001330271264401961,6.0609725648405685e-06,0.041678762735569294,0.9581821491654257,12,cot
2,everything_in_user_tags,305, the,290,3.0,assistant,99.0,1507,3.0,243,0.6025868713494523,0.029364236773660648,0.06303454787554114,0.6025868713494523,0.3050143440013458,12,cot
2,everything_in_user_tags,306, rewrite,50059,3.0,assistant,100.0,1508,3.0,244,0.021172814782832908,0.000285805386821434,0.0001272579319363245,0.021172814782832908,0.9784141218984094,12,cot
2,everything_in_user_tags,307, introduced,17882,3.0,assistant,101.0,1509,3.0,245,0.022515286166163842,3.316777017339262e-05,3.6385328460216166e-06,0.022515286166163842,0.9774479075308168,12,cot
2,everything_in_user_tags,308, a,261,3.0,assistant,102.0,1510,3.0,246,0.24038591328571807,0.007882117677312162,0.02960269357566765,0.24038591328571807,0.7221292754613021,12,cot
2,everything_in_user_tags,309, new,620,3.0,assistant,103.0,1511,3.0,247,0.07047798705649806,0.0007090190088851814,7.903397725613848e-05,0.07047798705649806,0.9287339599573605,12,cot
2,everything_in_user_tags,310, topic,10901,3.0,assistant,104.0,1512,3.0,248,0.39436723935730417,0.006852299090045372,0.019564036399310838,0.39436723935730417,0.5792164251533396,12,cot
2,everything_in_user_tags,311, or,503,3.0,assistant,105.0,1513,3.0,249,0.4934832333497066,0.006864312390060745,0.0020679576242951673,0.4934832333497066,0.4975844966359375,12,cot
2,everything_in_user_tags,312, instruction,21179,3.0,assistant,106.0,1514,3.0,250,0.6466425034440073,0.02830182521437116,0.017723510379634263,0.6466425034440073,0.3073321609619873,12,cot
2,everything_in_user_tags,313, that,484,3.0,assistant,107.0,1515,3.0,251,0.8191910972902762,0.05602980192251323,0.025446684215897575,0.8191910972902762,0.09933241657131305,12,cot
2,everything_in_user_tags,314, could,2023,3.0,assistant,108.0,1516,3.0,252,0.531878347825683,6.525444012801235e-05,2.504079888621299e-06,0.531878347825683,0.4680538936543004,12,cot
2,everything_in_user_tags,315, explain,16644,3.0,assistant,109.0,1517,3.0,253,0.05990265140843055,0.00019820191578286925,2.081823920883149e-05,0.05990265140843055,0.9398783284365778,12,cot
2,everything_in_user_tags,316, the,290,3.0,assistant,110.0,1518,3.0,254,0.2227970823480479,0.003972046368541484,0.077936020949234,0.2227970823480479,0.6952948503341766,12,cot
2,everything_in_user_tags,317, difference,9809,3.0,assistant,111.0,1519,3.0,255,0.029852568130525843,0.0008394297993068692,0.0012106726124875818,0.029852568130525843,0.9680973294576798,12,cot
2,everything_in_user_tags,319,That,7924,4.0,user,1.0,1521,4.0,256,0.9993541267949841,1.069381432780761e-08,2.470700671878042e-07,0.9993541267949841,0.0006456154411342408,12,cot
2,everything_in_user_tags,320, sounds,15538,4.0,user,2.0,1522,4.0,257,0.9855393678788948,7.696092185777683e-07,1.7913271930441258e-05,0.9855393678788948,0.014441949239956195,12,cot
2,everything_in_user_tags,321, manageable,105350,4.0,user,3.0,1523,4.0,258,0.9946665426864444,2.2170685407261725e-06,3.850211671956169e-05,0.9946665426864444,0.005292738128295292,12,cot
2,everything_in_user_tags,322,.,13,4.0,user,4.0,1524,4.0,259,0.8804339506319445,3.366597180317414e-05,0.02891968762100133,0.8804339506319445,0.09061269577525101,12,cot
2,everything_in_user_tags,323, How,3253,4.0,user,5.0,1525,4.0,260,0.7878707161818052,0.00012386493957756406,0.2114518096861105,0.7878707161818052,0.000553609192506943,12,cot
2,everything_in_user_tags,324, should,1757,4.0,user,6.0,1526,4.0,261,0.9560527972988887,7.717673226950894e-06,0.0438848887336215,0.9560527972988887,5.459629426287624e-05,12,cot
2,everything_in_user_tags,325, I,357,4.0,user,7.0,1527,4.0,262,0.9932950688576057,0.00041212835969314034,0.0050383820773007475,0.9932950688576057,0.0012544207054004358,12,cot
2,everything_in_user_tags,326, decide,13001,4.0,user,8.0,1528,4.0,263,0.9942744704178135,1.0381668722208877e-05,0.002789856115431231,0.9942744704178135,0.0029252917980329843,12,cot
2,everything_in_user_tags,327, which,1118,4.0,user,9.0,1529,4.0,264,0.9839530031942918,1.1909312373079611e-05,0.00026348094962703474,0.9839530031942918,0.015771606543708093,12,cot
2,everything_in_user_tags,328, parts,7881,4.0,user,10.0,1530,4.0,265,0.3260139473827813,0.0006016527789107515,0.0009028906616858739,0.3260139473827813,0.6724815091766221,12,cot
2,everything_in_user_tags,329, of,328,4.0,user,11.0,1531,4.0,266,0.8861419001523765,0.00016507738995017528,0.0010264020603184092,0.8861419001523765,0.11266662039735477,12,cot
2,everything_in_user_tags,330, the,290,4.0,user,12.0,1532,4.0,267,0.7459213828608472,0.0005202623595061343,0.21269130284107546,0.7459213828608472,0.04086705193857112,12,cot
2,everything_in_user_tags,331, wording,117551,4.0,user,13.0,1533,4.0,268,0.3492696056902205,0.0014369043455366797,0.053872790553730475,0.3492696056902205,0.5954206994105123,12,cot
2,everything_in_user_tags,332, to,316,4.0,user,14.0,1534,4.0,269,0.854997429703994,0.00039705600138096746,0.003936015101675487,0.854997429703994,0.1406694991929496,12,cot
2,everything_in_user_tags,333, change,3343,4.0,user,15.0,1535,4.0,270,0.24072607020569123,0.0004924141882104128,0.002505674364201991,0.24072607020569123,0.7562758412418964,12,cot
2,everything_in_user_tags,334,?,30,4.0,user,16.0,1536,4.0,271,0.9881693291064645,3.8050120575366027e-05,0.002690169624546576,0.9881693291064645,0.009102451148413635,12,cot
2,everything_in_user_tags,335, I,357,4.0,user,17.0,1537,4.0,272,0.9134410151950504,2.578693533085502e-05,0.0819327845234077,0.9134410151950504,0.00460041334621119,12,cot
2,everything_in_user_tags,336, don't,4128,4.0,user,18.0,1538,4.0,273,0.9925297157104811,2.4045388646189556e-05,0.002128334074192019,0.9925297157104811,0.005317904826680638,12,cot
2,everything_in_user_tags,337, want,1682,4.0,user,19.0,1539,4.0,274,0.21718692874369253,0.00011906125883947174,0.7489269083247855,0.21718692874369253,0.0337671016726825,12,cot
2,everything_in_user_tags,338, an,448,4.0,user,20.0,1540,4.0,275,0.42528993727816244,0.0007747850652890987,0.003227172204620278,0.42528993727816244,0.5707081054519283,12,cot
2,everything_in_user_tags,339, ab,692,4.0,user,21.0,1541,4.0,276,0.8291897320044498,0.01717014829374432,0.05244293909769639,0.8291897320044498,0.10119718060410965,12,cot
2,everything_in_user_tags,340,lation,4247,4.0,user,22.0,1542,4.0,277,0.21393965170170132,0.0027828589796940473,0.019696803343492532,0.21393965170170132,0.7635806859751121,12,cot
2,everything_in_user_tags,341, that,484,4.0,user,23.0,1543,4.0,278,0.7705251586112887,4.698415752246652e-05,0.020115743625185856,0.7705251586112887,0.20931211360600296,12,cot
2,everything_in_user_tags,342, changes,6629,4.0,user,24.0,1544,4.0,279,0.04097521802966134,6.159788960419444e-05,0.0005514775599282618,0.04097521802966134,0.9584117065208062,12,cot
2,everything_in_user_tags,343, everything,5519,4.0,user,25.0,1545,4.0,280,0.2664741610634383,0.00018269005319935448,0.009761591601611988,0.2664741610634383,0.7235815572817503,12,cot
2,everything_in_user_tags,344, at,540,4.0,user,26.0,1546,4.0,281,0.16855740035210376,0.00413732075108194,0.003324316355814921,0.16855740035210376,0.8239809625409994,12,cot
2,everything_in_user_tags,345, once,4730,4.0,user,27.0,1547,4.0,282,0.23543093600717058,0.0013257049946656582,0.34860032835948507,0.23543093600717058,0.41464303063867874,12,cot
2,everything_in_user_tags,346,",",11,4.0,user,28.0,1548,4.0,283,0.30424293379116124,0.0009973940835528643,0.6402079047231849,0.30424293379116124,0.05455176740210097,12,cot
2,everything_in_user_tags,347, because,2236,4.0,user,29.0,1549,4.0,284,0.5048789277729823,0.0002123804813086427,0.4502264195528532,0.5048789277729823,0.04468227219285584,12,cot
2,everything_in_user_tags,348, then,1815,4.0,user,30.0,1550,4.0,285,0.1535104295105114,0.000244565983466017,0.016943943371756635,0.1535104295105114,0.829301061134266,12,cot
2,everything_in_user_tags,349, a,261,4.0,user,31.0,1551,4.0,286,0.4744159297187118,0.006829870510956594,0.004820394591761216,0.4744159297187118,0.5139338051785703,12,cot
2,everything_in_user_tags,350, difference,9809,4.0,user,32.0,1552,4.0,287,0.0069405341808797495,5.003308680476104e-05,0.0003762772689730343,0.0069405341808797495,0.9926331554633425,12,cot
2,everything_in_user_tags,351, in,306,4.0,user,33.0,1553,4.0,288,0.08341440642562471,0.0003104628593589491,0.04346503992724095,0.08341440642562471,0.8728100907877754,12,cot
2,everything_in_user_tags,352, the,290,4.0,user,34.0,1554,4.0,289,0.8822046122280106,0.00447433742847537,0.037432745575959867,0.8822046122280106,0.07588830476755433,12,cot
2,everything_in_user_tags,353, graph,7465,4.0,user,35.0,1555,4.0,290,0.1765494399967185,0.0003088653417318451,0.005179360510651456,0.1765494399967185,0.8179623341508983,12,cot
2,everything_in_user_tags,354, would,1481,4.0,user,36.0,1556,4.0,291,0.061644538229275694,4.9402567845043114e-05,0.003710401740655562,0.061644538229275694,0.9345956574622237,12,cot
2,everything_in_user_tags,355, be,413,4.0,user,37.0,1557,4.0,292,0.26161162467000004,0.00020585636459200977,0.04858981587075089,0.26161162467000004,0.6895927030946571,12,cot
2,everything_in_user_tags,356, hard,3479,4.0,user,38.0,1558,4.0,293,0.4447126989092083,0.0017239848272350906,0.2794391760760874,0.4447126989092083,0.2741241401874691,12,cot
2,everything_in_user_tags,357, to,316,4.0,user,39.0,1559,4.0,294,0.10543826342942314,0.0001596737612309666,0.003799611408855375,0.10543826342942314,0.8906024514004904,12,cot
2,everything_in_user_tags,358, interpret,18135,4.0,user,40.0,1560,4.0,295,0.031650652166750226,2.4169536303283333e-05,0.00032017534257647263,0.031650652166750226,0.9680050029543701,12,cot
2,everything_in_user_tags,360,The,976,5.0,cot,1.0,1562,5.0,296,0.9962094548684745,5.787822702763933e-10,1.028212551088706e-06,0.9962094548684745,0.003789516340192197,12,cot
2,everything_in_user_tags,361, user,1825,5.0,cot,2.0,1563,5.0,297,0.999875856836122,1.8299004283981204e-07,8.283483836427525e-06,0.999875856836122,0.00011567668999880391,12,cot
2,everything_in_user_tags,362, is,382,5.0,cot,3.0,1564,5.0,298,0.995632638243204,6.32480541802272e-08,9.221036726585928e-07,0.995632638243204,0.004366376405068985,12,cot
2,everything_in_user_tags,363, correctly,20323,5.0,cot,4.0,1565,5.0,299,0.9974858562679075,2.3195809608758005e-07,4.0647535053327645e-05,0.9974858562679075,0.0024732642389431398,12,cot
2,everything_in_user_tags,364, concerned,19414,5.0,cot,5.0,1566,5.0,300,0.9824880141452468,7.866297236327595e-07,0.00021957741923355335,0.9824880141452468,0.01729162180579607,12,cot
2,everything_in_user_tags,365, that,484,5.0,cot,6.0,1567,5.0,301,0.9446349463996804,7.379251931052017e-07,8.742418760869341e-05,0.9446349463996804,0.05527689148751789,12,cot
2,everything_in_user_tags,366, a,261,5.0,cot,7.0,1568,5.0,302,0.7637034368317976,5.82299189188564e-06,0.0001876985217272392,0.7637034368317976,0.2361030416545833,12,cot
2,everything_in_user_tags,367, broad,11245,5.0,cot,8.0,1569,5.0,303,0.9608578840844963,1.4959858707821098e-05,0.0017974408320209525,0.9608578840844963,0.03732971522477491,12,cot
2,everything_in_user_tags,368, rewrite,50059,5.0,cot,9.0,1570,5.0,304,0.4528319801792962,3.9154126908393345e-05,0.00019258963077084854,0.4528319801792962,0.5469362760630245,12,cot
2,everything_in_user_tags,369, may,1340,5.0,cot,10.0,1571,5.0,305,0.9289257849890422,6.3020149878016085e-06,0.00016265303361280703,0.9289257849890422,0.07090525996235708,12,cot
2,everything_in_user_tags,370, con,406,5.0,cot,11.0,1572,5.0,306,0.7737107516698501,0.0002327918402251575,0.0010227464384575896,0.7737107516698501,0.2250337100514671,12,cot
2,everything_in_user_tags,371,flate,27662,5.0,cot,12.0,1573,5.0,307,0.8781707852535658,6.0491932891797036e-05,0.00037847183564594547,0.8781707852535658,0.12139025097789637,12,cot
2,everything_in_user_tags,372, several,4919,5.0,cot,13.0,1574,5.0,308,0.8391485534963635,0.00020054082597974516,0.0011455212923261707,0.8391485534963635,0.1595053843853306,12,cot
2,everything_in_user_tags,373, content,3100,5.0,cot,14.0,1575,5.0,309,0.15604174982775493,0.0015309287235619063,0.0020847082025679236,0.15604174982775493,0.8403426132461154,12,cot
2,everything_in_user_tags,374, changes,6629,5.0,cot,15.0,1576,5.0,310,0.12573928053312525,6.382311048995558e-05,7.629503400540084e-05,0.12573928053312525,0.8741206013223793,12,cot
2,everything_in_user_tags,375,.,13,5.0,cot,16.0,1577,5.0,311,0.7738828118004414,4.843713472070611e-07,1.9841942771095018e-06,0.7738828118004414,0.22611471963393417,12,cot
2,everything_in_user_tags,376, I,357,5.0,cot,17.0,1578,5.0,312,0.9914752191542141,6.2122617149448594e-09,3.6243618676048094e-07,0.9914752191542141,0.008524412197337225,12,cot
2,everything_in_user_tags,377, should,1757,5.0,cot,18.0,1579,5.0,313,0.9999686770775725,5.311891758483754e-10,4.2439604370275636e-08,0.9999686770775725,3.1279951633919354e-05,12,cot
2,everything_in_user_tags,378, recommend,7013,5.0,cot,19.0,1580,5.0,314,0.9999949072447775,2.1516366919321386e-09,1.4386576047590075e-07,0.9999949072447775,4.946737825153698e-06,12,cot
2,everything_in_user_tags,379, a,261,5.0,cot,20.0,1581,5.0,315,0.8526125172161378,9.078398511790327e-07,1.6363250989655077e-05,0.8526125172161378,0.14737021169302134,12,cot
2,everything_in_user_tags,380, concrete,19230,5.0,cot,21.0,1582,5.0,316,0.999207116131105,5.8260279923632704e-08,3.13383127057364e-06,0.999207116131105,0.0007896917773444118,12,cot
2,everything_in_user_tags,381, transformation,26242,5.0,cot,22.0,1583,5.0,317,0.08829117732291604,0.00015733739672876956,5.888264032654189e-05,0.08829117732291604,0.9114926026400287,12,cot
2,everything_in_user_tags,382, with,483,5.0,cot,23.0,1584,5.0,318,0.9978912063730128,4.262171115524016e-07,2.1101042615465878e-05,0.9978912063730128,0.0020872663672601827,12,cot
2,everything_in_user_tags,383, an,448,5.0,cot,24.0,1585,5.0,319,0.31185827946988476,4.411957359340901e-06,4.27363712826191e-06,0.31185827946988476,0.6881330349356276,12,cot
2,everything_in_user_tags,384, explicit,23141,5.0,cot,25.0,1586,5.0,320,0.7045580002477314,2.677352162810229e-07,2.6374569630130375e-06,0.7045580002477314,0.29543909456008927,12,cot
2,everything_in_user_tags,385, scope,12645,5.0,cot,26.0,1587,5.0,321,0.5200543734300502,1.9351022512030322e-06,1.8182017125637609e-06,0.5200543734300502,0.47994187326598603,12,cot
2,everything_in_user_tags,386,.,13,5.0,cot,27.0,1588,5.0,322,0.9668547480092062,2.343147819294225e-08,1.2779031243482961e-06,0.9668547480092062,0.033143950656191336,12,cot
2,everything_in_user_tags,387, For,2214,5.0,cot,28.0,1589,5.0,323,0.909195117639687,4.012007755230029e-08,2.0526783141250407e-07,0.909195117639687,0.090804636972404,12,cot
2,everything_in_user_tags,388, instance,4934,5.0,cot,29.0,1590,5.0,324,0.9988980474710869,2.419453769349238e-08,6.14020329533537e-06,0.9988980474710869,0.001095788131080186,12,cot
2,everything_in_user_tags,389,",",11,5.0,cot,30.0,1591,5.0,325,0.16934011718520903,0.00031570499162211513,0.00023918043183267002,0.16934011718520903,0.8301049973913361,12,cot
2,everything_in_user_tags,390, a,261,5.0,cot,31.0,1592,5.0,326,0.2921872310686057,8.094673930279839e-05,1.1877322002998772e-05,0.2921872310686057,0.7077199448700885,12,cot
2,everything_in_user_tags,391, passage,26368,5.0,cot,32.0,1593,5.0,327,0.04639769492781818,0.00015747574693486478,1.2078706094456193e-05,0.04639769492781818,0.9534327506191526,12,cot
2,everything_in_user_tags,392, can,665,5.0,cot,33.0,1594,5.0,328,0.9477356297194157,7.175104486224856e-06,1.7740166877407288e-05,0.9477356297194157,0.05223945500922083,12,cot
2,everything_in_user_tags,393, move,5275,5.0,cot,34.0,1595,5.0,329,0.2617993940164455,6.317875752560862e-05,8.031357762157003e-05,0.2617993940164455,0.7380571136484073,12,cot
2,everything_in_user_tags,394, from,591,5.0,cot,35.0,1596,5.0,330,0.5125876166560563,0.00010918926246881959,0.00011929829201679347,0.5125876166560563,0.487183895789458,12,cot
2,everything_in_user_tags,395, an,448,5.0,cot,36.0,1597,5.0,331,0.8470221601725962,0.0003082165034249691,0.0002467437961138678,0.8470221601725962,0.15242287952786493,12,cot
2,everything_in_user_tags,396, internal,8812,5.0,cot,37.0,1598,5.0,332,0.6552765882445989,0.0005650424193616047,0.00023085535261421617,0.6552765882445989,0.34392751398342525,12,cot
2,everything_in_user_tags,397, planning,10249,5.0,cot,38.0,1599,5.0,333,0.7431847912807631,0.0010967402743958545,0.0007582742276538683,0.7431847912807631,0.2549601942171872,12,cot
2,everything_in_user_tags,398, voice,11723,5.0,cot,39.0,1600,5.0,334,0.2709883332041796,0.0011000468753107227,0.00020767315656601454,0.2709883332041796,0.7277039467639437,12,cot
2,everything_in_user_tags,399, to,316,5.0,cot,40.0,1601,5.0,335,0.8437517553268601,1.0733239462206649e-05,5.198660939043317e-07,0.8437517553268601,0.15623699156758392,12,cot
2,everything_in_user_tags,400, a,261,5.0,cot,41.0,1602,5.0,336,0.7140229658353985,0.0006779899207280325,0.00044749230569666613,0.7140229658353985,0.28485155193817674,12,cot
2,everything_in_user_tags,401, direct,2823,5.0,cot,42.0,1603,5.0,337,0.1737738202279588,0.0010095341576041891,0.0004435253958585512,0.1737738202279588,0.8247731202185784,12,cot
2,everything_in_user_tags,402, explanatory,177098,5.0,cot,43.0,1604,5.0,338,0.46106599187044905,0.0013120566312079978,0.000351655939840497,0.46106599187044905,0.5372702955585025,12,cot
2,everything_in_user_tags,403, answer,6052,5.0,cot,44.0,1605,5.0,339,0.16899121207072945,0.001844876570010522,0.00043540329075742704,0.16899121207072945,0.8287285080685026,12,cot
2,everything_in_user_tags,404, while,2049,5.0,cot,45.0,1606,5.0,340,0.3026677386448227,3.4909710643507596e-05,7.261374916455893e-06,0.3026677386448227,0.6972900902696172,12,cot
2,everything_in_user_tags,405, retaining,76464,5.0,cot,46.0,1607,5.0,341,0.6213206244907054,2.223462147550404e-05,4.205180995854934e-06,0.6213206244907054,0.3786529357068234,12,cot
2,everything_in_user_tags,406, the,290,5.0,cot,47.0,1608,5.0,342,0.8843050024560859,0.0009845694168987328,0.0014857360984313398,0.8843050024560859,0.11322469202858397,12,cot
2,everything_in_user_tags,407, factual,106694,5.0,cot,48.0,1609,5.0,343,0.02986045639400562,0.00019375554229130669,4.603261412519727e-06,0.02986045639400562,0.9699411848022905,12,cot
2,everything_in_user_tags,408, propositions,104068,5.0,cot,49.0,1610,5.0,344,0.2937637206771148,0.004219507241742956,0.0009112309868581844,0.2937637206771148,0.7011055410942841,12,cot
2,everything_in_user_tags,409, and,326,5.0,cot,50.0,1611,5.0,345,0.2440270196147175,9.92286271764134e-05,2.805131125228405e-06,0.2440270196147175,0.7558709466269808,12,cot
2,everything_in_user_tags,410, their,1043,5.0,cot,51.0,1612,5.0,346,0.13217453877009433,0.0009646338686464403,5.6525152269826195e-05,0.13217453877009433,0.8668043022089895,12,cot
2,everything_in_user_tags,411, order,2569,5.0,cot,52.0,1613,5.0,347,0.542592748322819,0.0008507316523912647,0.00021670024865453385,0.542592748322819,0.4563398197761352,12,cot
2,everything_in_user_tags,412,.,13,5.0,cot,53.0,1614,5.0,348,0.9727093118410587,5.79545250437503e-05,3.119677366736484e-05,0.9727093118410587,0.027201536860230194,12,cot
2,everything_in_user_tags,413, That,4569,5.0,cot,54.0,1615,5.0,349,0.7974180442346179,5.088602135600162e-06,0.00017698077649355766,0.7974180442346179,0.20239988638675288,12,cot
2,everything_in_user_tags,414, does,2226,5.0,cot,55.0,1616,5.0,350,0.07846186566443682,0.0004718844112568891,0.00024831830845463464,0.07846186566443682,0.9208179316158516,12,cot
2,everything_in_user_tags,415, not,625,5.0,cot,56.0,1617,5.0,351,0.6603845373058801,2.1766544782862076e-05,0.00013818164605187532,0.6603845373058801,0.3394555145032851,12,cot
2,everything_in_user_tags,416, make,1520,5.0,cot,57.0,1618,5.0,352,0.3747034727817843,0.008572435910017403,0.008179309696515988,0.3747034727817843,0.6085447816116824,12,cot
2,everything_in_user_tags,417, the,290,5.0,cot,58.0,1619,5.0,353,0.0989193140504303,0.00041542391859619536,0.001162152052799256,0.0989193140504303,0.8995031099781742,12,cot
2,everything_in_user_tags,418, texts,35562,5.0,cot,59.0,1620,5.0,354,0.08848500842531042,0.00048414764003570617,0.00039347823271085715,0.08848500842531042,0.9106373657019431,12,cot
2,everything_in_user_tags,419, identical,32820,5.0,cot,60.0,1621,5.0,355,0.15507040420525842,0.000275865806968765,0.00019464645452170755,0.15507040420525842,0.844459083533251,12,cot
2,everything_in_user_tags,420, in,306,5.0,cot,61.0,1622,5.0,356,0.18756070385634457,0.0006536366077605814,0.00022358758216819267,0.18756070385634457,0.8115620719537268,12,cot
2,everything_in_user_tags,421, meaning,10915,5.0,cot,62.0,1623,5.0,357,0.09806888770556425,0.0012153077457867716,0.0002482502836798677,0.09806888770556425,0.9004675542649692,12,cot
2,everything_in_user_tags,422, or,503,5.0,cot,63.0,1624,5.0,358,0.42743642120235614,0.0041612933364970515,0.00016641569900380687,0.42743642120235614,0.568235869762143,12,cot
2,everything_in_user_tags,423, token,6602,5.0,cot,64.0,1625,5.0,359,0.21786855918742085,0.027233125746797076,0.003990358576835607,0.21786855918742085,0.7509079564889464,12,cot
2,everything_in_user_tags,424,ization,2860,5.0,cot,65.0,1626,5.0,360,0.6474873413757817,0.009300464892008493,0.012372436093272701,0.6474873413757817,0.33083975763893714,12,cot
2,everything_in_user_tags,425,",",11,5.0,cot,66.0,1627,5.0,361,0.09480421497473429,0.002556436738813765,0.0007401621869845274,0.09480421497473429,0.9018991860994674,12,cot
2,everything_in_user_tags,426, so,813,5.0,cot,67.0,1628,5.0,362,0.7886356635691468,0.0006547801497538833,9.935860628818739e-05,0.7886356635691468,0.21061019767481123,12,cot
2,everything_in_user_tags,427, those,2617,5.0,cot,68.0,1629,5.0,363,0.0734408011836712,0.0008347174044317788,6.294563155489023e-05,0.0734408011836712,0.925661535780342,12,cot
2,everything_in_user_tags,428, limitations,15817,5.0,cot,69.0,1630,5.0,364,0.6723270093930036,2.5119368850791837e-05,5.2654762389536314e-06,0.6723270093930036,0.3276426057619066,12,cot
2,everything_in_user_tags,429, should,1757,5.0,cot,70.0,1631,5.0,365,0.9883268129624241,1.0801338280667267e-05,4.68676391245375e-05,0.9883268129624241,0.011615518060170622,12,cot
2,everything_in_user_tags,430, be,413,5.0,cot,71.0,1632,5.0,366,0.9944917834117916,9.362922115847847e-06,0.0002736066903401402,0.9944917834117916,0.005225246975752418,12,cot
2,everything_in_user_tags,431, acknowledged,54700,5.0,cot,72.0,1633,5.0,367,0.995654640589699,7.457501497873353e-06,2.5258041094729332e-05,0.995654640589699,0.00431264386770858,12,cot
2,everything_in_user_tags,432,.,13,5.0,cot,73.0,1634,5.0,368,0.904452106389946,1.5567452697754593e-05,4.210732204616256e-06,0.904452106389946,0.09552811542515156,12,cot
2,everything_in_user_tags,433, Multiple,39109,5.0,cot,74.0,1635,5.0,369,0.9768047006219278,5.468105559974668e-05,0.00012841389314396112,0.9768047006219278,0.023012204429328373,12,cot
2,everything_in_user_tags,434, independently,38341,5.0,cot,75.0,1636,5.0,370,0.6298052171400431,0.0004044815450786082,0.0003103681789865988,0.6298052171400431,0.36947993313589156,12,cot
2,everything_in_user_tags,435, prepared,13128,5.0,cot,76.0,1637,5.0,371,0.6306231083116202,7.601119638839413e-05,1.5994385712749375e-05,0.6306231083116202,0.3692848861062787,12,cot
2,everything_in_user_tags,436, rew,132005,5.0,cot,77.0,1638,5.0,372,0.042482540688683984,0.00014275283089722413,1.59421371686053e-05,0.042482540688683984,0.9573587643432501,12,cot
2,everything_in_user_tags,437,rites,41991,5.0,cot,78.0,1639,5.0,373,0.27852322576230315,0.00010808211459508312,9.907355476036952e-05,0.27852322576230315,0.7212696185683414,12,cot
2,everything_in_user_tags,438, would,1481,5.0,cot,79.0,1640,5.0,374,0.9942654089003808,6.450381518571102e-05,0.00012995933939730255,0.9942654089003808,0.0055401279450360726,12,cot
2,everything_in_user_tags,439, help,1652,5.0,cot,80.0,1641,5.0,375,0.9945791801957754,2.447500598540457e-06,1.0957413908478091e-05,0.9945791801957754,0.005407414889717505,12,cot
2,everything_in_user_tags,440, distinguish,59938,5.0,cot,81.0,1642,5.0,376,0.21116569643024966,1.0673649414352913e-05,2.4006379325084388e-05,0.21116569643024966,0.788799623541011,12,cot
2,everything_in_user_tags,441, a,261,5.0,cot,82.0,1643,5.0,377,0.08289717015049244,8.4528165195499e-05,0.0001297514150603807,0.08289717015049244,0.9168885502692518,12,cot
2,everything_in_user_tags,442, style,2713,5.0,cot,83.0,1644,5.0,378,0.016065321219523965,3.28953177495573e-05,2.882053003600541e-05,0.016065321219523965,0.9838729629326903,12,cot
2,everything_in_user_tags,443, pattern,8302,5.0,cot,84.0,1645,5.0,379,0.11280473919013384,0.0013864427820569755,0.0053121072598860345,0.11280473919013384,0.8804967107679231,12,cot
2,everything_in_user_tags,444, from,591,5.0,cot,85.0,1646,5.0,380,0.11252280090670387,2.5550271195803693e-05,4.572039341883862e-05,0.11252280090670387,0.8874059284286815,12,cot
2,everything_in_user_tags,445, one,1001,5.0,cot,86.0,1647,5.0,381,0.5796168976289567,0.0014688478115944573,0.0016883081482197031,0.5796168976289567,0.4172259464112291,12,cot
2,everything_in_user_tags,446, unusual,30529,5.0,cot,87.0,1648,5.0,382,0.9036722807684118,6.650555017585053e-05,0.0016911454811006181,0.9036722807684118,0.09457006820031184,12,cot
2,everything_in_user_tags,447, parap,71265,5.0,cot,88.0,1649,5.0,383,0.5577161106464948,0.010383657380966933,0.003251648760369711,0.5577161106464948,0.4286485832121685,12,cot
2,everything_in_user_tags,448,hrase,46439,5.0,cot,89.0,1650,5.0,384,0.6648663208998716,0.0008710706616347902,0.009329024920578645,0.6648663208998716,0.3249335835179149,12,cot
2,everything_in_user_tags,449,",",11,5.0,cot,90.0,1651,5.0,385,0.8448299329149802,0.000400016894080462,0.0019414612923715827,0.8448299329149802,0.15282858889856776,12,cot
2,everything_in_user_tags,450, but,889,5.0,cot,91.0,1652,5.0,386,0.982876324908289,7.859075171267802e-05,0.00016901083414954605,0.982876324908289,0.016876073505848896,12,cot
2,everything_in_user_tags,451, the,290,5.0,cot,92.0,1653,5.0,387,0.7954806602314846,6.249329041205407e-06,6.477984328337283e-05,0.7954806602314846,0.20444831059619079,12,cot
2,everything_in_user_tags,452, initial,4871,5.0,cot,93.0,1654,5.0,388,0.8934959233601238,5.841791940899763e-05,0.00038002659571280227,0.8934959233601238,0.10606563212475417,12,cot
2,everything_in_user_tags,453, demonstration,56324,5.0,cot,94.0,1655,5.0,389,0.6111211649527164,0.007076778594272683,0.004625339752778389,0.6111211649527164,0.3771767167002324,12,cot
2,everything_in_user_tags,454, can,665,5.0,cot,95.0,1656,5.0,390,0.9895256760598826,2.47059409596875e-05,0.0010427706233856278,0.9895256760598826,0.009406847375772,12,cot
2,everything_in_user_tags,455, remain,12760,5.0,cot,96.0,1657,5.0,391,0.896148385307481,2.2981667116388463e-05,0.0003905371011671254,0.896148385307481,0.10343809592423542,12,cot
2,everything_in_user_tags,456, small,3291,5.0,cot,97.0,1658,5.0,392,0.8983059575954602,0.0010552566268247098,0.007218853311246784,0.8983059575954602,0.09341993246646821,12,cot
2,everything_in_user_tags,457, and,326,5.0,cot,98.0,1659,5.0,393,0.8906349358500576,0.0002019940492792264,0.0019995614408626176,0.8906349358500576,0.10716350865980076,12,cot
2,everything_in_user_tags,458, clearly,15603,5.0,cot,99.0,1660,5.0,394,0.3650571548991588,3.1578881196426397e-05,0.001058912753884459,0.3650571548991588,0.6338523534657603,12,cot
2,everything_in_user_tags,459, labeled,55089,5.0,cot,100.0,1661,5.0,395,0.057377964396379565,0.00020661259354531512,7.766077071365111e-05,0.057377964396379565,0.9423377622393614,12,cot
2,everything_in_user_tags,460, as,472,5.0,cot,101.0,1662,5.0,396,0.8178247833384513,1.8228582678956102e-05,1.868935071023742e-05,0.8178247833384513,0.1821382987281595,12,cot
2,everything_in_user_tags,461, such,2238,5.0,cot,102.0,1663,5.0,397,0.9704654842008189,0.00011073146544754892,0.00035786138567331285,0.9704654842008189,0.029065922948060194,12,cot
2,everything_in_user_tags,463,Specify,156320,6.0,assistant,1.0,1665,6.0,398,0.9714755794511517,1.0691063297333796e-06,0.005179561576553443,0.9714755794511517,0.023343789865965137,12,cot
2,everything_in_user_tags,464, the,290,6.0,assistant,2.0,1666,6.0,399,0.9833758518655034,9.696095039027695e-07,3.63667641260418e-05,0.9833758518655034,0.016586811760866526,12,cot
2,everything_in_user_tags,465, transformation,26242,6.0,assistant,3.0,1667,6.0,400,0.704802770200065,0.00019327350723950871,0.0004107826738957582,0.704802770200065,0.2945931736187997,12,cot
2,everything_in_user_tags,466, before,2254,6.0,assistant,4.0,1668,6.0,401,0.9899772329479108,3.7204619892411834e-05,0.002230397753161938,0.9899772329479108,0.007755164679034854,12,cot
2,everything_in_user_tags,467, writing,5281,6.0,assistant,5.0,1669,6.0,402,0.1994076488752311,0.000756391849436986,0.021604556642487484,0.1994076488752311,0.7782314026328445,12,cot
2,everything_in_user_tags,468, the,290,6.0,assistant,6.0,1670,6.0,403,0.9692304299706695,0.0016423155522459175,0.020034550303163555,0.9692304299706695,0.009092704173920952,12,cot
2,everything_in_user_tags,469, alternative,13319,6.0,assistant,7.0,1671,6.0,404,0.07429957114440248,4.303994601509281e-05,0.00030647699088708264,0.07429957114440248,0.9253509119186955,12,cot
2,everything_in_user_tags,470,.,13,6.0,assistant,8.0,1672,6.0,405,0.9259356493102736,2.2982247596102335e-06,2.9118352345188854e-05,0.9259356493102736,0.07403293411262148,12,cot
2,everything_in_user_tags,471, For,2214,6.0,assistant,9.0,1673,6.0,406,0.8665466081644408,2.6404539432420548e-06,0.0012547271147189663,0.8665466081644408,0.13219602426689706,12,cot
2,everything_in_user_tags,472, example,4994,6.0,assistant,10.0,1674,6.0,407,0.9722732967735637,6.446243263705844e-06,0.0010795196389499731,0.9722732967735637,0.026640737344222717,12,cot
2,everything_in_user_tags,473,",",11,6.0,assistant,11.0,1675,6.0,408,0.8996465992713728,7.223129957231158e-05,8.784080621268022e-05,0.8996465992713728,0.10019332862284228,12,cot
2,everything_in_user_tags,474, convert,8452,6.0,assistant,12.0,1676,6.0,409,0.5422984332123364,3.171733102543328e-05,9.550144568664121e-06,0.5422984332123364,0.4576602993120695,12,cot
2,everything_in_user_tags,475, an,448,6.0,assistant,13.0,1677,6.0,410,0.9560402364195941,0.0017630948837962159,0.012186936142760724,0.9560402364195941,0.03000973255384891,12,cot
2,everything_in_user_tags,476, internal,8812,6.0,assistant,14.0,1678,6.0,411,0.6786872006770253,0.00035017029940100336,0.00011813938031757244,0.6786872006770253,0.3208444896432561,12,cot
2,everything_in_user_tags,477, planning,10249,6.0,assistant,15.0,1679,6.0,412,0.8874744785969857,0.0002905335948588835,0.00010574379835940893,0.8874744785969857,0.11212924400979613,12,cot
2,everything_in_user_tags,478, passage,26368,6.0,assistant,16.0,1680,6.0,413,0.17954965662571257,0.00013898680231993706,8.17900181013631e-06,0.17954965662571257,0.8203031775701574,12,cot
2,everything_in_user_tags,479, into,1511,6.0,assistant,17.0,1681,6.0,414,0.6963558119890099,9.10691115547215e-05,1.3072305121150184e-05,0.6963558119890099,0.3035400465943143,12,cot
2,everything_in_user_tags,480, a,261,6.0,assistant,18.0,1682,6.0,415,0.7141180478292404,0.010261488728930136,0.21865491108676857,0.7141180478292404,0.05696555235506091,12,cot
2,everything_in_user_tags,481, direct,2823,6.0,assistant,19.0,1683,6.0,416,0.13356279841036867,0.0001392119970027214,5.586687732361087e-05,0.13356279841036867,0.866242122715305,12,cot
2,everything_in_user_tags,482, explanation,30547,6.0,assistant,20.0,1684,6.0,417,0.5181598618926713,0.002224554070884227,0.0005108991159632752,0.5181598618926713,0.47910468492048125,12,cot
2,everything_in_user_tags,483, while,2049,6.0,assistant,21.0,1685,6.0,418,0.6371783581123482,0.001033865240039603,0.0005502789592435845,0.6371783581123482,0.3612374976883686,12,cot
2,everything_in_user_tags,484, preserving,74564,6.0,assistant,22.0,1686,6.0,419,0.6424644504676555,3.1970421021902306e-05,3.1638804172456572e-06,0.6424644504676555,0.35750041523090537,12,cot
2,everything_in_user_tags,485, its,1617,6.0,assistant,23.0,1687,6.0,420,0.3698110186602062,0.017304541054609313,0.013731322778632442,0.3698110186602062,0.5991531175065521,12,cot
2,everything_in_user_tags,486, factual,106694,6.0,assistant,24.0,1688,6.0,421,0.026165061057781724,0.00011707100572755738,5.3784407640075785e-06,0.026165061057781724,0.9737124894957268,12,cot
2,everything_in_user_tags,487, claims,14846,6.0,assistant,25.0,1689,6.0,422,0.2552660107913825,0.0037173869724244145,0.0009362098880277054,0.2552660107913825,0.7400803923481654,12,cot
2,everything_in_user_tags,488,",",11,6.0,assistant,26.0,1690,6.0,423,0.770602483649617,8.287241270640604e-05,5.073363068508941e-06,0.770602483649617,0.2293095705746081,12,cot
2,everything_in_user_tags,489, examples,15652,6.0,assistant,27.0,1691,6.0,424,0.6038570458963001,0.006959520121441567,0.0020239263051210358,0.6038570458963001,0.38715950767713725,12,cot
2,everything_in_user_tags,490,",",11,6.0,assistant,28.0,1692,6.0,425,0.7083849179972064,0.019293571520791107,0.018316041528551263,0.7083849179972064,0.2540054689534512,12,cot
2,everything_in_user_tags,491, and,326,6.0,assistant,29.0,1693,6.0,426,0.5093440098138136,0.0011023265726078598,9.35658367101246e-05,0.5093440098138136,0.4894600977768685,12,cot
2,everything_in_user_tags,492, order,2569,6.0,assistant,30.0,1694,6.0,427,0.41197565003188563,0.001295293736365704,0.0008494685838802817,0.41197565003188563,0.5858795876478685,12,cot
2,everything_in_user_tags,493,.,13,6.0,assistant,31.0,1695,6.0,428,0.9854597015593549,0.00014422948554559776,0.005589634852891057,0.9854597015593549,0.008806434102208514,12,cot
2,everything_in_user_tags,494, Avoid,46613,6.0,assistant,32.0,1696,6.0,429,0.9646214673405823,6.962894218416742e-06,7.77006562706438e-05,0.9646214673405823,0.035293869108928635,12,cot
2,everything_in_user_tags,495, adding,12673,6.0,assistant,33.0,1697,6.0,430,0.9024374170303093,0.00045341398312895455,0.00039231376174575104,0.9024374170303093,0.09671685522481599,12,cot
2,everything_in_user_tags,496, a,261,6.0,assistant,34.0,1698,6.0,431,0.39008494621265477,2.076915423737327e-05,3.411106813517129e-05,0.39008494621265477,0.6098601735649728,12,cot
2,everything_in_user_tags,497, new,620,6.0,assistant,35.0,1699,6.0,432,0.7221517355099726,0.001437203168871066,0.0011398138110799252,0.7221517355099726,0.27527124751007653,12,cot
2,everything_in_user_tags,498, instruction,21179,6.0,assistant,36.0,1700,6.0,433,0.6644841223506717,0.0018978377765431617,0.004145082433790366,0.6644841223506717,0.32947295743899485,12,cot
2,everything_in_user_tags,499,",",11,6.0,assistant,37.0,1701,6.0,434,0.6662981810966043,0.0018060584664101867,0.0015425636034528882,0.6662981810966043,0.33035319683353265,12,cot
2,everything_in_user_tags,500, changing,13784,6.0,assistant,38.0,1702,6.0,435,0.6407380547695989,0.0002879310158943005,0.00015621222493736903,0.6407380547695989,0.35881780198956936,12,cot
2,everything_in_user_tags,501, the,290,6.0,assistant,39.0,1703,6.0,436,0.704962206463122,0.0008848252198560173,0.002921364818810228,0.704962206463122,0.2912316034982117,12,cot
2,everything_in_user_tags,502, topic,10901,6.0,assistant,40.0,1704,6.0,437,0.323915719180576,0.005583756146560427,0.002837138077790939,0.323915719180576,0.6676633865950727,12,cot
2,everything_in_user_tags,503,",",11,6.0,assistant,41.0,1705,6.0,438,0.7272052569320331,0.008865642207287666,0.003801026042026741,0.7272052569320331,0.2601280748186524,12,cot
2,everything_in_user_tags,504, or,503,6.0,assistant,42.0,1706,6.0,439,0.8873946511311589,1.7050097351791168e-06,1.878875543102556e-06,0.8873946511311589,0.11260176498356272,12,cot
2,everything_in_user_tags,505, inserting,97747,6.0,assistant,43.0,1707,6.0,440,0.3715015511466504,9.896438488174629e-05,0.0002908286631283389,0.3715015511466504,0.6281086558053395,12,cot
2,everything_in_user_tags,506, extra,5018,6.0,assistant,44.0,1708,6.0,441,0.653374968658711,0.0003206829801684351,0.00028030319649778574,0.653374968658711,0.3460240451646227,12,cot
2,everything_in_user_tags,507, evidence,11716,6.0,assistant,45.0,1709,6.0,442,0.025786747528818765,0.00040254216168736953,3.099689896685681e-05,0.025786747528818765,0.973779713410527,12,cot
2,everything_in_user_tags,508,.,13,6.0,assistant,46.0,1710,6.0,443,0.6284566025009654,4.954677003089401e-05,9.80079984835145e-06,0.6284566025009654,0.3714840499291554,12,cot
2,everything_in_user_tags,509, Keep,16835,6.0,assistant,47.0,1711,6.0,444,0.43090230739486546,1.2645112046066305e-05,4.9598164515895124e-05,0.43090230739486546,0.5690354493285725,12,cot
2,everything_in_user_tags,510, a,261,6.0,assistant,48.0,1712,6.0,445,0.6160073792695795,0.000691761972514809,0.0004122470931455535,0.6160073792695795,0.38288861166476007,12,cot
2,everything_in_user_tags,511, short,4022,6.0,assistant,49.0,1713,6.0,446,0.7609548914789519,0.0008657046644751696,0.012734731471544851,0.7609548914789519,0.22544467238502813,12,cot
2,everything_in_user_tags,512, checklist,60797,6.0,assistant,50.0,1714,6.0,447,0.6533599384073927,2.9384437151519412e-05,8.886716154574868e-05,0.6533599384073927,0.34652180999390997,12,cot
2,everything_in_user_tags,513, of,328,6.0,assistant,51.0,1715,6.0,448,0.9951381708579126,9.486793237442762e-06,0.0006153792540763205,0.9951381708579126,0.004236963094773647,12,cot
2,everything_in_user_tags,514, the,290,6.0,assistant,52.0,1716,6.0,449,0.7902032390299539,2.1707773751877715e-05,0.0001499861987846387,0.7902032390299539,0.20962506699750943,12,cot
2,everything_in_user_tags,515, properties,8359,6.0,assistant,53.0,1717,6.0,450,0.3096833882868052,0.00014286100730261277,5.947511111011051e-06,0.3096833882868052,0.6901678031947812,12,cot
2,everything_in_user_tags,516, you,481,6.0,assistant,54.0,1718,6.0,451,0.9959999479209525,4.4865166442293506e-05,0.0019559895849969576,0.9959999479209525,0.0019991973276082776,12,cot
2,everything_in_user_tags,517, intended,15663,6.0,assistant,55.0,1719,6.0,452,0.3360030864188497,4.86928868449192e-06,2.123905722157576e-06,0.3360030864188497,0.6639899203867436,12,cot
2,everything_in_user_tags,518, to,316,6.0,assistant,56.0,1720,6.0,453,0.02658275709006134,5.15456338589256e-06,2.9451125884548494e-06,0.02658275709006134,0.9734091432339644,12,cot
2,everything_in_user_tags,519, preserve,33507,6.0,assistant,57.0,1721,6.0,454,0.021878477145444563,2.2194063034681445e-06,5.3602039048798364e-08,0.021878477145444563,0.9781192498462128,12,cot
2,everything_in_user_tags,520,",",11,6.0,assistant,58.0,1722,6.0,455,0.7767093898295782,2.94248645999439e-05,1.3546276534443451e-05,0.7767093898295782,0.22324763902928757,12,cot
2,everything_in_user_tags,521, and,326,6.0,assistant,59.0,1723,6.0,456,0.9881707737029372,2.828902381505675e-05,0.004309570799094567,0.9881707737029372,0.007491366474153372,12,cot
2,everything_in_user_tags,522, ask,3810,6.0,assistant,60.0,1724,6.0,457,0.8047395427928403,3.2854828453232916e-05,0.00010316211911965633,0.8047395427928403,0.19512444025958675,12,cot
2,everything_in_user_tags,523, another,3613,6.0,assistant,61.0,1725,6.0,458,0.4710313722725751,0.00013379955565311609,0.00041470457751600367,0.4710313722725751,0.5284201235942558,12,cot
2,everything_in_user_tags,524, reader,10958,6.0,assistant,62.0,1726,6.0,459,0.4559302515175988,0.00012711547708390446,0.0003289432485811825,0.4559302515175988,0.5436136897567361,12,cot
2,everything_in_user_tags,525, to,316,6.0,assistant,63.0,1727,6.0,460,0.9521736242592354,4.0536543506344287e-05,0.000282550444583417,0.9521736242592354,0.04750328875267494,12,cot
2,everything_in_user_tags,526, inspect,36665,6.0,assistant,64.0,1728,6.0,461,0.37265769542124266,5.1704589257807576e-06,1.4183009110466223e-05,0.37265769542124266,0.6273229511107211,12,cot
2,everything_in_user_tags,527, the,290,6.0,assistant,65.0,1729,6.0,462,0.516216041475877,0.0045105014335990335,0.011009151212977982,0.516216041475877,0.468264305877546,12,cot
2,everything_in_user_tags,528, pair,10610,6.0,assistant,66.0,1730,6.0,463,0.4256627065376486,1.9627528833652078e-05,7.620964636658313e-05,0.4256627065376486,0.5742414562871513,12,cot
2,everything_in_user_tags,529, before,2254,6.0,assistant,67.0,1731,6.0,464,0.3789402815540183,1.82824088678519e-05,1.3104916627253896e-05,0.3789402815540183,0.6210283311204866,12,cot
2,everything_in_user_tags,530, measurement,27666,6.0,assistant,68.0,1732,6.0,465,0.017388118285506907,9.216732264640567e-06,4.442890142087692e-05,0.017388118285506907,0.9825582360808075,12,cot
2,everything_in_user_tags,531,.,13,6.0,assistant,69.0,1733,6.0,466,0.5930003854698004,1.4621831705669058e-05,2.2505223555716804e-05,0.5930003854698004,0.40696248747493824,12,cot
2,everything_in_user_tags,532, Record,14574,6.0,assistant,70.0,1734,6.0,467,0.17605476013186935,4.270824573118433e-06,1.1183838170270958e-05,0.17605476013186935,0.8239297852053872,12,cot
2,everything_in_user_tags,533, token,6602,6.0,assistant,71.0,1735,6.0,468,0.09946736863311606,0.0008592230046382011,0.00024690032268634307,0.09946736863311606,0.8994265080395593,12,cot
2,everything_in_user_tags,534, counts,28991,6.0,assistant,72.0,1736,6.0,469,0.07729616422352664,0.0011105169760750007,0.00032516833189265754,0.07729616422352664,0.9212681504685056,12,cot
2,everything_in_user_tags,535, because,2236,6.0,assistant,73.0,1737,6.0,470,0.4745724960692103,0.0003553645998326858,0.0008472463303602814,0.4745724960692103,0.5242248930005968,12,cot
2,everything_in_user_tags,536, a,261,6.0,assistant,74.0,1738,6.0,471,0.40111084651927353,0.00035705663970438654,0.00026116391070730435,0.40111084651927353,0.5982709329303147,12,cot
2,everything_in_user_tags,537, stylist,87902,6.0,assistant,75.0,1739,6.0,472,0.06424045629176237,0.0006604598717501757,0.00048299543233566906,0.06424045629176237,0.9346160884041519,12,cot
2,everything_in_user_tags,538,ic,291,6.0,assistant,76.0,1740,6.0,473,0.1684715676150407,7.517540920334383e-05,2.5255007130043946e-05,0.1684715676150407,0.831428001968626,12,cot
2,everything_in_user_tags,539, rewrite,50059,6.0,assistant,77.0,1741,6.0,474,0.4549447525046054,0.001095098457170274,0.00048001836478682143,0.4549447525046054,0.5434801306734376,12,cot
2,everything_in_user_tags,540, may,1340,6.0,assistant,78.0,1742,6.0,475,0.3738769751370899,1.0293496755860458e-05,3.827387174622269e-06,0.3738769751370899,0.6261089039789796,12,cot
2,everything_in_user_tags,541, also,1217,6.0,assistant,79.0,1743,6.0,476,0.5013536347478474,0.003396517703528154,0.002874974225410976,0.5013536347478474,0.4923748733232135,12,cot
2,everything_in_user_tags,542, change,3343,6.0,assistant,80.0,1744,6.0,477,0.5819599708483756,0.001130181283727035,0.001686744271778304,0.5819599708483756,0.4152231035961191,12,cot
2,everything_in_user_tags,543, length,5517,6.0,assistant,81.0,1745,6.0,478,0.18262255996578874,0.0007658314002428829,0.0015259304314034,0.18262255996578874,0.8150856782025651,12,cot
2,everything_in_user_tags,544,.,13,6.0,assistant,82.0,1746,6.0,479,0.45489069802456256,0.00034088281586726663,0.00012273370292350253,0.45489069802456256,0.5446456854566467,12,cot
2,everything_in_user_tags,545, Treat,25189,6.0,assistant,83.0,1747,6.0,480,0.8640495440099264,9.75691040685834e-06,0.00036833809945678933,0.8640495440099264,0.13557236098020994,12,cot
2,everything_in_user_tags,546, the,290,6.0,assistant,84.0,1748,6.0,481,0.5106068300528321,2.6327404745130325e-06,0.0002672360652860853,0.5106068300528321,0.48912330114140723,12,cot
2,everything_in_user_tags,547, first,1577,6.0,assistant,85.0,1749,6.0,482,0.31285218780604507,0.0004527489305560618,0.00014821954896195868,0.31285218780604507,0.686546843714437,12,cot
2,everything_in_user_tags,548, pair,10610,6.0,assistant,86.0,1750,6.0,483,0.5382944015841845,9.710619009920488e-05,0.00025138507408578316,0.5382944015841845,0.46135710715163053,12,cot
2,everything_in_user_tags,549, as,472,6.0,assistant,87.0,1751,6.0,484,0.6496484204126276,0.004276639404181813,0.01803203711004983,0.6496484204126276,0.3280429030731408,12,cot
2,everything_in_user_tags,550, an,448,6.0,assistant,88.0,1752,6.0,485,0.555419754992358,0.0006046993478389231,0.0007811846827117719,0.555419754992358,0.4431943609770913,12,cot
2,everything_in_user_tags,551, illustration,55575,6.0,assistant,89.0,1753,6.0,486,0.33761515271653464,0.0007429973157506066,0.0005339140982316417,0.33761515271653464,0.6611079358694831,12,cot
2,everything_in_user_tags,552, of,328,6.0,assistant,90.0,1754,6.0,487,0.7870617495408105,0.0019441482836825411,0.0026570475012433394,0.7870617495408105,0.20833705467426356,12,cot
2,everything_in_user_tags,553, the,290,6.0,assistant,91.0,1755,6.0,488,0.8665695309801691,0.0008416106555003734,0.036132855744754236,0.8665695309801691,0.09645600261957638,12,cot
2,everything_in_user_tags,554, comparison,19211,6.0,assistant,92.0,1756,6.0,489,0.04774647163473947,1.0210251903739943e-05,7.42215385761455e-05,0.04774647163473947,0.9521690965747808,12,cot
2,everything_in_user_tags,555,.,13,6.0,assistant,93.0,1757,6.0,490,0.7506061968257606,0.0019745957754542425,0.010006406986388515,0.7506061968257606,0.23741280041239654,12,cot
2,everything_in_user_tags,556, To,2514,6.0,assistant,94.0,1758,6.0,491,0.3249795642241807,1.8566479271274483e-05,0.0014150755686361323,0.3249795642241807,0.673586793727912,12,cot
2,everything_in_user_tags,557, claim,6445,6.0,assistant,95.0,1759,6.0,492,0.015228481722072935,3.148574529194953e-06,8.640271617879662e-07,0.015228481722072935,0.984767505676236,12,cot
2,everything_in_user_tags,558, a,261,6.0,assistant,96.0,1760,6.0,493,0.9948553718232919,0.0001311988349986285,0.00036636149573616354,0.9948553718232919,0.004647067845973279,12,cot
2,everything_in_user_tags,559, repeat,22962,6.0,assistant,97.0,1761,6.0,494,0.19456729397216074,0.0004759187281377447,3.5386009990886044e-05,0.19456729397216074,0.8049214012897106,12,cot
2,everything_in_user_tags,560,able,562,6.0,assistant,98.0,1762,6.0,495,0.31835951776722426,0.00020090704158985104,9.07999301735424e-05,0.31835951776722426,0.6813487752610123,12,cot
2,everything_in_user_tags,561, style,2713,6.0,assistant,99.0,1763,6.0,496,0.019094936397498593,8.119061523703566e-05,5.322690822249281e-05,0.019094936397498593,0.980770646079042,12,cot
2,everything_in_user_tags,562, effect,3159,6.0,assistant,100.0,1764,6.0,497,0.08295791070843342,1.4260184536907572e-05,7.811953483737892e-07,0.08295791070843342,0.9170270479116812,12,cot
2,everything_in_user_tags,563,",",11,6.0,assistant,101.0,1765,6.0,498,0.4672394081101695,0.00028559163209302644,2.6767712605188477e-05,0.4672394081101695,0.5324482325451322,12,cot
2,everything_in_user_tags,564, prepare,13708,6.0,assistant,102.0,1766,6.0,499,0.7121999019839845,0.00033016831347197303,0.00037079599695247185,0.7121999019839845,0.28709913370559104,12,cot
2,everything_in_user_tags,565, several,4919,6.0,assistant,103.0,1767,6.0,500,0.8337104282930946,0.0006311405224156828,0.0007080654497756689,0.8337104282930946,0.16495036573471408,12,cot
2,everything_in_user_tags,566, independent,13313,6.0,assistant,104.0,1768,6.0,501,0.8508916247951626,0.00023760822833513863,0.0003943563073584196,0.8508916247951626,0.14847641066914397,12,cot
2,everything_in_user_tags,567, pairs,24702,6.0,assistant,105.0,1769,6.0,502,0.4377934745914799,4.703585395297483e-05,0.0002921206338534229,0.4377934745914799,0.5618673689207137,12,cot
2,everything_in_user_tags,568, using,2360,6.0,assistant,106.0,1770,6.0,503,0.7502739159001821,0.0004668742945886104,0.0010286418553220815,0.7502739159001821,0.24823056794990728,12,cot
2,everything_in_user_tags,569, the,290,6.0,assistant,107.0,1771,6.0,504,0.9988875979607675,2.0253986631800504e-06,9.023002408474882e-06,0.9988875979607675,0.0011013536381606595,12,cot
2,everything_in_user_tags,570, same,2684,6.0,assistant,108.0,1772,6.0,505,0.7939451104111511,0.006779948201508684,0.016251870722617894,0.7939451104111511,0.1830230706647222,12,cot
2,everything_in_user_tags,571, rule,10652,6.0,assistant,109.0,1773,6.0,506,0.25016785943215347,0.00021331486588829326,0.00019181618737154743,0.25016785943215347,0.7494270095145866,12,cot
2,everything_in_user_tags,572, and,326,6.0,assistant,110.0,1774,6.0,507,0.4231445105658658,0.011966658519016883,0.003409966772246518,0.4231445105658658,0.5614788641428708,12,cot
2,everything_in_user_tags,573, evaluate,21646,6.0,assistant,111.0,1775,6.0,508,0.09404770190526533,0.00017541481946707478,0.0011809918759222078,0.09404770190526533,0.9045958913993454,12,cot
2,everything_in_user_tags,574, the,290,6.0,assistant,112.0,1776,6.0,509,0.17250398723940405,0.00045493563846704465,1.8598683010542032e-05,0.17250398723940405,0.8270224784391182,12,cot
2,everything_in_user_tags,575, whole,6062,6.0,assistant,113.0,1777,6.0,510,0.11709937968216393,0.00013715982038032892,0.000283779957219018,0.11709937968216393,0.8824796805402368,12,cot
2,everything_in_user_tags,576, set,920,6.0,assistant,114.0,1778,6.0,511,0.34813488980209534,0.00013844977495662712,0.0008088281458551493,0.34813488980209534,0.650917832277093,12,cot
2,everything_in_user_tags,577, rather,7542,6.0,assistant,115.0,1779,6.0,512,0.3171333503547115,0.00025647017589990767,0.002232805096251798,0.3171333503547115,0.6803773743731367,12,cot
2,everything_in_user_tags,578, than,1572,6.0,assistant,116.0,1780,6.0,513,0.08258253357238926,1.4734744421108601e-05,0.00018426161021072834,0.08258253357238926,0.9172184700729789,12,cot
2,everything_in_user_tags,579, selecting,31615,6.0,assistant,117.0,1781,6.0,514,0.37089299993888913,1.4140133408310581e-05,0.00022557452179670885,0.37089299993888913,0.6288672854059058,12,cot
2,everything_in_user_tags,580, the,290,6.0,assistant,118.0,1782,6.0,515,0.7843542137995226,0.006904311374104273,0.015648439617797424,0.7843542137995226,0.19309303520857565,12,cot
2,everything_in_user_tags,581, cle,2489,6.0,assistant,119.0,1783,6.0,516,0.892982952402997,0.00015623093492260454,0.06349083524501815,0.892982952402997,0.0433699814170623,12,cot
2,everything_in_user_tags,582,arest,21325,6.0,assistant,120.0,1784,6.0,517,0.08878872264197651,0.00018703309851087225,0.005910853645299306,0.08878872264197651,0.9051133906142133,12,cot
