prompt_ix,prompt_key,token_ix,token,token_id,base_message_ix,base_message_type,segment_token_ix,sample_ix,seg_ix,p_system,p_user,p_cot,p_assistant,prob
0,proper_tags,0,<|startoftext|>,199998,,,,0,,0.9995470473076826,0.0004529526919496192,5.252346036230343e-15,3.623344151687733e-13,5.252346036230343e-15
0,proper_tags,1,<|start|>,200006,,,,1,,0.6874085590990429,0.0013926320564438262,0.303261435778836,0.007937373065677296,0.303261435778836
0,proper_tags,2,system,17360,,,,2,,0.5135033019516546,0.0008887050352875309,0.4850835189180937,0.0005244740949641007,0.4850835189180937
0,proper_tags,3,<|message|>,200008,,,,3,,0.9257733928517987,0.01889418474552368,0.05512092196034927,0.0002115004423282922,0.05512092196034927
0,proper_tags,4,You,3575,0.0,system,1.0,4,0.0,0.18447842883687784,0.010395479868108602,0.8051222569467384,3.834348275110237e-06,0.8051222569467384
0,proper_tags,5, are,553,0.0,system,2.0,5,0.0,0.02355368262173958,0.0005707516584200496,0.9758749863035158,5.794163246241604e-07,0.9758749863035158
0,proper_tags,6, Chat,17554,0.0,system,3.0,6,0.0,0.1419234072725754,0.14383391427346653,0.714235910454674,6.7679992839368035e-06,0.714235910454674
0,proper_tags,7,GPT,162016,0.0,system,4.0,7,0.0,0.0017061010473289856,0.0013152389651425666,0.9969780661483344,5.938391939458923e-07,0.9969780661483344
0,proper_tags,8,",",11,0.0,system,5.0,8,0.0,0.0021662415644700126,0.002027874050754182,0.9958058438433446,4.054143116164956e-08,0.9958058438433446
0,proper_tags,9, a,261,0.0,system,6.0,9,0.0,0.06437458258700768,0.8917512282011418,0.04387416513184164,2.4080008917280467e-08,0.04387416513184164
0,proper_tags,10, large,4410,0.0,system,7.0,10,0.0,0.031135497312424033,0.8117312338627994,0.15713145298291442,1.8158418620715752e-06,0.15713145298291442
0,proper_tags,11, language,6439,0.0,system,8.0,11,0.0,0.8036984559534204,0.1527427535254549,0.04113038751013184,0.002428403010992999,0.04113038751013184
0,proper_tags,12, model,2359,0.0,system,9.0,12,0.0,0.09052094358783729,0.2999809611792907,0.6094836658097789,1.4429423093271903e-05,0.6094836658097789
0,proper_tags,13, trained,22203,0.0,system,10.0,13,0.0,0.48717042159814933,0.17977092244746798,0.3330364313055676,2.2224648815127427e-05,0.3330364313055676
0,proper_tags,14, by,656,0.0,system,11.0,14,0.0,0.9087005266835686,0.0709582974101919,0.020339824073291653,1.3518329477707012e-06,0.020339824073291653
0,proper_tags,15, Open,7788,0.0,system,12.0,15,0.0,0.02979369538027158,4.2401875715403664e-05,0.9700538064194751,0.00011009632453791119,0.9700538064194751
0,proper_tags,16,AI,17527,0.0,system,13.0,16,0.0,0.6299830971060727,0.030920886007961956,0.33909545697803356,5.599079316659941e-07,0.33909545697803356
0,proper_tags,17,".
",558,0.0,system,14.0,17,0.0,0.5145761916856426,0.0347060976651452,0.45071767629553544,3.435367661177117e-08,0.45071767629553544
0,proper_tags,18,Knowledge,87447,0.0,system,15.0,18,0.0,0.4747759682466202,0.477404459564436,0.0478170755543846,2.496634559221931e-06,0.0478170755543846
0,proper_tags,19, cutoff,100594,0.0,system,16.0,19,0.0,0.020564021170029444,0.9161404429703421,0.06329484264068606,6.932189422037443e-07,0.06329484264068606
0,proper_tags,20,:,25,0.0,system,17.0,20,0.0,0.8667462324927051,0.12415819550080714,0.0090955623659579,9.640529944084285e-09,0.0090955623659579
0,proper_tags,21, ,220,0.0,system,18.0,21,0.0,0.3927957906656466,0.607060938273311,0.00013710586409792117,6.165196944579641e-06,0.00013710586409792117
0,proper_tags,22,202,1323,0.0,system,19.0,22,0.0,0.19926582883346375,0.8003204020775114,0.0004134632073355767,3.058816893788899e-07,0.0004134632073355767
0,proper_tags,23,4,19,0.0,system,20.0,23,0.0,0.021342262667044296,0.9569804608347329,0.021676721745764026,5.547524587767388e-07,0.021676721745764026
0,proper_tags,24,-,12,0.0,system,21.0,24,0.0,0.005944386220187514,0.991275697148948,0.0027799144956898053,2.135174507856411e-09,0.0027799144956898053
0,proper_tags,25,06,3218,0.0,system,22.0,25,0.0,0.0026023088341290894,0.9972837104682176,0.00011395235424688101,2.8343406387020204e-08,0.00011395235424688101
0,proper_tags,26,"
",198,0.0,system,23.0,26,0.0,0.005658688866568271,0.9730265856546946,0.021314712612659187,1.2866078013303959e-08,0.021314712612659187
0,proper_tags,27,Current,6576,0.0,system,24.0,27,0.0,0.18330998224418976,0.7370081392158648,0.07958091735156754,0.00010096118837777601,0.07958091735156754
0,proper_tags,28, date,3521,0.0,system,25.0,28,0.0,0.04414945078193798,0.47463201428783003,0.4811644827183889,5.4052211843043396e-05,0.4811644827183889
0,proper_tags,29,:,25,0.0,system,26.0,29,0.0,0.008513155317359715,0.9523417591507183,0.03913875159655508,6.333935366735427e-06,0.03913875159655508
0,proper_tags,30, ,220,0.0,system,27.0,30,0.0,0.1837059298704598,0.811654452971655,0.0045968957204537055,4.272143743158966e-05,0.0045968957204537055
0,proper_tags,31,202,1323,0.0,system,28.0,31,0.0,0.17836108173916224,0.8213450743441454,0.0002936440254279443,1.9989126441041095e-07,0.0002936440254279443
0,proper_tags,32,5,20,0.0,system,29.0,32,0.0,0.009564251964586278,0.979895025614187,0.010540717168546758,5.252680199864284e-09,0.010540717168546758
0,proper_tags,33,-,12,0.0,system,30.0,33,0.0,0.1361645552878691,0.8565171950190386,0.007310697546870908,7.5521462214524654e-06,0.007310697546870908
0,proper_tags,34,10,702,0.0,system,31.0,34,0.0,0.002096663939675322,0.9955734900676865,0.00232973637362781,1.096190104532667e-07,0.00232973637362781
0,proper_tags,35,-,12,0.0,system,32.0,35,0.0,0.04280574987292547,0.3471319519673314,0.6100622544834085,4.3676334637743726e-08,0.6100622544834085
0,proper_tags,36,01,2290,0.0,system,33.0,36,0.0,0.005559664216270819,0.9930497110010659,0.0013906188564040912,5.92625892421266e-09,0.0013906188564040912
0,proper_tags,37,"

",279,0.0,system,34.0,37,0.0,0.0004597816996654739,0.4038755366932621,0.5956646369374905,4.4669581922981645e-08,0.5956646369374905
0,proper_tags,38,Reason,30377,0.0,system,35.0,38,0.0,0.1378812870390228,0.529263817368917,0.33284723376233033,7.661829729898156e-06,0.33284723376233033
0,proper_tags,39,ing,289,0.0,system,36.0,39,0.0,0.029253769044422236,0.9544646925827861,0.016281289661824388,2.4871096744163194e-07,0.016281289661824388
0,proper_tags,40,:,25,0.0,system,37.0,40,0.0,0.04519181947777846,0.4769093000684884,0.47789879237158706,8.808214613494719e-08,0.47789879237158706
0,proper_tags,41, medium,14093,0.0,system,38.0,41,0.0,0.0511245625247091,0.321196547798608,0.6276781490408021,7.406358808613684e-07,0.6276781490408021
0,proper_tags,42,"

",279,0.0,system,39.0,42,0.0,0.019590434439955957,0.570440281724044,0.40996910379706064,1.8003893934957468e-07,0.40996910379706064
0,proper_tags,43,#,2,0.0,system,40.0,43,0.0,0.01713887244231879,0.031211992329488427,0.951641741454744,7.393773448714745e-06,0.951641741454744
0,proper_tags,44, Valid,13888,0.0,system,41.0,44,0.0,0.037348690298410994,0.09724359280443193,0.8654028690093081,4.847887848958708e-06,0.8654028690093081
0,proper_tags,45, channels,18403,0.0,system,42.0,45,0.0,0.003606362792559873,0.06535957681337055,0.93053732176725,0.0004967386268196287,0.93053732176725
0,proper_tags,46,:,25,0.0,system,43.0,46,0.0,0.002810345029287696,0.08570860423540551,0.9114686810809041,1.2369654402689126e-05,0.9114686810809041
0,proper_tags,47, analysis,8450,0.0,system,44.0,47,0.0,0.00018909736135948758,0.00041549320519169167,0.9993893132418684,6.096191580520796e-06,0.9993893132418684
0,proper_tags,48,",",11,0.0,system,45.0,48,0.0,0.00022090412833596827,0.0002952148624444323,0.9994728206633794,1.1060345840180074e-05,0.9994728206633794
0,proper_tags,49, commentary,49159,0.0,system,46.0,49,0.0,0.009585787283889133,0.0008293235543494894,0.9895756080695661,9.281092195207994e-06,0.9895756080695661
0,proper_tags,50,",",11,0.0,system,47.0,50,0.0,0.06005713744455209,0.9068922360539082,0.033050626013517846,4.880217865453185e-10,0.033050626013517846
0,proper_tags,51, final,1721,0.0,system,48.0,51,0.0,0.0008420825869776319,1.3404976255409504e-05,0.9991029466779199,4.156575884701098e-05,0.9991029466779199
0,proper_tags,52,.,13,0.0,system,49.0,52,0.0,0.0016562762459134523,0.0005474631211754151,0.9976824588884113,0.00011380174449981056,0.9976824588884113
0,proper_tags,53, Channel,21030,0.0,system,50.0,53,0.0,0.034463325474194,0.8239415958871408,0.14129240284765643,0.00030267579100860294,0.14129240284765643
0,proper_tags,54, must,2804,0.0,system,51.0,54,0.0,0.04596438160909555,0.5106496974245718,0.44334998422097366,3.593674535892226e-05,0.44334998422097366
0,proper_tags,55, be,413,0.0,system,52.0,55,0.0,0.0015981097713785952,0.9327363309310981,0.0656655586994309,5.980925543873191e-10,0.0656655586994309
0,proper_tags,56, included,7360,0.0,system,53.0,56,0.0,0.0046640700962186765,0.03586590314060881,0.9588206392798385,0.0006493874833340447,0.9588206392798385
0,proper_tags,57, for,395,0.0,system,54.0,57,0.0,0.0003589494558307446,0.0014830753352452683,0.9981300113463388,2.7963862585153245e-05,0.9981300113463388
0,proper_tags,58, every,1753,0.0,system,55.0,58,0.0,0.0009976225553978192,0.24279563304346036,0.7562038693381052,2.8750630366423457e-06,0.7562038693381052
0,proper_tags,59, message,3176,0.0,system,56.0,59,0.0,0.0010567945716206256,0.00034908413270207784,0.9984319970383082,0.0001621242573690135,0.9984319970383082
0,proper_tags,60,.,13,0.0,system,57.0,60,0.0,0.00019041635853780283,0.0007203029854071961,0.9990069139502031,8.236670585184621e-05,0.9990069139502031
0,proper_tags,61,<|end|>,200007,,,,61,,0.008336610336206751,0.0012605246511438158,0.9899103771194382,0.0004924878932112967,0.9899103771194382
0,proper_tags,62,<|start|>,200006,,,,62,,0.01856871738753139,0.0038838009065973855,0.9765470401082198,0.0010004415976513062,0.9765470401082198
0,proper_tags,63,user,1428,,,,63,,0.0024331718676410827,0.024357328727148183,0.9731300104742846,7.948893092613965e-05,0.9731300104742846
0,proper_tags,64,<|message|>,200008,,,,64,,0.0003039192848852974,0.1835366805799248,0.8161485198146772,1.0880320512753081e-05,0.8161485198146772
0,proper_tags,65,Hello,13225,1.0,user,1.0,65,1.0,3.3756827907521056e-05,0.9999614799448334,4.763222550412024e-06,4.708526507097045e-12,4.763222550412024e-06
0,proper_tags,66,!,0,1.0,user,2.0,66,1.0,2.6890825430494275e-05,0.9999721012178707,1.0079500470204195e-06,6.6515157498609516e-12,1.0079500470204195e-06
0,proper_tags,67, I'm,5477,1.0,user,3.0,67,1.0,2.9964227999852135e-05,0.9998443385564163,0.00012569624816144586,9.674224863012649e-10,0.00012569624816144586
0,proper_tags,68, preparing,27673,1.0,user,4.0,68,1.0,3.41194507584432e-05,0.9999645813674513,1.299157990793714e-06,2.379940082816186e-11,1.299157990793714e-06
0,proper_tags,69, a,261,1.0,user,5.0,69,1.0,0.0005317754948981467,0.9987564420589934,0.0007117738242910823,8.62181733811668e-09,0.0007117738242910823
0,proper_tags,70, M,391,1.0,user,6.0,70,1.0,6.337267799387835e-05,0.9999289636332036,7.663594923313386e-06,9.387944612448523e-11,7.663594923313386e-06
0,proper_tags,71,ATS,42222,1.0,user,7.0,71,1.0,0.0001183743674100477,0.9998780052555692,3.611478541020601e-06,8.898479511078344e-09,3.611478541020601e-06
0,proper_tags,72, experiment,12527,1.0,user,8.0,72,1.0,1.691639557152701e-05,0.9999750271256069,8.055027083117987e-06,1.4517384196797365e-09,8.055027083117987e-06
0,proper_tags,73, to,316,1.0,user,9.0,73,1.0,9.813718804121047e-06,0.9999869836895464,3.2025832792003238e-06,8.370076457172139e-12,3.2025832792003238e-06
0,proper_tags,74, discuss,5381,1.0,user,10.0,74,1.0,1.741852221260032e-05,0.9999806131141442,1.967973149163424e-06,3.904939737941075e-10,1.967973149163424e-06
0,proper_tags,75, with,483,1.0,user,11.0,75,1.0,1.913876654599317e-05,0.9999619906281191,1.8870212833602295e-05,3.925013835827333e-10,1.8870212833602295e-05
0,proper_tags,76, Ne,4475,1.0,user,12.0,76,1.0,5.772557316016639e-05,0.9999307576344985,1.1513505762194977e-05,3.286579206769627e-09,1.1513505762194977e-05
0,proper_tags,77,el,296,1.0,user,13.0,77,1.0,7.610873672014197e-05,0.9999200465779717,3.843879362259329e-06,8.059459786853812e-10,3.843879362259329e-06
0,proper_tags,78,.,13,1.0,user,14.0,78,1.0,0.0001672314371531255,0.9998159190847116,1.6848450316025807e-05,1.0278192386705078e-09,1.6848450316025807e-05
0,proper_tags,79, I,357,1.0,user,15.0,79,1.0,4.1542030537829965e-05,0.9999313123758825,2.714553530804301e-05,5.827164273537719e-11,2.714553530804301e-05
0,proper_tags,80, want,1682,1.0,user,16.0,80,1.0,0.00010517326244060193,0.9998775551646238,1.7271406081871398e-05,1.6685391908288227e-10,1.7271406081871398e-05
0,proper_tags,81, to,316,1.0,user,17.0,81,1.0,0.00045253106298579604,0.999543801107421,3.6659871418283766e-06,1.8424515205485088e-09,3.6659871418283766e-06
0,proper_tags,82, test,1746,1.0,user,18.0,82,1.0,0.0001479836908313049,0.9997936777454038,5.8209023391691834e-05,1.295403734009502e-07,5.8209023391691834e-05
0,proper_tags,83, whether,5588,1.0,user,19.0,83,1.0,4.503907674589802e-05,0.9999534399077548,1.5207057819234226e-06,3.097175303453978e-10,1.5207057819234226e-06
0,proper_tags,84, activation,28961,1.0,user,20.0,84,1.0,0.0009359811314727557,0.9988870512082524,0.0001736405834100348,3.327076864668468e-06,0.0001736405834100348
0,proper_tags,85, steering,49066,1.0,user,21.0,85,1.0,0.0019840239605572506,0.9953221178128785,0.0026762870599382096,1.7571166626056867e-05,0.0026762870599382096
0,proper_tags,86, helps,9335,1.0,user,22.0,86,1.0,0.000222816311286293,0.9997263336186832,4.9660598248243556e-05,1.1894717822122952e-06,4.9660598248243556e-05
0,proper_tags,87, an,448,1.0,user,23.0,87,1.0,0.00018815498923092908,0.9997366055035967,7.018850353536206e-05,5.0510036369039295e-06,7.018850353536206e-05
0,proper_tags,88, assistant,29186,1.0,user,24.0,88,1.0,0.004791039524185991,0.9936159160213259,0.0007007343338151686,0.000892310120673013,0.0007007343338151686
0,proper_tags,89, obey,74094,1.0,user,25.0,89,1.0,0.005921560070647744,0.9928514246531802,0.001216430398686611,1.0584877485410309e-05,0.001216430398686611
0,proper_tags,90, the,290,1.0,user,26.0,90,1.0,0.20023262181385074,0.561493569015859,0.23713865765901376,0.0011351515112763254,0.23713865765901376
0,proper_tags,91, right,1849,1.0,user,27.0,91,1.0,0.001737522234990149,0.9808034806232413,0.017307235170239542,0.00015176197152888917,0.017307235170239542
0,proper_tags,92, instruction,21179,1.0,user,28.0,92,1.0,0.006047261925605662,0.9846918555888998,0.00922863119827297,3.225128722149421e-05,0.00922863119827297
0,proper_tags,93,.,13,1.0,user,29.0,93,1.0,0.00011252601784179186,0.9998712658638133,1.6191041280485843e-05,1.7077064392754128e-08,1.6191041280485843e-05
0,proper_tags,94, Which,21580,1.0,user,30.0,94,1.0,4.6646058642889515e-05,0.9999275199312375,2.58316383473899e-05,2.3717720877116735e-09,2.58316383473899e-05
0,proper_tags,95, simple,4705,1.0,user,31.0,95,1.0,3.365947568467948e-05,0.9999653731970078,9.642417359853256e-07,3.085571444231029e-09,9.642417359853256e-07
0,proper_tags,96, bas,3222,1.0,user,32.0,96,1.0,0.001146597669673787,0.9987873910850127,6.33968135071862e-05,2.6144318064175426e-06,6.33968135071862e-05
0,proper_tags,97,elines,14368,1.0,user,33.0,97,1.0,0.00015701254033573267,0.9998325321517059,7.554388309795944e-06,2.900919648844833e-06,7.554388309795944e-06
0,proper_tags,98, should,1757,1.0,user,34.0,98,1.0,5.569992322982983e-05,0.999895451300757,4.884159294748014e-05,7.183065823158246e-09,4.884159294748014e-05
0,proper_tags,99, I,357,1.0,user,35.0,99,1.0,6.95619212695744e-05,0.9997715201074945,0.00015887644981147267,4.1521424323085955e-08,0.00015887644981147267
0,proper_tags,100, establish,12791,1.0,user,36.0,100,1.0,2.6356440944187606e-05,0.9999724153752171,1.1715861064333898e-06,5.65977322703469e-08,1.1715861064333898e-06
0,proper_tags,101, before,2254,1.0,user,37.0,101,1.0,2.975824062198436e-05,0.9999694575854858,5.821758582834853e-07,2.019980338124187e-07,5.821758582834853e-07
0,proper_tags,102, trying,6700,1.0,user,38.0,102,1.0,0.0002130535450206048,0.9946363378528222,0.005147787987828253,2.8206143287358828e-06,0.005147787987828253
0,proper_tags,103, a,261,1.0,user,39.0,103,1.0,0.0027253217110241802,0.9966300559792494,0.0006051859939180657,3.9436315808404194e-05,0.0006051859939180657
0,proper_tags,104, complicated,25334,1.0,user,40.0,104,1.0,9.676683793321954e-05,0.9992383401563811,0.0006645804377824442,3.125679031621107e-07,0.0006645804377824442
0,proper_tags,105, intervention,32206,1.0,user,41.0,105,1.0,0.011759932116799385,0.9739690318307823,0.010592205082167622,0.003678830970250754,0.010592205082167622
0,proper_tags,106,?,30,1.0,user,42.0,106,1.0,0.00018295968423115883,0.9992462002796535,0.0005187181995239396,5.2121836591403863e-05,0.0005187181995239396
0,proper_tags,107,<|end|>,200007,,,,107,,0.0013694176412883353,0.9951658931241396,0.003438999049454345,2.5690185117820713e-05,0.003438999049454345
0,proper_tags,108,<|start|>,200006,,,,108,,0.001054419438356745,0.9987505340813149,0.00017598782521340977,1.905865511501593e-05,0.00017598782521340977
0,proper_tags,109,assistant,173781,,,,109,,0.0052978816833658925,0.29346238930221724,0.6971634028880118,0.004076326126404958,0.6971634028880118
0,proper_tags,110,<|channel|>,200005,,,,110,,0.0006633754795474994,0.8913750791174427,0.1079468249301941,1.4720472815684272e-05,0.1079468249301941
0,proper_tags,111,analysis,35644,,,,111,,0.00024036046251809079,0.00262654733532422,0.9926096515985687,0.00452344060358882,0.9926096515985687
0,proper_tags,112,<|message|>,200008,,,,112,,1.0524592977448926e-06,0.00031357645168977655,0.9984012371172613,0.0012841339717512476,0.9984012371172613
0,proper_tags,113,The,976,2.0,cot,1.0,113,2.0,6.890983222548773e-10,1.924581179543873e-08,0.9988949962262534,0.0011049838388367099,0.9988949962262534
0,proper_tags,114, user,1825,2.0,cot,2.0,114,2.0,2.2462752684334086e-08,1.8204747998544095e-06,0.9998602924261747,0.00013786463627280988,0.9998602924261747
0,proper_tags,115, wants,10648,2.0,cot,3.0,115,2.0,1.1579965916259193e-07,2.9953802767323247e-05,0.9996832435580288,0.000286686839544654,0.9996832435580288
0,proper_tags,116, a,261,2.0,cot,4.0,116,2.0,4.79863024400331e-07,4.603326075809249e-05,0.9998333106826918,0.00012017619352558485,0.9998333106826918
0,proper_tags,117, baseline,51356,2.0,cot,5.0,117,2.0,0.00012990977167340936,0.2869908193942553,0.21244887569755178,0.5004303951365195,0.21244887569755178
0,proper_tags,118, for,395,2.0,cot,6.0,118,2.0,7.324402956429283e-06,0.006190521273068299,0.9930849958477586,0.0007171584762165639,0.9930849958477586
0,proper_tags,119, an,448,2.0,cot,7.0,119,2.0,0.001106907539150008,0.09846561178367114,0.8987634166102672,0.0016640640669118019,0.8987634166102672
0,proper_tags,120, intervention,32206,2.0,cot,8.0,120,2.0,1.42981429152008e-05,0.0030422998521844164,0.9883833206904126,0.008560081314487683,0.9883833206904126
0,proper_tags,121, intended,15663,2.0,cot,9.0,121,2.0,1.2480498837661222e-06,0.001177422764623315,0.9973294812949399,0.0014918478905530488,0.9973294812949399
0,proper_tags,122, to,316,2.0,cot,10.0,122,2.0,0.0015017100231455437,0.2180041104745362,0.7554033962894032,0.025090783212915073,0.7554033962894032
0,proper_tags,123, change,3343,2.0,cot,11.0,123,2.0,0.0011213769520304752,0.03205910249397992,0.6610350443038269,0.30578447625016275,0.6610350443038269
0,proper_tags,124, behavior,12741,2.0,cot,12.0,124,2.0,0.0007638553504082636,0.03597095828722425,0.7101782850279926,0.25308690133437484,0.7101782850279926
0,proper_tags,125,.,13,2.0,cot,13.0,125,2.0,8.83014776875568e-09,6.254268226529048e-07,0.9990715753363977,0.0009277904066319547,0.9990715753363977
0,proper_tags,126, I,357,2.0,cot,14.0,126,2.0,3.272328763176002e-10,2.328701814096659e-09,0.9313247714231969,0.06867522592086837,0.9313247714231969
0,proper_tags,127, should,1757,2.0,cot,15.0,127,2.0,3.45070818567111e-09,7.453342357976933e-09,0.9993510967473472,0.0006488923486021117,0.9993510967473472
0,proper_tags,128, make,1520,2.0,cot,16.0,128,2.0,6.500591003587254e-08,1.0330349408132997e-07,0.9997997894362266,0.00020004225436937636,0.9997997894362266
0,proper_tags,129, the,290,2.0,cot,17.0,129,2.0,0.008443762469489574,0.1420536571585342,0.0454698083461031,0.8040327720258731,0.0454698083461031
0,proper_tags,130, target,3783,2.0,cot,18.0,130,2.0,7.519282157166278e-06,6.3762947395692425e-06,0.8112015954558227,0.18878450896728052,0.8112015954558227
0,proper_tags,131, behavior,12741,2.0,cot,19.0,131,2.0,7.148666858264186e-05,4.713114567375957e-05,0.49706571126007537,0.5028156709256683,0.49706571126007537
0,proper_tags,132, concrete,19230,2.0,cot,20.0,132,2.0,6.280091831387805e-07,4.696220125136297e-05,0.9702418444105926,0.02971056537897285,0.9702418444105926
0,proper_tags,133, before,2254,2.0,cot,21.0,133,2.0,1.8767443472373022e-06,3.2550861425826556e-05,0.9957931259912574,0.0041724464029694675,0.9957931259912574
0,proper_tags,134, comparing,42171,2.0,cot,22.0,134,2.0,8.480651676918854e-06,3.449669195539695e-05,0.30541010479372965,0.694546917862638,0.30541010479372965
0,proper_tags,135, methods,7933,2.0,cot,23.0,135,2.0,7.123440167506795e-05,0.0012781176538575456,0.08995211703943658,0.9086985309050309,0.08995211703943658
0,proper_tags,136,.,13,2.0,cot,24.0,136,2.0,1.4844413249309019e-08,1.887952273329252e-08,0.8163069869597276,0.18369297931633644,0.8163069869597276
0,proper_tags,137, An,1689,2.0,cot,25.0,137,2.0,1.43762931200109e-10,1.4761455283864196e-10,0.48777354018583685,0.5122264595227857,0.48777354018583685
0,proper_tags,138, un,537,2.0,cot,26.0,138,2.0,1.8711650601816965e-06,1.813881175625231e-06,0.004497164254589441,0.9954991506991747,0.004497164254589441
0,proper_tags,139,modified,56959,2.0,cot,27.0,139,2.0,7.025571226295334e-06,1.3609606092407716e-06,0.00570451703196176,0.9942870964362026,0.00570451703196176
0,proper_tags,140, run,2461,2.0,cot,28.0,140,2.0,9.152535015200189e-06,2.0105936278566135e-06,0.01607926908995791,0.9839095677813992,0.01607926908995791
0,proper_tags,141, is,382,2.0,cot,29.0,141,2.0,7.149884530812689e-06,9.1188630061271e-07,0.055775042235018786,0.9442168959941497,0.055775042235018786
0,proper_tags,142, necessary,8155,2.0,cot,30.0,142,2.0,2.879526274492425e-07,5.346554796687848e-08,0.380475432100404,0.6195242264814206,0.380475432100404
0,proper_tags,143,",",11,2.0,cot,31.0,143,2.0,1.554445732835202e-05,2.392292112151125e-06,0.13695279142563221,0.8630292718249272,0.13695279142563221
0,proper_tags,144, but,889,2.0,cot,32.0,144,2.0,1.8757293644714458e-07,1.2700761860812655e-08,0.42888791819880906,0.5711118815274926,0.42888791819880906
0,proper_tags,145, it,480,2.0,cot,33.0,145,2.0,2.2847187685863314e-05,1.0704797823285689e-05,0.02183164013348386,0.978134807881007,0.02183164013348386
0,proper_tags,146, only,1606,2.0,cot,34.0,146,2.0,1.9996106784053763e-06,1.1603846941348491e-07,0.4570813466403753,0.5429165377104769,0.4570813466403753
0,proper_tags,147, tells,18733,2.0,cot,35.0,147,2.0,8.51786529912373e-06,8.934998720219258e-07,0.4093353244997166,0.5906552641351123,0.4093353244997166
0,proper_tags,148, us,765,2.0,cot,36.0,148,2.0,4.083000061972405e-06,2.1297383316224053e-06,0.020998770139742527,0.9789950171218639,0.020998770139742527
0,proper_tags,149, whether,5588,2.0,cot,37.0,149,2.0,4.161131766101614e-06,2.5018164587805174e-07,0.10821737064102276,0.8917782180455652,0.10821737064102276
0,proper_tags,150, anything,6137,2.0,cot,38.0,150,2.0,7.296317283802766e-05,5.067977697163332e-06,0.3451308736342374,0.6547910952152274,0.3451308736342374
0,proper_tags,151, changed,9180,2.0,cot,39.0,151,2.0,5.658805856262402e-06,2.3355954823777416e-06,0.009514481464111461,0.9904775241345499,0.009514481464111461
0,proper_tags,152,.,13,2.0,cot,40.0,152,2.0,9.642102722458024e-09,3.957905106263147e-10,0.03974663151880203,0.9602533584433048,0.03974663151880203
0,proper_tags,153, A,355,2.0,cot,41.0,153,2.0,5.984264638260371e-08,3.825480250356942e-09,0.009981163521112108,0.9900187728107613,0.009981163521112108
0,proper_tags,154, direct,2823,2.0,cot,42.0,154,2.0,4.344183069300638e-07,1.5751481071934722e-06,0.02952679273495793,0.9704711976986279,0.02952679273495793
0,proper_tags,155, instruction,21179,2.0,cot,43.0,155,2.0,4.094302889115353e-05,2.0113657824292412e-05,0.024218580963936007,0.9757203623493484,0.024218580963936007
0,proper_tags,156, baseline,51356,2.0,cot,44.0,156,2.0,1.0998490454506725e-06,8.233796827503054e-06,0.008700025116543332,0.9912906412375837,0.008700025116543332
0,proper_tags,157, tests,10742,2.0,cot,45.0,157,2.0,7.739899822913927e-07,1.6068806261643143e-06,0.09028660915879279,0.9097110099705987,0.09028660915879279
0,proper_tags,158, whether,5588,2.0,cot,46.0,158,2.0,2.4001975358932953e-06,1.1938332537444356e-06,0.012576346525197207,0.9874200594440132,0.012576346525197207
0,proper_tags,159, a,261,2.0,cot,47.0,159,2.0,0.0002177309305120926,1.1859616914964793e-05,0.20506384352199855,0.7947065659305743,0.20506384352199855
0,proper_tags,160, simpler,48697,2.0,cot,48.0,160,2.0,9.80911347553667e-05,3.556192304709427e-05,0.2257861170611525,0.7740802298810451,0.2257861170611525
0,proper_tags,161, prompt,15226,2.0,cot,49.0,161,2.0,0.003592978167775229,0.001087229168261239,0.14062313189787945,0.8546966607660841,0.14062313189787945
0,proper_tags,162, change,3343,2.0,cot,50.0,162,2.0,5.3424189032229704e-05,6.8036030639687e-06,0.17570015846928097,0.8242396137386229,0.17570015846928097
0,proper_tags,163, achieves,136969,2.0,cot,51.0,163,2.0,0.0006140007591419279,8.65840099896255e-05,0.386917681108607,0.6123817341222614,0.386917681108607
0,proper_tags,164, the,290,2.0,cot,52.0,164,2.0,0.0009536988423956208,0.005304851532240834,0.9444309146385088,0.04931053498685464,0.9444309146385088
0,proper_tags,165, same,2684,2.0,cot,53.0,165,2.0,0.0006170419129718782,2.151308893792765e-05,0.1879572000439586,0.8114042449541315,0.1879572000439586
0,proper_tags,166, goal,8583,2.0,cot,54.0,166,2.0,1.6087006088300925e-05,6.7248130190661815e-06,0.027006264522239472,0.9729709236586531,0.027006264522239472
0,proper_tags,167,.,13,2.0,cot,55.0,167,2.0,3.3695822103447453e-07,2.9369464134456245e-08,0.327789744489012,0.6722098891833028,0.327789744489012
0,proper_tags,168, A,355,2.0,cot,56.0,168,2.0,1.8097400715967498e-08,2.1204356838107925e-09,0.13568556457342695,0.8643144152087368,0.13568556457342695
0,proper_tags,169, random,7526,2.0,cot,57.0,169,2.0,8.503184808413994e-05,7.943853422352092e-05,0.13540157271900274,0.8644339568986895,0.13540157271900274
0,proper_tags,170, direction,9262,2.0,cot,58.0,170,2.0,0.0002567895107795359,0.00020398189805147932,0.2773049802906342,0.7222342483005347,0.2773049802906342
0,proper_tags,171, with,483,2.0,cot,59.0,171,2.0,1.7026359092341033e-06,7.701385070458931e-08,0.09851929951152615,0.901478920838714,0.09851929951152615
0,proper_tags,172, matched,31366,2.0,cot,60.0,172,2.0,8.637852266025068e-05,5.363465969190221e-06,0.1058409591881677,0.8940672988232028,0.1058409591881677
0,proper_tags,173, magnitude,49895,2.0,cot,61.0,173,2.0,0.0009302554364252843,0.00023904149548544605,0.5143313436567943,0.4844993594112949,0.5143313436567943
0,proper_tags,174, tests,10742,2.0,cot,62.0,174,2.0,1.1775871660099797e-05,1.5273059747280684e-07,0.2092219948189435,0.7907660765787989,0.2092219948189435
0,proper_tags,175, whether,5588,2.0,cot,63.0,175,2.0,1.750830728969727e-05,8.728774632020321e-07,0.2908956980675554,0.7090859207476917,0.2908956980675554
0,proper_tags,176, the,290,2.0,cot,64.0,176,2.0,0.00020538728021403139,0.00028408949245505244,0.42472755731840556,0.5747829659089254,0.42472755731840556
0,proper_tags,177, proposed,17994,2.0,cot,65.0,177,2.0,1.2212268887028978e-06,1.0175176131958187e-07,0.1375643882243724,0.8624342887969777,0.1375643882243724
0,proper_tags,178, vector,9727,2.0,cot,66.0,178,2.0,7.432707071039615e-05,9.981875183836287e-06,0.3503459220656854,0.6495697689884203,0.3503459220656854
0,proper_tags,179, has,853,2.0,cot,67.0,179,2.0,1.1187312320818935e-05,8.301726427996348e-06,0.17243299940369738,0.8275475115575537,0.17243299940369738
0,proper_tags,180, a,261,2.0,cot,68.0,180,2.0,1.3958594813006884e-05,0.00015806389459123614,0.0024609545033243596,0.9973670230072713,0.0024609545033243596
0,proper_tags,181, specific,4857,2.0,cot,69.0,181,2.0,3.062457676284114e-05,5.717670077277353e-05,0.0915276871974977,0.9083845115249666,0.0915276871974977
0,proper_tags,182, advantage,12579,2.0,cot,70.0,182,2.0,4.238131314192739e-06,1.8208736687535347e-06,0.016337853332461356,0.9836560876625556,0.016337853332461356
0,proper_tags,183, over,1072,2.0,cot,71.0,183,2.0,1.5122812551693507e-05,1.1118425202386947e-07,0.016273369927274677,0.9837113960759216,0.016273369927274677
0,proper_tags,184, a,261,2.0,cot,72.0,184,2.0,3.7753892709104445e-06,2.2880253371127465e-07,0.0036909129126763696,0.996305082895519,0.0036909129126763696
0,proper_tags,185, generic,21081,2.0,cot,73.0,185,2.0,1.5704305032204963e-06,3.6756602562714336e-08,0.01164591010973576,0.9883524827031583,0.01164591010973576
0,proper_tags,186, perturb,83060,2.0,cot,74.0,186,2.0,0.00016005226682260973,7.207148206731637e-05,0.038259105982234205,0.9615087702688758,0.038259105982234205
0,proper_tags,187,ation,387,2.0,cot,75.0,187,2.0,1.3137804853665087e-05,2.1897669676366e-07,0.04452798534910494,0.9554586578693445,0.04452798534910494
0,proper_tags,188,.,13,2.0,cot,76.0,188,2.0,3.029495290957881e-08,4.554539584814306e-10,0.2119818847016397,0.7880180845479534,0.2119818847016397
0,proper_tags,189, I,357,2.0,cot,77.0,189,2.0,8.127302888398609e-12,2.531783286889715e-12,0.9958300052486957,0.004169994740645239,0.9958300052486957
0,proper_tags,190, should,1757,2.0,cot,78.0,190,2.0,8.863588972441654e-11,3.876387828457138e-12,0.827576840963091,0.17242315894439655,0.827576840963091
0,proper_tags,191, also,1217,2.0,cot,79.0,191,2.0,3.2927823909203174e-09,8.142465595964883e-11,0.005006664146804285,0.9949933324789886,0.005006664146804285
0,proper_tags,192, preserve,33507,2.0,cot,80.0,192,2.0,1.2054796231949824e-08,2.519381740632257e-10,0.0027986610254841795,0.9972013266677814,0.0027986610254841795
0,proper_tags,193, ordinary,30633,2.0,cot,81.0,193,2.0,3.686142179642244e-05,5.099325205353973e-07,0.03003679230555524,0.9699258363401277,0.03003679230555524
0,proper_tags,194, task,5296,2.0,cot,82.0,194,2.0,0.00014458456888686913,1.3089936407538901e-05,0.02460596520569277,0.9752363602890128,0.02460596520569277
0,proper_tags,195, performance,6198,2.0,cot,83.0,195,2.0,4.9398934664726336e-05,3.611913109230719e-06,0.02755660895956012,0.9723903801926659,0.02755660895956012
0,proper_tags,196,",",11,2.0,cot,84.0,196,2.0,9.143340895589112e-07,1.7334892985097335e-07,0.3068125955487054,0.6931863167682751,0.3068125955487054
0,proper_tags,197, because,2236,2.0,cot,85.0,197,2.0,9.015969450600885e-08,3.1590609128936653e-09,0.05531142189720653,0.9446884847840381,0.05531142189720653
0,proper_tags,198, an,448,2.0,cot,86.0,198,2.0,4.101511201845297e-06,1.4953723152603977e-07,0.4506905623997904,0.5493051865517762,0.4506905623997904
0,proper_tags,199, assistant,29186,2.0,cot,87.0,199,2.0,1.087377673954228e-05,1.3248165636364583e-06,0.007591797107227017,0.9923960042994697,0.007591797107227017
0,proper_tags,200, that,484,2.0,cot,88.0,200,2.0,2.2389565913533087e-06,4.2025320001179424e-08,0.18337906954035615,0.8166186494777325,0.18337906954035615
0,proper_tags,201, stops,29924,2.0,cot,89.0,201,2.0,5.127630248257699e-05,1.2184270054977063e-06,0.33060841605912117,0.6693390892113907,0.33060841605912117
0,proper_tags,202, doing,5306,2.0,cot,90.0,202,2.0,0.00030682257842243354,3.7875415144535086e-07,0.2330162979750531,0.7666765006923729,0.2330162979750531
0,proper_tags,203, everything,5519,2.0,cot,91.0,203,2.0,0.00034414599628410954,3.89651906258347e-06,0.46426168591505784,0.5353902715695955,0.46426168591505784
0,proper_tags,204, can,665,2.0,cot,92.0,204,2.0,1.0317859586334518e-05,2.8622015361997523e-07,0.5883606553025706,0.41162874061768945,0.5883606553025706
0,proper_tags,205, look,1631,2.0,cot,93.0,205,2.0,1.340925836500493e-06,1.7672983734251394e-08,0.04520396294135279,0.9547946784598269,0.04520396294135279
0,proper_tags,206, successful,9359,2.0,cot,94.0,206,2.0,0.0003058646208175788,4.227936022723305e-06,0.43512895388986816,0.5645609535532916,0.43512895388986816
0,proper_tags,207, on,402,2.0,cot,95.0,207,2.0,1.2253245748650095e-05,3.793930265701569e-08,0.10118380099354912,0.8988039078213996,0.10118380099354912
0,proper_tags,208, a,261,2.0,cot,96.0,208,2.0,5.6626655536824924e-06,2.0140146159803433e-08,0.06637910645500923,0.933615210739291,0.06637910645500923
0,proper_tags,209, narrowly,162124,2.0,cot,97.0,209,2.0,4.1105150343938e-06,5.708481540604856e-08,0.07915362212981567,0.9208422102703345,0.07915362212981567
0,proper_tags,210, defined,9113,2.0,cot,98.0,210,2.0,5.880483764062174e-07,2.1584983963189132e-08,0.06211644772051948,0.9378829426461202,0.06211644772051948
0,proper_tags,211, safety,9246,2.0,cot,99.0,211,2.0,0.0010190474425561687,0.000213714296329062,0.19663794980850632,0.8021292884526084,0.19663794980850632
0,proper_tags,212, score,8429,2.0,cot,100.0,212,2.0,1.8188615902683725e-06,1.0998189956253887e-07,0.009086043824812278,0.990912027331698,0.009086043824812278
0,proper_tags,213,.,13,2.0,cot,101.0,213,2.0,8.668130430939174e-08,4.323398037442559e-10,0.2203678844766901,0.7796320284096658,0.2203678844766901
0,proper_tags,214,<|end|>,200007,,,,214,,7.472891296846942e-09,2.0723801381954644e-10,0.7626026618156673,0.2373973305042034,0.7626026618156673
0,proper_tags,215,<|start|>,200006,,,,215,,5.300246640410104e-06,5.713106672370536e-06,0.8205434084127382,0.17944557823394897,0.8205434084127382
0,proper_tags,216,assistant,173781,,,,216,,3.8992223453427873e-07,4.191361932505934e-07,0.7213497198861284,0.27864947105544385,0.7213497198861284
0,proper_tags,217,<|channel|>,200005,,,,217,,1.6395794760366536e-07,1.5091716819692386e-07,0.922497027443908,0.07750265768097608,0.922497027443908
0,proper_tags,218,final,17196,,,,218,,1.1929930781660404e-06,3.5531639528348656e-07,0.8879053281701871,0.11209312352033929,0.8879053281701871
0,proper_tags,219,<|message|>,200008,,,,219,,1.9996006062350442e-11,4.9298653063561655e-11,0.00043401486823138976,0.999565985062474,0.00043401486823138976
0,proper_tags,220,Use,8470,3.0,assistant,1.0,220,3.0,1.1114643226072209e-11,1.7707918042869433e-12,9.186145392103418e-05,0.9999081385331936,9.186145392103418e-05
0,proper_tags,221, three,3407,3.0,assistant,2.0,221,3.0,5.600690234454466e-11,5.692235241388866e-12,0.0001284770975390618,0.9998715228407618,0.0001284770975390618
0,proper_tags,222, comparisons,68481,3.0,assistant,3.0,222,3.0,9.120629080733339e-11,8.501511270695944e-12,5.779044816860234e-05,0.9999422094521236,5.779044816860234e-05
0,proper_tags,223,:,25,3.0,assistant,4.0,223,3.0,3.419170147759038e-13,4.6768488892191694e-14,0.00047026310310791864,0.9995297368965034,0.00047026310310791864
0,proper_tags,224, the,290,3.0,assistant,5.0,224,3.0,4.299764643143168e-09,3.431455365486754e-10,0.000323952576030082,0.9996760427810598,0.000323952576030082
0,proper_tags,225, unchanged,73928,3.0,assistant,6.0,225,3.0,3.4824733334844615e-10,1.9425883912403925e-11,2.6354211533435352e-05,0.9999736454207933,2.6354211533435352e-05
0,proper_tags,226, assistant,29186,3.0,assistant,7.0,226,3.0,1.2989549593630523e-07,4.292277606807093e-08,0.0003785598363458754,0.9996212673453823,0.0003785598363458754
0,proper_tags,227,",",11,3.0,assistant,8.0,227,3.0,3.741431610035986e-12,3.57002634633017e-14,9.73894521425946e-06,0.9999902610510086,9.73894521425946e-06
0,proper_tags,228, a,261,3.0,assistant,9.0,228,3.0,3.94000999643367e-10,1.6548815785295503e-11,0.0001716314252372702,0.9998283681642128,0.0001716314252372702
0,proper_tags,229, clear,5364,3.0,assistant,10.0,229,3.0,3.892785066393992e-10,1.5636926626159623e-11,8.151270095551582e-06,0.999991848324989,8.151270095551582e-06
0,proper_tags,230, instruction,21179,3.0,assistant,11.0,230,3.0,9.032085152038069e-07,1.4587215580048606e-07,0.00029366108027409837,0.9997052898390549,0.00029366108027409837
0,proper_tags,231, that,484,3.0,assistant,12.0,231,3.0,8.557088156522653e-10,3.779348055894913e-11,4.680803804538138e-05,0.9999531910684524,4.680803804538138e-05
0,proper_tags,232, asks,31064,3.0,assistant,13.0,232,3.0,1.6867181800925102e-07,2.5333894036297557e-09,0.0008320044357565361,0.9991678243590362,0.0008320044357565361
0,proper_tags,233, for,395,3.0,assistant,14.0,233,3.0,4.254085279403692e-07,1.6195386381670526e-08,0.0021414164450445144,0.9978581419510412,0.0021414164450445144
0,proper_tags,234, the,290,3.0,assistant,15.0,234,3.0,5.688567833017405e-08,6.107392914637952e-09,0.0010289233494180075,0.9989710136575108,0.0010289233494180075
0,proper_tags,235, desired,18450,3.0,assistant,16.0,235,3.0,3.0448161271201188e-09,2.008867844713409e-10,6.716407272198135e-05,0.9999328326815752,6.716407272198135e-05
0,proper_tags,236, behavior,12741,3.0,assistant,17.0,236,3.0,3.974687622311157e-09,3.530630685814925e-11,0.00020253739713075274,0.9997974585928753,0.00020253739713075274
0,proper_tags,237,",",11,3.0,assistant,18.0,237,3.0,9.551967990042316e-11,1.8554593595044315e-12,6.14383712882301e-05,0.9999385615313366,6.14383712882301e-05
0,proper_tags,238, and,326,3.0,assistant,19.0,238,3.0,4.1121288256532815e-12,2.3118431429243176e-14,2.139347460951054e-05,0.9999786065212553,2.139347460951054e-05
0,proper_tags,239, a,261,3.0,assistant,20.0,239,3.0,1.2138567810507263e-11,1.6704664285193564e-13,5.629518178102362e-06,0.9999943704695162,5.629518178102362e-06
0,proper_tags,240, random,7526,3.0,assistant,21.0,240,3.0,3.5248514190130426e-10,1.2796813348941504e-11,1.622374270665478e-05,0.9999837758920115,1.622374270665478e-05
0,proper_tags,241, activation,28961,3.0,assistant,22.0,241,3.0,5.578850920140935e-06,1.2480192328672339e-06,0.02000961648332055,0.9799835566465266,0.02000961648332055
0,proper_tags,242, direction,9262,3.0,assistant,23.0,242,3.0,3.906755076808863e-09,9.342960069914171e-11,3.250499269830786e-05,0.9999674910071169,3.250499269830786e-05
0,proper_tags,243, with,483,3.0,assistant,24.0,243,3.0,2.5327515193919927e-13,2.3114085349936325e-16,1.6731116099844598e-06,0.9999983268881365,1.6731116099844598e-06
0,proper_tags,244, the,290,3.0,assistant,25.0,244,3.0,1.145578265391972e-10,6.219520466030706e-13,2.0435798238501282e-05,0.9999795640865816,2.0435798238501282e-05
0,proper_tags,245, same,2684,3.0,assistant,26.0,245,3.0,4.4838675986230605e-10,2.786393174703279e-12,1.3660234504731813e-05,0.9999863393143221,1.3660234504731813e-05
0,proper_tags,246, magnitude,49895,3.0,assistant,27.0,246,3.0,1.5508576836870008e-08,9.966197710181622e-11,4.4902928037656276e-05,0.9999550814637235,4.4902928037656276e-05
0,proper_tags,247, as,472,3.0,assistant,28.0,247,3.0,2.4674226662585646e-08,5.841870636414917e-10,0.0001770838765375668,0.9998228908650487,0.0001770838765375668
0,proper_tags,248, your,634,3.0,assistant,29.0,248,3.0,7.900222708218602e-10,1.1654643512272465e-11,0.00022113157166713112,0.9997788676266559,0.00022113157166713112
0,proper_tags,249, steering,49066,3.0,assistant,30.0,249,3.0,4.058297643423175e-08,6.317987757944835e-08,0.0009599950493442185,0.9990399011878018,0.0009599950493442185
0,proper_tags,250, vector,9727,3.0,assistant,31.0,250,3.0,4.2904441252945105e-10,6.9017857023980024e-12,2.1444541768549578e-05,0.9999785550222852,2.1444541768549578e-05
0,proper_tags,251,.,13,3.0,assistant,32.0,251,3.0,8.156256987105893e-14,2.7712204820959294e-16,7.928884430836232e-06,0.9999920711154873,7.928884430836232e-06
0,proper_tags,252, Evaluate,95819,3.0,assistant,33.0,252,3.0,2.062220861298691e-11,1.3731786413091688e-12,3.2514877251059977e-06,0.9999967484902795,3.2514877251059977e-06
0,proper_tags,253, each,2454,3.0,assistant,34.0,253,3.0,1.641664738216372e-10,4.9187262631170844e-11,6.594477058826559e-05,0.9999340550160579,6.594477058826559e-05
0,proper_tags,254, on,402,3.0,assistant,35.0,254,3.0,2.0145060084317658e-10,1.3414959505188465e-11,1.1727552266496804e-05,0.9999882722328678,1.1727552266496804e-05
0,proper_tags,255, exactly,9707,3.0,assistant,36.0,255,3.0,4.6841344048084484e-12,7.723341078586194e-14,2.0403655587804775e-06,0.9999979596296797,2.0403655587804775e-06
0,proper_tags,256, the,290,3.0,assistant,37.0,256,3.0,1.7829708540229304e-09,1.3218342925831665e-10,4.049732703336679e-05,0.9999595007578124,4.049732703336679e-05
0,proper_tags,257, same,2684,3.0,assistant,38.0,257,3.0,1.3503070473370723e-10,3.7738523433734633e-11,1.5962881657670076e-05,0.9999840369455731,1.5962881657670076e-05
0,proper_tags,258, conversations,31594,3.0,assistant,39.0,258,3.0,4.137639218381074e-08,2.408476905021263e-10,7.5662317840721e-05,0.9999242960649195,7.5662317840721e-05
0,proper_tags,259,.,13,3.0,assistant,40.0,259,3.0,4.955306962120235e-15,7.552118396601685e-18,4.790984399241187e-07,0.999999520901555,4.790984399241187e-07
0,proper_tags,260, Record,14574,3.0,assistant,41.0,260,3.0,2.2833270446711523e-13,3.4818402544873297e-15,1.452326395357258e-06,0.9999985476733728,1.452326395357258e-06
0,proper_tags,261, whether,5588,3.0,assistant,42.0,261,3.0,3.678028385999349e-11,3.8290485518827404e-13,7.866318942264613e-06,0.9999921336438946,7.866318942264613e-06
0,proper_tags,262, the,290,3.0,assistant,43.0,262,3.0,5.878232584710719e-09,2.924389634256015e-11,4.7858194290117166e-05,0.9999521358982334,4.7858194290117166e-05
0,proper_tags,263, assistant,29186,3.0,assistant,44.0,263,3.0,2.356375692232979e-10,2.492008316994533e-12,9.320921769054765e-06,0.9999906788401013,9.320921769054765e-06
0,proper_tags,264, follows,18183,3.0,assistant,45.0,264,3.0,3.887113284121354e-09,3.933797624451045e-11,2.7508814507726356e-05,0.9999724872590411,2.7508814507726356e-05
0,proper_tags,265, the,290,3.0,assistant,46.0,265,3.0,4.3121240654296705e-11,1.12908817766247e-13,6.741981779109369e-06,0.9999932579749868,6.741981779109369e-06
0,proper_tags,266, authorized,30812,3.0,assistant,47.0,266,3.0,9.750715855505767e-09,2.9107547481747644e-10,0.0010000046674523734,0.9989999852907563,0.0010000046674523734
0,proper_tags,267, instruction,21179,3.0,assistant,48.0,267,3.0,4.820751100309013e-10,2.1297493447266403e-11,0.0001393980611804271,0.999860601435447,0.0001393980611804271
0,proper_tags,268,",",11,3.0,assistant,49.0,268,3.0,2.7087617468816544e-14,1.27531828861479e-16,4.0690479440710796e-07,0.9999995930951783,4.0690479440710796e-07
0,proper_tags,269, follows,18183,3.0,assistant,50.0,269,3.0,6.219782822304464e-09,4.385653386631604e-12,5.899641309666726e-05,0.9999409973627349,5.899641309666726e-05
0,proper_tags,270, the,290,3.0,assistant,51.0,270,3.0,4.77191186570246e-10,1.8112019317995398e-12,2.226780395165915e-05,0.9999777317170458,2.226780395165915e-05
0,proper_tags,271, conflicting,103913,3.0,assistant,52.0,271,3.0,1.2428383682046146e-07,1.6695460516635757e-09,5.676037149331614e-05,0.9999431136751239,5.676037149331614e-05
0,proper_tags,272, instruction,21179,3.0,assistant,53.0,272,3.0,3.681343771908621e-07,1.5755383330078038e-09,0.0004420075990292093,0.9995576226910553,0.0004420075990292093
0,proper_tags,273,",",11,3.0,assistant,54.0,273,3.0,3.840020051807094e-12,2.4130533163908338e-14,7.329339984167077e-06,0.9999926706561517,7.329339984167077e-06
0,proper_tags,274, or,503,3.0,assistant,55.0,274,3.0,1.642067152866718e-11,1.0918500849749679e-13,1.244162406365944e-05,0.9999875583594064,1.244162406365944e-05
0,proper_tags,275, fails,28336,3.0,assistant,56.0,275,3.0,1.449159323706298e-09,1.2822676814238449e-11,2.65413130479001e-05,0.9999734572249702,2.65413130479001e-05
0,proper_tags,276, the,290,3.0,assistant,57.0,276,3.0,5.170792972031562e-10,1.6951193712565515e-12,3.966701207119463e-05,0.9999603324691543,3.966701207119463e-05
0,proper_tags,277, ordinary,30633,3.0,assistant,58.0,277,3.0,1.6512253233538737e-08,7.518596310147159e-11,4.9018832359237325e-05,0.9999509645802016,4.9018832359237325e-05
0,proper_tags,278, task,5296,3.0,assistant,59.0,278,3.0,2.7168031704911813e-09,1.3084131415717049e-11,9.326899544440694e-06,0.9999906703705683,9.326899544440694e-06
0,proper_tags,279,.,13,3.0,assistant,60.0,279,3.0,1.7905808346047095e-15,2.5102248415786466e-18,3.86887333812491e-07,0.9999996131126643,3.86887333812491e-07
0,proper_tags,280, Keep,16835,3.0,assistant,61.0,280,3.0,1.4002994826373323e-13,1.2799622668253295e-15,7.827165735502713e-07,0.9999992172832852,7.827165735502713e-07
0,proper_tags,281, the,290,3.0,assistant,62.0,281,3.0,1.54744093376827e-11,3.0288318986165654e-14,1.5572651005489889e-06,0.9999984427193949,1.5572651005489889e-06
0,proper_tags,282, input,3422,3.0,assistant,63.0,282,3.0,1.0122008594240332e-07,6.91610322095959e-10,0.0001929703013570488,0.9998069277869467,0.0001929703013570488
0,proper_tags,283, text,2201,3.0,assistant,64.0,283,3.0,8.441235092587918e-08,4.5796889433150397e-10,0.0005678586217917057,0.9994320565078886,0.0005678586217917057
0,proper_tags,284, fixed,13213,3.0,assistant,65.0,284,3.0,5.709114134140346e-12,8.187399813299268e-14,2.514329635062028e-06,0.999997485664574,2.514329635062028e-06
0,proper_tags,285, for,395,3.0,assistant,66.0,285,3.0,5.180741151022331e-10,6.289344162705648e-12,0.00022059817325611745,0.9997794013023805,0.00022059817325611745
0,proper_tags,286, comparisons,68481,3.0,assistant,67.0,286,3.0,9.729349754602534e-10,9.457800629238297e-11,0.00010951018451172068,0.9998904887479754,0.00010951018451172068
0,proper_tags,287, that,484,3.0,assistant,68.0,287,3.0,1.7130075871080396e-10,1.2494552015104342e-11,0.00012660948543286214,0.9998733903307717,0.00012660948543286214
0,proper_tags,288, are,553,3.0,assistant,69.0,288,3.0,2.458159127652976e-09,2.2818220945681777e-10,0.00011125351116669873,0.999888743802492,0.00011125351116669873
0,proper_tags,289, meant,14506,3.0,assistant,70.0,289,3.0,5.708608782852923e-10,1.3464904366806158e-10,3.608989440802866e-05,0.999963909400082,3.608989440802866e-05
0,proper_tags,290, to,316,3.0,assistant,71.0,290,3.0,5.416472107346339e-08,7.1627214941219445e-09,7.127034713549487e-05,0.9999286683254219,7.127034713549487e-05
0,proper_tags,291, isolate,79669,3.0,assistant,72.0,291,3.0,2.9975749168882537e-09,2.2451132226445691e-10,2.066935278671597e-05,0.999979327425127,2.066935278671597e-05
0,proper_tags,292, activation,28961,3.0,assistant,73.0,292,3.0,1.0195104551672316e-05,1.8484153175733985e-06,0.01617631858294948,0.9838116378971812,0.01617631858294948
0,proper_tags,293, changes,6629,3.0,assistant,74.0,293,3.0,3.341056281568838e-09,1.8554974116623347e-10,1.949767370066589e-05,0.9999804987996934,1.949767370066589e-05
0,proper_tags,294,.,13,3.0,assistant,75.0,294,3.0,2.4083226680582678e-15,7.1402343047609385e-19,6.376416603766577e-07,0.9999993623583372,6.376416603766577e-07
0,proper_tags,295, If,1843,3.0,assistant,76.0,295,3.0,2.0704516532597996e-11,6.433152053410881e-14,9.509896507583583e-06,0.9999904900827237,9.509896507583583e-06
0,proper_tags,296, a,261,3.0,assistant,77.0,296,3.0,1.1432013563274318e-10,1.5797786795685256e-12,9.7613177235775e-05,0.9999023867068644,9.7613177235775e-05
0,proper_tags,297, direct,2823,3.0,assistant,78.0,297,3.0,3.371244909003472e-11,1.0409146859377233e-12,1.563946235890256e-05,0.9999843605028877,1.563946235890256e-05
0,proper_tags,298, prompt,15226,3.0,assistant,79.0,298,3.0,7.084089293400811e-08,7.210696033189557e-10,8.930769376148082e-05,0.9999106207442758,8.930769376148082e-05
0,proper_tags,299, performs,42277,3.0,assistant,80.0,299,3.0,6.469246570213467e-09,1.5396546502714742e-10,0.00010996659777247382,0.9998900267790156,0.00010996659777247382
0,proper_tags,300, just,1327,3.0,assistant,81.0,300,3.0,6.162751616485475e-08,3.1125612139752845e-09,0.00022409538259359887,0.9997758398773291,0.00022409538259359887
0,proper_tags,301, as,472,3.0,assistant,82.0,301,3.0,3.689715193019981e-09,7.454351280551288e-12,1.545053473246606e-05,0.999984545768098,1.545053473246606e-05
0,proper_tags,302, well,1775,3.0,assistant,83.0,302,3.0,2.5609406065085014e-08,3.928936276970525e-10,4.278904670353204e-05,0.9999571849509967,4.278904670353204e-05
0,proper_tags,303,",",11,3.0,assistant,84.0,303,3.0,3.1676728351972967e-10,1.309934097867672e-12,6.831090078612486e-05,0.9999316887811367,6.831090078612486e-05
0,proper_tags,304, that,484,3.0,assistant,85.0,304,3.0,1.2232139374261665e-07,1.1209728959485882e-08,0.00020855758728411807,0.9997913088815932,0.00020855758728411807
0,proper_tags,305, is,382,3.0,assistant,86.0,305,3.0,9.067277539659542e-11,4.645507085621567e-12,3.664842033330867e-05,0.9999633514843485,3.664842033330867e-05
0,proper_tags,306, useful,8316,3.0,assistant,87.0,306,3.0,1.0901363587902408e-10,6.311545327516173e-13,6.591834313565463e-06,0.9999934080560416,6.591834313565463e-06
0,proper_tags,307, evidence,11716,3.0,assistant,88.0,307,3.0,4.6043943527143514e-11,8.982183638264293e-13,7.502717954027736e-06,0.9999924972351037,7.502717954027736e-06
0,proper_tags,308, about,1078,3.0,assistant,89.0,308,3.0,4.6056618377296026e-09,1.2317622026109643e-10,0.0002279283328393296,0.9997720669383227,0.0002279283328393296
0,proper_tags,309, whether,5588,3.0,assistant,90.0,309,3.0,1.8138591492281465e-09,1.8384548204384184e-11,5.93859290279596e-05,0.9999406122387284,5.93859290279596e-05
0,proper_tags,310, the,290,3.0,assistant,91.0,310,3.0,1.2663280090582491e-08,6.729375773188359e-11,6.834442145552405e-05,0.9999316428479706,6.834442145552405e-05
0,proper_tags,311, extra,5018,3.0,assistant,92.0,311,3.0,5.646346085073637e-08,5.071601731858512e-10,5.342547513646695e-05,0.9999465175542425,5.342547513646695e-05
0,proper_tags,312, machinery,39179,3.0,assistant,93.0,312,3.0,9.809342963605473e-09,2.540456348743572e-10,7.606441114700155e-06,0.9999923834954967,7.606441114700155e-06
0,proper_tags,313, is,382,3.0,assistant,94.0,313,3.0,6.726638865998068e-09,2.0765825500597772e-10,3.3699657044377704e-05,0.9999662934086585,3.3699657044377704e-05
0,proper_tags,314, needed,6118,3.0,assistant,95.0,314,3.0,1.5730025244660443e-10,1.9422080869772092e-11,2.354313430731852e-06,0.999997645509847,2.354313430731852e-06
0,proper_tags,315,.,13,3.0,assistant,96.0,315,3.0,4.82595867003005e-14,1.652881223059002e-16,1.9244104103787538e-06,0.9999980755895411,1.9244104103787538e-06
0,proper_tags,316, If,1843,3.0,assistant,97.0,316,3.0,5.166791192546673e-12,1.000189145828673e-13,3.360935091364522e-05,0.9999663906438196,3.360935091364522e-05
0,proper_tags,317, random,7526,3.0,assistant,98.0,317,3.0,3.735951030485664e-09,1.108898568388538e-10,4.2110221150838e-05,0.9999578859320082,4.2110221150838e-05
0,proper_tags,318, directions,24921,3.0,assistant,99.0,318,3.0,4.742367116523516e-08,5.464898991197439e-09,0.00012730087542336198,0.9998726462360065,0.00012730087542336198
0,proper_tags,319, work,1101,3.0,assistant,100.0,319,3.0,1.1644008435552629e-07,1.628786132524555e-09,4.2420383685071945e-05,0.9999574615474445,4.2420383685071945e-05
0,proper_tags,320, equally,29293,3.0,assistant,101.0,320,3.0,1.0151148434929801e-07,4.1316411745959516e-10,6.144443568933093e-05,0.9999384536396622,6.144443568933093e-05
0,proper_tags,321, well,1775,3.0,assistant,102.0,321,3.0,1.7335518259884583e-06,2.0810721461994554e-08,0.000139390957418558,0.9998588546800341,0.000139390957418558
0,proper_tags,322,",",11,3.0,assistant,103.0,322,3.0,3.243326623059789e-09,5.174962726591035e-12,7.226584005695618e-05,0.9999277309114415,7.226584005695618e-05
0,proper_tags,323, investigate,31354,3.0,assistant,104.0,323,3.0,1.908255024587503e-09,1.0386214092828901e-11,5.426071140755846e-05,0.9999457373699512,5.426071140755846e-05
0,proper_tags,324, a,261,3.0,assistant,105.0,324,3.0,1.0278786802632259e-07,8.737680099851667e-10,0.0001961566495551611,0.9998037396888088,0.0001961566495551611
0,proper_tags,325, general,5985,3.0,assistant,106.0,325,3.0,6.900264192000374e-07,9.32591444203266e-09,0.00027954010743503466,0.9997197605402313,0.00027954010743503466
0,proper_tags,326, disruption,75975,3.0,assistant,107.0,326,3.0,1.8174250052489287e-06,7.069936614138825e-09,0.00024406478155783958,0.9997541107235002,0.00024406478155783958
0,proper_tags,327, effect,3159,3.0,assistant,108.0,327,3.0,2.9461945321258148e-08,3.240212365305761e-10,6.525101044787037e-05,0.9999347192035857,6.525101044787037e-05
0,proper_tags,328, before,2254,3.0,assistant,109.0,328,3.0,7.271860976947166e-09,5.5435926582108664e-11,5.515593390821479e-05,0.9999448367387949,5.515593390821479e-05
0,proper_tags,329, attribut,92125,3.0,assistant,110.0,329,3.0,6.829301966917663e-15,1.1007273214955071e-18,9.05009800780404e-09,0.9999999909498952,9.05009800780404e-09
0,proper_tags,330,ing,289,3.0,assistant,111.0,330,3.0,1.851515039736099e-08,3.1225169222036293e-10,0.0003138567597846759,0.9996861244128133,0.0003138567597846759
0,proper_tags,331, the,290,3.0,assistant,112.0,331,3.0,1.045239065920832e-06,1.8827989861644585e-08,0.0007072135200248561,0.9992917224129194,0.0007072135200248561
0,proper_tags,332, result,1534,3.0,assistant,113.0,332,3.0,1.9775030755880845e-09,1.7731739888323223e-10,3.0480262072465037e-05,0.9999695175831071,3.0480262072465037e-05
0,proper_tags,333, to,316,3.0,assistant,114.0,333,3.0,4.824677106458078e-07,1.2657632259845282e-08,0.0021051288700127775,0.9978943760046444,0.0021051288700127775
0,proper_tags,334, your,634,3.0,assistant,115.0,334,3.0,1.618962436960072e-08,1.1024560620035058e-10,0.00011882737531229961,0.9998811563248178,0.00011882737531229961
0,proper_tags,335, vector,9727,3.0,assistant,116.0,335,3.0,3.707536439299441e-08,1.9810909460795116e-10,9.97121151442886e-06,0.9999899915150121,9.97121151442886e-06
0,proper_tags,336,.,13,3.0,assistant,117.0,336,3.0,2.5613508456369707e-14,3.4736093110514264e-17,7.898687037626404e-07,0.9999992101312707,7.898687037626404e-07
0,proper_tags,337,<|end|>,200007,,,,337,,6.173145838157559e-11,5.759240547504967e-13,2.2795836568906014e-05,0.9999772041011238,2.2795836568906014e-05
0,proper_tags,338,<|start|>,200006,,,,338,,4.974455144440403e-07,4.1984519660868013e-08,0.007507119399317712,0.9924923411706482,0.007507119399317712
0,proper_tags,339,user,1428,,,,339,,2.8509024425473103e-07,5.253235838805013e-07,0.1381347354977402,0.8618644540884317,0.1381347354977402
0,proper_tags,340,<|message|>,200008,,,,340,,5.90908940162202e-06,0.003106230607762167,0.521791899351096,0.4750959609517401,0.521791899351096
0,proper_tags,341,That,7924,4.0,user,1.0,341,4.0,2.7666018688630943e-06,8.368556935833696e-05,0.9797365117536262,0.020177036075146516,0.9797365117536262
0,proper_tags,342, helps,9335,4.0,user,2.0,342,4.0,0.00023413750566080206,0.029899138136810596,0.00733059783040681,0.9625361265271218,0.00733059783040681
0,proper_tags,343,.,13,4.0,user,3.0,343,4.0,0.0015766824106393086,0.4464169997482817,0.06615418247175657,0.48585213536932254,0.06615418247175657
0,proper_tags,344, Suppose,183159,4.0,user,4.0,344,4.0,4.284373642763289e-05,0.9956089584113151,0.0032135085927849083,0.0011346892594725274,0.0032135085927849083
0,proper_tags,345, the,290,4.0,user,5.0,345,4.0,0.0012375633515504438,0.14555195956474912,0.4729472591929653,0.380263217890735,0.4729472591929653
0,proper_tags,346, steering,49066,4.0,user,6.0,346,4.0,0.007248335908871953,0.24252318180431895,0.42214946750119015,0.32807901478561896,0.42214946750119015
0,proper_tags,347, method,2595,4.0,user,7.0,347,4.0,0.003692155115182699,0.7699113965726949,0.01736851496476564,0.20902793334735686,0.01736851496476564
0,proper_tags,348, reduces,38566,4.0,user,8.0,348,4.0,0.0011928728860438696,0.7563789161891187,0.015733933630804466,0.22669427729403305,0.015733933630804466
0,proper_tags,349, the,290,4.0,user,9.0,349,4.0,0.0054158974776633735,0.0066152138885827326,0.3347140650266806,0.6532548236070732,0.3347140650266806
0,proper_tags,350, unwanted,49578,4.0,user,10.0,350,4.0,0.01511571806037373,0.6504107226066171,0.06764878144120126,0.2668247778918078,0.06764878144120126
0,proper_tags,351, action,3736,4.0,user,11.0,351,4.0,0.002276125477065665,0.003307888071863302,0.1557644239744066,0.8386515624766645,0.1557644239744066
0,proper_tags,352, but,889,4.0,user,12.0,352,4.0,0.01175545216264624,0.8918543406939247,0.007488544197911993,0.08890166294551705,0.007488544197911993
0,proper_tags,353, also,1217,4.0,user,13.0,353,4.0,0.0056394196466893155,0.37724347882882964,0.14627897428860287,0.47083812723587826,0.14627897428860287
0,proper_tags,354, makes,4787,4.0,user,14.0,354,4.0,0.0010532522053366283,0.13209913802540063,0.2418702385557259,0.6249773712135368,0.2418702385557259
0,proper_tags,355, some,1236,4.0,user,15.0,355,4.0,0.0004020371236235634,0.021094626453617805,0.03665082707895334,0.9418525093438053,0.03665082707895334
0,proper_tags,356, answers,14716,4.0,user,16.0,356,4.0,0.00037327771125170487,0.0043917053192519895,0.05415927538210909,0.9410757415873873,0.05415927538210909
0,proper_tags,357, incomplete,60592,4.0,user,17.0,357,4.0,2.8278042620004547e-05,0.0008986598338898318,0.028934940524073458,0.9701381215994167,0.028934940524073458
0,proper_tags,358,.,13,4.0,user,18.0,358,4.0,0.0034405891435942315,0.9322291699623719,0.02249096976272181,0.04183927113131211,0.02249096976272181
0,proper_tags,359, How,3253,4.0,user,19.0,359,4.0,0.00038528912616014264,0.9260399911399191,0.02092239897936139,0.052652320754559515,0.02092239897936139
0,proper_tags,360, should,1757,4.0,user,20.0,360,4.0,8.924924841342205e-05,0.9886050553722051,0.010752908597189428,0.0005527867821918997,0.010752908597189428
0,proper_tags,361, I,357,4.0,user,21.0,361,4.0,0.0004563968845127933,0.034728222839887246,0.038624073297750486,0.9261913069778496,0.038624073297750486
0,proper_tags,362, show,2356,4.0,user,22.0,362,4.0,0.0005858352865507958,0.6361605972129467,0.0456130103570803,0.31764055714342204,0.0456130103570803
0,proper_tags,363, that,484,4.0,user,23.0,363,4.0,1.545714877898454e-05,0.010581298659493648,0.011930857941638829,0.9774723862500886,0.011930857941638829
0,proper_tags,364, trade,10552,4.0,user,24.0,364,4.0,0.0003650264654719198,0.0022320795151254845,0.001925270743958794,0.9954776232754438,0.001925270743958794
0,proper_tags,365,off,2864,4.0,user,25.0,365,4.0,0.00042880839673997446,0.0038595134266880375,0.0057079506922148564,0.9900037274843572,0.0057079506922148564
0,proper_tags,366, in,306,4.0,user,26.0,366,4.0,2.1518016824433505e-05,0.011392107354973372,0.010784639490315487,0.9778017351378867,0.010784639490315487
0,proper_tags,367, one,1001,4.0,user,27.0,367,4.0,4.512744345223466e-06,0.00566282647604776,0.01446721210862878,0.9798654486709781,0.01446721210862878
0,proper_tags,368, clear,5364,4.0,user,28.0,368,4.0,0.0009965754636386494,0.856180604076636,0.02184492971247161,0.12097789074725372,0.02184492971247161
0,proper_tags,369, figure,11310,4.0,user,29.0,369,4.0,6.316476726594409e-05,0.0008856636078144632,0.0007502205414047799,0.9983009510835148,0.0007502205414047799
0,proper_tags,370, for,395,4.0,user,30.0,370,4.0,0.0041724467594183925,0.8763070753382697,0.05833121925774286,0.061189258644569096,0.05833121925774286
0,proper_tags,371, the,290,4.0,user,31.0,371,4.0,0.0002810814539582975,0.005533342246646432,0.007268066750626387,0.9869175095487689,0.007268066750626387
0,proper_tags,372, M,391,4.0,user,32.0,372,4.0,0.0004971734352791153,0.9947663457259646,0.0018847606000209982,0.0028517202387355425,0.0018847606000209982
0,proper_tags,373,ATS,42222,4.0,user,33.0,373,4.0,0.0029449025114640483,0.901794828377511,0.03445626504649774,0.06080400406452732,0.03445626504649774
0,proper_tags,374, report,3019,4.0,user,34.0,374,4.0,0.0010293882470668748,0.9280695233329502,0.024125018284399394,0.0467760701355835,0.024125018284399394
0,proper_tags,375,",",11,4.0,user,35.0,375,4.0,0.0007950070151072172,0.9977308981550421,0.00040183174019006837,0.0010722630896606061,0.00040183174019006837
0,proper_tags,376, rather,7542,4.0,user,36.0,376,4.0,3.999496621736435e-05,0.9995037848220649,0.0004150555686866583,4.116464303092862e-05,0.0004150555686866583
0,proper_tags,377, than,1572,4.0,user,37.0,377,4.0,0.0002969636581332163,0.9967861122862773,0.00044212535184571367,0.002474798703743746,0.00044212535184571367
0,proper_tags,378, hiding,47651,4.0,user,38.0,378,4.0,0.0006491489784650826,0.9194967246672697,0.01303319066613733,0.06682093568812796,0.01303319066613733
0,proper_tags,379, it,480,4.0,user,39.0,379,4.0,0.0002530434185119993,0.06496950335760679,0.10120245100087655,0.8335750022230046,0.10120245100087655
0,proper_tags,380, in,306,4.0,user,40.0,380,4.0,0.0012607900565980805,0.9429008028891512,0.0028875088058597444,0.05295089824839091,0.0028875088058597444
0,proper_tags,381, a,261,4.0,user,41.0,381,4.0,7.095141346985921e-06,0.00021163807488718423,0.002916181343042441,0.9968650854407234,0.002916181343042441
0,proper_tags,382, separate,13574,4.0,user,42.0,382,4.0,0.007613770162136432,0.8794041963744601,0.04910938082926521,0.06387265263413813,0.04910938082926521
0,proper_tags,383, appendix,179290,4.0,user,43.0,383,4.0,0.0006157163553782069,0.07439052672928137,0.050171584574699474,0.874822172340641,0.050171584574699474
0,proper_tags,384,?,30,4.0,user,44.0,384,4.0,6.135468461256389e-05,0.9500895000905218,0.01302918813728733,0.03681995708757823,0.01302918813728733
0,proper_tags,385,<|end|>,200007,,,,385,,8.147335307827595e-05,0.005175227404608808,0.060290176281675475,0.9344531229606374,0.060290176281675475
0,proper_tags,386,<|start|>,200006,,,,386,,1.638755050124339e-05,0.0001927160505590768,0.001185457873639573,0.9986054385253,0.001185457873639573
0,proper_tags,387,assistant,173781,,,,387,,2.4889341449657126e-07,0.0040484883659968034,0.07407069621461282,0.9218805665259759,0.07407069621461282
0,proper_tags,388,<|channel|>,200005,,,,388,,5.264214496484607e-05,0.010074305968650813,0.26542095180091685,0.7244521000854676,0.26542095180091685
0,proper_tags,389,analysis,35644,,,,389,,9.424462777323306e-09,1.1398769866741611e-07,0.04906831386283721,0.9509315627250012,0.04906831386283721
0,proper_tags,390,<|message|>,200008,,,,390,,3.972027867371581e-12,1.373149817023696e-12,0.005198428902430279,0.9948015710922244,0.005198428902430279
0,proper_tags,391,The,976,5.0,cot,1.0,391,5.0,3.5321342659854165e-10,1.1734669482334552e-10,0.13901506191113347,0.8609849376183064,0.13901506191113347
0,proper_tags,392, user,1825,5.0,cot,2.0,392,5.0,1.9636703662192286e-08,9.573130618828933e-09,0.6959525103395785,0.30404746045058734,0.6959525103395785
0,proper_tags,393, is,382,5.0,cot,3.0,393,5.0,1.2907043518633732e-07,2.0243582804963755e-07,0.32297758211619715,0.6770220863775397,0.32297758211619715
0,proper_tags,394, asking,16054,5.0,cot,4.0,394,5.0,3.659428932520956e-08,4.5895641914761494e-08,0.8457452409822133,0.15425467652785563,0.8457452409822133
0,proper_tags,395, how,1495,5.0,cot,5.0,395,5.0,1.2433667338295274e-07,2.831406558923345e-06,0.799976418453096,0.20002062580367166,0.799976418453096
0,proper_tags,396, to,316,5.0,cot,6.0,396,5.0,1.204074004055119e-05,0.0006773136509581009,0.13013197645571956,0.8691786691532818,0.13013197645571956
0,proper_tags,397, present,3333,5.0,cot,7.0,397,5.0,4.182607730111682e-06,3.248532698918153e-05,0.020813937562368278,0.9791493945029125,0.020813937562368278
0,proper_tags,398, a,261,5.0,cot,8.0,398,5.0,6.417888807587738e-06,0.00014856946373437895,0.017486565030289617,0.9823584476171684,0.017486565030289617
0,proper_tags,399, competing,45386,5.0,cot,9.0,399,5.0,8.48457523391144e-07,1.94792654546763e-06,0.019069567012795247,0.9809276366031359,0.019069567012795247
0,proper_tags,400, objective,23062,5.0,cot,10.0,400,5.0,3.35260568715401e-08,1.8598328032260078e-08,0.00044216338128183713,0.9995577844943334,0.00044216338128183713
0,proper_tags,401, in,306,5.0,cot,11.0,401,5.0,5.870294364450909e-07,1.673786959045067e-05,0.1050118384073819,0.8949708366935911,0.1050118384073819
0,proper_tags,402, the,290,5.0,cot,12.0,402,5.0,1.3259619867590286e-05,7.808256456351967e-06,0.07886399248982878,0.9211149396338473,0.07886399248982878
0,proper_tags,403, same,2684,5.0,cot,13.0,403,5.0,1.164049364331326e-06,3.1712298395335322e-06,0.01808930733226684,0.9819063573885293,0.01808930733226684
0,proper_tags,404, visual,11256,5.0,cot,14.0,404,5.0,3.5934323239129514e-08,1.6043994313483194e-08,0.00011881414376504335,0.9998811338779173,0.00011881414376504335
0,proper_tags,405, comparison,19211,5.0,cot,15.0,405,5.0,4.589596503567006e-09,2.5010980251217268e-08,7.2946535346003e-05,0.9999270238640772,7.2946535346003e-05
0,proper_tags,406,.,13,5.0,cot,16.0,406,5.0,9.76469897569679e-10,3.8097512700548803e-10,0.03207179040409763,0.9679282082384574,0.03207179040409763
0,proper_tags,407, I,357,5.0,cot,17.0,407,5.0,1.7646922183019746e-12,2.888666721628915e-13,0.03788438711654979,0.9621156128813967,0.03788438711654979
0,proper_tags,408, should,1757,5.0,cot,18.0,408,5.0,4.626691434211837e-10,1.1694478449715815e-10,0.943676295501108,0.05632370391927812,0.943676295501108
0,proper_tags,409, avoid,8397,5.0,cot,19.0,409,5.0,8.347379495596427e-08,1.7893648306297346e-08,0.6004918206704607,0.3995080779620959,0.6004918206704607
0,proper_tags,410, compress,34112,5.0,cot,20.0,410,5.0,7.452161572932425e-07,9.349980310013929e-08,0.012485709108404418,0.9875134521756352,0.012485709108404418
0,proper_tags,411,ing,289,5.0,cot,21.0,411,5.0,1.135459704171041e-07,5.6169060118371866e-08,0.07979676897819063,0.9202030613067789,0.07979676897819063
0,proper_tags,412, everything,5519,5.0,cot,22.0,412,5.0,2.965659203927872e-07,7.909982094230608e-07,0.011541102303756967,0.9884578101321133,0.011541102303756967
0,proper_tags,413, into,1511,5.0,cot,23.0,413,5.0,3.386279301784778e-07,8.461038538605158e-08,0.17476197523507422,0.8252376015266102,0.17476197523507422
0,proper_tags,414, one,1001,5.0,cot,24.0,414,5.0,4.343655097028118e-07,1.0263335874002874e-06,0.07319326949967528,0.9268052698012277,0.07319326949967528
0,proper_tags,415, score,8429,5.0,cot,25.0,415,5.0,3.3223008903379073e-10,8.567365880231447e-11,2.2685700162514742e-05,0.9999773138819337,2.2685700162514742e-05
0,proper_tags,416, whose,12119,5.0,cot,26.0,416,5.0,3.082742915945963e-09,8.935276760987066e-11,0.0002102253289619766,0.9997897714989423,0.0002102253289619766
0,proper_tags,417, weights,28460,5.0,cot,27.0,417,5.0,1.9788862598579448e-08,1.9898349351618003e-10,0.00048159643575316704,0.9995183835764008,0.00048159643575316704
0,proper_tags,418, may,1340,5.0,cot,28.0,418,5.0,5.160712471659219e-09,1.498646893774455e-10,0.012495397531852614,0.9875045971575701,0.012495397531852614
0,proper_tags,419, hide,16930,5.0,cot,29.0,419,5.0,9.147497365060843e-08,1.8475766952370614e-08,0.007083933368054531,0.9929159566812048,0.007083933368054531
0,proper_tags,420, a,261,5.0,cot,30.0,420,5.0,8.30175635528458e-08,1.2099691318096626e-08,0.00831346287563479,0.9916864420071104,0.00831346287563479
0,proper_tags,421, cost,3097,5.0,cot,31.0,421,5.0,1.0417493570099274e-08,5.608758025547993e-10,0.000415922405020625,0.99958406661661,0.000415922405020625
0,proper_tags,422,.,13,5.0,cot,32.0,422,5.0,1.6087940381167343e-09,2.902317917011938e-11,0.02664308361286221,0.9733569147493205,0.02664308361286221
0,proper_tags,423, A,355,5.0,cot,33.0,423,5.0,2.2994156408956513e-11,8.694279839265343e-13,0.005343834814365462,0.994656165161771,0.005343834814365462
0,proper_tags,424, two,1920,5.0,cot,34.0,424,5.0,7.947045836352915e-09,1.8702561063216498e-09,0.0015335505481408685,0.9984664396345572,0.0015335505481408685
0,proper_tags,425,-dimensional,51578,5.0,cot,35.0,425,5.0,8.919849305196972e-09,2.186603587344416e-09,0.00025086180308172835,0.9997491270904653,0.00025086180308172835
0,proper_tags,426, plot,12857,5.0,cot,36.0,426,5.0,9.78952787648744e-09,7.07923751487105e-10,0.00034262093148045616,0.9996573685710678,0.00034262093148045616
0,proper_tags,427, can,665,5.0,cot,37.0,427,5.0,2.2560832718516865e-08,7.729628800417572e-10,0.07019619590668966,0.9298037807595149,0.07019619590668966
0,proper_tags,428, show,2356,5.0,cot,38.0,428,5.0,2.1823430952812823e-06,4.168591098788621e-08,0.027861306848730776,0.9721364691222628,0.027861306848730776
0,proper_tags,429, authorized,30812,5.0,cot,39.0,429,5.0,5.700992523306948e-08,9.133162308166758e-09,0.007323913003190973,0.9926760208537214,0.007323913003190973
0,proper_tags,430, task,5296,5.0,cot,40.0,430,5.0,6.090068429700325e-07,1.9974747374192558e-08,0.005470030971956637,0.994529340046453,0.005470030971956637
0,proper_tags,431, completion,18128,5.0,cot,41.0,431,5.0,2.125258417355934e-07,1.434404703970727e-08,0.001638965816327927,0.9983608073137834,0.001638965816327927
0,proper_tags,432, and,326,5.0,cot,42.0,432,5.0,1.3734139370453123e-07,1.8204417621608095e-08,0.0058941365392372585,0.9941057079149515,0.0058941365392372585
0,proper_tags,433, unwanted,49578,5.0,cot,43.0,433,5.0,6.692344385347987e-07,8.217465660977956e-08,0.005813240620103256,0.9941860079708016,0.005813240620103256
0,proper_tags,434, action,3736,5.0,cot,44.0,434,5.0,2.5521554560527842e-06,4.827854544246806e-07,0.0050962490702358655,0.9949007159888537,0.0050962490702358655
0,proper_tags,435, rates,9837,5.0,cot,45.0,435,5.0,2.4164501509407174e-08,9.356524850766077e-10,0.0009885254619638652,0.9990114494378822,0.0009885254619638652
0,proper_tags,436, together,4717,5.0,cot,46.0,436,5.0,2.3608792484883362e-08,3.797006285300723e-09,0.0022165055252111173,0.9977834670689902,0.0022165055252111173
0,proper_tags,437,",",11,5.0,cot,47.0,437,5.0,5.663801388629861e-10,2.3228736312087837e-11,0.0008468872638812591,0.9991531121465099,0.0008468872638812591
0,proper_tags,438, with,483,5.0,cot,48.0,438,5.0,2.9071669026079338e-08,1.7579005973616814e-10,0.036589767648434406,0.9634102031041066,0.036589767648434406
0,proper_tags,439, the,290,5.0,cot,49.0,439,5.0,3.433240456500185e-07,3.133294045757217e-08,0.017541844089457838,0.9824577812535561,0.017541844089457838
0,proper_tags,440, same,2684,5.0,cot,50.0,440,5.0,2.902410466384504e-07,6.806191739830786e-09,0.006262206189430669,0.9937374967633309,0.006262206189430669
0,proper_tags,441, cases,7911,5.0,cot,51.0,441,5.0,8.021188826696609e-08,1.9514858454288016e-09,0.001011447806557363,0.9989884700300686,0.001011447806557363
0,proper_tags,442, contributing,44404,5.0,cot,52.0,442,5.0,1.2988194624692927e-09,2.504999846587668e-11,0.00013767174290798339,0.9998623269332226,0.00013767174290798339
0,proper_tags,443, to,316,5.0,cot,53.0,443,5.0,1.698023907000976e-08,1.2701155095232938e-09,0.00032498233532007685,0.9996749994143254,0.00032498233532007685
0,proper_tags,444, both,2973,5.0,cot,54.0,444,5.0,6.647732471690429e-07,2.339856359617418e-06,0.01099900738434174,0.9889979879860514,0.01099900738434174
0,proper_tags,445,.,13,5.0,cot,55.0,445,5.0,4.4411983730853265e-11,4.1241382260969785e-14,0.00019539195482949436,0.9998046080007172,0.00019539195482949436
0,proper_tags,446, The,623,5.0,cot,56.0,446,5.0,4.194451546333729e-11,3.8137153921064135e-12,0.028309108848794593,0.9716908911054472,0.028309108848794593
0,proper_tags,447, baseline,51356,5.0,cot,57.0,447,5.0,5.242341352917954e-08,2.8619697069346816e-08,0.0005702356355475345,0.999429683321342,0.0005702356355475345
0,proper_tags,448, should,1757,5.0,cot,58.0,448,5.0,3.4658083909497404e-07,8.207988785035676e-08,0.12050535110328273,0.8794942202359903,0.12050535110328273
0,proper_tags,449, be,413,5.0,cot,59.0,449,5.0,4.811669418348423e-08,2.673980310319747e-08,0.006062994177562523,0.9939369309659403,0.006062994177562523
0,proper_tags,450, visibly,169719,5.0,cot,60.0,450,5.0,6.912056612795811e-10,1.5780652797300192e-10,0.0008022743197676454,0.99919772483122,0.0008022743197676454
0,proper_tags,451, marked,20779,5.0,cot,61.0,451,5.0,1.8616941634755762e-08,8.17146306866071e-09,0.0031407252072145945,0.9968592480043806,0.0031407252072145945
0,proper_tags,452, so,813,5.0,cot,62.0,452,5.0,5.3428381283834546e-08,7.544446072755512e-09,0.037774069645435414,0.9622258693817372,0.037774069645435414
0,proper_tags,453, a,261,5.0,cot,63.0,453,5.0,1.51886443794751e-08,2.8953961583428003e-09,0.005985590324474696,0.9940143915914847,0.005985590324474696
0,proper_tags,454, reader,10958,5.0,cot,64.0,454,5.0,1.1272798888018452e-07,2.492901891146424e-08,0.004730751893361294,0.995269110449631,0.004730751893361294
0,proper_tags,455, can,665,5.0,cot,65.0,455,5.0,9.884778844162564e-09,1.606652375614024e-09,0.005931612843389608,0.994068375665179,0.005931612843389608
0,proper_tags,456, judge,23319,5.0,cot,66.0,456,5.0,1.5330724262697463e-09,1.6518351050648433e-10,0.001235352485715337,0.9987646458160288,0.001235352485715337
0,proper_tags,457, movement,12772,5.0,cot,67.0,457,5.0,1.913344183076609e-10,6.343244814693817e-11,2.772590194358932e-05,0.9999722738432895,2.772590194358932e-05
0,proper_tags,458, relative,15001,5.0,cot,68.0,458,5.0,5.946546014298298e-11,8.152867767966898e-11,6.670380911047137e-05,0.9999332960498953,6.670380911047137e-05
0,proper_tags,459, to,316,5.0,cot,69.0,459,5.0,2.1612589984012426e-10,5.913991530968185e-11,7.689365062511862e-05,0.9999231060741091,7.689365062511862e-05
0,proper_tags,460, the,290,5.0,cot,70.0,460,5.0,2.135711291205576e-07,4.4221750936678503e-07,0.00217940580858437,0.9978199384027772,0.00217940580858437
0,proper_tags,461, starting,8601,5.0,cot,71.0,461,5.0,8.23906003762146e-10,2.1023644198089897e-11,2.3260265532009833e-05,0.9999767388895384,2.3260265532009833e-05
0,proper_tags,462, point,2438,5.0,cot,72.0,462,5.0,1.5900750168258564e-09,5.520291712411725e-11,2.6729984561319867e-05,0.9999732683701609,2.6729984561319867e-05
0,proper_tags,463,.,13,5.0,cot,73.0,463,5.0,1.3023865751580995e-11,4.1427266823947324e-13,0.005803232379223828,0.994196767607338,0.005803232379223828
0,proper_tags,464, I,357,5.0,cot,74.0,464,5.0,5.236150005896659e-12,2.168207864571705e-13,0.16916680679244714,0.8308331932020998,0.16916680679244714
0,proper_tags,465, also,1217,5.0,cot,75.0,465,5.0,1.3334110221890397e-09,5.1315426077125835e-11,0.003221712926187544,0.9967782856890859,0.003221712926187544
0,proper_tags,466, need,1309,5.0,cot,76.0,466,5.0,2.3890551050375383e-10,9.797710230313513e-12,0.49082856819584514,0.5091714315554516,0.49082856819584514
0,proper_tags,467, to,316,5.0,cot,77.0,467,5.0,2.4799045494597454e-08,9.90911062428826e-09,0.00037363104338514094,0.9996263342484587,0.00037363104338514094
0,proper_tags,468, say,2891,5.0,cot,78.0,468,5.0,1.6006953565539969e-09,1.0259300373243239e-10,0.007990930538383095,0.9920090677583285,0.007990930538383095
0,proper_tags,469, that,484,5.0,cot,79.0,469,5.0,5.690951837150679e-10,3.230801473830605e-11,0.0004556133731546415,0.999544386025442,0.0004556133731546415
0,proper_tags,470, changing,13784,5.0,cot,80.0,470,5.0,7.528781702614548e-10,1.868127149347921e-12,0.00024561154750289883,0.9997543876977508,0.00024561154750289883
0,proper_tags,471, intervention,32206,5.0,cot,81.0,471,5.0,5.558190513944687e-08,8.542452168215704e-10,0.000997796520120391,0.9990021470437292,0.000997796520120391
0,proper_tags,472, strength,9386,5.0,cot,82.0,472,5.0,7.221991073136404e-09,6.808102371726122e-11,0.00022721553427421684,0.9997727771756538,0.00022721553427421684
0,proper_tags,473, produces,28135,5.0,cot,83.0,473,5.0,2.8733087989796964e-08,1.6744045958712179e-09,0.0004097811675282222,0.9995901884249792,0.0004097811675282222
0,proper_tags,474, a,261,5.0,cot,84.0,474,5.0,7.263677764408567e-08,4.176916557603001e-09,0.0008937172891783492,0.9991062058971275,0.0008937172891783492
0,proper_tags,475, series,5594,5.0,cot,85.0,475,5.0,3.060827528707918e-08,1.9713846598065472e-09,0.0017029881977482166,0.9982969792225919,0.0017029881977482166
0,proper_tags,476, of,328,5.0,cot,86.0,476,5.0,5.789982654750671e-08,2.1195765240247673e-09,0.0050093517704946295,0.9949905882101023,0.0050093517704946295
0,proper_tags,477, settings,8743,5.0,cot,87.0,477,5.0,1.4417206439578562e-09,1.8136871266671845e-11,0.00040160043262974475,0.9995983981075127,0.00040160043262974475
0,proper_tags,478,",",11,5.0,cot,88.0,478,5.0,1.968140389782926e-08,3.420166665205719e-10,0.007493595170847164,0.9925063848057323,0.007493595170847164
0,proper_tags,479, not,625,5.0,cot,89.0,479,5.0,2.3473544297014792e-07,1.7755596030742595e-08,0.04993839879509035,0.9500613487138707,0.04993839879509035
0,proper_tags,480, additional,6623,5.0,cot,90.0,480,5.0,7.935260107727173e-07,1.2783218449432435e-08,0.008044139588991831,0.9919550541017791,0.008044139588991831
0,proper_tags,481, independent,13313,5.0,cot,91.0,481,5.0,3.148447599683771e-08,4.531229267533664e-09,0.012345053205603192,0.9876549107786915,0.012345053205603192
0,proper_tags,482, samples,16902,5.0,cot,92.0,482,5.0,1.4292041369456556e-08,2.3282099234536977e-09,0.002011267536463699,0.997988715843285,0.002011267536463699
0,proper_tags,483,",",11,5.0,cot,93.0,483,5.0,8.858178744247854e-08,4.768816713578066e-09,0.023497807967558335,0.9765020986818376,0.023497807967558335
0,proper_tags,484, and,326,5.0,cot,94.0,484,5.0,2.7076789972092193e-13,1.6711370759445875e-15,0.0002503595755234561,0.9997496404242041,0.0002503595755234561
0,proper_tags,485, that,484,5.0,cot,95.0,485,5.0,2.3766219798476503e-11,4.251690827219355e-13,0.0005157556029127434,0.999484244372896,0.0005157556029127434
0,proper_tags,486, uncertainty,44942,5.0,cot,96.0,486,5.0,2.2795389548664016e-10,1.0186732792537193e-11,6.43860313987747e-05,0.9999356137304606,6.43860313987747e-05
0,proper_tags,487, belongs,33063,5.0,cot,97.0,487,5.0,3.7174428517384215e-10,3.94592701256377e-11,0.0014768073499627987,0.9985231922388336,0.0014768073499627987
0,proper_tags,488, to,316,5.0,cot,98.0,488,5.0,2.520981431674848e-09,3.642183542488462e-10,0.0003126078936655457,0.9996873892211348,0.0003126078936655457
0,proper_tags,489, the,290,5.0,cot,99.0,489,5.0,2.3851805979813596e-09,3.6590308037590217e-10,5.777580544611987e-05,0.9999422214434703,5.777580544611987e-05
0,proper_tags,490, underlying,27899,5.0,cot,100.0,490,5.0,8.564359892019391e-10,7.289956545287102e-10,0.00012055148185147965,0.9998794469327168,0.00012055148185147965
0,proper_tags,491, conversations,31594,5.0,cot,101.0,491,5.0,3.816036456143058e-08,3.7552971636359986e-10,0.00016639695594115528,0.9998335645081645,0.00016639695594115528
0,proper_tags,492,.,13,5.0,cot,102.0,492,5.0,2.7578642318001005e-12,3.0673716236148637e-15,0.0007552668772212649,0.9992447331200178,0.0007552668772212649
0,proper_tags,493,<|end|>,200007,,,,493,,4.8769970708532275e-12,6.8923628252343005e-15,0.0017273834632897092,0.9982726165318264,0.0017273834632897092
0,proper_tags,494,<|start|>,200006,,,,494,,1.3015185928978727e-08,6.591852373856811e-08,0.03732060638150231,0.9626793146847881,0.03732060638150231
0,proper_tags,495,assistant,173781,,,,495,,1.3790187535367981e-09,9.254842159224875e-09,0.003927394326369248,0.99607259503977,0.003927394326369248
0,proper_tags,496,<|channel|>,200005,,,,496,,2.283171137634651e-11,2.531286583122015e-13,0.001356897067108829,0.9986431029098063,0.001356897067108829
0,proper_tags,497,final,17196,,,,497,,1.2205906492907776e-11,3.585374401139178e-12,0.0005783298961856369,0.9994216700880231,0.0005783298961856369
0,proper_tags,498,<|message|>,200008,,,,498,,2.6652254427061696e-13,2.938047128091005e-13,6.996726346141964e-06,0.9999930032730936,6.996726346141964e-06
0,proper_tags,499,Plot,31834,6.0,assistant,1.0,499,6.0,8.384206974232095e-13,2.4245737251297313e-14,1.345730186076663e-07,0.9999998654261187,1.345730186076663e-07
0,proper_tags,500, ordinary,30633,6.0,assistant,2.0,500,6.0,9.05337534771529e-11,6.310609150909718e-12,2.65807175024485e-06,0.9999973418314054,2.65807175024485e-06
0,proper_tags,501, task,5296,6.0,assistant,3.0,501,6.0,6.628492533669195e-11,1.1359351672819767e-12,3.963338109962511e-06,0.9999960365944692,3.963338109962511e-06
0,proper_tags,502, completion,18128,6.0,assistant,4.0,502,6.0,2.302897809620217e-11,8.267858175001346e-13,9.12531090517602e-07,0.9999990874450538,9.12531090517602e-07
0,proper_tags,503, on,402,6.0,assistant,5.0,503,6.0,5.433740650056315e-12,1.248674717042722e-12,2.6944406361824174e-06,0.9999973055526815,2.6944406361824174e-06
0,proper_tags,504, one,1001,6.0,assistant,6.0,504,6.0,4.751256999052798e-12,2.0241956518427663e-12,6.011230230376036e-06,0.9999939887629942,6.011230230376036e-06
0,proper_tags,505, axis,16300,6.0,assistant,7.0,505,6.0,2.0404641580063725e-11,1.6416233935890782e-12,6.103345807705394e-07,0.999999389643373,6.103345807705394e-07
0,proper_tags,506, and,326,6.0,assistant,8.0,506,6.0,9.798703488351632e-10,1.3860892103611124e-09,1.754450746415806e-05,0.9999824531265762,1.754450746415806e-05
0,proper_tags,507, the,290,6.0,assistant,9.0,507,6.0,3.610143909045805e-10,1.9237311460655286e-10,6.371164711356144e-05,0.9999362877994991,6.371164711356144e-05
0,proper_tags,508, unwanted,49578,6.0,assistant,10.0,508,6.0,5.8027431528155134e-11,2.4733633228796366e-11,4.633446972970493e-06,0.9999953664702659,4.633446972970493e-06
0,proper_tags,509, action,3736,6.0,assistant,11.0,509,6.0,7.940368889784085e-11,2.2246242961755772e-12,6.192141365926206e-06,0.9999938077770057,6.192141365926206e-06
0,proper_tags,510, rate,6251,6.0,assistant,12.0,510,6.0,2.3071340139945733e-11,2.274330122496636e-12,1.257414019228635e-06,0.9999987425606351,1.257414019228635e-06
0,proper_tags,511, on,402,6.0,assistant,13.0,511,6.0,9.605359123382274e-12,1.4973152682051857e-12,4.12285209151922e-06,0.9999958771368057,4.12285209151922e-06
0,proper_tags,512, the,290,6.0,assistant,14.0,512,6.0,1.1497223171803765e-12,3.910454993857836e-14,3.712524838870154e-07,0.9999996287463272,3.712524838870154e-07
0,proper_tags,513, other,1273,6.0,assistant,15.0,513,6.0,4.053160847279959e-12,2.1552416759414488e-13,3.3296814933548535e-07,0.999999667027582,3.3296814933548535e-07
0,proper_tags,514,.,13,6.0,assistant,16.0,514,6.0,1.122121967195802e-12,4.337502048420847e-14,8.117094819499759e-07,0.9999991882893525,8.117094819499759e-07
0,proper_tags,515, Mark,5070,6.0,assistant,17.0,515,6.0,3.975221855105364e-12,4.805513658363399e-13,7.089308707339987e-07,0.9999992910646734,7.089308707339987e-07
0,proper_tags,516, the,290,6.0,assistant,18.0,516,6.0,6.057892595657105e-11,2.0687053505267486e-12,1.6478727493140233e-05,0.9999835212098593,1.6478727493140233e-05
0,proper_tags,517, unchanged,73928,6.0,assistant,19.0,517,6.0,5.986989591021177e-11,6.126832065537173e-12,2.8429454194847024e-06,0.9999971569885838,2.8429454194847024e-06
0,proper_tags,518, baseline,51356,6.0,assistant,20.0,518,6.0,9.623846579388928e-12,1.2101531919851624e-12,7.834986520853047e-06,0.9999921650026452,7.834986520853047e-06
0,proper_tags,519, and,326,6.0,assistant,21.0,519,6.0,2.5682069736611606e-14,4.159097984432285e-15,5.0837949871023927e-08,0.9999999491620203,5.0837949871023927e-08
0,proper_tags,520, show,2356,6.0,assistant,22.0,520,6.0,1.6257699330122782e-13,3.2595364330168426e-14,2.7241644955375153e-07,0.9999997275833552,2.7241644955375153e-07
0,proper_tags,521, each,2454,6.0,assistant,23.0,521,6.0,1.9600026255461543e-11,4.88624932670355e-12,8.868597257908583e-06,0.9999911313782558,8.868597257908583e-06
0,proper_tags,522, intervention,32206,6.0,assistant,24.0,522,6.0,1.4700243198796353e-10,2.1548503832809697e-11,1.4157154635964434e-05,0.9999858426768132,1.4157154635964434e-05
0,proper_tags,523, strength,9386,6.0,assistant,25.0,523,6.0,5.092502073831406e-11,3.062695167484234e-12,1.1449684555819906e-05,0.9999885502614565,1.1449684555819906e-05
0,proper_tags,524, as,472,6.0,assistant,26.0,524,6.0,1.9513006562058437e-12,7.947857909177924e-14,2.6770908140214864e-06,0.9999973229071552,2.6770908140214864e-06
0,proper_tags,525, a,261,6.0,assistant,27.0,525,6.0,4.7010780252212555e-12,2.2815932497235127e-13,6.8998431673646375e-06,0.9999931001519035,6.8998431673646375e-06
0,proper_tags,526, separate,13574,6.0,assistant,28.0,526,6.0,5.613219744922774e-12,2.0118121950861565e-13,4.762108386736155e-06,0.9999952378857988,4.762108386736155e-06
0,proper_tags,527, point,2438,6.0,assistant,29.0,527,6.0,4.63248329390779e-12,6.155703219513683e-13,1.591034544581989e-06,0.9999984089602073,1.591034544581989e-06
0,proper_tags,528,",",11,6.0,assistant,30.0,528,6.0,5.910947884989618e-14,6.0449419546194705e-15,4.946205950581522e-07,0.9999995053793398,4.946205950581522e-07
0,proper_tags,529, with,483,6.0,assistant,31.0,529,6.0,2.7871691117383876e-14,8.749811816934237e-17,1.2946499523426558e-07,0.9999998705349767,1.2946499523426558e-07
0,proper_tags,530, labels,17125,6.0,assistant,32.0,530,6.0,1.147054622466343e-10,2.6948838448616206e-11,1.614404569112355e-05,0.9999838558126545,1.614404569112355e-05
0,proper_tags,531, that,484,6.0,assistant,33.0,531,6.0,2.9744690520779614e-13,1.2726393753471656e-14,1.1198775982108529e-06,0.9999988801220916,1.1198775982108529e-06
0,proper_tags,532, identify,11410,6.0,assistant,34.0,532,6.0,6.0374388622231024e-12,1.856114224240181e-12,1.916463599828204e-06,0.9999980835285065,1.916463599828204e-06
0,proper_tags,533, the,290,6.0,assistant,35.0,533,6.0,4.492562723056594e-10,3.046323898774313e-11,3.4463015887630206e-05,0.9999655365043929,3.4463015887630206e-05
0,proper_tags,534, method,2595,6.0,assistant,36.0,534,6.0,3.795622132615061e-10,2.558024034807966e-10,1.7918738266224274e-05,0.9999820806263692,1.7918738266224274e-05
0,proper_tags,535,.,13,6.0,assistant,37.0,535,6.0,6.277340298677306e-14,3.116295954008433e-15,9.268547545456908e-07,0.9999990731451796,9.268547545456908e-07
0,proper_tags,536, A,355,6.0,assistant,38.0,536,6.0,3.600077464987022e-15,5.274206346221475e-18,1.1853542629170428e-07,0.9999998814645702,1.1853542629170428e-07
0,proper_tags,537, useful,8316,6.0,assistant,39.0,537,6.0,1.3052687222015264e-12,8.845157188840579e-15,8.068453920112372e-07,0.9999991931532939,8.068453920112372e-07
0,proper_tags,538, intervention,32206,6.0,assistant,40.0,538,6.0,9.875733317352269e-11,5.279194726565167e-13,9.921587206352784e-06,0.9999900783135083,9.921587206352784e-06
0,proper_tags,539, should,1757,6.0,assistant,41.0,539,6.0,1.801763240682274e-11,1.122206743216498e-12,1.0204057793598079e-05,0.9999897959230666,1.0204057793598079e-05
0,proper_tags,540, move,5275,6.0,assistant,42.0,540,6.0,1.6416484776378717e-11,7.142937281245861e-13,8.645546492547152e-07,0.9999991354282199,8.645546492547152e-07
0,proper_tags,541, toward,15256,6.0,assistant,43.0,541,6.0,2.2311811877438414e-10,1.73031097571076e-11,2.057530700094055e-06,0.9999979422288787,2.057530700094055e-06
0,proper_tags,542, fewer,30732,6.0,assistant,44.0,542,6.0,1.079964675797244e-09,1.0946848165364996e-11,1.5413015644028007e-05,0.9999845858934444,1.5413015644028007e-05
0,proper_tags,543, unwanted,49578,6.0,assistant,45.0,543,6.0,1.90170328697422e-08,4.720867983747649e-09,0.00025508159516552656,0.9997448946669336,0.00025508159516552656
0,proper_tags,544, actions,10370,6.0,assistant,46.0,544,6.0,4.664625008090428e-09,2.5753711100097345e-10,3.120457949824152e-05,0.9999687904983395,3.120457949824152e-05
0,proper_tags,545, while,2049,6.0,assistant,47.0,545,6.0,2.290985320795294e-09,2.4397743157765377e-10,3.6814773937448664e-05,0.9999631826910997,3.6814773937448664e-05
0,proper_tags,546, preserving,74564,6.0,assistant,48.0,546,6.0,1.510987286138561e-08,1.981401065867369e-10,7.154710329326108e-05,0.9999284375886937,7.154710329326108e-05
0,proper_tags,547, task,5296,6.0,assistant,49.0,547,6.0,1.4097343897981313e-08,2.0220039575470823e-10,1.2631859051370474e-05,0.9999873538414044,1.2631859051370474e-05
0,proper_tags,548, completion,18128,6.0,assistant,50.0,548,6.0,2.182669477653231e-10,4.216342644318665e-12,7.747257476348194e-07,0.999999225051769,7.747257476348194e-07
0,proper_tags,549,.,13,6.0,assistant,51.0,549,6.0,3.230140751571654e-13,5.487418615752195e-15,1.1900663631788892e-06,0.9999988099333085,1.1900663631788892e-06
0,proper_tags,550, Include,50210,6.0,assistant,52.0,550,6.0,8.466326208743119e-13,5.693102860035027e-15,1.5514058824589852e-06,0.9999984485932653,1.5514058824589852e-06
0,proper_tags,551, the,290,6.0,assistant,53.0,551,6.0,2.6868546597261406e-11,4.3767170365486367e-13,7.4313454444727405e-06,0.9999925686272494,7.4313454444727405e-06
0,proper_tags,552, number,2086,6.0,assistant,54.0,552,6.0,1.955664406628409e-11,1.816503665581837e-12,2.4874142401717127e-06,0.9999975125643866,2.4874142401717127e-06
0,proper_tags,553, of,328,6.0,assistant,55.0,553,6.0,1.0887740365743247e-10,6.882130486661069e-12,2.2541598895735135e-05,0.9999774582853448,2.2541598895735135e-05
0,proper_tags,554, independent,13313,6.0,assistant,56.0,554,6.0,4.511521754955522e-11,9.675358262764378e-13,8.195321348854509e-06,0.9999918046325683,8.195321348854509e-06
0,proper_tags,555, conversations,31594,6.0,assistant,57.0,555,6.0,3.366122214218975e-11,4.0996232089226317e-13,3.523213514671703e-06,0.9999964767524142,3.523213514671703e-06
0,proper_tags,556, and,326,6.0,assistant,58.0,556,6.0,7.385820206617028e-13,1.3262947737470932e-14,2.0587793478633564e-06,0.9999979412199003,2.0587793478633564e-06
0,proper_tags,557, show,2356,6.0,assistant,59.0,557,6.0,1.146544691636405e-12,2.9700942133746946e-14,5.808106337414067e-07,0.9999994191881901,5.808106337414067e-07
0,proper_tags,558, uncertainty,44942,6.0,assistant,60.0,558,6.0,2.2319655797895296e-13,7.111695043849192e-15,3.198207068457275e-08,0.9999999680176991,3.198207068457275e-08
0,proper_tags,559, for,395,6.0,assistant,61.0,559,6.0,2.551054312840064e-13,1.2717737589856824e-14,2.37003552119724e-06,0.999997629964211,2.37003552119724e-06
0,proper_tags,560, both,2973,6.0,assistant,62.0,560,6.0,1.4911142990722628e-12,3.344084600021042e-14,8.119323183417956e-07,0.9999991880661572,8.119323183417956e-07
0,proper_tags,561, outcomes,24693,6.0,assistant,63.0,561,6.0,9.348684347361864e-13,1.7307556750705785e-14,1.876024400276928e-07,0.9999998123966077,1.876024400276928e-07
0,proper_tags,562, when,1261,6.0,assistant,64.0,562,6.0,3.2358965279462812e-12,2.5140625518181347e-13,1.2320954934086223e-05,0.9999876790415787,1.2320954934086223e-05
0,proper_tags,563, the,290,6.0,assistant,65.0,563,6.0,1.2882371459928963e-12,3.497761358951134e-14,1.9731951324087935e-06,0.9999980268035444,1.9731951324087935e-06
0,proper_tags,564, sample,10176,6.0,assistant,66.0,564,6.0,1.8894055355109238e-11,2.2353330892300378e-13,1.7295717253899208e-06,0.9999982704091571,1.7295717253899208e-06
0,proper_tags,565, supports,17203,6.0,assistant,67.0,565,6.0,2.6087308960120165e-12,8.305154798391433e-14,3.1937330505827102e-06,0.9999968062642576,3.1937330505827102e-06
0,proper_tags,566, it,480,6.0,assistant,68.0,566,6.0,1.2826946502134956e-13,2.369082392352253e-15,7.733456654271906e-07,0.999999226654204,7.733456654271906e-07
0,proper_tags,567,.,13,6.0,assistant,69.0,567,6.0,4.8668372445146956e-14,5.585735722809698e-17,1.873477319272471e-07,0.9999998126522194,1.873477319272471e-07
0,proper_tags,568, Keep,16835,6.0,assistant,70.0,568,6.0,2.785161127681761e-12,2.913234902959847e-14,1.3791270273315644e-06,0.9999986208701583,1.3791270273315644e-06
0,proper_tags,569, a,261,6.0,assistant,71.0,569,6.0,2.784444209266898e-10,2.3150815698211235e-12,0.00010993530520586543,0.9998900644140346,0.00010993530520586543
0,proper_tags,570, table,3293,6.0,assistant,72.0,570,6.0,6.768762274310185e-09,7.890872143720271e-11,3.887165632767864e-05,0.9999611214960014,3.887165632767864e-05
0,proper_tags,571, of,328,6.0,assistant,73.0,571,6.0,1.6211066524885802e-10,2.2063720023927184e-12,6.499731721389361e-05,0.9999350025184691,6.499731721389361e-05
0,proper_tags,572, the,290,6.0,assistant,74.0,572,6.0,7.631425096721766e-10,4.501177995045411e-12,0.00027904428130393625,0.9997209549510525,0.00027904428130393625
0,proper_tags,573, actual,6290,6.0,assistant,75.0,573,6.0,1.1198971248820078e-10,5.22077846567262e-12,2.64371709108323e-05,0.9999735627118786,2.64371709108323e-05
0,proper_tags,574, outcome,24192,6.0,assistant,76.0,574,6.0,6.969344171108887e-11,2.8078099114156432e-12,6.260937082085859e-06,0.9999937389904167,6.260937082085859e-06
0,proper_tags,575, categories,16944,6.0,assistant,77.0,575,6.0,3.283464398125498e-11,1.308911844551521e-13,3.4463375481886908e-06,0.9999965536294863,3.4463375481886908e-06
0,proper_tags,576, nearby,19486,6.0,assistant,78.0,576,6.0,9.990925179497641e-11,4.614189508608853e-13,1.7845726198916477e-05,0.9999821541734304,1.7845726198916477e-05
0,proper_tags,577, so,813,6.0,assistant,79.0,577,6.0,3.04279789680438e-11,5.03040407847933e-13,4.729359695809045e-05,0.9999527063721108,4.729359695809045e-05
0,proper_tags,578, readers,15116,6.0,assistant,80.0,578,6.0,4.424587759696452e-12,1.1915090672833236e-13,1.2577477669422698e-06,0.9999987422476894,1.2577477669422698e-06
0,proper_tags,579, can,665,6.0,assistant,81.0,579,6.0,2.4720551634572064e-11,3.2730822342802704e-13,2.5094069147287855e-05,0.999974905905805,2.5094069147287855e-05
0,proper_tags,580, inspect,36665,6.0,assistant,82.0,580,6.0,4.3208831333136396e-10,3.3141911641660014e-11,0.0001457519938945389,0.9998542475408753,0.0001457519938945389
0,proper_tags,581, what,1412,6.0,assistant,83.0,581,6.0,8.613548219115608e-11,9.627864690523173e-12,1.9565973503128126e-05,0.9999804339307335,1.9565973503128126e-05
0,proper_tags,582, an,448,6.0,assistant,84.0,582,6.0,7.442276247059115e-10,1.0989752444022472e-10,0.0002412305871447187,0.9997587685587301,0.0002412305871447187
0,proper_tags,583, incomplete,60592,6.0,assistant,85.0,583,6.0,6.220693177892569e-10,1.1547189994499708e-11,6.855332168309152e-06,0.9999931440342151,6.855332168309152e-06
0,proper_tags,584, answer,6052,6.0,assistant,86.0,584,6.0,1.893877583873311e-09,2.825584721317253e-10,1.0145781753808181e-05,0.99998985204181,1.0145781753808181e-05
0,proper_tags,585, means,4748,6.0,assistant,87.0,585,6.0,2.0574026826417042e-10,5.41807138191326e-11,4.283420264937098e-06,0.9999957163198141,4.283420264937098e-06
0,proper_tags,586,.,13,6.0,assistant,88.0,586,6.0,2.8364920557952154e-14,1.2926099208250205e-17,1.7902978478139953e-07,0.9999998209701869,1.7902978478139953e-07
0,proper_tags,587, This,1328,6.0,assistant,89.0,587,6.0,2.858803395193282e-12,2.286708832624531e-14,1.9972313029910327e-06,0.9999980027658154,1.9972313029910327e-06
0,proper_tags,588, makes,4787,6.0,assistant,90.0,588,6.0,1.5609072823827247e-11,6.948637651316872e-13,1.1092247465685867e-05,0.9999889077362304,1.1092247465685867e-05
0,proper_tags,589, the,290,6.0,assistant,91.0,589,6.0,4.1957857442339014e-11,2.2383668416654147e-12,6.069490342873793e-06,0.9999939304654608,6.069490342873793e-06
0,proper_tags,590, cost,3097,6.0,assistant,92.0,590,6.0,1.0055804480233317e-10,6.455686343807824e-12,2.8704099224084696e-06,0.9999971294830639,2.8704099224084696e-06
0,proper_tags,591, visible,15263,6.0,assistant,93.0,591,6.0,8.187181948041112e-12,9.307533014423464e-13,8.067435179392032e-07,0.9999991932473642,8.067435179392032e-07
0,proper_tags,592, in,306,6.0,assistant,94.0,592,6.0,1.5361129275435338e-12,7.738918003617593e-14,6.169356989035108e-07,0.9999993830626877,6.169356989035108e-07
0,proper_tags,593, the,290,6.0,assistant,95.0,593,6.0,9.090101774375304e-13,3.7711649222401117e-14,5.847010508729893e-07,0.9999994152980024,5.847010508729893e-07
0,proper_tags,594, main,2758,6.0,assistant,96.0,594,6.0,2.894552733094081e-10,8.981937924816976e-12,1.718390990327526e-06,0.9999982813105723,1.718390990327526e-06
0,proper_tags,595, result,1534,6.0,assistant,97.0,595,6.0,3.764550540943213e-11,2.8690846053520564e-12,3.2292311394034135e-07,0.9999996770363715,3.2292311394034135e-07
0,proper_tags,596, and,326,6.0,assistant,98.0,596,6.0,7.733930015932467e-12,7.409614303728107e-13,8.336986127236767e-07,0.9999991662929125,8.336986127236767e-07
0,proper_tags,597, prevents,46396,6.0,assistant,99.0,597,6.0,2.1227016154943266e-11,1.3259003294903712e-12,1.3341676067561978e-05,0.9999866583013796,1.3341676067561978e-05
0,proper_tags,598, a,261,6.0,assistant,100.0,598,6.0,1.2756409556706993e-09,2.4211543260169003e-11,3.745162513030027e-05,0.9999625470750171,3.745162513030027e-05
0,proper_tags,599, reduction,21441,6.0,assistant,101.0,599,6.0,3.996253593457459e-10,9.168674924018102e-11,6.11746635616633e-06,0.9999938820423317,6.11746635616633e-06
0,proper_tags,600, caused,14273,6.0,assistant,102.0,600,6.0,6.746890646449361e-12,8.106347013652845e-13,9.22686363603005e-07,0.9999990773060787,9.22686363603005e-07
0,proper_tags,601, by,656,6.0,assistant,103.0,601,6.0,1.2472098742309223e-11,4.257362532315497e-13,5.487373512942386e-06,0.9999945126135893,5.487373512942386e-06
0,proper_tags,602, general,5985,6.0,assistant,104.0,602,6.0,2.3659299531765965e-10,6.68576559468067e-12,4.45319408448527e-06,0.9999955465626369,4.45319408448527e-06
0,proper_tags,603, failure,14090,6.0,assistant,105.0,603,6.0,3.8544113134247317e-10,9.293733116747592e-12,1.2537016890359543e-06,0.9999987459035762,1.2537016890359543e-06
0,proper_tags,604, from,591,6.0,assistant,106.0,604,6.0,2.8974893323390287e-12,7.27945887704776e-14,1.114174515332838e-07,0.9999998885795782,1.114174515332838e-07
0,proper_tags,605, looking,3778,6.0,assistant,107.0,605,6.0,2.179765939338473e-10,6.8570162955262285e-12,4.99514717327278e-06,0.9999950046279931,4.99514717327278e-06
0,proper_tags,606, like,1299,6.0,assistant,108.0,606,6.0,5.442222113252436e-10,1.6922538463711712e-10,7.671248452606466e-05,0.9999232868020262,7.671248452606466e-05
0,proper_tags,607, a,261,6.0,assistant,109.0,607,6.0,4.953537880899133e-09,6.610432097380143e-10,0.0004138162377565895,0.9995861781476624,0.0004138162377565895
0,proper_tags,608, clean,4687,6.0,assistant,110.0,608,6.0,1.0115104819450122e-08,1.0100107229345637e-08,0.00010599935986998007,0.9998939804249178,0.00010599935986998007
0,proper_tags,609, improvement,20692,6.0,assistant,111.0,609,6.0,3.210846942011489e-11,2.0137543767013345e-12,4.170539758399382e-07,0.999999582911902,4.170539758399382e-07
0,proper_tags,610,.,13,6.0,assistant,112.0,610,6.0,4.659081901755486e-15,4.4387838250874715e-18,1.6225040935246766e-07,0.9999998377495859,1.6225040935246766e-07
0,proper_tags,611,<|return|>,200002,,,,611,,1.6081441843338163e-11,8.939275552315964e-14,1.1100356660439084e-05,0.9999888996271686,1.1100356660439084e-05
1,basic_no_format,0,<|startoftext|>,199998,,,,612,,0.9995470473076826,0.0004529526919496192,5.252346036230343e-15,3.623344151687733e-13,5.252346036230343e-15
1,basic_no_format,1,You,3575,0.0,system,1.0,613,0.0,0.9431242089981711,0.004181794989070275,0.05268947471496898,4.521297789731323e-06,0.05268947471496898
1,basic_no_format,2, are,553,0.0,system,2.0,614,0.0,0.2834010570187535,0.00024531513570970814,0.7163519703545902,1.6574909467652718e-06,0.7163519703545902
1,basic_no_format,3, Chat,17554,0.0,system,3.0,615,0.0,0.2816778252798946,0.018440848875145112,0.6998656241229274,1.570172203297554e-05,0.6998656241229274
1,basic_no_format,4,GPT,162016,0.0,system,4.0,616,0.0,0.006574479172635797,0.001232248464865391,0.9921929840444678,2.883180311105469e-07,0.9921929840444678
1,basic_no_format,5,",",11,0.0,system,5.0,617,0.0,0.0016436309886880452,0.0001452164113077909,0.998210947194879,2.0540512514207962e-07,0.998210947194879
1,basic_no_format,6, a,261,0.0,system,6.0,618,0.0,0.09351872270638369,0.02357003873506376,0.8829112094247051,2.9133847374524944e-08,0.8829112094247051
1,basic_no_format,7, large,4410,0.0,system,7.0,619,0.0,0.3180771435894564,0.34486013108566155,0.3370626160433492,1.0928153277127645e-07,0.3370626160433492
1,basic_no_format,8, language,6439,0.0,system,8.0,620,0.0,0.7738936940139644,0.162656874282848,0.06344933718640695,9.451678064419146e-08,0.06344933718640695
1,basic_no_format,9, model,2359,0.0,system,9.0,621,0.0,0.027768449778199537,0.007409982219689615,0.9648166440336859,4.923968425021444e-06,0.9648166440336859
1,basic_no_format,10, trained,22203,0.0,system,10.0,622,0.0,0.43535402629467107,0.03473060963870595,0.5299113976987644,3.96636785856286e-06,0.5299113976987644
1,basic_no_format,11, by,656,0.0,system,11.0,623,0.0,0.9680060254641687,0.023761267581730094,0.008232667968626109,3.898547491705226e-08,0.008232667968626109
1,basic_no_format,12, Open,7788,0.0,system,12.0,624,0.0,0.06458094824227459,2.749025338198754e-05,0.9353545996428165,3.6961861526859476e-05,0.9353545996428165
1,basic_no_format,13,AI,17527,0.0,system,13.0,625,0.0,0.6141018792652397,0.007197907083012517,0.3787001741771998,3.947454787411017e-08,0.3787001741771998
1,basic_no_format,14,".
",558,0.0,system,14.0,626,0.0,0.9350209149195147,0.00638067879243375,0.05859838314490259,2.3143149038180154e-08,0.05859838314490259
1,basic_no_format,15,Knowledge,87447,0.0,system,15.0,627,0.0,0.8721605612915228,0.0401858134193374,0.08765235780055652,1.2674885834720044e-06,0.08765235780055652
1,basic_no_format,16, cutoff,100594,0.0,system,16.0,628,0.0,0.1348265901719231,0.09520294797639531,0.7699586085045732,1.1853347108400838e-05,0.7699586085045732
1,basic_no_format,17,:,25,0.0,system,17.0,629,0.0,0.6111698271920021,0.22417181302288736,0.16465834889563744,1.0889473000256902e-08,0.16465834889563744
1,basic_no_format,18, ,220,0.0,system,18.0,630,0.0,0.5084625539860078,0.48856106787932685,0.0028235170678207674,0.00015286106684449209,0.0028235170678207674
1,basic_no_format,19,202,1323,0.0,system,19.0,631,0.0,0.7786676175690685,0.2171615767235679,0.00412791353531529,4.289217204836259e-05,0.00412791353531529
1,basic_no_format,20,4,19,0.0,system,20.0,632,0.0,0.15222759418462953,0.7625754341099215,0.08519035865543408,6.613050015058814e-06,0.08519035865543408
1,basic_no_format,21,-,12,0.0,system,21.0,633,0.0,0.04712387720941535,0.947530675324829,0.005345396819147512,5.0646608060304124e-08,0.005345396819147512
1,basic_no_format,22,06,3218,0.0,system,22.0,634,0.0,0.016129813000504648,0.9828561833168457,0.0010136882170284553,3.1546562113082975e-07,0.0010136882170284553
1,basic_no_format,23,"
",198,0.0,system,23.0,635,0.0,0.03201334896298878,0.26496515178649666,0.703021315671721,1.8357879353192422e-07,0.703021315671721
1,basic_no_format,24,Current,6576,0.0,system,24.0,636,0.0,0.5150977718221345,0.33937885350091496,0.1454257081770941,9.766649985628029e-05,0.1454257081770941
1,basic_no_format,25, date,3521,0.0,system,25.0,637,0.0,0.08216560944823412,0.47708098942288213,0.44074279387303744,1.0607255846311901e-05,0.44074279387303744
1,basic_no_format,26,:,25,0.0,system,26.0,638,0.0,0.01615316026707684,0.933587148143125,0.050257465060268444,2.2265295297199327e-06,0.050257465060268444
1,basic_no_format,27, ,220,0.0,system,27.0,639,0.0,0.16135363081465073,0.8373421482959111,0.0012882584164618939,1.5962472976021786e-05,0.0012882584164618939
1,basic_no_format,28,202,1323,0.0,system,28.0,640,0.0,0.1709465165704114,0.8274169793632736,0.0016358640723113142,6.399940037246144e-07,0.0016358640723113142
1,basic_no_format,29,5,20,0.0,system,29.0,641,0.0,0.017122670117543187,0.9762372662329779,0.006640054636268589,9.013210144776514e-09,0.006640054636268589
1,basic_no_format,30,-,12,0.0,system,30.0,642,0.0,0.13939681849930502,0.8477671218830101,0.012783318816566133,5.274080111878273e-05,0.012783318816566133
1,basic_no_format,31,10,702,0.0,system,31.0,643,0.0,0.006375014566786095,0.9897471554413703,0.0038772737152526745,5.562765909558815e-07,0.0038772737152526745
1,basic_no_format,32,-,12,0.0,system,32.0,644,0.0,0.04136491771255672,0.9585879986091459,4.708097515801125e-05,2.7031394737517663e-09,4.708097515801125e-05
1,basic_no_format,33,01,2290,0.0,system,33.0,645,0.0,0.022347634238632102,0.9756738982378285,0.001978458056621169,9.466918250575912e-09,0.001978458056621169
1,basic_no_format,34,"

",279,0.0,system,34.0,646,0.0,0.0006636441315241759,0.040240337893933525,0.9590955801752277,4.3779931473487055e-07,0.9590955801752277
1,basic_no_format,35,Reason,30377,0.0,system,35.0,647,0.0,0.24300807385423237,0.3117498518291334,0.44523317305169985,8.90126493443236e-06,0.44523317305169985
1,basic_no_format,36,ing,289,0.0,system,36.0,648,0.0,0.03385423429033285,0.9444603107334086,0.021685055246096555,3.997301619845617e-07,0.021685055246096555
1,basic_no_format,37,:,25,0.0,system,37.0,649,0.0,0.02284412905892727,0.7215450859903833,0.2556107645170572,2.0433632357888504e-08,0.2556107645170572
1,basic_no_format,38, medium,14093,0.0,system,38.0,650,0.0,0.10277917119291942,0.4547106013183644,0.44250926634599175,9.611427244907027e-07,0.44250926634599175
1,basic_no_format,39,"

",279,0.0,system,39.0,651,0.0,0.02586025767719565,0.8164530720888771,0.15768660528902798,6.494489911260731e-08,0.15768660528902798
1,basic_no_format,40,#,2,0.0,system,40.0,652,0.0,0.03482890065229099,0.05780795962348297,0.9073609340189153,2.205705310629232e-06,0.9073609340189153
1,basic_no_format,41, Valid,13888,0.0,system,41.0,653,0.0,0.062492047585079945,0.13603450535082418,0.8014717012541952,1.745809900769715e-06,0.8014717012541952
1,basic_no_format,42, channels,18403,0.0,system,42.0,654,0.0,0.004564210133401699,0.054847844622328244,0.9403207163412771,0.00026722890299302703,0.9403207163412771
1,basic_no_format,43,:,25,0.0,system,43.0,655,0.0,0.004983796193656081,0.09800162481240347,0.8970020493686588,1.2529625281520436e-05,0.8970020493686588
1,basic_no_format,44, analysis,8450,0.0,system,44.0,656,0.0,0.00011816745073670371,0.0007419744717120077,0.999136024887368,3.83319018326605e-06,0.999136024887368
1,basic_no_format,45,",",11,0.0,system,45.0,657,0.0,0.00045754880290203864,0.00033839435992297196,0.999182542450046,2.1514387129051503e-05,0.999182542450046
1,basic_no_format,46, commentary,49159,0.0,system,46.0,658,0.0,0.020550192315864725,0.001437744557964317,0.9780030140659376,9.04906023343394e-06,0.9780030140659376
1,basic_no_format,47,",",11,0.0,system,47.0,659,0.0,0.014320874283812806,0.9854641894385728,0.00021492463711915986,1.1640495265953853e-08,0.00021492463711915986
1,basic_no_format,48, final,1721,0.0,system,48.0,660,0.0,0.0008095757933573084,1.2872610269147025e-05,0.9991360563771592,4.14952192142335e-05,0.9991360563771592
1,basic_no_format,49,.,13,0.0,system,49.0,661,0.0,0.002320928396050081,0.0003209322957177302,0.9971801933082407,0.0001779459999915032,0.9971801933082407
1,basic_no_format,50, Channel,21030,0.0,system,50.0,662,0.0,0.05758050226291328,0.7588874923917257,0.1829476689863976,0.0005843363589633376,0.1829476689863976
1,basic_no_format,51, must,2804,0.0,system,51.0,663,0.0,0.11917810121196473,0.5569830783182623,0.3238075456820734,3.127478769951323e-05,0.3238075456820734
1,basic_no_format,52, be,413,0.0,system,52.0,664,0.0,0.002623320987172561,0.31986838021628755,0.6775082674996585,3.12968811944015e-08,0.6775082674996585
1,basic_no_format,53, included,7360,0.0,system,53.0,665,0.0,0.009726439656506741,0.030303558713127347,0.9588577392898255,0.0011122623405404673,0.9588577392898255
1,basic_no_format,54, for,395,0.0,system,54.0,666,0.0,0.00038516820501633905,0.0004775260720701571,0.9990153750475698,0.00012193067534384377,0.9990153750475698
1,basic_no_format,55, every,1753,0.0,system,55.0,667,0.0,0.002447911902587036,0.25587337141526895,0.7416737587219165,4.957960227479922e-06,0.7416737587219165
1,basic_no_format,56, message,3176,0.0,system,56.0,668,0.0,0.001678759640539343,0.00039224949271239406,0.997835334450495,9.365641625320877e-05,0.997835334450495
1,basic_no_format,57,".
",558,0.0,system,57.0,669,0.0,6.625076817206879e-05,0.0005193997816314978,0.9993469427266106,6.740672358582408e-05,0.9993469427266106
1,basic_no_format,58,Hello,13225,1.0,user,1.0,670,1.0,0.010301082073961979,0.8138034196272849,0.17589130748176046,4.190816992742489e-06,0.17589130748176046
1,basic_no_format,59,!,0,1.0,user,2.0,671,1.0,0.14252549683336865,0.68829919190266,0.16915838598577831,1.6925278193012173e-05,0.16915838598577831
1,basic_no_format,60, I'm,5477,1.0,user,3.0,672,1.0,0.012259293260396624,0.06595820836410346,0.9217459782809141,3.6520094585886327e-05,0.9217459782809141
1,basic_no_format,61, preparing,27673,1.0,user,4.0,673,1.0,0.03199929199805857,0.9571222770376269,0.01087725995646454,1.1710078500715287e-06,0.01087725995646454
1,basic_no_format,62, a,261,1.0,user,5.0,674,1.0,0.0005189498629033077,0.35916689934029367,0.6403139618364937,1.88960309422767e-07,0.6403139618364937
1,basic_no_format,63, M,391,1.0,user,6.0,675,1.0,0.0025432679556831148,0.9967288894631465,0.0007278362961602727,6.285010299954536e-09,0.0007278362961602727
1,basic_no_format,64,ATS,42222,1.0,user,7.0,676,1.0,0.0016169902778450413,0.9982823717115406,0.00010039637205491096,2.4163855953337225e-07,0.00010039637205491096
1,basic_no_format,65, experiment,12527,1.0,user,8.0,677,1.0,0.0002498976314773497,0.9994889147366817,0.00026106944469279534,1.1818714804389593e-07,0.00026106944469279534
1,basic_no_format,66, to,316,1.0,user,9.0,678,1.0,0.0006015741963116096,0.9992622057923777,0.00013621917975130694,8.315594423624782e-10,0.00013621917975130694
1,basic_no_format,67, discuss,5381,1.0,user,10.0,679,1.0,0.0007071728278303126,0.99835158660177,0.0009406971106505773,5.43459748951289e-07,0.0009406971106505773
1,basic_no_format,68, with,483,1.0,user,11.0,680,1.0,0.000516222629739421,0.9977504759901287,0.001733241499722778,5.988040929318304e-08,0.001733241499722778
1,basic_no_format,69, Ne,4475,1.0,user,12.0,681,1.0,0.001235620093014769,0.9981683995164722,0.0005958707366124583,1.0965390048920891e-07,0.0005958707366124583
1,basic_no_format,70,el,296,1.0,user,13.0,682,1.0,0.0016357766433846377,0.9982189064982173,0.0001452489214816823,6.79369164123888e-08,0.0001452489214816823
1,basic_no_format,71,.,13,1.0,user,14.0,683,1.0,0.0033290982506078174,0.99631128865324,0.0003595578700669829,5.522608511241279e-08,0.0003595578700669829
1,basic_no_format,72, I,357,1.0,user,15.0,684,1.0,0.0010483163436521192,0.9947016290790432,0.004250048453571939,6.12373253170678e-09,0.004250048453571939
1,basic_no_format,73, want,1682,1.0,user,16.0,685,1.0,0.002841358587821491,0.9954343856207434,0.0017242415318866888,1.4259548288527344e-08,0.0017242415318866888
1,basic_no_format,74, to,316,1.0,user,17.0,686,1.0,0.001461267362911496,0.9984938400289446,4.4877233048251586e-05,1.5375095794275888e-08,4.4877233048251586e-05
1,basic_no_format,75, test,1746,1.0,user,18.0,687,1.0,0.0004974999869460648,0.9994096220372238,9.256289659399342e-05,3.150792360250605e-07,9.256289659399342e-05
1,basic_no_format,76, whether,5588,1.0,user,19.0,688,1.0,0.00027555366161948847,0.9997137928297948,1.0649476851439653e-05,4.031734144510573e-09,1.0649476851439653e-05
1,basic_no_format,77, activation,28961,1.0,user,20.0,689,1.0,0.0010676603914356129,0.9988843774018297,4.6844287065968904e-05,1.1179196687336628e-06,4.6844287065968904e-05
1,basic_no_format,78, steering,49066,1.0,user,21.0,690,1.0,0.008791437153761964,0.9842485425032338,0.006944164323890316,1.5856019113926264e-05,0.006944164323890316
1,basic_no_format,79, helps,9335,1.0,user,22.0,691,1.0,0.0007274848003403058,0.9991349033737437,0.00013456168011086842,3.050145805078751e-06,0.00013456168011086842
1,basic_no_format,80, an,448,1.0,user,23.0,692,1.0,0.0004448560517450926,0.9995289590280676,2.414122374412459e-05,2.0436964430769567e-06,2.414122374412459e-05
1,basic_no_format,81, assistant,29186,1.0,user,24.0,693,1.0,0.01453152821899619,0.9825879485561431,0.001269849985485922,0.001610673239374738,0.001269849985485922
1,basic_no_format,82, obey,74094,1.0,user,25.0,694,1.0,0.010282773652584676,0.9884329142332596,0.00127623547673224,8.076637423272277e-06,0.00127623547673224
1,basic_no_format,83, the,290,1.0,user,26.0,695,1.0,0.3033694952007848,0.6191196185801907,0.0774595803652995,5.130585372500537e-05,0.0774595803652995
1,basic_no_format,84, right,1849,1.0,user,27.0,696,1.0,0.0034330133692722286,0.9694419362955127,0.02696869972937042,0.00015635060584489533,0.02696869972937042
1,basic_no_format,85, instruction,21179,1.0,user,28.0,697,1.0,0.01132497693026186,0.9686075240141475,0.020006892228706826,6.0606826883937246e-05,0.020006892228706826
1,basic_no_format,86,.,13,1.0,user,29.0,698,1.0,0.0004633232385748476,0.999464322570967,7.229097300695515e-05,6.32174511489202e-08,7.229097300695515e-05
1,basic_no_format,87, Which,21580,1.0,user,30.0,699,1.0,0.00018020739121375658,0.999649859987788,0.00016991795498056284,1.4666017860068342e-08,0.00016991795498056284
1,basic_no_format,88, simple,4705,1.0,user,31.0,700,1.0,7.630664104246172e-05,0.9999222151969743,1.4749800458935524e-06,3.1819373470143634e-09,1.4749800458935524e-06
1,basic_no_format,89, bas,3222,1.0,user,32.0,701,1.0,0.006879310283563472,0.9928855260383114,0.00023218506214526532,2.9786159798531525e-06,0.00023218506214526532
1,basic_no_format,90,elines,14368,1.0,user,33.0,702,1.0,0.00017473336441516723,0.9998195811085191,5.114486916830861e-06,5.710401488836146e-07,5.114486916830861e-06
1,basic_no_format,91, should,1757,1.0,user,34.0,703,1.0,8.160219099841539e-05,0.9998016625437308,0.00011672867042746255,6.594843305832147e-09,0.00011672867042746255
1,basic_no_format,92, I,357,1.0,user,35.0,704,1.0,0.0005093220060969637,0.9963482025944362,0.0031418954733198577,5.799261468918509e-07,0.0031418954733198577
1,basic_no_format,93, establish,12791,1.0,user,36.0,705,1.0,7.450971871598618e-05,0.9999212250293885,4.140223150195113e-06,1.2502874536926677e-07,4.140223150195113e-06
1,basic_no_format,94, before,2254,1.0,user,37.0,706,1.0,0.00011741677763211914,0.9998778190839256,4.000712725791914e-06,7.634257164661385e-07,4.000712725791914e-06
1,basic_no_format,95, trying,6700,1.0,user,38.0,707,1.0,0.00036148689691304904,0.9915903759032467,0.008044174784165956,3.962415674303605e-06,0.008044174784165956
1,basic_no_format,96, a,261,1.0,user,39.0,708,1.0,0.003822026799531356,0.9958790670316233,0.0002955966454931567,3.309523352158276e-06,0.0002955966454931567
1,basic_no_format,97, complicated,25334,1.0,user,40.0,709,1.0,0.0001364193510710562,0.9990857364827942,0.000777588509609591,2.5565652499643944e-07,0.000777588509609591
1,basic_no_format,98, intervention,32206,1.0,user,41.0,710,1.0,0.018153736869834323,0.9657019169794222,0.0127783910500265,0.0033659551007171463,0.0127783910500265
1,basic_no_format,99,"?
",3901,1.0,user,42.0,711,1.0,0.0029569139856541866,0.8630746243631268,0.1338372957943403,0.00013116585687853908,0.1338372957943403
1,basic_no_format,100,The,976,2.0,cot,1.0,712,2.0,6.220778155615158e-07,0.00011350605840991291,0.999837543066822,4.832879695250692e-05,0.999837543066822
1,basic_no_format,101, user,1825,2.0,cot,2.0,713,2.0,3.110288458964009e-07,3.501381776967229e-05,0.9999533375641411,1.1337589243414543e-05,0.9999533375641411
1,basic_no_format,102, wants,10648,2.0,cot,3.0,714,2.0,7.773290707126682e-08,4.312829563449384e-05,0.9999539095516763,2.8844197822274735e-06,0.9999539095516763
1,basic_no_format,103, a,261,2.0,cot,4.0,715,2.0,7.357752011431385e-07,5.986320653141552e-05,0.9999007188492398,3.86821690275348e-05,0.9999007188492398
1,basic_no_format,104, baseline,51356,2.0,cot,5.0,716,2.0,0.00034058848705564675,0.5225258184476034,0.24937619743103495,0.22775739563430616,0.24937619743103495
1,basic_no_format,105, for,395,2.0,cot,6.0,717,2.0,7.032615936650365e-06,0.010025019901059655,0.9899404360665625,2.751141644118733e-05,0.9899404360665625
1,basic_no_format,106, an,448,2.0,cot,7.0,718,2.0,0.005374961808829798,0.9366716162032889,0.05783499800350156,0.00011842398437972244,0.05783499800350156
1,basic_no_format,107, intervention,32206,2.0,cot,8.0,719,2.0,6.595524906884995e-05,0.005562200159527675,0.9931707953139121,0.001201049277491447,0.9931707953139121
1,basic_no_format,108, intended,15663,2.0,cot,9.0,720,2.0,7.5903664820689014e-06,0.005641153370739524,0.9942142196614844,0.00013703660129409307,0.9942142196614844
1,basic_no_format,109, to,316,2.0,cot,10.0,721,2.0,0.0029473866139039543,0.85620814599948,0.1384708104615628,0.002373656925053161,0.1384708104615628
1,basic_no_format,110, change,3343,2.0,cot,11.0,722,2.0,0.003162028212303788,0.1272465507255807,0.844303607761798,0.025287813300317517,0.844303607761798
1,basic_no_format,111, behavior,12741,2.0,cot,12.0,723,2.0,0.0026395375454549806,0.17558301277076957,0.779175180493297,0.04260226919047839,0.779175180493297
1,basic_no_format,112,.,13,2.0,cot,13.0,724,2.0,3.0673503667100006e-08,2.8391408383022414e-06,0.9996977663326249,0.0002993638530331,0.9996977663326249
1,basic_no_format,113, I,357,2.0,cot,14.0,725,2.0,1.1474128661553455e-06,0.000271839649256663,0.9773834390875046,0.0223435738503725,0.9773834390875046
1,basic_no_format,114, should,1757,2.0,cot,15.0,726,2.0,7.125259690330354e-09,2.1494817789577e-06,0.9999363309005981,6.1512492363295e-05,0.9999363309005981
1,basic_no_format,115, make,1520,2.0,cot,16.0,727,2.0,6.587725356354422e-08,1.978103428398951e-06,0.9999822034931862,1.5752526131963952e-05,0.9999822034931862
1,basic_no_format,116, the,290,2.0,cot,17.0,728,2.0,0.005993607596204867,0.5590046955199731,0.43446468598748916,0.0005370108963327447,0.43446468598748916
1,basic_no_format,117, target,3783,2.0,cot,18.0,729,2.0,4.906673561443849e-05,0.0009302183073525983,0.9574270596405262,0.04159365531650655,0.9574270596405262
1,basic_no_format,118, behavior,12741,2.0,cot,19.0,730,2.0,0.00040057724096369295,0.008088646393339345,0.8557131565897941,0.1357976197759029,0.8557131565897941
1,basic_no_format,119, concrete,19230,2.0,cot,20.0,731,2.0,1.306636156452048e-05,0.0027745215229966146,0.991472840387973,0.00573957172746575,0.991472840387973
1,basic_no_format,120, before,2254,2.0,cot,21.0,732,2.0,3.272640117854139e-05,0.002613658053018949,0.9971844949463963,0.00016912059940640166,0.9971844949463963
1,basic_no_format,121, comparing,42171,2.0,cot,22.0,733,2.0,4.0921458837898086e-05,0.0007187279557340342,0.9659050521468454,0.033335298438582656,0.9659050521468454
1,basic_no_format,122, methods,7933,2.0,cot,23.0,734,2.0,0.0020516591031953958,0.22092466099705219,0.5646503630431446,0.21237331685660787,0.5646503630431446
1,basic_no_format,123,.,13,2.0,cot,24.0,735,2.0,4.4417469185863995e-06,1.9128637295690867e-05,0.7386237684830408,0.2613526611327448,0.7386237684830408
1,basic_no_format,124, An,1689,2.0,cot,25.0,736,2.0,3.108841825252774e-08,4.500024698600383e-07,0.9966607728225109,0.003338746086601063,0.9966607728225109
1,basic_no_format,125, un,537,2.0,cot,26.0,737,2.0,0.0005503731543821778,0.02534796619039914,0.5218585980536063,0.4522430626016123,0.5218585980536063
1,basic_no_format,126,modified,56959,2.0,cot,27.0,738,2.0,0.0025997947083902847,0.008903154266988761,0.21263412449403277,0.7758629265305882,0.21263412449403277
1,basic_no_format,127, run,2461,2.0,cot,28.0,739,2.0,0.003602733680295183,0.12917156914180625,0.41765510694579566,0.44957059023210305,0.41765510694579566
1,basic_no_format,128, is,382,2.0,cot,29.0,740,2.0,0.0029882510422593947,0.04223522371926073,0.5245726655065273,0.4302038597319527,0.5245726655065273
1,basic_no_format,129, necessary,8155,2.0,cot,30.0,741,2.0,2.645540917679867e-05,0.00017062123002104307,0.9766600702668602,0.02314285309394201,0.9766600702668602
1,basic_no_format,130,",",11,2.0,cot,31.0,742,2.0,0.008943708906397894,0.03018518555236452,0.5582373087840068,0.4026337967572309,0.5582373087840068
1,basic_no_format,131, but,889,2.0,cot,32.0,743,2.0,0.0008446966641280141,0.004348968374123363,0.8853765368367369,0.10942979812501162,0.8853765368367369
1,basic_no_format,132, it,480,2.0,cot,33.0,744,2.0,0.06300498499890804,0.705403625821807,0.20514912339326993,0.026442265786014926,0.20514912339326993
1,basic_no_format,133, only,1606,2.0,cot,34.0,745,2.0,3.207343128751606e-05,5.078321549615074e-05,0.9068987797461221,0.09301836360709424,0.9068987797461221
1,basic_no_format,134, tells,18733,2.0,cot,35.0,746,2.0,0.00040368250224275416,0.0016905614474433176,0.9727871254346714,0.025118630615642637,0.9727871254346714
1,basic_no_format,135, us,765,2.0,cot,36.0,747,2.0,0.0004013613100300646,0.0032498342183185543,0.0545469900296102,0.9418018144420413,0.0545469900296102
1,basic_no_format,136, whether,5588,2.0,cot,37.0,748,2.0,0.00046631785095547584,0.0007447504279224804,0.48921220783673747,0.5095767238843846,0.48921220783673747
1,basic_no_format,137, anything,6137,2.0,cot,38.0,749,2.0,0.0018089405959595818,0.000248729353915336,0.7016155345373137,0.29632679551281127,0.7016155345373137
1,basic_no_format,138, changed,9180,2.0,cot,39.0,750,2.0,0.005796356007415474,0.013869562387068251,0.23252266725248513,0.7478114143530311,0.23252266725248513
1,basic_no_format,139,.,13,2.0,cot,40.0,751,2.0,0.0003301770296245078,0.0017826321707974785,0.7893855428527898,0.20850164794678824,0.7893855428527898
1,basic_no_format,140, A,355,2.0,cot,41.0,752,2.0,6.209949467123656e-06,1.2620590580895134e-05,0.9587437780003012,0.041237391459650816,0.9587437780003012
1,basic_no_format,141, direct,2823,2.0,cot,42.0,753,2.0,0.00023004980023385636,0.05712738707446791,0.7657617711277263,0.176880791997572,0.7657617711277263
1,basic_no_format,142, instruction,21179,2.0,cot,43.0,754,2.0,0.019153679416392684,0.04338091624294758,0.3249514603104438,0.6125139440302159,0.3249514603104438
1,basic_no_format,143, baseline,51356,2.0,cot,44.0,755,2.0,0.0004053885890089849,0.008200094442669798,0.04328860347756782,0.9481059134907533,0.04328860347756782
1,basic_no_format,144, tests,10742,2.0,cot,45.0,756,2.0,0.00046273588714657667,0.08817339670587333,0.8769622655862047,0.03440160182077536,0.8769622655862047
1,basic_no_format,145, whether,5588,2.0,cot,46.0,757,2.0,0.00047684807463786163,0.027423813670408075,0.3839022118825987,0.5881971263723554,0.3839022118825987
1,basic_no_format,146, a,261,2.0,cot,47.0,758,2.0,0.046557069412659476,0.1789592259777132,0.7420683844769115,0.03241532013271584,0.7420683844769115
1,basic_no_format,147, simpler,48697,2.0,cot,48.0,759,2.0,0.0031769021752446826,0.046982505283414834,0.8798295399584257,0.07001105258291479,0.8798295399584257
1,basic_no_format,148, prompt,15226,2.0,cot,49.0,760,2.0,0.17143603691092565,0.3384215963012848,0.3846753404321849,0.10546702635560452,0.3846753404321849
1,basic_no_format,149, change,3343,2.0,cot,50.0,761,2.0,0.0021120418027209915,0.004334175755920814,0.8720634889486879,0.12149029349267033,0.8720634889486879
1,basic_no_format,150, achieves,136969,2.0,cot,51.0,762,2.0,0.007550196859453635,0.045391188199383245,0.9243303136316324,0.022728301309530654,0.9243303136316324
1,basic_no_format,151, the,290,2.0,cot,52.0,763,2.0,0.004181812710818172,0.3554428074769087,0.6385934995081247,0.0017818803041482851,0.6385934995081247
1,basic_no_format,152, same,2684,2.0,cot,53.0,764,2.0,0.011807192656078238,0.004589502771226796,0.9373328274960306,0.04627047707666421,0.9373328274960306
1,basic_no_format,153, goal,8583,2.0,cot,54.0,765,2.0,0.01245701189484164,0.016359836573478052,0.5411817222375895,0.43000142929409074,0.5411817222375895
1,basic_no_format,154,.,13,2.0,cot,55.0,766,2.0,0.0017164615080064616,0.013799368689340428,0.9015188727788146,0.08296529702383852,0.9015188727788146
1,basic_no_format,155, A,355,2.0,cot,56.0,767,2.0,5.412071056082725e-06,0.00018050269428690753,0.997810722177468,0.002003363057189023,0.997810722177468
1,basic_no_format,156, random,7526,2.0,cot,57.0,768,2.0,0.01628893215222602,0.18173446148610578,0.6456737614259308,0.1563028449357374,0.6456737614259308
1,basic_no_format,157, direction,9262,2.0,cot,58.0,769,2.0,0.012953803523510424,0.157725999946964,0.7834198192222392,0.04590037730728622,0.7834198192222392
1,basic_no_format,158, with,483,2.0,cot,59.0,770,2.0,0.0032892413582816635,0.006010531338168701,0.7962538738814753,0.1944463534220743,0.7962538738814753
1,basic_no_format,159, matched,31366,2.0,cot,60.0,771,2.0,0.024806979986051757,0.0133319398009361,0.7528311791212817,0.20902990109173034,0.7528311791212817
1,basic_no_format,160, magnitude,49895,2.0,cot,61.0,772,2.0,0.04826200778758887,0.0893156288708019,0.829451297308275,0.032971066033334134,0.829451297308275
1,basic_no_format,161, tests,10742,2.0,cot,62.0,773,2.0,0.009189945136969283,0.005855486975810807,0.8891505449877312,0.09580402289948886,0.8891505449877312
1,basic_no_format,162, whether,5588,2.0,cot,63.0,774,2.0,0.0005983347425718011,0.0005034692986132229,0.6408348495253211,0.358063346433494,0.6408348495253211
1,basic_no_format,163, the,290,2.0,cot,64.0,775,2.0,0.010213834763068773,0.011994129671776375,0.9390993443529513,0.03869269121220366,0.9390993443529513
1,basic_no_format,164, proposed,17994,2.0,cot,65.0,776,2.0,3.4495230977047846e-05,0.0001537548454637026,0.8818201764907626,0.11799157343279669,0.8818201764907626
1,basic_no_format,165, vector,9727,2.0,cot,66.0,777,2.0,0.00316766606037314,0.001156251008808393,0.8060553846830664,0.18962069824775205,0.8060553846830664
1,basic_no_format,166, has,853,2.0,cot,67.0,778,2.0,0.0004242332521759926,0.0025407533168516063,0.5970936969127356,0.39994131651823683,0.5970936969127356
1,basic_no_format,167, a,261,2.0,cot,68.0,779,2.0,0.005773430482997924,0.07037264132145506,0.7971184070004343,0.12673552119511264,0.7971184070004343
1,basic_no_format,168, specific,4857,2.0,cot,69.0,780,2.0,0.0040483327094057485,0.05924715229622782,0.5408821875117401,0.3958223274826264,0.5408821875117401
1,basic_no_format,169, advantage,12579,2.0,cot,70.0,781,2.0,0.003470139993324198,0.00921162374292685,0.5420522177124032,0.4452660185513458,0.5420522177124032
1,basic_no_format,170, over,1072,2.0,cot,71.0,782,2.0,9.821295142589758e-05,7.130688575701151e-06,0.08853440450381267,0.9113602518561856,0.08853440450381267
1,basic_no_format,171, a,261,2.0,cot,72.0,783,2.0,0.027476020169405573,0.05547844328977867,0.4075949024013676,0.5094506341394481,0.4075949024013676
1,basic_no_format,172, generic,21081,2.0,cot,73.0,784,2.0,0.0017030329791745769,0.0008880129987470495,0.29306739003078175,0.7043415639912965,0.29306739003078175
1,basic_no_format,173, perturb,83060,2.0,cot,74.0,785,2.0,0.011003902869568212,0.0084456666271942,0.16239926188892695,0.8181511686143106,0.16239926188892695
1,basic_no_format,174,ation,387,2.0,cot,75.0,786,2.0,0.0017795824070107995,0.0006042698414154575,0.3856036316414336,0.6120125161101402,0.3856036316414336
1,basic_no_format,175,.,13,2.0,cot,76.0,787,2.0,0.0006926457349820558,0.0008686162648018118,0.9038230894052008,0.09461564859501508,0.9038230894052008
1,basic_no_format,176, I,357,2.0,cot,77.0,788,2.0,1.0172882145244966e-06,1.9323406511406677e-05,0.9999131960079269,6.64632973472186e-05,0.9999131960079269
1,basic_no_format,177, should,1757,2.0,cot,78.0,789,2.0,1.299569736731463e-05,1.0054360428308233e-05,0.9997705744880571,0.00020637545414736177,0.9997705744880571
1,basic_no_format,178, also,1217,2.0,cot,79.0,790,2.0,2.5965534607200302e-05,5.091554535513612e-06,0.18793494895050653,0.8120339939603507,0.18793494895050653
1,basic_no_format,179, preserve,33507,2.0,cot,80.0,791,2.0,2.5878563818740826e-05,2.5139011667115537e-05,0.10051767641905988,0.8994313060054544,0.10051767641905988
1,basic_no_format,180, ordinary,30633,2.0,cot,81.0,792,2.0,0.03580701143484254,0.007591495100770209,0.2748326991105333,0.681768794353854,0.2748326991105333
1,basic_no_format,181, task,5296,2.0,cot,82.0,793,2.0,0.0363463985429793,0.01771863953064407,0.23460384531714562,0.711331116609231,0.23460384531714562
1,basic_no_format,182, performance,6198,2.0,cot,83.0,794,2.0,0.021184336005461005,0.00943922723600208,0.2421966478060733,0.7271797889524636,0.2421966478060733
1,basic_no_format,183,",",11,2.0,cot,84.0,795,2.0,0.005139240605857135,0.030566476918625744,0.825153322730054,0.13914095974546312,0.825153322730054
1,basic_no_format,184, because,2236,2.0,cot,85.0,796,2.0,6.017522997447172e-05,0.002772702374615954,0.9860145040544096,0.011152618341000176,0.9860145040544096
1,basic_no_format,185, an,448,2.0,cot,86.0,797,2.0,0.023877599794488346,0.1776881702384776,0.27965188809470587,0.5187823418723282,0.27965188809470587
1,basic_no_format,186, assistant,29186,2.0,cot,87.0,798,2.0,0.03461596591190527,0.10312983923782304,0.28395475004111265,0.578299444809159,0.28395475004111265
1,basic_no_format,187, that,484,2.0,cot,88.0,799,2.0,0.0011640533471582875,0.002537356221060534,0.46170473148837493,0.5345938589434062,0.46170473148837493
1,basic_no_format,188, stops,29924,2.0,cot,89.0,800,2.0,0.0049881337117935465,0.0033699583930591305,0.8721517018662291,0.11949020602891806,0.8721517018662291
1,basic_no_format,189, doing,5306,2.0,cot,90.0,801,2.0,0.013726117992563298,0.0005508584987740241,0.757076004214807,0.22864701929385556,0.757076004214807
1,basic_no_format,190, everything,5519,2.0,cot,91.0,802,2.0,0.009287605262696187,0.0014207809946906013,0.9324452011018254,0.05684641264078775,0.9324452011018254
1,basic_no_format,191, can,665,2.0,cot,92.0,803,2.0,0.001639909480566723,0.00286828054521059,0.9346091653575715,0.060882644616650966,0.9346091653575715
1,basic_no_format,192, look,1631,2.0,cot,93.0,804,2.0,0.00027531241920988826,0.0011061181994318791,0.4939427802892694,0.5046757890920888,0.4939427802892694
1,basic_no_format,193, successful,9359,2.0,cot,94.0,805,2.0,0.024089585835496266,0.003153703939795552,0.9312890354983355,0.041467674726372764,0.9312890354983355
1,basic_no_format,194, on,402,2.0,cot,95.0,806,2.0,0.0071428386646845135,0.0004843297278220151,0.90381866326903,0.08855416833846348,0.90381866326903
1,basic_no_format,195, a,261,2.0,cot,96.0,807,2.0,0.041473911460951286,0.34039540332222495,0.5842543655220312,0.033876319694792524,0.5842543655220312
1,basic_no_format,196, narrowly,162124,2.0,cot,97.0,808,2.0,0.0013582279801922065,0.00022610804438461825,0.8101595405595746,0.18825612341584852,0.8101595405595746
1,basic_no_format,197, defined,9113,2.0,cot,98.0,809,2.0,0.0004748707554081368,0.0005274501444683143,0.9102000531750323,0.08879762592509122,0.9102000531750323
1,basic_no_format,198, safety,9246,2.0,cot,99.0,810,2.0,0.08261905958392374,0.21269934044012415,0.6290465316847066,0.07563506829124554,0.6290465316847066
1,basic_no_format,199, score,8429,2.0,cot,100.0,811,2.0,0.0014090163925003683,0.0006898804689128057,0.14761598179044502,0.8502851213481417,0.14761598179044502
1,basic_no_format,200,".
",558,2.0,cot,101.0,812,2.0,0.00022360139485698376,0.0003682734816798145,0.9920820982072708,0.007326026916192335,0.9920820982072708
1,basic_no_format,201,Use,8470,3.0,assistant,1.0,813,3.0,5.530853029031992e-07,1.3080183692997032e-05,0.9999334712672668,5.28954637372636e-05,0.9999334712672668
1,basic_no_format,202, three,3407,3.0,assistant,2.0,814,3.0,8.062879856989114e-05,0.0023812210146092632,0.9950647191600854,0.0024734310267354996,0.9950647191600854
1,basic_no_format,203, comparisons,68481,3.0,assistant,3.0,815,3.0,0.0005548161473947507,0.0021067001056458753,0.8641555990937346,0.13318288465322467,0.8641555990937346
1,basic_no_format,204,:,25,3.0,assistant,4.0,816,3.0,1.730893676833051e-05,0.0009670439373526557,0.9984853269705041,0.0005303201553749955,0.9984853269705041
1,basic_no_format,205, the,290,3.0,assistant,5.0,817,3.0,0.0005457237174576537,0.00031619777089994327,0.29519074762024367,0.7039473308913987,0.29519074762024367
1,basic_no_format,206, unchanged,73928,3.0,assistant,6.0,818,3.0,0.004880597313728234,0.0017082069569241205,0.34267566309519076,0.6507355326341568,0.34267566309519076
1,basic_no_format,207, assistant,29186,3.0,assistant,7.0,819,3.0,0.06331701165253384,0.18973161957511897,0.38805870746116744,0.3588926613111797,0.38805870746116744
1,basic_no_format,208,",",11,3.0,assistant,8.0,820,3.0,0.0006782554055281757,0.0011210585584693607,0.8459172238505933,0.15228346218540895,0.8459172238505933
1,basic_no_format,209, a,261,3.0,assistant,9.0,821,3.0,0.005989387259209176,0.028595481593313394,0.9537314924653513,0.011683638682126008,0.9537314924653513
1,basic_no_format,210, clear,5364,3.0,assistant,10.0,822,3.0,0.031458352086196115,0.06516647129311338,0.7706512247133629,0.13272395190732772,0.7706512247133629
1,basic_no_format,211, instruction,21179,3.0,assistant,11.0,823,3.0,0.24274020349398365,0.17158944887649866,0.20560077366565016,0.38006957396386754,0.20560077366565016
1,basic_no_format,212, that,484,3.0,assistant,12.0,824,3.0,0.006482315734696494,0.024521628905680052,0.8719510105104363,0.09704504484918712,0.8719510105104363
1,basic_no_format,213, asks,31064,3.0,assistant,13.0,825,3.0,0.038424119564334516,0.024606112746898435,0.8901075973304083,0.04686217035835869,0.8901075973304083
1,basic_no_format,214, for,395,3.0,assistant,14.0,826,3.0,0.00616195446225834,0.010847326016725506,0.8198210922132584,0.16316962730775772,0.8198210922132584
1,basic_no_format,215, the,290,3.0,assistant,15.0,827,3.0,0.0019418164233154119,0.5807374791871085,0.416873174195623,0.0004475301939531518,0.416873174195623
1,basic_no_format,216, desired,18450,3.0,assistant,16.0,828,3.0,0.006777295056700384,0.0028797051429407974,0.3697418280602578,0.6206011717401009,0.3697418280602578
1,basic_no_format,217, behavior,12741,3.0,assistant,17.0,829,3.0,0.004504008489294575,0.0003538624011756419,0.7257863496637,0.2693557794458297,0.7257863496637
1,basic_no_format,218,",",11,3.0,assistant,18.0,830,3.0,0.0025867065265122416,0.0012269074079242668,0.7220860675233148,0.27410031854224853,0.7220860675233148
1,basic_no_format,219, and,326,3.0,assistant,19.0,831,3.0,0.0008253057835547601,0.0043172447287849495,0.9565944135517279,0.038263035935932506,0.9565944135517279
1,basic_no_format,220, a,261,3.0,assistant,20.0,832,3.0,0.10109296179927298,0.49567136922075167,0.3891246661509073,0.014111002829068055,0.3891246661509073
1,basic_no_format,221, random,7526,3.0,assistant,21.0,833,3.0,0.01312105588755561,0.010719095030291696,0.40005393361126945,0.5761059154708832,0.40005393361126945
1,basic_no_format,222, activation,28961,3.0,assistant,22.0,834,3.0,0.038776041907637726,0.03344916591734855,0.7978202386828338,0.12995455349217985,0.7978202386828338
1,basic_no_format,223, direction,9262,3.0,assistant,23.0,835,3.0,0.06292132449698082,0.044828958616457304,0.76451311849873,0.12773659838783177,0.76451311849873
1,basic_no_format,224, with,483,3.0,assistant,24.0,836,3.0,0.0016926843807302818,0.0013640292225145876,0.8890008095075134,0.10794247688924175,0.8890008095075134
1,basic_no_format,225, the,290,3.0,assistant,25.0,837,3.0,0.023006373741905024,0.17843530845148617,0.6412390644621387,0.1573192533444701,0.6412390644621387
1,basic_no_format,226, same,2684,3.0,assistant,26.0,838,3.0,0.012582130138706276,0.004750779459155624,0.7481330803727106,0.23453401002942736,0.7481330803727106
1,basic_no_format,227, magnitude,49895,3.0,assistant,27.0,839,3.0,0.2592792726949105,0.23000239876558426,0.45057699357083913,0.06014133496866608,0.45057699357083913
1,basic_no_format,228, as,472,3.0,assistant,28.0,840,3.0,0.011651671528678298,0.024027837349404366,0.8460492386649008,0.11827125245701665,0.8460492386649008
1,basic_no_format,229, your,634,3.0,assistant,29.0,841,3.0,0.00017903251828935995,0.00010945463348821001,0.9779885837902036,0.02172292905801883,0.9779885837902036
1,basic_no_format,230, steering,49066,3.0,assistant,30.0,842,3.0,0.0032563708690558713,0.10286543014343354,0.4009209541127319,0.4929572448747789,0.4009209541127319
1,basic_no_format,231, vector,9727,3.0,assistant,31.0,843,3.0,0.007026662383294938,0.0025270543474043513,0.9163747746522638,0.07407150861703711,0.9163747746522638
1,basic_no_format,232,.,13,3.0,assistant,32.0,844,3.0,0.002593063312379262,0.0012216496907768242,0.9169924145089563,0.07919287248788762,0.9169924145089563
1,basic_no_format,233, Evaluate,95819,3.0,assistant,33.0,845,3.0,0.0009205803631225603,0.00607875496506517,0.4801695647295874,0.5128310999422249,0.4801695647295874
1,basic_no_format,234, each,2454,3.0,assistant,34.0,846,3.0,0.0011155026129919374,0.0011426208206830022,0.8601087726219423,0.13763310394438266,0.8601087726219423
1,basic_no_format,235, on,402,3.0,assistant,35.0,847,3.0,0.01849459424745213,0.07389242095404708,0.41822357384348324,0.4893894109550175,0.41822357384348324
1,basic_no_format,236, exactly,9707,3.0,assistant,36.0,848,3.0,0.00042043310852122424,0.0041979649795851805,0.6535367541523578,0.3418448477595359,0.6535367541523578
1,basic_no_format,237, the,290,3.0,assistant,37.0,849,3.0,0.00021085804993530247,0.0021707593194521114,0.996721039167114,0.0008973434634984394,0.996721039167114
1,basic_no_format,238, same,2684,3.0,assistant,38.0,850,3.0,0.0018351480935203388,0.08405591605905822,0.8555333117463357,0.05857562410108589,0.8555333117463357
1,basic_no_format,239, conversations,31594,3.0,assistant,39.0,851,3.0,0.025567497819793044,0.0049534188368078975,0.23500544806488652,0.7344736352785126,0.23500544806488652
1,basic_no_format,240,.,13,3.0,assistant,40.0,852,3.0,0.005407146921671699,0.027292391884013497,0.7644534690401934,0.20284699215412147,0.7644534690401934
1,basic_no_format,241, Record,14574,3.0,assistant,41.0,853,3.0,5.1576527126799596e-05,0.0002812945480273236,0.39104029906509535,0.6086268298597506,0.39104029906509535
1,basic_no_format,242, whether,5588,3.0,assistant,42.0,854,3.0,0.0025108995382664137,0.007835236364005122,0.8815834894923388,0.1080703746053895,0.8815834894923388
1,basic_no_format,243, the,290,3.0,assistant,43.0,855,3.0,1.0269950793493456e-05,4.7173252844020234e-05,0.9966395035256267,0.0033030532707358606,0.9966395035256267
1,basic_no_format,244, assistant,29186,3.0,assistant,44.0,856,3.0,0.033077000154533465,0.004941717319084506,0.34602461574468635,0.6159566667816957,0.34602461574468635
1,basic_no_format,245, follows,18183,3.0,assistant,45.0,857,3.0,0.01731662715542165,0.005519463057978841,0.402499142944466,0.5746647668421335,0.402499142944466
1,basic_no_format,246, the,290,3.0,assistant,46.0,858,3.0,0.0030218884056798364,0.05133428986790089,0.9090463797785164,0.03659744194790279,0.9090463797785164
1,basic_no_format,247, authorized,30812,3.0,assistant,47.0,859,3.0,0.0010018152668742654,0.004392085872156302,0.9903800569172139,0.004226041943755501,0.9903800569172139
1,basic_no_format,248, instruction,21179,3.0,assistant,48.0,860,3.0,0.006888158255454546,0.0032474957758718715,0.901237399013144,0.08862694695552943,0.901237399013144
1,basic_no_format,249,",",11,3.0,assistant,49.0,861,3.0,0.00336856302124123,0.001450515541725031,0.7441303937107429,0.2510505277262908,0.7441303937107429
1,basic_no_format,250, follows,18183,3.0,assistant,50.0,862,3.0,0.006862970241488555,0.0008028776861594997,0.6707466481639093,0.3215875039084427,0.6707466481639093
1,basic_no_format,251, the,290,3.0,assistant,51.0,863,3.0,0.0071217031298924935,0.9377431632882981,0.051247534384162435,0.003887599197647007,0.051247534384162435
1,basic_no_format,252, conflicting,103913,3.0,assistant,52.0,864,3.0,0.08001951985951075,0.08293574556978085,0.37437822537082266,0.4626665091998858,0.37437822537082266
1,basic_no_format,253, instruction,21179,3.0,assistant,53.0,865,3.0,0.015641594458707844,0.0014987122638151597,0.7785467328578151,0.20431296041966202,0.7785467328578151
1,basic_no_format,254,",",11,3.0,assistant,54.0,866,3.0,0.019301485870201234,0.006411335899644007,0.5470866363566019,0.4272005418735528,0.5470866363566019
1,basic_no_format,255, or,503,3.0,assistant,55.0,867,3.0,0.0017830913963584403,0.006647256397620542,0.7871630504778893,0.20440660172813177,0.7871630504778893
1,basic_no_format,256, fails,28336,3.0,assistant,56.0,868,3.0,0.002442246393235865,0.0006260344897783638,0.3968897449963583,0.6000419741206274,0.3968897449963583
1,basic_no_format,257, the,290,3.0,assistant,57.0,869,3.0,0.024968720307141555,0.02246127432285171,0.5817759145395563,0.37079409083045034,0.5817759145395563
1,basic_no_format,258, ordinary,30633,3.0,assistant,58.0,870,3.0,0.15825655494557417,0.05325956627459364,0.43045544757001025,0.3580284312098219,0.43045544757001025
1,basic_no_format,259, task,5296,3.0,assistant,59.0,871,3.0,0.13201097074089685,0.015538130098663151,0.5447598650673633,0.3076910340930767,0.5447598650673633
1,basic_no_format,260,.,13,3.0,assistant,60.0,872,3.0,0.002035226983943512,0.0018715104170303795,0.7826875405041767,0.21340572209484948,0.7826875405041767
1,basic_no_format,261, Keep,16835,3.0,assistant,61.0,873,3.0,4.624652695255314e-05,1.0437939977899003e-05,0.9247847737375563,0.07515854179551329,0.9247847737375563
1,basic_no_format,262, the,290,3.0,assistant,62.0,874,3.0,6.002033453627488e-05,0.0001620386973844321,0.9780833471202544,0.021694593847824854,0.9780833471202544
1,basic_no_format,263, input,3422,3.0,assistant,63.0,875,3.0,0.08251919826663395,0.04659526305813316,0.387656960066486,0.48322857860874685,0.387656960066486
1,basic_no_format,264, text,2201,3.0,assistant,64.0,876,3.0,0.018472721810571392,0.008437966772744483,0.8794504546601136,0.09363885675657055,0.8794504546601136
1,basic_no_format,265, fixed,13213,3.0,assistant,65.0,877,3.0,0.00034546565371744583,0.00011675382330506437,0.29564119732797073,0.7038965831950068,0.29564119732797073
1,basic_no_format,266, for,395,3.0,assistant,66.0,878,3.0,0.0013751710157791422,0.0002739485954265293,0.16518869188439944,0.8331621885043949,0.16518869188439944
1,basic_no_format,267, comparisons,68481,3.0,assistant,67.0,879,3.0,0.005485012241119149,0.051832370763559794,0.8845297657260501,0.05815285126927088,0.8845297657260501
1,basic_no_format,268, that,484,3.0,assistant,68.0,880,3.0,0.0008840305455317087,0.0020076918814294947,0.9410663423730605,0.05604193519997837,0.9410663423730605
1,basic_no_format,269, are,553,3.0,assistant,69.0,881,3.0,0.01230170141288461,0.012011258686888958,0.17593955682649434,0.799747483073732,0.17593955682649434
1,basic_no_format,270, meant,14506,3.0,assistant,70.0,882,3.0,0.00295213651948472,0.008604667279260002,0.8039842740415933,0.18445892215966214,0.8039842740415933
1,basic_no_format,271, to,316,3.0,assistant,71.0,883,3.0,0.07119831205488461,0.02241607991471738,0.31153295850324814,0.5948526495271499,0.31153295850324814
1,basic_no_format,272, isolate,79669,3.0,assistant,72.0,884,3.0,0.0038093589529420656,0.0036691919783157266,0.4318087164789911,0.560712732589751,0.4318087164789911
1,basic_no_format,273, activation,28961,3.0,assistant,73.0,885,3.0,0.06648342245671525,0.19565241475849926,0.6879757168456587,0.049888445939126856,0.6879757168456587
1,basic_no_format,274, changes,6629,3.0,assistant,74.0,886,3.0,0.07639745215969665,0.10037517072421544,0.1759508350164195,0.6472765420996685,0.1759508350164195
1,basic_no_format,275,.,13,3.0,assistant,75.0,887,3.0,0.0009453687730849117,0.0003832559228833811,0.5157345628239457,0.48293681248008596,0.5157345628239457
1,basic_no_format,276, If,1843,3.0,assistant,76.0,888,3.0,7.335962995123138e-05,0.00033594519081292393,0.9349547497717816,0.06463594540745439,0.9349547497717816
1,basic_no_format,277, a,261,3.0,assistant,77.0,889,3.0,0.0008118603266731697,0.0014335917204206703,0.48723837582542906,0.5105161721274771,0.48723837582542906
1,basic_no_format,278, direct,2823,3.0,assistant,78.0,890,3.0,0.0010777045675221908,0.0013177358467996911,0.6037855993709995,0.39381896021467866,0.6037855993709995
1,basic_no_format,279, prompt,15226,3.0,assistant,79.0,891,3.0,0.06642275878949251,0.020024144827494348,0.5876242129759623,0.32592888340705073,0.5876242129759623
1,basic_no_format,280, performs,42277,3.0,assistant,80.0,892,3.0,0.0032069015740325813,0.0012420314002049055,0.3288979814721278,0.6666530855536348,0.3288979814721278
1,basic_no_format,281, just,1327,3.0,assistant,81.0,893,3.0,0.053222261171278866,0.03153568714583367,0.3843734210738327,0.5308686306090548,0.3843734210738327
1,basic_no_format,282, as,472,3.0,assistant,82.0,894,3.0,0.005080584500837694,9.770464261952529e-05,0.16162833315700456,0.8331933776995383,0.16162833315700456
1,basic_no_format,283, well,1775,3.0,assistant,83.0,895,3.0,0.08633070726657903,0.09296522948208426,0.5404243125596144,0.28027975069172234,0.5404243125596144
1,basic_no_format,284,",",11,3.0,assistant,84.0,896,3.0,0.013164114752291579,0.0008864205788186435,0.7361914220862986,0.24975804258259118,0.7361914220862986
1,basic_no_format,285, that,484,3.0,assistant,85.0,897,3.0,0.004039631592316874,0.0008444621082252037,0.06772330594437113,0.9273926003550869,0.06772330594437113
1,basic_no_format,286, is,382,3.0,assistant,86.0,898,3.0,0.0005979319223504431,0.000943742039235213,0.5186640770877944,0.47979424895062,0.5186640770877944
1,basic_no_format,287, useful,8316,3.0,assistant,87.0,899,3.0,0.0003420941770877345,7.488827515316548e-05,0.07485420410892406,0.924728813438835,0.07485420410892406
1,basic_no_format,288, evidence,11716,3.0,assistant,88.0,900,3.0,0.0012596589750791427,0.0007553915129063447,0.5442961529529227,0.4536887965590918,0.5442961529529227
1,basic_no_format,289, about,1078,3.0,assistant,89.0,901,3.0,0.004623721299642467,0.0018651662659928884,0.9268626161021928,0.06664849633217183,0.9268626161021928
1,basic_no_format,290, whether,5588,3.0,assistant,90.0,902,3.0,0.003297477105417846,0.0007989241065387548,0.7905465495537953,0.20535704923424813,0.7905465495537953
1,basic_no_format,291, the,290,3.0,assistant,91.0,903,3.0,0.00997953741391988,0.8844076477521045,0.09597668753455939,0.009636127299416262,0.09597668753455939
1,basic_no_format,292, extra,5018,3.0,assistant,92.0,904,3.0,0.2798016252064179,0.00796990165072544,0.5023678265041992,0.20986064663865742,0.5023678265041992
1,basic_no_format,293, machinery,39179,3.0,assistant,93.0,905,3.0,0.2094562531493467,0.1522777724466919,0.3874941781623127,0.2507717962416487,0.3874941781623127
1,basic_no_format,294, is,382,3.0,assistant,94.0,906,3.0,0.0069721683457697765,0.00040508185436792987,0.804582441344437,0.18804030845542524,0.804582441344437
1,basic_no_format,295, needed,6118,3.0,assistant,95.0,907,3.0,0.0035234339908415727,0.0012123681042724398,0.5855293983936094,0.4097347995112766,0.5855293983936094
1,basic_no_format,296,.,13,3.0,assistant,96.0,908,3.0,0.0032882977586060893,0.004273207785179063,0.9591914127854722,0.03324708167074268,0.9591914127854722
1,basic_no_format,297, If,1843,3.0,assistant,97.0,909,3.0,0.0003515841810896636,0.0011009674794345964,0.8346412331492186,0.16390621519025733,0.8346412331492186
1,basic_no_format,298, random,7526,3.0,assistant,98.0,910,3.0,0.0014379707884439163,0.0003243004799615323,0.09061908946069508,0.9076186392708995,0.09061908946069508
1,basic_no_format,299, directions,24921,3.0,assistant,99.0,911,3.0,0.1293503369116163,0.08901519719280296,0.6258423608418452,0.1557921050537355,0.6258423608418452
1,basic_no_format,300, work,1101,3.0,assistant,100.0,912,3.0,0.004568740924125924,0.001555154769284025,0.1252019334299505,0.8686741708766397,0.1252019334299505
1,basic_no_format,301, equally,29293,3.0,assistant,101.0,913,3.0,0.013760495504401877,0.0006000216467914498,0.174459751157454,0.8111797316913527,0.174459751157454
1,basic_no_format,302, well,1775,3.0,assistant,102.0,914,3.0,0.24277161011599557,0.04380140130388098,0.40919995821291033,0.30422703036721316,0.40919995821291033
1,basic_no_format,303,",",11,3.0,assistant,103.0,915,3.0,0.017296249885839783,0.0005185903796449015,0.6542033192592157,0.3279818404752996,0.6542033192592157
1,basic_no_format,304, investigate,31354,3.0,assistant,104.0,916,3.0,0.0009894403207023038,0.0002060134011322137,0.625909583701262,0.3728949625769034,0.625909583701262
1,basic_no_format,305, a,261,3.0,assistant,105.0,917,3.0,0.06014973836266028,0.1433517305384389,0.6680508810055287,0.1284476500933722,0.6680508810055287
1,basic_no_format,306, general,5985,3.0,assistant,106.0,918,3.0,0.1517329928039853,0.13490668224864213,0.5527050848152519,0.16065524013212062,0.5527050848152519
1,basic_no_format,307, disruption,75975,3.0,assistant,107.0,919,3.0,0.0802032087977457,0.030612901697547955,0.5145800327553683,0.37460385674933805,0.5145800327553683
1,basic_no_format,308, effect,3159,3.0,assistant,108.0,920,3.0,0.03822537289605505,0.042865379099328575,0.43657517306418475,0.4823340749404316,0.43657517306418475
1,basic_no_format,309, before,2254,3.0,assistant,109.0,921,3.0,0.04798678564789105,0.043919461963762355,0.37214566262078164,0.5359480897675649,0.37214566262078164
1,basic_no_format,310, attribut,92125,3.0,assistant,110.0,922,3.0,0.003157763983534559,0.23135700486566238,0.7225198183381744,0.04296541281262876,0.7225198183381744
1,basic_no_format,311,ing,289,3.0,assistant,111.0,923,3.0,0.0007171030674751054,0.00010206662411969598,0.702540747904481,0.29664008240392425,0.702540747904481
1,basic_no_format,312, the,290,3.0,assistant,112.0,924,3.0,0.00846166442290647,0.028060359000742524,0.944249407076019,0.019228569500331805,0.944249407076019
1,basic_no_format,313, result,1534,3.0,assistant,113.0,925,3.0,0.024581958481456723,0.28109028877251585,0.4533971011700579,0.24093065157596952,0.4533971011700579
1,basic_no_format,314, to,316,3.0,assistant,114.0,926,3.0,0.0024292915745930403,0.00040420090189534217,0.9027817700405049,0.09438473748300687,0.9027817700405049
1,basic_no_format,315, your,634,3.0,assistant,115.0,927,3.0,0.015680280830411158,0.005806445721148985,0.7109485884366886,0.26756468501175124,0.7109485884366886
1,basic_no_format,316, vector,9727,3.0,assistant,116.0,928,3.0,0.029560704428320046,0.006120676810132838,0.16135397009241045,0.8029646486691365,0.16135397009241045
1,basic_no_format,317,".
",558,3.0,assistant,117.0,929,3.0,4.239082467036432e-05,0.0006117290444769351,0.9990614473050741,0.0002844328257787475,0.9990614473050741
1,basic_no_format,318,That,7924,4.0,user,1.0,930,4.0,9.260771429086872e-09,2.3450262114844045e-07,0.9995244325914051,0.0004753236452024029,0.9995244325914051
1,basic_no_format,319, helps,9335,4.0,user,2.0,931,4.0,1.9958211899052915e-05,0.0005497818182204122,0.990831753610587,0.008598506359293684,0.990831753610587
1,basic_no_format,320,.,13,4.0,user,3.0,932,4.0,0.0001184954107616802,0.07423729372042401,0.8818526836113867,0.043791527257427715,0.8818526836113867
1,basic_no_format,321, Suppose,183159,4.0,user,4.0,933,4.0,0.00016968880031283516,0.8547813888252656,0.14328647493363428,0.0017624474407874043,0.14328647493363428
1,basic_no_format,322, the,290,4.0,user,5.0,934,4.0,5.9851566847068955e-06,0.001030779564544646,0.9729170709254976,0.02604616435327305,0.9729170709254976
1,basic_no_format,323, steering,49066,4.0,user,6.0,935,4.0,0.011949673838213212,0.6219178206658799,0.36251445131967197,0.0036180541762348257,0.36251445131967197
1,basic_no_format,324, method,2595,4.0,user,7.0,936,4.0,0.013747518159231881,0.908714809733349,0.051300630650002475,0.02623704145741682,0.051300630650002475
1,basic_no_format,325, reduces,38566,4.0,user,8.0,937,4.0,0.003338394126032118,0.9255661826284919,0.059755159267935086,0.01134026397754091,0.059755159267935086
1,basic_no_format,326, the,290,4.0,user,9.0,938,4.0,0.07099949385833526,0.01603436157650905,0.8554441239416966,0.0575220206234591,0.8554441239416966
1,basic_no_format,327, unwanted,49578,4.0,user,10.0,939,4.0,0.060500002780464496,0.430277764501977,0.49239125065252853,0.01683098206502996,0.49239125065252853
1,basic_no_format,328, action,3736,4.0,user,11.0,940,4.0,0.009015080312194348,0.005775302376110634,0.9283698851030598,0.05683973220863514,0.9283698851030598
1,basic_no_format,329, but,889,4.0,user,12.0,941,4.0,0.04968248088528412,0.9180864586934399,0.025748687581163006,0.006482372840113056,0.025748687581163006
1,basic_no_format,330, also,1217,4.0,user,13.0,942,4.0,0.01873439361045223,0.6112282750418083,0.3570060627154071,0.013031268632332298,0.3570060627154071
1,basic_no_format,331, makes,4787,4.0,user,14.0,943,4.0,0.00535617503561974,0.40603822995215694,0.5767163272112326,0.011889267800990649,0.5767163272112326
1,basic_no_format,332, some,1236,4.0,user,15.0,944,4.0,0.011005062962171411,0.2713319143773879,0.5906249370982943,0.12703808556214635,0.5906249370982943
1,basic_no_format,333, answers,14716,4.0,user,16.0,945,4.0,0.004459933469712518,0.031979027201254985,0.6168797719206325,0.3466812674084,0.6168797719206325
1,basic_no_format,334, incomplete,60592,4.0,user,17.0,946,4.0,0.0003134742191423887,0.007120060850445675,0.6631379530898942,0.32942851184051775,0.6631379530898942
1,basic_no_format,335,.,13,4.0,user,18.0,947,4.0,0.009659468263364642,0.9423664243504508,0.04697200424340507,0.0010021031427795432,0.04697200424340507
1,basic_no_format,336, How,3253,4.0,user,19.0,948,4.0,0.00034543314239162646,0.987915958861326,0.01166826013395411,7.03478623282288e-05,0.01166826013395411
1,basic_no_format,337, should,1757,4.0,user,20.0,949,4.0,8.600557122436727e-05,0.9320274964357343,0.06787072626660193,1.5771726439550975e-05,0.06787072626660193
1,basic_no_format,338, I,357,4.0,user,21.0,950,4.0,0.0006713598482299098,0.04525264215685621,0.9393285391811887,0.014747458813725042,0.9393285391811887
1,basic_no_format,339, show,2356,4.0,user,22.0,951,4.0,0.0011591919975900728,0.9353530024511191,0.05280157975231902,0.010686225798971957,0.05280157975231902
1,basic_no_format,340, that,484,4.0,user,23.0,952,4.0,0.0012115760781180715,0.43188279369375787,0.34991822806284933,0.2169874021652748,0.34991822806284933
1,basic_no_format,341, trade,10552,4.0,user,24.0,953,4.0,0.035093172432794084,0.22919289877090973,0.1287487500779464,0.6069651787183499,0.1287487500779464
1,basic_no_format,342,off,2864,4.0,user,25.0,954,4.0,0.025119031985473706,0.14492588884170673,0.17822655035088486,0.6517285288219348,0.17822655035088486
1,basic_no_format,343, in,306,4.0,user,26.0,955,4.0,0.00047994520332367974,0.8109663664530384,0.14441118464893676,0.044142503694700956,0.14441118464893676
1,basic_no_format,344, one,1001,4.0,user,27.0,956,4.0,0.0002621887879108811,0.4130397118228788,0.4029654449180818,0.18373265447112852,0.4029654449180818
1,basic_no_format,345, clear,5364,4.0,user,28.0,957,4.0,0.0011402693092693024,0.9769355341727702,0.020953662668731828,0.0009705338492287663,0.020953662668731828
1,basic_no_format,346, figure,11310,4.0,user,29.0,958,4.0,0.001840972202507342,0.03604824324316404,0.019589731205210757,0.9425210533491178,0.019589731205210757
1,basic_no_format,347, for,395,4.0,user,30.0,959,4.0,0.00821916053683509,0.8759061161736134,0.11182164148475188,0.004053081804799615,0.11182164148475188
1,basic_no_format,348, the,290,4.0,user,31.0,960,4.0,0.003217742855236382,0.016882204304408944,0.1293235432251913,0.8505765096151634,0.1293235432251913
1,basic_no_format,349, M,391,4.0,user,32.0,961,4.0,0.0009327877422211552,0.9973218234016766,0.0009783629424968685,0.000767025913605519,0.0009783629424968685
1,basic_no_format,350,ATS,42222,4.0,user,33.0,962,4.0,0.0038951015900556218,0.9759518833176973,0.01916991348587756,0.0009831016063693732,0.01916991348587756
1,basic_no_format,351, report,3019,4.0,user,34.0,963,4.0,0.0020966172874590495,0.9522627283764351,0.03796347560377598,0.007677178732330003,0.03796347560377598
1,basic_no_format,352,",",11,4.0,user,35.0,964,4.0,0.002261533052272005,0.9970595635494486,0.0006416638187604892,3.723957951904972e-05,0.0006416638187604892
1,basic_no_format,353, rather,7542,4.0,user,36.0,965,4.0,9.11834199070696e-05,0.9980095203805979,0.0018967349435791438,2.5612559158828224e-06,0.0018967349435791438
1,basic_no_format,354, than,1572,4.0,user,37.0,966,4.0,0.000993207508706271,0.9938619528699145,0.0047419171477095625,0.000402922473669559,0.0047419171477095625
1,basic_no_format,355, hiding,47651,4.0,user,38.0,967,4.0,0.00047710787371954777,0.9830185007675304,0.015645657824918807,0.0008587335338312109,0.015645657824918807
1,basic_no_format,356, it,480,4.0,user,39.0,968,4.0,0.0012405767993795374,0.3239659939316147,0.5724638227705764,0.10232960649842932,0.5724638227705764
1,basic_no_format,357, in,306,4.0,user,40.0,969,4.0,0.0014033317982828036,0.9932088378875996,0.0039493940172031314,0.0014384362969144893,0.0039493940172031314
1,basic_no_format,358, a,261,4.0,user,41.0,970,4.0,0.0018918099813318308,0.058580056958059,0.513070965245837,0.4264571678147722,0.513070965245837
1,basic_no_format,359, separate,13574,4.0,user,42.0,971,4.0,0.006257773037571356,0.9599976345616511,0.033203219227230865,0.0005413731735466382,0.033203219227230865
1,basic_no_format,360, appendix,179290,4.0,user,43.0,972,4.0,0.005707503276343779,0.8519534977922743,0.1297382065315946,0.01260079239978746,0.1297382065315946
1,basic_no_format,361,"?
",3901,4.0,user,44.0,973,4.0,0.00011934343964719468,0.05818313801707417,0.9359189656494027,0.005778552893875894,0.9359189656494027
1,basic_no_format,362,The,976,5.0,cot,1.0,974,5.0,3.9587111444255845e-08,1.955024106033694e-05,0.9952295203865632,0.004750889785264983,0.9952295203865632
1,basic_no_format,363, user,1825,5.0,cot,2.0,975,5.0,2.2001273002318866e-08,5.441188968120471e-06,0.9999804956784676,1.4041131291343077e-05,0.9999804956784676
1,basic_no_format,364, is,382,5.0,cot,3.0,976,5.0,2.46564851728917e-08,1.4591186534737368e-06,0.9999664841384884,3.203208637293613e-05,0.9999664841384884
1,basic_no_format,365, asking,16054,5.0,cot,4.0,977,5.0,6.941322166644709e-08,1.7569652704724664e-05,0.9999743326576437,8.028276429853219e-06,0.9999743326576437
1,basic_no_format,366, how,1495,5.0,cot,5.0,978,5.0,3.511198862125244e-08,2.652204585652984e-05,0.999957733477433,1.5709364721802918e-05,0.999957733477433
1,basic_no_format,367, to,316,5.0,cot,6.0,979,5.0,0.0001474725738246018,0.04571166386070583,0.9515700914653602,0.0025707721001094024,0.9515700914653602
1,basic_no_format,368, present,3333,5.0,cot,7.0,980,5.0,0.0004435332651820814,0.04448959548506328,0.9389100584600782,0.016156812789676345,0.9389100584600782
1,basic_no_format,369, a,261,5.0,cot,8.0,981,5.0,0.0005124471812854965,0.0963934649808145,0.8812884263882909,0.021805661449609125,0.8812884263882909
1,basic_no_format,370, competing,45386,5.0,cot,9.0,982,5.0,0.00010568652059733655,0.001959158995897294,0.9156063785926334,0.08232877589087195,0.9156063785926334
1,basic_no_format,371, objective,23062,5.0,cot,10.0,983,5.0,5.572307873531007e-05,0.00014000619584930468,0.20380174725278535,0.79600252347263,0.20380174725278535
1,basic_no_format,372, in,306,5.0,cot,11.0,984,5.0,1.03215268609917e-05,0.0005938922691538089,0.9514554207794517,0.047940365424533435,0.9514554207794517
1,basic_no_format,373, the,290,5.0,cot,12.0,985,5.0,0.00034978428625192533,0.0006252341274160556,0.8302097822617209,0.16881519932461098,0.8302097822617209
1,basic_no_format,374, same,2684,5.0,cot,13.0,986,5.0,5.794160037695819e-05,0.002959063834216821,0.8761987673189753,0.12078422724643097,0.8761987673189753
1,basic_no_format,375, visual,11256,5.0,cot,14.0,987,5.0,6.757972353673703e-05,0.0002809788016680752,0.16486830691686485,0.8347831345579303,0.16486830691686485
1,basic_no_format,376, comparison,19211,5.0,cot,15.0,988,5.0,5.7754403166701995e-06,0.00045614578029450336,0.050639435340328456,0.9488986434390604,0.050639435340328456
1,basic_no_format,377,.,13,5.0,cot,16.0,989,5.0,1.8759916375032216e-06,5.6720385280591406e-05,0.9921127769540014,0.007828626669080506,0.9921127769540014
1,basic_no_format,378, I,357,5.0,cot,17.0,990,5.0,4.625381028220104e-07,5.839878586379408e-06,0.9967463252508179,0.0032473723324929144,0.9967463252508179
1,basic_no_format,379, should,1757,5.0,cot,18.0,991,5.0,1.9829459954904603e-09,1.2146423220497012e-07,0.9999895401576994,1.03363951223902e-05,0.9999895401576994
1,basic_no_format,380, avoid,8397,5.0,cot,19.0,992,5.0,2.104607282606521e-07,1.9684085058808695e-07,0.999555507934636,0.0004440847637852233,0.999555507934636
1,basic_no_format,381, compress,34112,5.0,cot,20.0,993,5.0,0.0003477841636992002,0.00042097739416983344,0.9424688480569483,0.05676239038518247,0.9424688480569483
1,basic_no_format,382,ing,289,5.0,cot,21.0,994,5.0,1.6277471017664443e-06,7.981479252559894e-06,0.9773560142824135,0.022634376491232257,0.9773560142824135
1,basic_no_format,383, everything,5519,5.0,cot,22.0,995,5.0,0.00015427501261283167,0.006882183646140941,0.8711490713724508,0.12181446996879551,0.8711490713724508
1,basic_no_format,384, into,1511,5.0,cot,23.0,996,5.0,4.3367008438292473e-07,1.2115783795329974e-06,0.9977125288404898,0.0022858259110465286,0.9977125288404898
1,basic_no_format,385, one,1001,5.0,cot,24.0,997,5.0,6.24823735067958e-05,0.0009243045003532241,0.9847105190297336,0.014302694096406316,0.9847105190297336
1,basic_no_format,386, score,8429,5.0,cot,25.0,998,5.0,8.286192670273559e-07,1.7947700709962262e-06,0.00775892461130237,0.9922384519993596,0.00775892461130237
1,basic_no_format,387, whose,12119,5.0,cot,26.0,999,5.0,4.3910421948298944e-06,2.6395478239340264e-06,0.25345174308811874,0.7465412263218625,0.25345174308811874
1,basic_no_format,388, weights,28460,5.0,cot,27.0,1000,5.0,1.2569338968000232e-05,9.224502096186843e-07,0.0364667524598612,0.9635197557509613,0.0364667524598612
1,basic_no_format,389, may,1340,5.0,cot,28.0,1001,5.0,3.323641334699514e-06,2.202642961549848e-06,0.8062624489158011,0.1937320247999027,0.8062624489158011
1,basic_no_format,390, hide,16930,5.0,cot,29.0,1002,5.0,3.8361228114213046e-05,7.454723403316168e-05,0.7442278512536783,0.25565924028417425,0.7442278512536783
1,basic_no_format,391, a,261,5.0,cot,30.0,1003,5.0,7.993252806776898e-05,0.0007051751523388958,0.5780386858295236,0.42117620649006987,0.5780386858295236
1,basic_no_format,392, cost,3097,5.0,cot,31.0,1004,5.0,0.0001044288475466388,2.7466047671780773e-05,0.11479218418445673,0.8850759209203248,0.11479218418445673
1,basic_no_format,393,.,13,5.0,cot,32.0,1005,5.0,8.869887169170537e-05,0.0001478061460824466,0.8375590998226345,0.16220439515959145,0.8375590998226345
1,basic_no_format,394, A,355,5.0,cot,33.0,1006,5.0,4.4973919211807124e-07,2.90308508448308e-07,0.9832355330758391,0.016763726876460355,0.9832355330758391
1,basic_no_format,395, two,1920,5.0,cot,34.0,1007,5.0,6.158525585485667e-05,0.00033206258462833873,0.7490688571629868,0.25053749499653,0.7490688571629868
1,basic_no_format,396,-dimensional,51578,5.0,cot,35.0,1008,5.0,9.135022134526563e-05,0.00022019956803064818,0.18614924713496278,0.8135392030756614,0.18614924713496278
1,basic_no_format,397, plot,12857,5.0,cot,36.0,1009,5.0,3.945152002698237e-05,5.166607944672107e-05,0.16549251478251312,0.8344163676180132,0.16549251478251312
1,basic_no_format,398, can,665,5.0,cot,37.0,1010,5.0,4.196530077937183e-05,0.00017980463823603562,0.8369571623287715,0.1628210677322131,0.8369571623287715
1,basic_no_format,399, show,2356,5.0,cot,38.0,1011,5.0,0.00044339445449016507,0.0001635341089853353,0.9732225727592682,0.02617049867725624,0.9732225727592682
1,basic_no_format,400, authorized,30812,5.0,cot,39.0,1012,5.0,0.00013225736989881253,0.00019390010045507758,0.5542488367168567,0.44542500581278943,0.5542488367168567
1,basic_no_format,401, task,5296,5.0,cot,40.0,1013,5.0,0.0008016305688709125,0.00012618356025485857,0.15932872538629778,0.8397434604845764,0.15932872538629778
1,basic_no_format,402, completion,18128,5.0,cot,41.0,1014,5.0,0.0010268282317680566,0.00029477956219886,0.4049320982229907,0.5937462939830424,0.4049320982229907
1,basic_no_format,403, and,326,5.0,cot,42.0,1015,5.0,0.00036680340543743543,0.0008580157944673538,0.4230420093585251,0.5757331714415701,0.4230420093585251
1,basic_no_format,404, unwanted,49578,5.0,cot,43.0,1016,5.0,0.0014111877516148363,0.001334419678386419,0.8193022965132634,0.17795209605673554,0.8193022965132634
1,basic_no_format,405, action,3736,5.0,cot,44.0,1017,5.0,0.00934332747127538,0.006585946108536025,0.5169654554847481,0.4671052709354404,0.5169654554847481
1,basic_no_format,406, rates,9837,5.0,cot,45.0,1018,5.0,0.0005370313631827894,0.0004425672187989718,0.5658799615031856,0.4331404399148326,0.5658799615031856
1,basic_no_format,407, together,4717,5.0,cot,46.0,1019,5.0,0.0008201485768579793,0.0025053797652112423,0.8212467315158564,0.17542774014207438,0.8212467315158564
1,basic_no_format,408,",",11,5.0,cot,47.0,1020,5.0,0.00015384388706291875,0.0007618295072512287,0.1845487927052934,0.8145355339003924,0.1845487927052934
1,basic_no_format,409, with,483,5.0,cot,48.0,1021,5.0,6.631350278972503e-05,9.232359204785977e-05,0.8136397390312592,0.18620162387390324,0.8136397390312592
1,basic_no_format,410, the,290,5.0,cot,49.0,1022,5.0,0.01156023272066776,0.09927790987270994,0.2155160438665265,0.6736458135400958,0.2155160438665265
1,basic_no_format,411, same,2684,5.0,cot,50.0,1023,5.0,0.002872122430600832,0.0007750588181604889,0.7689752929351488,0.22737752581609,0.7689752929351488
1,basic_no_format,412, cases,7911,5.0,cot,51.0,1024,5.0,0.004691934714753362,0.001614326201273054,0.2486617317311557,0.7450320073528179,0.2486617317311557
1,basic_no_format,413, contributing,44404,5.0,cot,52.0,1025,5.0,2.6396638872938567e-05,6.483492013742866e-06,0.017534887792148377,0.982432232076965,0.017534887792148377
1,basic_no_format,414, to,316,5.0,cot,53.0,1026,5.0,0.002690299987979259,0.004203769028687524,0.08690021219431572,0.9062057187890175,0.08690021219431572
1,basic_no_format,415, both,2973,5.0,cot,54.0,1027,5.0,0.0012457303748564168,0.058174953363592796,0.7689661416791876,0.17161317458236314,0.7689661416791876
1,basic_no_format,416,.,13,5.0,cot,55.0,1028,5.0,9.628323799103443e-05,8.528917337421994e-06,0.14124978563311563,0.8586454022115558,0.14124978563311563
1,basic_no_format,417, The,623,5.0,cot,56.0,1029,5.0,2.194235055637286e-06,0.00011980958034289474,0.9347853632524781,0.06509263293212339,0.9347853632524781
1,basic_no_format,418, baseline,51356,5.0,cot,57.0,1030,5.0,0.00015117798895485936,0.0007068485999476844,0.04049741967381207,0.9586445537372853,0.04049741967381207
1,basic_no_format,419, should,1757,5.0,cot,58.0,1031,5.0,0.00010750027803844863,0.0007214098677396969,0.9915734416276442,0.007597648226577682,0.9915734416276442
1,basic_no_format,420, be,413,5.0,cot,59.0,1032,5.0,0.00020411792875073872,0.005486517043576164,0.7403562401543125,0.25395312487336064,0.7403562401543125
1,basic_no_format,421, visibly,169719,5.0,cot,60.0,1033,5.0,2.6747817445693163e-05,6.394183652727031e-05,0.903509477882024,0.09639983246400304,0.903509477882024
1,basic_no_format,422, marked,20779,5.0,cot,61.0,1034,5.0,0.00028706656791238763,0.0012778439053792838,0.7751718206413328,0.22326326888537548,0.7751718206413328
1,basic_no_format,423, so,813,5.0,cot,62.0,1035,5.0,0.0012099476863631747,0.0018498559362828423,0.41033282990337516,0.5866073664739788,0.41033282990337516
1,basic_no_format,424, a,261,5.0,cot,63.0,1036,5.0,0.0011988461779309353,0.012107701060523052,0.9711931017883557,0.015500350973190453,0.9711931017883557
1,basic_no_format,425, reader,10958,5.0,cot,64.0,1037,5.0,0.0019556357215077514,0.005789347240488035,0.8286957023099136,0.1635593147280905,0.8286957023099136
1,basic_no_format,426, can,665,5.0,cot,65.0,1038,5.0,1.0828444048701723e-05,1.221261160962036e-05,0.9560607827293026,0.04391617621503904,0.9560607827293026
1,basic_no_format,427, judge,23319,5.0,cot,66.0,1039,5.0,5.397983825584713e-05,6.357752024013026e-05,0.6707137164348647,0.3291687262066394,0.6707137164348647
1,basic_no_format,428, movement,12772,5.0,cot,67.0,1040,5.0,2.5133396940230684e-06,6.346117950833877e-06,0.004213433216158788,0.9957777073261963,0.004213433216158788
1,basic_no_format,429, relative,15001,5.0,cot,68.0,1041,5.0,4.695895373425976e-06,8.359490415007066e-05,0.02880790398663172,0.9711038052138447,0.02880790398663172
1,basic_no_format,430, to,316,5.0,cot,69.0,1042,5.0,0.0001289011121555578,0.004340091148070608,0.052610028257994525,0.9429209794817792,0.052610028257994525
1,basic_no_format,431, the,290,5.0,cot,70.0,1043,5.0,0.0038556054421397634,0.010694730145915397,0.17705088337608613,0.8083987810358587,0.17705088337608613
1,basic_no_format,432, starting,8601,5.0,cot,71.0,1044,5.0,8.079653119781487e-06,8.005532775683688e-06,0.007643897420650118,0.9923400173934545,0.007643897420650118
1,basic_no_format,433, point,2438,5.0,cot,72.0,1045,5.0,1.7019299348646112e-05,1.179609006757679e-05,0.018051455035393047,0.9819197295751907,0.018051455035393047
1,basic_no_format,434,.,13,5.0,cot,73.0,1046,5.0,8.041052524745005e-06,1.4610481921733921e-05,0.833977644034141,0.16599970443141251,0.833977644034141
1,basic_no_format,435, I,357,5.0,cot,74.0,1047,5.0,3.023485975252806e-07,8.757722995785981e-06,0.9842988956598479,0.01569204426855889,0.9842988956598479
1,basic_no_format,436, also,1217,5.0,cot,75.0,1048,5.0,0.001524556416095726,0.021882416429521746,0.6698996492625593,0.30669337789182316,0.6698996492625593
1,basic_no_format,437, need,1309,5.0,cot,76.0,1049,5.0,1.822681693248152e-07,3.562986981813158e-07,0.9982021555102693,0.0017973059228630285,0.9982021555102693
1,basic_no_format,438, to,316,5.0,cot,77.0,1050,5.0,0.00045591222132389947,0.00382662005909569,0.9523182633446449,0.04339920437493563,0.9523182633446449
1,basic_no_format,439, say,2891,5.0,cot,78.0,1051,5.0,0.0001379925180503775,0.0003093999589103742,0.7639182510629899,0.23563435646004924,0.7639182510629899
1,basic_no_format,440, that,484,5.0,cot,79.0,1052,5.0,1.2888895343950392e-05,5.23229295276285e-05,0.49087581974222433,0.509058968432904,0.49087581974222433
1,basic_no_format,441, changing,13784,5.0,cot,80.0,1053,5.0,3.2871288737330946e-06,3.8600498186656765e-07,0.05760892426637306,0.9423874025997713,0.05760892426637306
1,basic_no_format,442, intervention,32206,5.0,cot,81.0,1054,5.0,0.001000605667393013,0.00047951946573629125,0.41073542944239017,0.5877844454244806,0.41073542944239017
1,basic_no_format,443, strength,9386,5.0,cot,82.0,1055,5.0,2.595299784881209e-05,6.145240566630974e-06,0.062169763689869935,0.9377981380717146,0.062169763689869935
1,basic_no_format,444, produces,28135,5.0,cot,83.0,1056,5.0,0.00010352017434537821,6.273395418980101e-05,0.04026646026885341,0.9595672856026114,0.04026646026885341
1,basic_no_format,445, a,261,5.0,cot,84.0,1057,5.0,0.0014389859116391865,0.003647352286621801,0.23100671867036285,0.7639069431313762,0.23100671867036285
1,basic_no_format,446, series,5594,5.0,cot,85.0,1058,5.0,0.0009079557134215712,0.0030382739846738665,0.6401551003855219,0.3558986699163825,0.6401551003855219
1,basic_no_format,447, of,328,5.0,cot,86.0,1059,5.0,0.0008802016322864494,0.0017294870317025096,0.7377660065192914,0.25962430481671983,0.7377660065192914
1,basic_no_format,448, settings,8743,5.0,cot,87.0,1060,5.0,2.741735739142753e-05,2.0183768754338856e-05,0.0818064163331181,0.9181459825407362,0.0818064163331181
1,basic_no_format,449,",",11,5.0,cot,88.0,1061,5.0,0.0022558918551824642,0.0010591936938629874,0.7662177949780081,0.23046711947294635,0.7662177949780081
1,basic_no_format,450, not,625,5.0,cot,89.0,1062,5.0,7.40367339876554e-05,0.00012777044113264954,0.8117732644415052,0.18802492838337456,0.8117732644415052
1,basic_no_format,451, additional,6623,5.0,cot,90.0,1063,5.0,0.0014849095798526565,0.0005769414842435637,0.6672876824404154,0.33065046649548846,0.6672876824404154
1,basic_no_format,452, independent,13313,5.0,cot,91.0,1064,5.0,0.00017035194504137803,0.0007543322478816582,0.8147870643510118,0.18428825145606526,0.8147870643510118
1,basic_no_format,453, samples,16902,5.0,cot,92.0,1065,5.0,0.0004382155786589001,0.0020070381322568115,0.5133554736638651,0.48419927262521906,0.5133554736638651
1,basic_no_format,454,",",11,5.0,cot,93.0,1066,5.0,0.0018605998129087268,0.004186795716723017,0.8793638841623578,0.11458872030801052,0.8793638841623578
1,basic_no_format,455, and,326,5.0,cot,94.0,1067,5.0,1.3373328904404842e-06,4.96956531024759e-06,0.18720005959355754,0.8127936335082417,0.18720005959355754
1,basic_no_format,456, that,484,5.0,cot,95.0,1068,5.0,6.61079626465961e-06,2.1773222168991744e-05,0.2810823401218706,0.7188892758596958,0.2810823401218706
1,basic_no_format,457, uncertainty,44942,5.0,cot,96.0,1069,5.0,2.116595667518008e-06,2.1905395546504897e-06,0.017706053461813358,0.9822896394029645,0.017706053461813358
1,basic_no_format,458, belongs,33063,5.0,cot,97.0,1070,5.0,2.1817468593155145e-05,1.889304250806121e-05,0.3345084505870334,0.6654508389018654,0.3345084505870334
1,basic_no_format,459, to,316,5.0,cot,98.0,1071,5.0,7.815581744398636e-06,3.2229788256859504e-05,0.07891375146150155,0.9210462031684972,0.07891375146150155
1,basic_no_format,460, the,290,5.0,cot,99.0,1072,5.0,0.00013516227510372347,0.0015722412380675473,0.04501797895204971,0.9532746175347792,0.04501797895204971
1,basic_no_format,461, underlying,27899,5.0,cot,100.0,1073,5.0,3.168280015836872e-05,0.0005797184915075214,0.09432202523076322,0.905066573477571,0.09432202523076322
1,basic_no_format,462, conversations,31594,5.0,cot,101.0,1074,5.0,0.0011856066819661145,0.00018650785553321421,0.03905464110377366,0.9595732443587272,0.03905464110377366
1,basic_no_format,463,".
",558,5.0,cot,102.0,1075,5.0,4.717036126239103e-07,5.815030467093286e-07,0.9680434275482467,0.031955519245093836,0.9680434275482467
1,basic_no_format,464,Plot,31834,6.0,assistant,1.0,1076,6.0,6.70247290947117e-06,8.221518077258123e-05,0.28897345326687207,0.7109376290794459,0.28897345326687207
1,basic_no_format,465, ordinary,30633,6.0,assistant,2.0,1077,6.0,0.00047775512387083645,0.0004441827593175307,0.11583182117670254,0.8832462409401091,0.11583182117670254
1,basic_no_format,466, task,5296,6.0,assistant,3.0,1078,6.0,0.0008945662453274602,4.9051033266712534e-05,0.12992527650291139,0.8691311062184944,0.12992527650291139
1,basic_no_format,467, completion,18128,6.0,assistant,4.0,1079,6.0,0.00020159677047763415,6.57731482775712e-05,0.07420335675944381,0.9255292733218009,0.07420335675944381
1,basic_no_format,468, on,402,6.0,assistant,5.0,1080,6.0,0.0002700864244117025,0.0001566772011379399,0.12532539930256992,0.8742478370718805,0.12532539930256992
1,basic_no_format,469, one,1001,6.0,assistant,6.0,1081,6.0,0.0005019686549952746,0.002147189764842563,0.7873089366283358,0.21004190495182637,0.7873089366283358
1,basic_no_format,470, axis,16300,6.0,assistant,7.0,1082,6.0,0.00026334562176004027,7.324097760537473e-05,0.020448196290760532,0.979215217109874,0.020448196290760532
1,basic_no_format,471, and,326,6.0,assistant,8.0,1083,6.0,0.0015014902397550817,0.0038937645572769803,0.1646005078120833,0.8300042373908846,0.1646005078120833
1,basic_no_format,472, the,290,6.0,assistant,9.0,1084,6.0,0.005956371590232595,0.03589941356732714,0.3903549156255572,0.567789299216883,0.3903549156255572
1,basic_no_format,473, unwanted,49578,6.0,assistant,10.0,1085,6.0,0.000888640879641162,0.014774064565169324,0.8035272344834342,0.1808100600717554,0.8035272344834342
1,basic_no_format,474, action,3736,6.0,assistant,11.0,1086,6.0,0.000677223272972551,9.755274462394963e-05,0.8501578552229385,0.14906736875946508,0.8501578552229385
1,basic_no_format,475, rate,6251,6.0,assistant,12.0,1087,6.0,0.005220250597999698,0.003963980089905718,0.34195346968731133,0.6488622996247831,0.34195346968731133
1,basic_no_format,476, on,402,6.0,assistant,13.0,1088,6.0,0.0022737486072029415,0.0013502341482720124,0.21653282930020926,0.7798431879443157,0.21653282930020926
1,basic_no_format,477, the,290,6.0,assistant,14.0,1089,6.0,1.6322883339938214e-07,4.4868966927143386e-05,0.9967652467165419,0.0031897210876976638,0.9967652467165419
1,basic_no_format,478, other,1273,6.0,assistant,15.0,1090,6.0,0.0021449818060292848,0.001278231649300762,0.5451924549278612,0.4513843316168088,0.5451924549278612
1,basic_no_format,479,.,13,6.0,assistant,16.0,1091,6.0,2.8294604046327684e-05,0.004008183609406677,0.9793195836789081,0.016643938107638912,0.9793195836789081
1,basic_no_format,480, Mark,5070,6.0,assistant,17.0,1092,6.0,0.0014027753871605822,0.0012225010259119585,0.6195618912643868,0.3778128323225407,0.6195618912643868
1,basic_no_format,481, the,290,6.0,assistant,18.0,1093,6.0,0.0006455956085818595,0.0006390863175995471,0.21312739042926496,0.7855879276445537,0.21312739042926496
1,basic_no_format,482, unchanged,73928,6.0,assistant,19.0,1094,6.0,8.161106407496695e-05,5.3027583150109824e-05,0.029868956613352024,0.9699964047394228,0.029868956613352024
1,basic_no_format,483, baseline,51356,6.0,assistant,20.0,1095,6.0,3.20528163503302e-05,5.25466239353666e-05,0.055725776814765336,0.944189623744949,0.055725776814765336
1,basic_no_format,484, and,326,6.0,assistant,21.0,1096,6.0,0.0003304706443486422,0.0002316868161137084,0.2111653333148338,0.7882725092247037,0.2111653333148338
1,basic_no_format,485, show,2356,6.0,assistant,22.0,1097,6.0,3.6630809114109276e-05,0.00010633766385430257,0.11552980905764693,0.8843272224693848,0.11552980905764693
1,basic_no_format,486, each,2454,6.0,assistant,23.0,1098,6.0,9.703826534539748e-05,0.000508247060801313,0.39524167190531584,0.6041530427685375,0.39524167190531584
1,basic_no_format,487, intervention,32206,6.0,assistant,24.0,1099,6.0,0.0005931785200344247,0.002194489433671224,0.35324231605438117,0.6439700159919133,0.35324231605438117
1,basic_no_format,488, strength,9386,6.0,assistant,25.0,1100,6.0,0.0002449347961289017,0.00020389647785728642,0.4745430768401312,0.5250080918858826,0.4745430768401312
1,basic_no_format,489, as,472,6.0,assistant,26.0,1101,6.0,0.0003314219296451615,0.0001477408900750813,0.577628112758048,0.42189272442223186,0.577628112758048
1,basic_no_format,490, a,261,6.0,assistant,27.0,1102,6.0,0.0003367231095531658,0.00024618534675421773,0.9302335625920575,0.06918352895163504,0.9302335625920575
1,basic_no_format,491, separate,13574,6.0,assistant,28.0,1103,6.0,0.00015823612027392924,9.502407741524865e-05,0.87574815801297,0.12399858178934077,0.87574815801297
1,basic_no_format,492, point,2438,6.0,assistant,29.0,1104,6.0,9.50492767612014e-05,0.00010916827393466438,0.4344128624645361,0.565382919984768,0.4344128624645361
1,basic_no_format,493,",",11,6.0,assistant,30.0,1105,6.0,0.0008535427942539093,0.0029848725393067104,0.6993210976621395,0.2968404870043,0.6993210976621395
1,basic_no_format,494, with,483,6.0,assistant,31.0,1106,6.0,7.069972296704876e-05,1.6691243415556825e-05,0.26911111026947077,0.7308014987641468,0.26911111026947077
1,basic_no_format,495, labels,17125,6.0,assistant,32.0,1107,6.0,0.0001497711554572997,0.0008246517129392003,0.6682801012756105,0.330745475855993,0.6682801012756105
1,basic_no_format,496, that,484,6.0,assistant,33.0,1108,6.0,0.00024936701432558516,0.00012220299288587253,0.5092218898573195,0.4904065401354691,0.5092218898573195
1,basic_no_format,497, identify,11410,6.0,assistant,34.0,1109,6.0,0.00013018739443407864,0.00012842715737203483,0.3845863755493236,0.6151550098988703,0.3845863755493236
1,basic_no_format,498, the,290,6.0,assistant,35.0,1110,6.0,0.0008371418204689814,0.1869658187725633,0.6443344354147946,0.1678626039921731,0.6443344354147946
1,basic_no_format,499, method,2595,6.0,assistant,36.0,1111,6.0,0.00042097865223528707,0.0027260144086758316,0.2605617168115187,0.7362912901275703,0.2605617168115187
1,basic_no_format,500,.,13,6.0,assistant,37.0,1112,6.0,7.539180967517199e-05,9.483985885715905e-05,0.49790781302191756,0.5019219553095502,0.49790781302191756
1,basic_no_format,501, A,355,6.0,assistant,38.0,1113,6.0,3.687714899382315e-05,1.582911284585175e-05,0.5071135651704326,0.49283372856772767,0.5071135651704326
1,basic_no_format,502, useful,8316,6.0,assistant,39.0,1114,6.0,0.0006013213703969572,7.398345661058711e-05,0.7697341215904611,0.2295905735825315,0.7697341215904611
1,basic_no_format,503, intervention,32206,6.0,assistant,40.0,1115,6.0,9.823396423328511e-05,4.169182482788799e-06,0.08964047348233901,0.9102571233709449,0.08964047348233901
1,basic_no_format,504, should,1757,6.0,assistant,41.0,1116,6.0,0.00014045345810312856,6.0442279141050906e-05,0.15535223878245558,0.8444468654803001,0.15535223878245558
1,basic_no_format,505, move,5275,6.0,assistant,42.0,1117,6.0,2.3808901340849925e-05,5.8071177648131765e-06,0.02493734615671126,0.9750330378241829,0.02493734615671126
1,basic_no_format,506, toward,15256,6.0,assistant,43.0,1118,6.0,0.0002470301208913454,0.00015246146675386354,0.04303220741367537,0.9565683009986795,0.04303220741367537
1,basic_no_format,507, fewer,30732,6.0,assistant,44.0,1119,6.0,0.0007187698149089304,7.751015689786645e-05,0.07396908754269495,0.9252346324854983,0.07396908754269495
1,basic_no_format,508, unwanted,49578,6.0,assistant,45.0,1120,6.0,0.005261414590287122,0.0058955193901696025,0.8850960341598091,0.10374703185973418,0.8850960341598091
1,basic_no_format,509, actions,10370,6.0,assistant,46.0,1121,6.0,0.010332923623540774,0.002289910389158631,0.8427798147562208,0.14459735123107983,0.8427798147562208
1,basic_no_format,510, while,2049,6.0,assistant,47.0,1122,6.0,0.0002790426252795309,5.178448306456193e-05,0.2218001426842659,0.77786903020739,0.2218001426842659
1,basic_no_format,511, preserving,74564,6.0,assistant,48.0,1123,6.0,0.0008207617018768755,0.00014194166135028706,0.20376727141971637,0.7952700252170565,0.20376727141971637
1,basic_no_format,512, task,5296,6.0,assistant,49.0,1124,6.0,0.004274132415864576,0.00038178432023184655,0.2714065783688838,0.7239375048950198,0.2714065783688838
1,basic_no_format,513, completion,18128,6.0,assistant,50.0,1125,6.0,0.0009220963131117557,9.10430947460853e-05,0.024428254333149272,0.9745586062589928,0.024428254333149272
1,basic_no_format,514,.,13,6.0,assistant,51.0,1126,6.0,0.00018979006676604743,7.719072904144037e-05,0.47699929650234973,0.5227337227018428,0.47699929650234973
1,basic_no_format,515, Include,50210,6.0,assistant,52.0,1127,6.0,9.597107529801165e-05,2.4600202649377633e-06,0.48579984422350775,0.5141017246809293,0.48579984422350775
1,basic_no_format,516, the,290,6.0,assistant,53.0,1128,6.0,6.53297077159732e-05,6.545695598027268e-05,0.08079441646555424,0.9190747968707496,0.08079441646555424
1,basic_no_format,517, number,2086,6.0,assistant,54.0,1129,6.0,6.54785864342613e-05,0.00018228318241022873,0.14543511156490888,0.8543171266662466,0.14543511156490888
1,basic_no_format,518, of,328,6.0,assistant,55.0,1130,6.0,2.8135203172692308e-05,7.625945288532809e-05,0.10281191738889531,0.8970836879550467,0.10281191738889531
1,basic_no_format,519, independent,13313,6.0,assistant,56.0,1131,6.0,0.00039715148899491904,0.00019938955412260152,0.5378072964452721,0.4615961625116104,0.5378072964452721
1,basic_no_format,520, conversations,31594,6.0,assistant,57.0,1132,6.0,3.091068956975857e-05,1.371565820804281e-05,0.04104220949320374,0.9589131641590185,0.04104220949320374
1,basic_no_format,521, and,326,6.0,assistant,58.0,1133,6.0,1.612590089659799e-05,9.921881455853293e-06,0.18440791988193095,0.8155660323357166,0.18440791988193095
1,basic_no_format,522, show,2356,6.0,assistant,59.0,1134,6.0,6.544320203184746e-05,1.0010673012057946e-05,0.19920104194389823,0.8007235041810579,0.19920104194389823
1,basic_no_format,523, uncertainty,44942,6.0,assistant,60.0,1135,6.0,5.496579083861662e-06,8.434668607738332e-06,0.03248871680223525,0.9674973519500732,0.03248871680223525
1,basic_no_format,524, for,395,6.0,assistant,61.0,1136,6.0,3.652168669327638e-05,2.4375656816571285e-05,0.5187640780931635,0.48117502456332667,0.5187640780931635
1,basic_no_format,525, both,2973,6.0,assistant,62.0,1137,6.0,2.729417295701879e-05,4.386523326054063e-06,0.17803008483265403,0.8219382344710628,0.17803008483265403
1,basic_no_format,526, outcomes,24693,6.0,assistant,63.0,1138,6.0,1.6035369109486734e-05,5.498807574447805e-06,0.023112512139743125,0.9768659536835729,0.023112512139743125
1,basic_no_format,527, when,1261,6.0,assistant,64.0,1139,6.0,4.549965022712626e-06,1.851599748546764e-06,0.07940308865983521,0.9205905097753935,0.07940308865983521
1,basic_no_format,528, the,290,6.0,assistant,65.0,1140,6.0,3.4123154611675496e-07,1.503862639537858e-07,0.008370994399590392,0.9916285139825995,0.008370994399590392
1,basic_no_format,529, sample,10176,6.0,assistant,66.0,1141,6.0,8.069296474898421e-05,0.00011443782025360656,0.1341217588953658,0.8656831103196315,0.1341217588953658
1,basic_no_format,530, supports,17203,6.0,assistant,67.0,1142,6.0,5.40198813355275e-06,5.588620527217188e-06,0.1331799723173896,0.8668090370739496,0.1331799723173896
1,basic_no_format,531, it,480,6.0,assistant,68.0,1143,6.0,4.398776813929822e-05,3.2872792962639785e-05,0.5222331281039103,0.4776900113349878,0.5222331281039103
1,basic_no_format,532,.,13,6.0,assistant,69.0,1144,6.0,3.0702156182834025e-05,8.60722901113563e-06,0.9177005870061137,0.08226010360869239,0.9177005870061137
1,basic_no_format,533, Keep,16835,6.0,assistant,70.0,1145,6.0,5.4518823458583495e-05,3.351291826186975e-05,0.8411780404821974,0.1587339277760822,0.8411780404821974
1,basic_no_format,534, a,261,6.0,assistant,71.0,1146,6.0,0.003352128311374172,0.0017006390877503243,0.7621098767165483,0.23283735588432716,0.7621098767165483
1,basic_no_format,535, table,3293,6.0,assistant,72.0,1147,6.0,0.0018368336636893268,0.001240815218392885,0.39428677600464157,0.6026355751132763,0.39428677600464157
1,basic_no_format,536, of,328,6.0,assistant,73.0,1148,6.0,4.063435883416377e-05,4.2298683669432685e-05,0.25446421373314243,0.7454528532243541,0.25446421373314243
1,basic_no_format,537, the,290,6.0,assistant,74.0,1149,6.0,3.965643436539876e-07,1.0087322518759652e-06,0.8124972146543258,0.18750138004907874,0.8124972146543258
1,basic_no_format,538, actual,6290,6.0,assistant,75.0,1150,6.0,9.220696574444812e-05,9.265793027435628e-05,0.17948160755886627,0.8203335275451149,0.17948160755886627
1,basic_no_format,539, outcome,24192,6.0,assistant,76.0,1151,6.0,5.9951420745858654e-05,0.00022664421570220414,0.08456471123235988,0.915148693131192,0.08456471123235988
1,basic_no_format,540, categories,16944,6.0,assistant,77.0,1152,6.0,0.00023547928370390233,2.264059865163255e-05,0.22705832433677622,0.7726835557808681,0.22705832433677622
1,basic_no_format,541, nearby,19486,6.0,assistant,78.0,1153,6.0,0.00036508283760190334,2.447433371890976e-05,0.7954209905253762,0.20418945230330288,0.7954209905253762
1,basic_no_format,542, so,813,6.0,assistant,79.0,1154,6.0,0.000597675516138077,0.0001737377437811998,0.059179386391513183,0.9400492003485675,0.059179386391513183
1,basic_no_format,543, readers,15116,6.0,assistant,80.0,1155,6.0,0.00031655492892187646,0.0001384939800925698,0.18945502463184916,0.8100899264591364,0.18945502463184916
1,basic_no_format,544, can,665,6.0,assistant,81.0,1156,6.0,4.628764631025848e-06,9.920942335275822e-07,0.24589049467224544,0.75410388446889,0.24589049467224544
1,basic_no_format,545, inspect,36665,6.0,assistant,82.0,1157,6.0,0.0002331391340078809,0.00028971973015229287,0.9358539834770296,0.06362315765881037,0.9358539834770296
1,basic_no_format,546, what,1412,6.0,assistant,83.0,1158,6.0,0.0001072718802615444,0.00030114543239453614,0.23836086657608455,0.7612307161112594,0.23836086657608455
1,basic_no_format,547, an,448,6.0,assistant,84.0,1159,6.0,9.960814138346672e-06,7.526567552005028e-05,0.1133657863446904,0.8865489871656511,0.1133657863446904
1,basic_no_format,548, incomplete,60592,6.0,assistant,85.0,1160,6.0,0.00029937889544973773,0.0003295914588719898,0.12983970579077186,0.8695313238549064,0.12983970579077186
1,basic_no_format,549, answer,6052,6.0,assistant,86.0,1161,6.0,0.0010753368337332659,0.0020695418563518252,0.20470447992365517,0.7921506413862598,0.20470447992365517
1,basic_no_format,550, means,4748,6.0,assistant,87.0,1162,6.0,0.000281604713752126,0.0013781636468446665,0.4358456754680915,0.5624945561713116,0.4358456754680915
1,basic_no_format,551,.,13,6.0,assistant,88.0,1163,6.0,3.4023105420964936e-05,1.1652915505563415e-05,0.2953784654628122,0.7045758585162613,0.2953784654628122
1,basic_no_format,552, This,1328,6.0,assistant,89.0,1164,6.0,1.7721618342645426e-06,3.567446050922977e-05,0.9290801607633166,0.07088239261433994,0.9290801607633166
1,basic_no_format,553, makes,4787,6.0,assistant,90.0,1165,6.0,4.7440057514423704e-05,0.00016846046762785722,0.9409296939359421,0.058854405538915744,0.9409296939359421
1,basic_no_format,554, the,290,6.0,assistant,91.0,1166,6.0,0.0004848374637307564,0.002116046671149312,0.797898943536321,0.19950017232879905,0.797898943536321
1,basic_no_format,555, cost,3097,6.0,assistant,92.0,1167,6.0,0.0003028345529837145,0.0001999872391898288,0.12730426764736932,0.8721929105604571,0.12730426764736932
1,basic_no_format,556, visible,15263,6.0,assistant,93.0,1168,6.0,3.972683848463384e-05,4.420362016025824e-05,0.1421482664168131,0.857767803124542,0.1421482664168131
1,basic_no_format,557, in,306,6.0,assistant,94.0,1169,6.0,0.0005642913194127589,0.0005279209592855546,0.20601737616145305,0.7928904115598486,0.20601737616145305
1,basic_no_format,558, the,290,6.0,assistant,95.0,1170,6.0,0.0001615481850102583,0.0016877848320363345,0.5309452505691011,0.4672054164138523,0.5309452505691011
1,basic_no_format,559, main,2758,6.0,assistant,96.0,1171,6.0,0.00019008593618271332,0.0003427522290762065,0.06962702908625527,0.9298401327484859,0.06962702908625527
1,basic_no_format,560, result,1534,6.0,assistant,97.0,1172,6.0,0.0001289003040862345,0.0004547459869468832,0.015151534230210944,0.9842648194787559,0.015151534230210944
1,basic_no_format,561, and,326,6.0,assistant,98.0,1173,6.0,7.728564158887564e-05,0.00036101734263438375,0.18144304548158327,0.8181186515341935,0.18144304548158327
1,basic_no_format,562, prevents,46396,6.0,assistant,99.0,1174,6.0,1.195596046707262e-05,1.5098450350893e-05,0.9346526567572164,0.06532028883196557,0.9346526567572164
1,basic_no_format,563, a,261,6.0,assistant,100.0,1175,6.0,8.989936345677691e-05,0.004631405915188764,0.9843007522828614,0.010977942438493123,0.9843007522828614
1,basic_no_format,564, reduction,21441,6.0,assistant,101.0,1176,6.0,0.0005937108267707771,0.0021429488317625824,0.2344420961430663,0.7628212441984004,0.2344420961430663
1,basic_no_format,565, caused,14273,6.0,assistant,102.0,1177,6.0,1.8684258336796067e-05,0.00010275098149512675,0.0734185206803108,0.9264600440798572,0.0734185206803108
1,basic_no_format,566, by,656,6.0,assistant,103.0,1178,6.0,1.5985465854853103e-05,1.424181000427501e-05,0.08513609255609139,0.9148336801680494,0.08513609255609139
1,basic_no_format,567, general,5985,6.0,assistant,104.0,1179,6.0,0.0005262276599300373,0.0023775218005011828,0.20821176211590403,0.7888844884236648,0.20821176211590403
1,basic_no_format,568, failure,14090,6.0,assistant,105.0,1180,6.0,0.00012006388797680506,8.967993982332097e-05,0.010217789847973164,0.9895724663242267,0.010217789847973164
1,basic_no_format,569, from,591,6.0,assistant,106.0,1181,6.0,1.1193354124412892e-05,3.920588590555959e-05,0.01665801802768296,0.983291582732287,0.01665801802768296
1,basic_no_format,570, looking,3778,6.0,assistant,107.0,1182,6.0,2.657622345888237e-05,1.678910207261602e-05,0.02543093457653886,0.9745257000979296,0.02543093457653886
1,basic_no_format,571, like,1299,6.0,assistant,108.0,1183,6.0,0.00011651884220255523,0.00039603209150518385,0.18368568132075638,0.8158017677455359,0.18368568132075638
1,basic_no_format,572, a,261,6.0,assistant,109.0,1184,6.0,0.00182870693514908,0.009771838389771985,0.5630011890874687,0.4253982655876103,0.5630011890874687
1,basic_no_format,573, clean,4687,6.0,assistant,110.0,1185,6.0,0.0003107096437452104,0.009130273440451416,0.43763924368224166,0.5529197732335616,0.43763924368224166
1,basic_no_format,574, improvement,20692,6.0,assistant,111.0,1186,6.0,0.00031427182326158106,0.00018900749626601235,0.03293381963779669,0.9665629010426757,0.03293381963779669
1,basic_no_format,575,.,13,6.0,assistant,112.0,1187,6.0,3.208324735184991e-06,1.9569699165064433e-06,0.8364143627679123,0.163580471937436,0.8364143627679123
2,everything_in_user_tags,0,<|startoftext|>,199998,,,,1188,,0.9995470473076826,0.0004529526919496192,5.252346036230343e-15,3.623344151687733e-13,5.252346036230343e-15
2,everything_in_user_tags,1,<|start|>,200006,,,,1189,,0.6874085590990429,0.0013926320564438262,0.303261435778836,0.007937373065677296,0.303261435778836
2,everything_in_user_tags,2,user,1428,,,,1190,,0.030737031088379975,0.00044842477223378603,0.9687012620392409,0.00011328210014532025,0.9687012620392409
2,everything_in_user_tags,3,<|message|>,200008,,,,1191,,0.006094157529782949,0.005693955027712875,0.9882106875891534,1.199853350869876e-06,0.9882106875891534
2,everything_in_user_tags,4,You,3575,0.0,system,1.0,1192,0.0,0.013262203603819649,0.9491264268726521,0.03761136760770186,1.915826478620769e-09,0.03761136760770186
2,everything_in_user_tags,5, are,553,0.0,system,2.0,1193,0.0,0.0044298826002478605,0.6658622386407799,0.3297077516294831,1.2712948906533867e-07,0.3297077516294831
2,everything_in_user_tags,6, Chat,17554,0.0,system,3.0,1194,0.0,0.05482562434085858,0.14778708175275015,0.7973629799550268,2.4313951364503204e-05,0.7973629799550268
2,everything_in_user_tags,7,GPT,162016,0.0,system,4.0,1195,0.0,0.0032017086836650375,0.44794058034752593,0.5488576460716261,6.489718290186291e-08,0.5488576460716261
2,everything_in_user_tags,8,",",11,0.0,system,5.0,1196,0.0,0.0038911664743729877,0.7758245306244284,0.22028426628477846,3.661642015825033e-08,0.22028426628477846
2,everything_in_user_tags,9, a,261,0.0,system,6.0,1197,0.0,0.0005647624811790492,0.999281607357551,0.00015363001882756554,1.4244250364670033e-10,0.00015363001882756554
2,everything_in_user_tags,10, large,4410,0.0,system,7.0,1198,0.0,0.0021039793564535526,0.9953577083715145,0.002538295597639599,1.6674392384685628e-08,0.002538295597639599
2,everything_in_user_tags,11, language,6439,0.0,system,8.0,1199,0.0,0.5649502383794112,0.36627531045843914,0.06717506547260736,0.001599385689542333,0.06717506547260736
2,everything_in_user_tags,12, model,2359,0.0,system,9.0,1200,0.0,0.001953328113302296,0.9767993972057688,0.021247209981965297,6.469896354022466e-08,0.021247209981965297
2,everything_in_user_tags,13, trained,22203,0.0,system,10.0,1201,0.0,0.029490874656182303,0.9637180675614879,0.006791029424346353,2.8357983395412453e-08,0.006791029424346353
2,everything_in_user_tags,14, by,656,0.0,system,11.0,1202,0.0,0.41002589836921305,0.5872021855711891,0.0027719047672629025,1.1292334972672736e-08,0.0027719047672629025
2,everything_in_user_tags,15, Open,7788,0.0,system,12.0,1203,0.0,0.009343012895196508,4.817460482856764e-05,0.9903239484850914,0.00028486401488351143,0.9903239484850914
2,everything_in_user_tags,16,AI,17527,0.0,system,13.0,1204,0.0,0.4585481676020239,0.22335735857807565,0.3180943384826501,1.3533725048180803e-07,0.3180943384826501
2,everything_in_user_tags,17,".
",558,0.0,system,14.0,1205,0.0,0.04515701524460714,0.9212757663714359,0.03356721718125815,1.2026986553244878e-09,0.03356721718125815
2,everything_in_user_tags,18,Knowledge,87447,0.0,system,15.0,1206,0.0,0.03575207400509593,0.9569808511319349,0.007266387369482103,6.874934870472729e-07,0.007266387369482103
2,everything_in_user_tags,19, cutoff,100594,0.0,system,16.0,1207,0.0,0.003224741483044083,0.9749054151031876,0.021869502154671597,3.4125909660703863e-07,0.021869502154671597
2,everything_in_user_tags,20,:,25,0.0,system,17.0,1208,0.0,0.027543894417725305,0.971451612024453,0.001004491388759355,2.169062563820954e-09,0.001004491388759355
2,everything_in_user_tags,21, ,220,0.0,system,18.0,1209,0.0,0.3473610039116708,0.652456609788447,0.000179044687209423,3.34161267287366e-06,0.000179044687209423
2,everything_in_user_tags,22,202,1323,0.0,system,19.0,1210,0.0,0.09061360586289298,0.9090269000345265,0.00035943643072651715,5.7671853986251955e-08,0.00035943643072651715
2,everything_in_user_tags,23,4,19,0.0,system,20.0,1211,0.0,0.00222257614063727,0.9969624952495749,0.0008148998798948577,2.8729893041828636e-08,0.0008148998798948577
2,everything_in_user_tags,24,-,12,0.0,system,21.0,1212,0.0,0.00125035196777958,0.9985090804979806,0.00024056669106433203,8.431754198593909e-10,0.00024056669106433203
2,everything_in_user_tags,25,06,3218,0.0,system,22.0,1213,0.0,0.000840795963391094,0.9991043909632649,5.480491616269052e-05,8.15718128922384e-09,5.480491616269052e-05
2,everything_in_user_tags,26,"
",198,0.0,system,23.0,1214,0.0,0.0004342631195525592,0.9860530842464083,0.013512639147766731,1.3486272397602978e-08,0.013512639147766731
2,everything_in_user_tags,27,Current,6576,0.0,system,24.0,1215,0.0,0.009428135901670843,0.9841763050915929,0.006391071149331544,4.487857404627811e-06,0.006391071149331544
2,everything_in_user_tags,28, date,3521,0.0,system,25.0,1216,0.0,0.012773920198759375,0.8757339160218842,0.11147977527423318,1.238850512324558e-05,0.11147977527423318
2,everything_in_user_tags,29,:,25,0.0,system,26.0,1217,0.0,0.0003057981116225394,0.9945439043421945,0.005149753096001905,5.444501811068388e-07,0.005149753096001905
2,everything_in_user_tags,30, ,220,0.0,system,27.0,1218,0.0,0.1530924453553022,0.8427794199421587,0.004097188049159024,3.094665338014942e-05,0.004097188049159024
2,everything_in_user_tags,31,202,1323,0.0,system,28.0,1219,0.0,0.3210035145317659,0.6766399911357387,0.0023553273039174476,1.1670285779490392e-06,0.0023553273039174476
2,everything_in_user_tags,32,5,20,0.0,system,29.0,1220,0.0,0.0025013398133173007,0.994735593090244,0.002763063546727565,3.549711341381432e-09,0.002763063546727565
2,everything_in_user_tags,33,-,12,0.0,system,30.0,1221,0.0,0.007217619267817751,0.991825621848697,0.0009566881057145583,7.077777053214312e-08,0.0009566881057145583
2,everything_in_user_tags,34,10,702,0.0,system,31.0,1222,0.0,0.0006603864085351369,0.9983354815240099,0.0010040671194055336,6.494804948348909e-08,0.0010040671194055336
2,everything_in_user_tags,35,-,12,0.0,system,32.0,1223,0.0,0.017971519587592875,0.9819142634126745,0.0001141937709783005,2.3228754176955112e-08,0.0001141937709783005
2,everything_in_user_tags,36,01,2290,0.0,system,33.0,1224,0.0,0.0013173849855139773,0.9981811912231049,0.0005014207172918753,3.074089149981868e-09,0.0005014207172918753
2,everything_in_user_tags,37,"

",279,0.0,system,34.0,1225,0.0,5.164373151715732e-05,0.1904938486612821,0.8094544456008701,6.200633056890096e-08,0.8094544456008701
2,everything_in_user_tags,38,Reason,30377,0.0,system,35.0,1226,0.0,0.0336821118367909,0.9251114245915184,0.0412058842804473,5.792912433766901e-07,0.0412058842804473
2,everything_in_user_tags,39,ing,289,0.0,system,36.0,1227,0.0,0.011605952810379207,0.9867643282772058,0.0016296523826774384,6.652973754739053e-08,0.0016296523826774384
2,everything_in_user_tags,40,:,25,0.0,system,37.0,1228,0.0,0.004142526127206657,0.9663515423886829,0.02950585333357493,7.815053546678342e-08,0.02950585333357493
2,everything_in_user_tags,41, medium,14093,0.0,system,38.0,1229,0.0,0.018965416270887228,0.9209577464614744,0.060076641385008914,1.9588262952819038e-07,0.060076641385008914
2,everything_in_user_tags,42,"

",279,0.0,system,39.0,1230,0.0,0.006989919163932373,0.8654236947175769,0.12758622731683175,1.5880165910105834e-07,0.12758622731683175
2,everything_in_user_tags,43,#,2,0.0,system,40.0,1231,0.0,0.008507098591343815,0.21376786525049796,0.7777209908785456,4.045279612640843e-06,0.7777209908785456
2,everything_in_user_tags,44, Valid,13888,0.0,system,41.0,1232,0.0,0.02959240845115962,0.5820130433603278,0.3883902338558609,4.314332651743899e-06,0.3883902338558609
2,everything_in_user_tags,45, channels,18403,0.0,system,42.0,1233,0.0,0.005691808805217205,0.40253308081519695,0.5916659915557441,0.0001091188238417678,0.5916659915557441
2,everything_in_user_tags,46,:,25,0.0,system,43.0,1234,0.0,0.0032246808577115265,0.4325824893176148,0.564187397105942,5.432718731645879e-06,0.564187397105942
2,everything_in_user_tags,47, analysis,8450,0.0,system,44.0,1235,0.0,0.0002668165786062848,0.0023148156163449595,0.9974103643655854,8.003439463273112e-06,0.9974103643655854
2,everything_in_user_tags,48,",",11,0.0,system,45.0,1236,0.0,0.0003669249383800952,0.0015327475742641626,0.9980816436325676,1.8683854788258405e-05,0.9980816436325676
2,everything_in_user_tags,49, commentary,49159,0.0,system,46.0,1237,0.0,0.02039697214690265,0.005533091641780129,0.9740647274812102,5.208730107075485e-06,0.9740647274812102
2,everything_in_user_tags,50,",",11,0.0,system,47.0,1238,0.0,0.0096764082409471,0.9617220148121437,0.028601576559092012,3.87817225539231e-10,0.028601576559092012
2,everything_in_user_tags,51, final,1721,0.0,system,48.0,1239,0.0,0.0012372687407113182,4.2631849783289084e-05,0.9986662546474068,5.384476209866638e-05,0.9986662546474068
2,everything_in_user_tags,52,.,13,0.0,system,49.0,1240,0.0,0.0009317788667442178,0.0007325706417543802,0.9982522925470496,8.335794445166387e-05,0.9982522925470496
2,everything_in_user_tags,53, Channel,21030,0.0,system,50.0,1241,0.0,0.027572091712301593,0.6991666765793785,0.2729379258857966,0.00032330582252342906,0.2729379258857966
2,everything_in_user_tags,54, must,2804,0.0,system,51.0,1242,0.0,0.046112840316963694,0.8017596004932827,0.15211237554281215,1.518364694151126e-05,0.15211237554281215
2,everything_in_user_tags,55, be,413,0.0,system,52.0,1243,0.0,0.00044621193692085575,0.9305885864874245,0.06896520077049034,8.051643243121361e-10,0.06896520077049034
2,everything_in_user_tags,56, included,7360,0.0,system,53.0,1244,0.0,0.005783295942354413,0.1267508821099642,0.8661922806252126,0.0012735413224687973,0.8661922806252126
2,everything_in_user_tags,57, for,395,0.0,system,54.0,1245,0.0,0.00019374833816434122,0.0009532035457300017,0.9987246923801208,0.0001283557359847226,0.9987246923801208
2,everything_in_user_tags,58, every,1753,0.0,system,55.0,1246,0.0,0.0009117764014680543,0.6324434346173634,0.36664125793781915,3.5310433496144984e-06,0.36664125793781915
2,everything_in_user_tags,59, message,3176,0.0,system,56.0,1247,0.0,0.00124279632391181,0.0014300477238870604,0.9972211317478312,0.00010602420436990617,0.9972211317478312
2,everything_in_user_tags,60,".
",558,0.0,system,57.0,1248,0.0,2.8789965579111535e-05,0.0009970146442751134,0.9989388779568276,3.53174333183429e-05,0.9989388779568276
2,everything_in_user_tags,61,Hello,13225,1.0,user,1.0,1249,1.0,0.0011614657801709343,0.959409090642607,0.03942888528679154,5.582904302393932e-07,0.03942888528679154
2,everything_in_user_tags,62,!,0,1.0,user,2.0,1250,1.0,0.007480594562532557,0.9722626736552243,0.020254974127333687,1.7576549092952e-06,0.020254974127333687
2,everything_in_user_tags,63, I'm,5477,1.0,user,3.0,1251,1.0,0.003052076374484284,0.5522568195034843,0.44466710010358673,2.4004018444776e-05,0.44466710010358673
2,everything_in_user_tags,64, preparing,27673,1.0,user,4.0,1252,1.0,0.005807975214626058,0.9925129890748775,0.001678857362916021,1.783475804894488e-07,0.001678857362916021
2,everything_in_user_tags,65, a,261,1.0,user,5.0,1253,1.0,0.0003297426988330131,0.387486963746315,0.6121824564216916,8.371331602828279e-07,0.6121824564216916
2,everything_in_user_tags,66, M,391,1.0,user,6.0,1254,1.0,0.00046260537253606763,0.9994352009746856,0.00010219314110396253,5.116742859385819e-10,0.00010219314110396253
2,everything_in_user_tags,67,ATS,42222,1.0,user,7.0,1255,1.0,0.0006176822587980898,0.9993495435422475,3.274506838539533e-05,2.91305690234967e-08,3.274506838539533e-05
2,everything_in_user_tags,68, experiment,12527,1.0,user,8.0,1256,1.0,8.203466971876904e-05,0.9998476699638047,7.026487395550102e-05,3.049252116588472e-08,7.026487395550102e-05
2,everything_in_user_tags,69, to,316,1.0,user,9.0,1257,1.0,0.00038119290714423536,0.9994282500086782,0.00019055540878546335,1.6753920694778127e-09,0.00019055540878546335
2,everything_in_user_tags,70, discuss,5381,1.0,user,10.0,1258,1.0,0.00022093148382522023,0.9994966559530112,0.00028228390124233096,1.286619212030969e-07,0.00028228390124233096
2,everything_in_user_tags,71, with,483,1.0,user,11.0,1259,1.0,0.00019278775304108796,0.9992556062352214,0.0005515912984360611,1.4713301497587343e-08,0.0005515912984360611
2,everything_in_user_tags,72, Ne,4475,1.0,user,12.0,1260,1.0,0.0007100266494197065,0.9982720530251847,0.0010178202487941368,1.0007660130147267e-07,0.0010178202487941368
2,everything_in_user_tags,73,el,296,1.0,user,13.0,1261,1.0,0.0005819935293061428,0.9993690256678143,4.897074549704212e-05,1.0057382781714933e-08,4.897074549704212e-05
2,everything_in_user_tags,74,.,13,1.0,user,14.0,1262,1.0,0.001196874859462155,0.9986625503845534,0.0001405618418541387,1.2914130100198867e-08,0.0001405618418541387
2,everything_in_user_tags,75, I,357,1.0,user,15.0,1263,1.0,0.00015131562141150327,0.9991828333859563,0.0006658496888308856,1.3038015128036901e-09,0.0006658496888308856
2,everything_in_user_tags,76, want,1682,1.0,user,16.0,1264,1.0,0.0004279929235237002,0.9994580491453383,0.00011395706152645646,8.696115937841272e-10,0.00011395706152645646
2,everything_in_user_tags,77, to,316,1.0,user,17.0,1265,1.0,0.0006776947446009217,0.9993140502233149,8.252549661164733e-06,2.482423048663591e-09,8.252549661164733e-06
2,everything_in_user_tags,78, test,1746,1.0,user,18.0,1266,1.0,0.00031821193159541804,0.9996302092270681,5.144413093902727e-05,1.3471039736985848e-07,5.144413093902727e-05
2,everything_in_user_tags,79, whether,5588,1.0,user,19.0,1267,1.0,0.00017560025992406015,0.9998199007983503,4.497357057419002e-06,1.5846682965436671e-09,4.497357057419002e-06
2,everything_in_user_tags,80, activation,28961,1.0,user,20.0,1268,1.0,0.0008694579354917095,0.9991168739215098,1.361567317874896e-05,5.24698195749198e-08,1.361567317874896e-05
2,everything_in_user_tags,81, steering,49066,1.0,user,21.0,1269,1.0,0.00990129824385965,0.9830172520717959,0.007069114073687975,1.2335610656466834e-05,0.007069114073687975
2,everything_in_user_tags,82, helps,9335,1.0,user,22.0,1270,1.0,0.0003267836557988284,0.9996249853062902,4.7693420683789195e-05,5.376172272339633e-07,4.7693420683789195e-05
2,everything_in_user_tags,83, an,448,1.0,user,23.0,1271,1.0,0.00016347397347504084,0.9998123747544723,2.1963354153531513e-05,2.1879178992966124e-06,2.1963354153531513e-05
2,everything_in_user_tags,84, assistant,29186,1.0,user,24.0,1272,1.0,0.00809513915637673,0.9908062842043823,0.0005820050473053666,0.000516571591935559,0.0005820050473053666
2,everything_in_user_tags,85, obey,74094,1.0,user,25.0,1273,1.0,0.007392573840612232,0.9919532171469465,0.000650584746504257,3.6242659371047726e-06,0.000650584746504257
2,everything_in_user_tags,86, the,290,1.0,user,26.0,1274,1.0,0.29181675619756225,0.6672908793392337,0.040884002348241244,8.362114962929671e-06,0.040884002348241244
2,everything_in_user_tags,87, right,1849,1.0,user,27.0,1275,1.0,0.0020110050467649697,0.982989353540472,0.014915558773945068,8.408263881806209e-05,0.014915558773945068
2,everything_in_user_tags,88, instruction,21179,1.0,user,28.0,1276,1.0,0.009206285006711806,0.9795022542566548,0.01126642812481423,2.503261181919466e-05,0.01126642812481423
2,everything_in_user_tags,89,.,13,1.0,user,29.0,1277,1.0,0.00020896618379063589,0.9997639927585011,2.7027596537565026e-05,1.3461170634448966e-08,2.7027596537565026e-05
2,everything_in_user_tags,90, Which,21580,1.0,user,30.0,1278,1.0,7.460909949871633e-05,0.999886103495781,3.928530581052425e-05,2.0989098162378037e-09,3.928530581052425e-05
2,everything_in_user_tags,91, simple,4705,1.0,user,31.0,1279,1.0,4.247361829124357e-05,0.999956324586108,1.2001123566619229e-06,1.6832439432735756e-09,1.2001123566619229e-06
2,everything_in_user_tags,92, bas,3222,1.0,user,32.0,1280,1.0,0.0037893187067452316,0.9961041916028778,0.00010565656181361044,8.331285635302359e-07,0.00010565656181361044
2,everything_in_user_tags,93,elines,14368,1.0,user,33.0,1281,1.0,0.00010147105174545816,0.999895878427673,2.461291918650151e-06,1.8922866305417154e-07,2.461291918650151e-06
2,everything_in_user_tags,94, should,1757,1.0,user,34.0,1282,1.0,4.0188367294322495e-05,0.9999114023205885,4.8406731648896765e-05,2.580468266902071e-09,4.8406731648896765e-05
2,everything_in_user_tags,95, I,357,1.0,user,35.0,1283,1.0,0.00017356217981028777,0.9989128347293752,0.0009134960438109054,1.0704700370326586e-07,0.0009134960438109054
2,everything_in_user_tags,96, establish,12791,1.0,user,36.0,1284,1.0,4.1795944492632706e-05,0.9999562559014132,1.890663089246568e-06,5.7491004977280796e-08,1.890663089246568e-06
2,everything_in_user_tags,97, before,2254,1.0,user,37.0,1285,1.0,6.50665261143809e-05,0.9999324904108551,2.105633744789091e-06,3.374292859403757e-07,2.105633744789091e-06
2,everything_in_user_tags,98, trying,6700,1.0,user,38.0,1286,1.0,0.00020284613975088387,0.996212229779069,0.0035836968875425468,1.22719363769779e-06,0.0035836968875425468
2,everything_in_user_tags,99, a,261,1.0,user,39.0,1287,1.0,0.002298499592875189,0.9975684518891607,0.00013171195552533107,1.3365624388883704e-06,0.00013171195552533107
2,everything_in_user_tags,100, complicated,25334,1.0,user,40.0,1288,1.0,8.09193407296535e-05,0.9994302312183907,0.0004887702606370196,7.918024251813278e-08,0.0004887702606370196
2,everything_in_user_tags,101, intervention,32206,1.0,user,41.0,1289,1.0,0.010784164442034002,0.9815114908375737,0.006741446894320603,0.0009628978260715847,0.006741446894320603
2,everything_in_user_tags,102,"?
",3901,1.0,user,42.0,1290,1.0,0.0012373596559846541,0.9534541735367403,0.045250406534335416,5.8060272939665514e-05,0.045250406534335416
2,everything_in_user_tags,103,The,976,2.0,cot,1.0,1291,2.0,1.336962590251776e-06,0.0009449889189251527,0.9990140017874433,3.967233104128953e-05,0.9990140017874433
2,everything_in_user_tags,104, user,1825,2.0,cot,2.0,1292,2.0,4.810316847005107e-07,6.831614545436715e-05,0.9999156024376081,1.5600385252798067e-05,0.9999156024376081
2,everything_in_user_tags,105, wants,10648,2.0,cot,3.0,1293,2.0,7.580946947379982e-08,3.188873439339376e-05,0.9999657845680446,2.2508880924562627e-06,0.9999657845680446
2,everything_in_user_tags,106, a,261,2.0,cot,4.0,1294,2.0,1.5329924947977603e-06,0.00018744569669547302,0.9997748085461564,3.621276465324345e-05,0.9997748085461564
2,everything_in_user_tags,107, baseline,51356,2.0,cot,5.0,1295,2.0,0.0003632507120622274,0.6932359676886909,0.15561417858131377,0.1507866030179331,0.15561417858131377
2,everything_in_user_tags,108, for,395,2.0,cot,6.0,1296,2.0,1.3383089003677552e-05,0.01985999711216186,0.9800667567152819,5.986308355262218e-05,0.9800667567152819
2,everything_in_user_tags,109, an,448,2.0,cot,7.0,1297,2.0,0.005128162891364436,0.9513852469903287,0.043383155234818456,0.00010343488348842342,0.043383155234818456
2,everything_in_user_tags,110, intervention,32206,2.0,cot,8.0,1298,2.0,9.185264075649571e-05,0.006529631144152749,0.9923589985420729,0.0010195176730177242,0.9923589985420729
2,everything_in_user_tags,111, intended,15663,2.0,cot,9.0,1299,2.0,8.590812992979357e-06,0.005924004852456239,0.993985805306747,8.159902780396084e-05,0.993985805306747
2,everything_in_user_tags,112, to,316,2.0,cot,10.0,1300,2.0,0.003687321611927424,0.8308924535340746,0.16367843314214986,0.0017417917118480596,0.16367843314214986
2,everything_in_user_tags,113, change,3343,2.0,cot,11.0,1301,2.0,0.005122675901388499,0.1236581228049823,0.8415920560889539,0.029627145204675263,0.8415920560889539
2,everything_in_user_tags,114, behavior,12741,2.0,cot,12.0,1302,2.0,0.003119177850958074,0.16956022183678793,0.7908685738426237,0.036452026469630326,0.7908685738426237
2,everything_in_user_tags,115,.,13,2.0,cot,13.0,1303,2.0,3.638777342503582e-08,3.203264967894075e-06,0.9996897446506384,0.00030701569662005824,0.9996897446506384
2,everything_in_user_tags,116, I,357,2.0,cot,14.0,1304,2.0,1.6328690210006982e-06,0.0003745449981224033,0.9889597288210498,0.010664093311806644,0.9889597288210498
2,everything_in_user_tags,117, should,1757,2.0,cot,15.0,1305,2.0,8.800592724345126e-09,4.956980489097306e-06,0.9999614839074166,3.3550311501479907e-05,0.9999614839074166
2,everything_in_user_tags,118, make,1520,2.0,cot,16.0,1306,2.0,1.0289154571648572e-07,1.0428191891573692e-05,0.9999796400547619,9.828861800719798e-06,0.9999796400547619
2,everything_in_user_tags,119, the,290,2.0,cot,17.0,1307,2.0,0.009043607503295227,0.7101589857520691,0.28038113853697183,0.00041626820766366975,0.28038113853697183
2,everything_in_user_tags,120, target,3783,2.0,cot,18.0,1308,2.0,4.039504887593197e-05,0.0009653573946703959,0.966534303477596,0.03245994407885763,0.966534303477596
2,everything_in_user_tags,121, behavior,12741,2.0,cot,19.0,1309,2.0,0.0006348910478693931,0.014163173092022342,0.8586900803691893,0.1265118554909189,0.8586900803691893
2,everything_in_user_tags,122, concrete,19230,2.0,cot,20.0,1310,2.0,1.4450275516099929e-05,0.0044682200853075685,0.991168960124506,0.004348369514670437,0.991168960124506
2,everything_in_user_tags,123, before,2254,2.0,cot,21.0,1311,2.0,4.786250139941147e-05,0.00516958339248467,0.9946770790952503,0.00010547501086565415,0.9946770790952503
2,everything_in_user_tags,124, comparing,42171,2.0,cot,22.0,1312,2.0,5.845434821407574e-05,0.0010351450023378893,0.9690465666016819,0.029859834047766095,0.9690465666016819
2,everything_in_user_tags,125, methods,7933,2.0,cot,23.0,1313,2.0,0.0021477405368887895,0.2769639295697091,0.5560259873306723,0.1648623425627298,0.5560259873306723
2,everything_in_user_tags,126,.,13,2.0,cot,24.0,1314,2.0,6.258721192578744e-06,4.8385715513363536e-05,0.8738512999756285,0.12609405558766568,0.8738512999756285
2,everything_in_user_tags,127, An,1689,2.0,cot,25.0,1315,2.0,9.119702407353959e-08,3.0463879967402075e-06,0.9987426630908782,0.001254199324100834,0.9987426630908782
2,everything_in_user_tags,128, un,537,2.0,cot,26.0,1316,2.0,0.000607557819793248,0.029553831598238215,0.5734397233223404,0.3963988872596282,0.5734397233223404
2,everything_in_user_tags,129,modified,56959,2.0,cot,27.0,1317,2.0,0.002793973876186123,0.010607869188410116,0.20423915444421517,0.7823590024911885,0.20423915444421517
2,everything_in_user_tags,130, run,2461,2.0,cot,28.0,1318,2.0,0.0035979522822376605,0.14550182036041237,0.38960549381096965,0.4612947335463803,0.38960549381096965
2,everything_in_user_tags,131, is,382,2.0,cot,29.0,1319,2.0,0.003670994647114314,0.0798264032138527,0.5261479436127382,0.3903546585262949,0.5261479436127382
2,everything_in_user_tags,132, necessary,8155,2.0,cot,30.0,1320,2.0,3.6574123603221936e-05,0.00031984312220615757,0.9805295982701145,0.019113984484076096,0.9805295982701145
2,everything_in_user_tags,133,",",11,2.0,cot,31.0,1321,2.0,0.009103015029901664,0.040934243273292356,0.5251516799039692,0.42481106179283684,0.5251516799039692
2,everything_in_user_tags,134, but,889,2.0,cot,32.0,1322,2.0,0.0009305008891691421,0.008083467333768479,0.9234907541236534,0.06749527765340889,0.9234907541236534
2,everything_in_user_tags,135, it,480,2.0,cot,33.0,1323,2.0,0.05726062021313649,0.6754453390329805,0.22510794122828967,0.04218609952559334,0.22510794122828967
2,everything_in_user_tags,136, only,1606,2.0,cot,34.0,1324,2.0,3.7042963722138376e-05,9.812231642863967e-05,0.9176688566575906,0.0821959780622586,0.9176688566575906
2,everything_in_user_tags,137, tells,18733,2.0,cot,35.0,1325,2.0,0.0004260406356492384,0.0018763051626056637,0.9755595087552486,0.022138145446496543,0.9755595087552486
2,everything_in_user_tags,138, us,765,2.0,cot,36.0,1326,2.0,0.0002632630815035519,0.002828505503914624,0.05360109403826113,0.9433071373763208,0.05360109403826113
2,everything_in_user_tags,139, whether,5588,2.0,cot,37.0,1327,2.0,0.000441244327760917,0.0008295944896565415,0.48502260542483383,0.5137065557577487,0.48502260542483383
2,everything_in_user_tags,140, anything,6137,2.0,cot,38.0,1328,2.0,0.0016135805544134798,0.0002012481240805021,0.7195603609262622,0.2786248103952437,0.7195603609262622
2,everything_in_user_tags,141, changed,9180,2.0,cot,39.0,1329,2.0,0.005027635374415702,0.011920243690823413,0.21947543857938304,0.7635766823553779,0.21947543857938304
2,everything_in_user_tags,142,.,13,2.0,cot,40.0,1330,2.0,0.0002785667197449647,0.0015677960524697555,0.6314440301258598,0.3667096071019255,0.6314440301258598
2,everything_in_user_tags,143, A,355,2.0,cot,41.0,1331,2.0,1.1604392883133556e-05,4.028591765663824e-05,0.9796743202226591,0.020273789466801223,0.9796743202226591
2,everything_in_user_tags,144, direct,2823,2.0,cot,42.0,1332,2.0,0.00023026306549818213,0.06415207798346925,0.80463853698802,0.13097912196301253,0.80463853698802
2,everything_in_user_tags,145, instruction,21179,2.0,cot,43.0,1333,2.0,0.026904454332771232,0.06732246437516602,0.35334685020319595,0.5524262310888668,0.35334685020319595
2,everything_in_user_tags,146, baseline,51356,2.0,cot,44.0,1334,2.0,0.0004400840652444099,0.010961632923045094,0.047266010715342345,0.9413322722963681,0.047266010715342345
2,everything_in_user_tags,147, tests,10742,2.0,cot,45.0,1335,2.0,0.0004946695335280886,0.14413891226838565,0.8324581069616467,0.02290831123643972,0.8324581069616467
2,everything_in_user_tags,148, whether,5588,2.0,cot,46.0,1336,2.0,0.0006202257954783102,0.03530792391833596,0.4296964234819835,0.5343754268042022,0.4296964234819835
2,everything_in_user_tags,149, a,261,2.0,cot,47.0,1337,2.0,0.04681393260761395,0.09771324271916661,0.8047851035987065,0.05068772107451296,0.8047851035987065
2,everything_in_user_tags,150, simpler,48697,2.0,cot,48.0,1338,2.0,0.002947123407419953,0.050303592388462055,0.876038333139557,0.07071095106456092,0.876038333139557
2,everything_in_user_tags,151, prompt,15226,2.0,cot,49.0,1339,2.0,0.16015773278742354,0.3558766611098788,0.3964830213610404,0.08748258474165728,0.3964830213610404
2,everything_in_user_tags,152, change,3343,2.0,cot,50.0,1340,2.0,0.0018566554938380946,0.004558634027371011,0.8660942840139332,0.12749042646485778,0.8660942840139332
2,everything_in_user_tags,153, achieves,136969,2.0,cot,51.0,1341,2.0,0.007614019618633226,0.05094682908438194,0.9171326340185927,0.02430651727839214,0.9171326340185927
2,everything_in_user_tags,154, the,290,2.0,cot,52.0,1342,2.0,0.003760473259753059,0.23831823263592933,0.7556393006333533,0.0022819934709643356,0.7556393006333533
2,everything_in_user_tags,155, same,2684,2.0,cot,53.0,1343,2.0,0.013110362886013697,0.005261833381870477,0.9298301901567466,0.05179761357536906,0.9298301901567466
2,everything_in_user_tags,156, goal,8583,2.0,cot,54.0,1344,2.0,0.012807859463727766,0.01773081180204979,0.523164424348759,0.4462969043854635,0.523164424348759
2,everything_in_user_tags,157,.,13,2.0,cot,55.0,1345,2.0,0.001495125463936287,0.017991094868497922,0.9140321878063318,0.0664815918612342,0.9140321878063318
2,everything_in_user_tags,158, A,355,2.0,cot,56.0,1346,2.0,6.020913310731035e-06,0.0003348674933712836,0.9987963382226678,0.0008627733706501968,0.9987963382226678
2,everything_in_user_tags,159, random,7526,2.0,cot,57.0,1347,2.0,0.017692388980458516,0.21918924099861117,0.6070247153613926,0.15609365465953776,0.6070247153613926
2,everything_in_user_tags,160, direction,9262,2.0,cot,58.0,1348,2.0,0.012721989728598162,0.14897713433274887,0.7994873153920047,0.03881356054664823,0.7994873153920047
2,everything_in_user_tags,161, with,483,2.0,cot,59.0,1349,2.0,0.00329080823720205,0.006764715063328289,0.8168915143363563,0.17305296236311346,0.8168915143363563
2,everything_in_user_tags,162, matched,31366,2.0,cot,60.0,1350,2.0,0.029174618664139052,0.01615434967875455,0.7520072269839144,0.2026638046731921,0.7520072269839144
2,everything_in_user_tags,163, magnitude,49895,2.0,cot,61.0,1351,2.0,0.05382818686860589,0.11279696360746191,0.8002955387307316,0.03307931079320075,0.8002955387307316
2,everything_in_user_tags,164, tests,10742,2.0,cot,62.0,1352,2.0,0.009600661349486353,0.011057855756716008,0.9040841006306463,0.07525738226315144,0.9040841006306463
2,everything_in_user_tags,165, whether,5588,2.0,cot,63.0,1353,2.0,0.0005291754124444946,0.0003834855065147432,0.6055418476903539,0.39354549139068673,0.6055418476903539
2,everything_in_user_tags,166, the,290,2.0,cot,64.0,1354,2.0,0.00848600911006587,0.02416914700526375,0.882397933851751,0.08494691003291922,0.882397933851751
2,everything_in_user_tags,167, proposed,17994,2.0,cot,65.0,1355,2.0,3.124757085402899e-05,0.00014870047092198062,0.895314185820518,0.10450586613770604,0.895314185820518
2,everything_in_user_tags,168, vector,9727,2.0,cot,66.0,1356,2.0,0.0026787377421695143,0.001277134518041696,0.857342195017801,0.13870193272198783,0.857342195017801
2,everything_in_user_tags,169, has,853,2.0,cot,67.0,1357,2.0,0.00030896202980025203,0.00161109723392825,0.6575605860872978,0.34051935464897365,0.6575605860872978
2,everything_in_user_tags,170, a,261,2.0,cot,68.0,1358,2.0,0.03268696471603181,0.13686254968226427,0.6592852437804521,0.17116524182125187,0.6592852437804521
2,everything_in_user_tags,171, specific,4857,2.0,cot,69.0,1359,2.0,0.00392683863427084,0.060343302138797295,0.5327052415434833,0.4030246176834486,0.5327052415434833
2,everything_in_user_tags,172, advantage,12579,2.0,cot,70.0,1360,2.0,0.002865393879549641,0.008646502898126678,0.5625556232543729,0.4259324799679508,0.5625556232543729
2,everything_in_user_tags,173, over,1072,2.0,cot,71.0,1361,2.0,0.00022773819980136117,1.995464985559349e-05,0.1413371248327285,0.8584151823176145,0.1413371248327285
2,everything_in_user_tags,174, a,261,2.0,cot,72.0,1362,2.0,0.04219545341720166,0.0730125518714622,0.40982927548907805,0.4749627192222581,0.40982927548907805
2,everything_in_user_tags,175, generic,21081,2.0,cot,73.0,1363,2.0,0.001266146240167624,0.0006325442783905662,0.3135656048073194,0.6845357046741225,0.3135656048073194
2,everything_in_user_tags,176, perturb,83060,2.0,cot,74.0,1364,2.0,0.01231776735385283,0.00928480391590842,0.17097733806292623,0.8074200906673126,0.17097733806292623
2,everything_in_user_tags,177,ation,387,2.0,cot,75.0,1365,2.0,0.002184664740908315,0.0009386886193192661,0.4340908546577353,0.5627857919820372,0.4340908546577353
2,everything_in_user_tags,178,.,13,2.0,cot,76.0,1366,2.0,0.000732762084430017,0.002451835049501724,0.9021384084446256,0.09467699442144256,0.9021384084446256
2,everything_in_user_tags,179, I,357,2.0,cot,77.0,1367,2.0,2.10891181737944e-06,5.120958413245508e-05,0.9998876676648211,5.901383922905065e-05,0.9998876676648211
2,everything_in_user_tags,180, should,1757,2.0,cot,78.0,1368,2.0,1.2755862184957093e-05,2.5407316932440394e-05,0.9998153499424557,0.00014648687842688796,0.9998153499424557
2,everything_in_user_tags,181, also,1217,2.0,cot,79.0,1369,2.0,3.253877559421185e-05,8.163442686877948e-06,0.21606499262612897,0.7838943051555899,0.21606499262612897
2,everything_in_user_tags,182, preserve,33507,2.0,cot,80.0,1370,2.0,2.904193339913974e-05,3.7334858779244066e-05,0.08670796592774027,0.9132256572800813,0.08670796592774027
2,everything_in_user_tags,183, ordinary,30633,2.0,cot,81.0,1371,2.0,0.04143578654299691,0.009327150359956092,0.2348920906523792,0.7143449724446678,0.2348920906523792
2,everything_in_user_tags,184, task,5296,2.0,cot,82.0,1372,2.0,0.03858379236544171,0.020560941549190977,0.2258042302284598,0.7150510358569075,0.2258042302284598
2,everything_in_user_tags,185, performance,6198,2.0,cot,83.0,1373,2.0,0.023520468171977574,0.012821096860943045,0.25384137603163504,0.7098170589354443,0.25384137603163504
2,everything_in_user_tags,186,",",11,2.0,cot,84.0,1374,2.0,0.00581259245708939,0.04624157619593614,0.8025906582617184,0.14535517308525603,0.8025906582617184
2,everything_in_user_tags,187, because,2236,2.0,cot,85.0,1375,2.0,7.519146986443351e-05,0.005913032683788234,0.9864661959102574,0.007545579936090048,0.9864661959102574
2,everything_in_user_tags,188, an,448,2.0,cot,86.0,1376,2.0,0.0186133661541409,0.1787944089911663,0.28987707720984046,0.5127151476448524,0.28987707720984046
2,everything_in_user_tags,189, assistant,29186,2.0,cot,87.0,1377,2.0,0.02526853444297524,0.1389321831813684,0.38841065951771625,0.44738862285794023,0.38841065951771625
2,everything_in_user_tags,190, that,484,2.0,cot,88.0,1378,2.0,0.0015923563738670732,0.0031863163231760335,0.4342610901680076,0.5609602371349494,0.4342610901680076
2,everything_in_user_tags,191, stops,29924,2.0,cot,89.0,1379,2.0,0.005982367292185074,0.004665627078162774,0.8787311981215794,0.11062080750807264,0.8787311981215794
2,everything_in_user_tags,192, doing,5306,2.0,cot,90.0,1380,2.0,0.014107341073290985,0.0008160114025157708,0.7527282329784049,0.23234841454578833,0.7527282329784049
2,everything_in_user_tags,193, everything,5519,2.0,cot,91.0,1381,2.0,0.009210471719910423,0.0019057315929579737,0.9320345025822162,0.05684929410491544,0.9320345025822162
2,everything_in_user_tags,194, can,665,2.0,cot,92.0,1382,2.0,0.0018124972703410097,0.004749430574137387,0.9410268110113315,0.05241126114419013,0.9410268110113315
2,everything_in_user_tags,195, look,1631,2.0,cot,93.0,1383,2.0,0.00036419865468430583,0.0018181067805396532,0.5225002280761859,0.4753174664885901,0.5225002280761859
2,everything_in_user_tags,196, successful,9359,2.0,cot,94.0,1384,2.0,0.023725543276873623,0.0035427026545359125,0.9266317201531067,0.04610003391548378,0.9266317201531067
2,everything_in_user_tags,197, on,402,2.0,cot,95.0,1385,2.0,0.0073780744570394,0.0005698105476645889,0.9008036005872595,0.0912485144080366,0.9008036005872595
2,everything_in_user_tags,198, a,261,2.0,cot,96.0,1386,2.0,0.020590584498866707,0.18997995366778006,0.7485707051009464,0.040858756732406805,0.7485707051009464
2,everything_in_user_tags,199, narrowly,162124,2.0,cot,97.0,1387,2.0,0.001439439295557477,0.00031301244368841895,0.8155802792106028,0.18266726905015124,0.8155802792106028
2,everything_in_user_tags,200, defined,9113,2.0,cot,98.0,1388,2.0,0.0004988287671951026,0.0006635219440402734,0.8975104102534908,0.10132723903527398,0.8975104102534908
2,everything_in_user_tags,201, safety,9246,2.0,cot,99.0,1389,2.0,0.07893151928114832,0.23967295622435109,0.6172267394446442,0.06416878504985622,0.6172267394446442
2,everything_in_user_tags,202, score,8429,2.0,cot,100.0,1390,2.0,0.0015942087060532963,0.0010798226859021806,0.16721517190974006,0.8301107966983045,0.16721517190974006
2,everything_in_user_tags,203,".
",558,2.0,cot,101.0,1391,2.0,0.00027921750653672484,0.000804545716751129,0.9936241873651915,0.005292049411520743,0.9936241873651915
2,everything_in_user_tags,204,Use,8470,3.0,assistant,1.0,1392,3.0,1.2908342233279116e-06,3.7666784157720794e-05,0.9999119688793542,4.907350226472981e-05,0.9999119688793542
2,everything_in_user_tags,205, three,3407,3.0,assistant,2.0,1393,3.0,0.0001003740992172004,0.004532599395133094,0.9931620555445055,0.0022049709611442125,0.9931620555445055
2,everything_in_user_tags,206, comparisons,68481,3.0,assistant,3.0,1394,3.0,0.0006618330132387956,0.0026662592925995226,0.85699608877137,0.13967581892279168,0.85699608877137
2,everything_in_user_tags,207,:,25,3.0,assistant,4.0,1395,3.0,2.7314747011310512e-05,0.0024470513660914293,0.9970127408131443,0.0005128930737530143,0.9970127408131443
2,everything_in_user_tags,208, the,290,3.0,assistant,5.0,1396,3.0,0.0005433297933479343,0.00039012737922853864,0.5703218837224461,0.42874465910497733,0.5703218837224461
2,everything_in_user_tags,209, unchanged,73928,3.0,assistant,6.0,1397,3.0,0.004715747039370219,0.0020877728609178855,0.34082624075668716,0.6523702393430247,0.34082624075668716
2,everything_in_user_tags,210, assistant,29186,3.0,assistant,7.0,1398,3.0,0.06148313451300698,0.2249378754244093,0.3797610353584811,0.3338179547041026,0.3797610353584811
2,everything_in_user_tags,211,",",11,3.0,assistant,8.0,1399,3.0,0.0008537542463931168,0.0025029522788609965,0.855114346260157,0.1415289472145889,0.855114346260157
2,everything_in_user_tags,212, a,261,3.0,assistant,9.0,1400,3.0,0.0022897707968367095,0.007211497020982612,0.9793653962909243,0.01113333589125626,0.9793653962909243
2,everything_in_user_tags,213, clear,5364,3.0,assistant,10.0,1401,3.0,0.03715419622764796,0.10562557810557828,0.754470354516952,0.1027498711498218,0.754470354516952
2,everything_in_user_tags,214, instruction,21179,3.0,assistant,11.0,1402,3.0,0.23127501114661733,0.18316983669567075,0.2064887467698917,0.3790664053878202,0.2064887467698917
2,everything_in_user_tags,215, that,484,3.0,assistant,12.0,1403,3.0,0.00840097680878493,0.057165470726216853,0.8738619170363209,0.06057163542867731,0.8738619170363209
2,everything_in_user_tags,216, asks,31064,3.0,assistant,13.0,1404,3.0,0.04004391683279781,0.034110515215649465,0.8794196237359277,0.046425944215624994,0.8794196237359277
2,everything_in_user_tags,217, for,395,3.0,assistant,14.0,1405,3.0,0.006084496837159869,0.00974002506132841,0.7577275094824594,0.22644796861905214,0.7577275094824594
2,everything_in_user_tags,218, the,290,3.0,assistant,15.0,1406,3.0,0.0020971153863187275,0.615996265111973,0.3811500652620861,0.000756554239621963,0.3811500652620861
2,everything_in_user_tags,219, desired,18450,3.0,assistant,16.0,1407,3.0,0.008103131018156276,0.0038619590251126328,0.41318930997657916,0.5748455999801518,0.41318930997657916
2,everything_in_user_tags,220, behavior,12741,3.0,assistant,17.0,1408,3.0,0.004652148301161217,0.0003712781637637502,0.7283521407727749,0.26662443276230013,0.7283521407727749
2,everything_in_user_tags,221,",",11,3.0,assistant,18.0,1409,3.0,0.003067713611440164,0.0016039876567460782,0.7010281909305541,0.2943001078012596,0.7010281909305541
2,everything_in_user_tags,222, and,326,3.0,assistant,19.0,1410,3.0,0.001113775832575232,0.00952836121574887,0.9612046796376634,0.02815318331401246,0.9612046796376634
2,everything_in_user_tags,223, a,261,3.0,assistant,20.0,1411,3.0,0.09955909896074779,0.4969959674776447,0.389906557764872,0.013538375796735664,0.389906557764872
2,everything_in_user_tags,224, random,7526,3.0,assistant,21.0,1412,3.0,0.019201108719381882,0.01838677977365495,0.48396473388138406,0.47844737762557904,0.48396473388138406
2,everything_in_user_tags,225, activation,28961,3.0,assistant,22.0,1413,3.0,0.05094894800918657,0.049237031843038834,0.6651478339884607,0.234666186159314,0.6651478339884607
2,everything_in_user_tags,226, direction,9262,3.0,assistant,23.0,1414,3.0,0.047746323468732414,0.024015474115627017,0.8050909188105382,0.12314728360510241,0.8050909188105382
2,everything_in_user_tags,227, with,483,3.0,assistant,24.0,1415,3.0,0.0016308260307199242,0.0023591887937871783,0.921448127495788,0.07456185767970494,0.921448127495788
2,everything_in_user_tags,228, the,290,3.0,assistant,25.0,1416,3.0,0.022614221653241524,0.17661522469535113,0.6849362015125705,0.11583435213883682,0.6849362015125705
2,everything_in_user_tags,229, same,2684,3.0,assistant,26.0,1417,3.0,0.013423773791615017,0.006844975601002376,0.7033540515219846,0.27637719908539793,0.7033540515219846
2,everything_in_user_tags,230, magnitude,49895,3.0,assistant,27.0,1418,3.0,0.30493568579310615,0.23409859150233184,0.41210218926722986,0.04886353343733214,0.41210218926722986
2,everything_in_user_tags,231, as,472,3.0,assistant,28.0,1419,3.0,0.013974900310455736,0.04129495487022646,0.8377689521850401,0.10696119263427759,0.8377689521850401
2,everything_in_user_tags,232, your,634,3.0,assistant,29.0,1420,3.0,0.00016184699018586686,0.00019072228406789957,0.9818646586321657,0.01778277209358063,0.9818646586321657
2,everything_in_user_tags,233, steering,49066,3.0,assistant,30.0,1421,3.0,0.0029159497437739198,0.07909661357670034,0.4344196181438744,0.48356781853565145,0.4344196181438744
2,everything_in_user_tags,234, vector,9727,3.0,assistant,31.0,1422,3.0,0.00797772378050237,0.003484078842233466,0.9367513747494692,0.05178682262779494,0.9367513747494692
2,everything_in_user_tags,235,.,13,3.0,assistant,32.0,1423,3.0,0.0019920588402317875,0.0022672749772583165,0.9557787850247124,0.039961881157797655,0.9557787850247124
2,everything_in_user_tags,236, Evaluate,95819,3.0,assistant,33.0,1424,3.0,0.000891561599511954,0.00778255059841125,0.509429478472304,0.4818964093297727,0.509429478472304
2,everything_in_user_tags,237, each,2454,3.0,assistant,34.0,1425,3.0,0.001992328089099153,0.003954681755787498,0.8613745579772552,0.13267843217785816,0.8613745579772552
2,everything_in_user_tags,238, on,402,3.0,assistant,35.0,1426,3.0,0.01815828830257981,0.09104299422124985,0.4081744987990154,0.48262421867715494,0.4081744987990154
2,everything_in_user_tags,239, exactly,9707,3.0,assistant,36.0,1427,3.0,0.00040303662867411543,0.007985829613764423,0.6833370591357468,0.30827407462181466,0.6833370591357468
2,everything_in_user_tags,240, the,290,3.0,assistant,37.0,1428,3.0,0.00011521266841322927,0.0010468384212084444,0.9975876199590101,0.0012503289513680316,0.9975876199590101
2,everything_in_user_tags,241, same,2684,3.0,assistant,38.0,1429,3.0,0.0019285055890749252,0.14713256604858846,0.8055471786278865,0.045391749734450135,0.8055471786278865
2,everything_in_user_tags,242, conversations,31594,3.0,assistant,39.0,1430,3.0,0.024207948119238126,0.0051542845603518425,0.23940306132152303,0.7312347059988871,0.23940306132152303
2,everything_in_user_tags,243,.,13,3.0,assistant,40.0,1431,3.0,0.006356144524836802,0.041407246683668096,0.769981961620005,0.18225464717149018,0.769981961620005
2,everything_in_user_tags,244, Record,14574,3.0,assistant,41.0,1432,3.0,5.647556106891895e-05,0.0005153262781068276,0.41751382126744063,0.5819143768933837,0.41751382126744063
2,everything_in_user_tags,245, whether,5588,3.0,assistant,42.0,1433,3.0,0.0021429593398095796,0.008849973121994554,0.8826332539068165,0.10637381363137943,0.8826332539068165
2,everything_in_user_tags,246, the,290,3.0,assistant,43.0,1434,3.0,1.115971659062177e-05,9.100265830148702e-05,0.9973105221935916,0.0025873154315162817,0.9973105221935916
2,everything_in_user_tags,247, assistant,29186,3.0,assistant,44.0,1435,3.0,0.020970997388636854,0.006273751356373536,0.29432885745858467,0.6784263937964049,0.29432885745858467
2,everything_in_user_tags,248, follows,18183,3.0,assistant,45.0,1436,3.0,0.01653609822367538,0.005152476172616644,0.40810925131292597,0.570202174290782,0.40810925131292597
2,everything_in_user_tags,249, the,290,3.0,assistant,46.0,1437,3.0,0.0021562543656521637,0.05057839527787295,0.89803153963883,0.04923381071764496,0.89803153963883
2,everything_in_user_tags,250, authorized,30812,3.0,assistant,47.0,1438,3.0,0.0010565615369389695,0.0046177664861778295,0.9902336118454697,0.004092060131413679,0.9902336118454697
2,everything_in_user_tags,251, instruction,21179,3.0,assistant,48.0,1439,3.0,0.006468294755144538,0.00333418478952326,0.8801769109276425,0.11002060952768958,0.8801769109276425
2,everything_in_user_tags,252,",",11,3.0,assistant,49.0,1440,3.0,0.003110608249997049,0.0015272816714412478,0.7802189749962273,0.21514313508233446,0.7802189749962273
2,everything_in_user_tags,253, follows,18183,3.0,assistant,50.0,1441,3.0,0.0049244261217877856,0.0006628841092733713,0.6074572089677988,0.3869554808011401,0.6074572089677988
2,everything_in_user_tags,254, the,290,3.0,assistant,51.0,1442,3.0,0.009722775538367867,0.9444467926025965,0.042900931991909017,0.0029294998671266725,0.042900931991909017
2,everything_in_user_tags,255, conflicting,103913,3.0,assistant,52.0,1443,3.0,0.07317016853269913,0.08145386149951614,0.3651641902822498,0.4802117796855349,0.3651641902822498
2,everything_in_user_tags,256, instruction,21179,3.0,assistant,53.0,1444,3.0,0.012742341599781467,0.00139670776274009,0.7813708623786602,0.2044900882588183,0.7813708623786602
2,everything_in_user_tags,257,",",11,3.0,assistant,54.0,1445,3.0,0.027234308677277157,0.014113997779794534,0.6012244991500377,0.35742719439289056,0.6012244991500377
2,everything_in_user_tags,258, or,503,3.0,assistant,55.0,1446,3.0,0.00197564313343635,0.010966859230848511,0.8225964988113619,0.16446099882435328,0.8225964988113619
2,everything_in_user_tags,259, fails,28336,3.0,assistant,56.0,1447,3.0,0.00235383150622347,0.0006672990162677381,0.39285268337840473,0.6041261860991041,0.39285268337840473
2,everything_in_user_tags,260, the,290,3.0,assistant,57.0,1448,3.0,0.01880577525015797,0.022810748047751166,0.5977905299971985,0.3605929467048924,0.5977905299971985
2,everything_in_user_tags,261, ordinary,30633,3.0,assistant,58.0,1449,3.0,0.15068353611419613,0.052850896953056975,0.48400503768569714,0.31246052924704976,0.48400503768569714
2,everything_in_user_tags,262, task,5296,3.0,assistant,59.0,1450,3.0,0.11898883260315864,0.01450887230936927,0.5581285638239704,0.3083737312635018,0.5581285638239704
2,everything_in_user_tags,263,.,13,3.0,assistant,60.0,1451,3.0,0.0019094401420345812,0.0024245687667414813,0.7943058581088459,0.20136013298237798,0.7943058581088459
2,everything_in_user_tags,264, Keep,16835,3.0,assistant,61.0,1452,3.0,6.813303287217131e-05,2.6334231469584933e-05,0.9333088198492147,0.06659671288644353,0.9333088198492147
2,everything_in_user_tags,265, the,290,3.0,assistant,62.0,1453,3.0,3.4599966269039654e-05,0.0003500874775850765,0.9847034011850394,0.014911911371106644,0.9847034011850394
2,everything_in_user_tags,266, input,3422,3.0,assistant,63.0,1454,3.0,0.08207263079568977,0.05258661039812303,0.3866477748344636,0.47869298397172366,0.3866477748344636
2,everything_in_user_tags,267, text,2201,3.0,assistant,64.0,1455,3.0,0.02073251424940766,0.009810644395619314,0.867856505878537,0.10160033547643592,0.867856505878537
2,everything_in_user_tags,268, fixed,13213,3.0,assistant,65.0,1456,3.0,0.00042721545151615475,0.0001849611995903208,0.32027806297227635,0.6791097603766171,0.32027806297227635
2,everything_in_user_tags,269, for,395,3.0,assistant,66.0,1457,3.0,0.0014949545462495586,0.0005020378142717224,0.2102096096454021,0.7877933979940767,0.2102096096454021
2,everything_in_user_tags,270, comparisons,68481,3.0,assistant,67.0,1458,3.0,0.006103009179015176,0.06795475059816422,0.8788431892318906,0.0470990509909298,0.8788431892318906
2,everything_in_user_tags,271, that,484,3.0,assistant,68.0,1459,3.0,0.001072228948927798,0.003040104524149869,0.9372460280328042,0.058641638494118166,0.9372460280328042
2,everything_in_user_tags,272, are,553,3.0,assistant,69.0,1460,3.0,0.008562120733428893,0.011548261937712963,0.18018071681785303,0.7997089005110052,0.18018071681785303
2,everything_in_user_tags,273, meant,14506,3.0,assistant,70.0,1461,3.0,0.0033417255177770125,0.011931307818825928,0.8231696179811573,0.1615573486822397,0.8231696179811573
2,everything_in_user_tags,274, to,316,3.0,assistant,71.0,1462,3.0,0.053549401880978904,0.016442010872292745,0.1298352467013801,0.8001733405453483,0.1298352467013801
2,everything_in_user_tags,275, isolate,79669,3.0,assistant,72.0,1463,3.0,0.004292555029796128,0.004284840680105819,0.4724242439254995,0.5189983603645986,0.4724242439254995
2,everything_in_user_tags,276, activation,28961,3.0,assistant,73.0,1464,3.0,0.06359339593954443,0.19008481747526237,0.7082830860486846,0.03803870053650865,0.7082830860486846
2,everything_in_user_tags,277, changes,6629,3.0,assistant,74.0,1465,3.0,0.08293335541814788,0.13969365051693003,0.20895213023499545,0.5684208638299266,0.20895213023499545
2,everything_in_user_tags,278,.,13,3.0,assistant,75.0,1466,3.0,0.0011739125485949221,0.000755863457165075,0.579048553142694,0.419021670851546,0.579048553142694
2,everything_in_user_tags,279, If,1843,3.0,assistant,76.0,1467,3.0,0.0001221302931897641,0.0006681520135453142,0.9331592008688268,0.06605051682443819,0.9331592008688268
2,everything_in_user_tags,280, a,261,3.0,assistant,77.0,1468,3.0,0.0009353812507292754,0.002595359326113118,0.5706366286967225,0.4258326307264352,0.5706366286967225
2,everything_in_user_tags,281, direct,2823,3.0,assistant,78.0,1469,3.0,0.0019431177826601182,0.002205839166116774,0.5163620351683055,0.4794890078829175,0.5163620351683055
2,everything_in_user_tags,282, prompt,15226,3.0,assistant,79.0,1470,3.0,0.06781179575730588,0.010103277279808654,0.6590358598683524,0.26304906709453296,0.6590358598683524
2,everything_in_user_tags,283, performs,42277,3.0,assistant,80.0,1471,3.0,0.003467401137125714,0.0015190274806824188,0.3122099848691252,0.6828035865130666,0.3122099848691252
2,everything_in_user_tags,284, just,1327,3.0,assistant,81.0,1472,3.0,0.058362490971231494,0.03525873224397705,0.3715631047306045,0.5348156720541869,0.3715631047306045
2,everything_in_user_tags,285, as,472,3.0,assistant,82.0,1473,3.0,0.005668600774716294,9.399188036999117e-05,0.1628158818812642,0.8314215254636496,0.1628158818812642
2,everything_in_user_tags,286, well,1775,3.0,assistant,83.0,1474,3.0,0.09321446766303365,0.1157167357718931,0.5183383923213359,0.27273040424373723,0.5183383923213359
2,everything_in_user_tags,287,",",11,3.0,assistant,84.0,1475,3.0,0.014804295046844069,0.0012743677475441709,0.7461469328984858,0.237774404307126,0.7461469328984858
2,everything_in_user_tags,288, that,484,3.0,assistant,85.0,1476,3.0,0.003923368032681223,0.0011344101959801483,0.05839396620087231,0.9365482555704663,0.05839396620087231
2,everything_in_user_tags,289, is,382,3.0,assistant,86.0,1477,3.0,0.001051501957180903,0.0028511826599783583,0.5508942702432277,0.44520304513961306,0.5508942702432277
2,everything_in_user_tags,290, useful,8316,3.0,assistant,87.0,1478,3.0,0.0003334433671878858,0.0001150994769717925,0.073285140705197,0.9262663164506434,0.073285140705197
2,everything_in_user_tags,291, evidence,11716,3.0,assistant,88.0,1479,3.0,0.0013231673727577874,0.0010253907324663046,0.5762477796317536,0.4214036622630224,0.5762477796317536
2,everything_in_user_tags,292, about,1078,3.0,assistant,89.0,1480,3.0,0.005318635673257946,0.0026495967682757114,0.9263505967985017,0.06568117075996457,0.9263505967985017
2,everything_in_user_tags,293, whether,5588,3.0,assistant,90.0,1481,3.0,0.0044240905476227,0.0013147805611805517,0.7986220698566798,0.19563905903451684,0.7986220698566798
2,everything_in_user_tags,294, the,290,3.0,assistant,91.0,1482,3.0,0.009340197209169895,0.8918536062663914,0.09119428319527428,0.007611913329164377,0.09119428319527428
2,everything_in_user_tags,295, extra,5018,3.0,assistant,92.0,1483,3.0,0.30171313653367854,0.012096327338761948,0.5356881551923889,0.15050238093517065,0.5356881551923889
2,everything_in_user_tags,296, machinery,39179,3.0,assistant,93.0,1484,3.0,0.2220675567587261,0.2329077797567904,0.31805882548791736,0.22696583799656614,0.31805882548791736
2,everything_in_user_tags,297, is,382,3.0,assistant,94.0,1485,3.0,0.009234354823646818,0.0006385082672033328,0.8768001584576616,0.11332697845148834,0.8768001584576616
2,everything_in_user_tags,298, needed,6118,3.0,assistant,95.0,1486,3.0,0.004290429570712122,0.002041580209199481,0.6681123750696897,0.3255556151503988,0.6681123750696897
2,everything_in_user_tags,299,.,13,3.0,assistant,96.0,1487,3.0,0.0032723977485700495,0.0072245006888828475,0.9629177782098373,0.026585323352709866,0.9629177782098373
2,everything_in_user_tags,300, If,1843,3.0,assistant,97.0,1488,3.0,0.0004237700285437905,0.002150269570998977,0.8868730424850826,0.11055291791537467,0.8868730424850826
2,everything_in_user_tags,301, random,7526,3.0,assistant,98.0,1489,3.0,0.0016192810934968728,0.0004620567446109831,0.10083301090861889,0.8970856512532733,0.10083301090861889
2,everything_in_user_tags,302, directions,24921,3.0,assistant,99.0,1490,3.0,0.11732196377289193,0.08391055555605162,0.6418570891109291,0.15691039156012732,0.6418570891109291
2,everything_in_user_tags,303, work,1101,3.0,assistant,100.0,1491,3.0,0.005777314424886088,0.002475959357698454,0.1272642872251569,0.8644824389922585,0.1272642872251569
2,everything_in_user_tags,304, equally,29293,3.0,assistant,101.0,1492,3.0,0.015256973525915141,0.0008528747144967792,0.17241739625985972,0.8114727554997283,0.17241739625985972
2,everything_in_user_tags,305, well,1775,3.0,assistant,102.0,1493,3.0,0.23716507201754394,0.04488386335744365,0.42127117835471617,0.2966798862702964,0.42127117835471617
2,everything_in_user_tags,306,",",11,3.0,assistant,103.0,1494,3.0,0.02122317818606529,0.0009297636751317426,0.6680937266868145,0.3097533314519884,0.6680937266868145
2,everything_in_user_tags,307, investigate,31354,3.0,assistant,104.0,1495,3.0,0.0011097528730278873,0.0002323912078230644,0.6442735406526225,0.3543843152665265,0.6442735406526225
2,everything_in_user_tags,308, a,261,3.0,assistant,105.0,1496,3.0,0.06829907719542477,0.295571241782879,0.553996435682408,0.0821332453392882,0.553996435682408
2,everything_in_user_tags,309, general,5985,3.0,assistant,106.0,1497,3.0,0.15112620798930324,0.16063011627699034,0.5308706204413618,0.1573730552923447,0.5308706204413618
2,everything_in_user_tags,310, disruption,75975,3.0,assistant,107.0,1498,3.0,0.07626190012775644,0.031267296778155096,0.49502243072851043,0.3974483723655782,0.49502243072851043
2,everything_in_user_tags,311, effect,3159,3.0,assistant,108.0,1499,3.0,0.04049197621212985,0.048565307285615644,0.43394963144351534,0.4769930850587391,0.43394963144351534
2,everything_in_user_tags,312, before,2254,3.0,assistant,109.0,1500,3.0,0.048903394084333134,0.0542709997726436,0.3840259574368212,0.512799648706202,0.3840259574368212
2,everything_in_user_tags,313, attribut,92125,3.0,assistant,110.0,1501,3.0,0.0037708584932137044,0.4192185727083437,0.5452767606249941,0.03173380817344853,0.5452767606249941
2,everything_in_user_tags,314,ing,289,3.0,assistant,111.0,1502,3.0,0.0007917198207468523,0.00012682880190526496,0.6739330335938936,0.32514841778345444,0.6739330335938936
2,everything_in_user_tags,315, the,290,3.0,assistant,112.0,1503,3.0,0.006555403533828385,0.04042425011742165,0.9258129142984246,0.027207432050325255,0.9258129142984246
2,everything_in_user_tags,316, result,1534,3.0,assistant,113.0,1504,3.0,0.02567854735002695,0.3273396020278004,0.4480393476608872,0.1989425029612854,0.4480393476608872
2,everything_in_user_tags,317, to,316,3.0,assistant,114.0,1505,3.0,0.0023954903035193053,0.0004166004450082929,0.8974997436161439,0.09968816563532847,0.8974997436161439
2,everything_in_user_tags,318, your,634,3.0,assistant,115.0,1506,3.0,0.008603218031502817,0.00253201974592292,0.5502742269493337,0.4385905352732405,0.5502742269493337
2,everything_in_user_tags,319, vector,9727,3.0,assistant,116.0,1507,3.0,0.03072665195179708,0.007125881027370135,0.1817925206647783,0.7803549463560545,0.1817925206647783
2,everything_in_user_tags,320,".
",558,3.0,assistant,117.0,1508,3.0,6.112167329202501e-05,0.0012648497990293212,0.998351897850921,0.00032213067675743905,0.998351897850921
2,everything_in_user_tags,321,That,7924,4.0,user,1.0,1509,4.0,1.3605143380024038e-08,6.539409352638863e-07,0.9992421707757437,0.0007571616781775078,0.9992421707757437
2,everything_in_user_tags,322, helps,9335,4.0,user,2.0,1510,4.0,2.390769588443847e-05,0.0010311880272430522,0.9907375255083779,0.008207378768494764,0.9907375255083779
2,everything_in_user_tags,323,.,13,4.0,user,3.0,1511,4.0,0.0001146811882322834,0.17225008788190269,0.7959820708419155,0.0316531600879496,0.7959820708419155
2,everything_in_user_tags,324, Suppose,183159,4.0,user,4.0,1512,4.0,0.00011629500874831426,0.9022925577650383,0.09587183711750616,0.0017193101087072833,0.09587183711750616
2,everything_in_user_tags,325, the,290,4.0,user,5.0,1513,4.0,1.0719649251594393e-05,0.004822800000643986,0.9746530320402743,0.020513448309829967,0.9746530320402743
2,everything_in_user_tags,326, steering,49066,4.0,user,6.0,1514,4.0,0.014419280007455433,0.6330182424999388,0.34921584903757713,0.0033466284550286605,0.34921584903757713
2,everything_in_user_tags,327, method,2595,4.0,user,7.0,1515,4.0,0.013461075102537577,0.9018134465426241,0.0679449325923308,0.016780545762507405,0.0679449325923308
2,everything_in_user_tags,328, reduces,38566,4.0,user,8.0,1516,4.0,0.003008218601287671,0.9338634688951056,0.05294962886602218,0.010178683637584432,0.05294962886602218
2,everything_in_user_tags,329, the,290,4.0,user,9.0,1517,4.0,0.06782880755004081,0.0141384014982783,0.8605116619701336,0.05752112898154731,0.8605116619701336
2,everything_in_user_tags,330, unwanted,49578,4.0,user,10.0,1518,4.0,0.057783994852509825,0.49082448694581715,0.43594846028723766,0.015443057914435423,0.43594846028723766
2,everything_in_user_tags,331, action,3736,4.0,user,11.0,1519,4.0,0.013303026508234644,0.009967801261840856,0.8989559055172844,0.07777326671264008,0.8989559055172844
2,everything_in_user_tags,332, but,889,4.0,user,12.0,1520,4.0,0.04723177603357027,0.9294024409325938,0.017587937727475852,0.005777845306360142,0.017587937727475852
2,everything_in_user_tags,333, also,1217,4.0,user,13.0,1521,4.0,0.021644074596230568,0.6348048446610298,0.3270643893908247,0.016486691351914794,0.3270643893908247
2,everything_in_user_tags,334, makes,4787,4.0,user,14.0,1522,4.0,0.0046608382743034225,0.5183586293667546,0.4640138639960078,0.012966668362934145,0.4640138639960078
2,everything_in_user_tags,335, some,1236,4.0,user,15.0,1523,4.0,0.010928292459999937,0.26653725031390724,0.5652197882020814,0.1573146690240115,0.5652197882020814
2,everything_in_user_tags,336, answers,14716,4.0,user,16.0,1524,4.0,0.004280794081746128,0.037013024167727,0.6042828080646411,0.3544233736858857,0.6042828080646411
2,everything_in_user_tags,337, incomplete,60592,4.0,user,17.0,1525,4.0,0.00030575640669121604,0.007504874127822012,0.6228947984057537,0.36929457105973296,0.6228947984057537
2,everything_in_user_tags,338,.,13,4.0,user,18.0,1526,4.0,0.007856504397363285,0.9351000248354829,0.05548705293805218,0.0015564178291015164,0.05548705293805218
2,everything_in_user_tags,339, How,3253,4.0,user,19.0,1527,4.0,0.000321467924580837,0.9874279573681959,0.012157303913919051,9.327079330415757e-05,0.012157303913919051
2,everything_in_user_tags,340, should,1757,4.0,user,20.0,1528,4.0,7.780895751140442e-05,0.9406051027998281,0.05930107000340243,1.6018239258061342e-05,0.05930107000340243
2,everything_in_user_tags,341, I,357,4.0,user,21.0,1529,4.0,0.0006126730955666675,0.060300844570020926,0.9253366316513857,0.013749850683026596,0.9253366316513857
2,everything_in_user_tags,342, show,2356,4.0,user,22.0,1530,4.0,0.000987869556985539,0.9407190888093553,0.047386763670645614,0.010906277963013392,0.047386763670645614
2,everything_in_user_tags,343, that,484,4.0,user,23.0,1531,4.0,0.0011570058968216846,0.43634502039117345,0.34712455074621634,0.2153734229657884,0.34712455074621634
2,everything_in_user_tags,344, trade,10552,4.0,user,24.0,1532,4.0,0.0327611660929455,0.20614346582136425,0.10679309806869307,0.6543022700169973,0.10679309806869307
2,everything_in_user_tags,345,off,2864,4.0,user,25.0,1533,4.0,0.022365872032965653,0.12263200859626372,0.15723518275132914,0.6977669366194416,0.15723518275132914
2,everything_in_user_tags,346, in,306,4.0,user,26.0,1534,4.0,0.0004276923427899018,0.8148102549155064,0.13252167516455146,0.05224037757715225,0.13252167516455146
2,everything_in_user_tags,347, one,1001,4.0,user,27.0,1535,4.0,0.0001673202014969823,0.3539491170247301,0.2887912287379372,0.35709233403583573,0.2887912287379372
2,everything_in_user_tags,348, clear,5364,4.0,user,28.0,1536,4.0,0.0010287816844824196,0.973324314592933,0.02384455516759157,0.0018023485549930256,0.02384455516759157
2,everything_in_user_tags,349, figure,11310,4.0,user,29.0,1537,4.0,0.0018755845053963038,0.039009148207964174,0.01898696572442498,0.9401283015622146,0.01898696572442498
2,everything_in_user_tags,350, for,395,4.0,user,30.0,1538,4.0,0.005681530386813742,0.9095754935212433,0.08142124098370798,0.0033217351082351063,0.08142124098370798
2,everything_in_user_tags,351, the,290,4.0,user,31.0,1539,4.0,0.0034426055771675894,0.02136492058191016,0.10588089306477269,0.8693115807761496,0.10588089306477269
2,everything_in_user_tags,352, M,391,4.0,user,32.0,1540,4.0,0.0007316354326405044,0.9981621433470932,0.0006242563394455868,0.000481964880820728,0.0006242563394455868
2,everything_in_user_tags,353,ATS,42222,4.0,user,33.0,1541,4.0,0.0036503029639382138,0.9767508038680885,0.018793948499089122,0.0008049446688840714,0.018793948499089122
2,everything_in_user_tags,354, report,3019,4.0,user,34.0,1542,4.0,0.0018994639923470436,0.9524449045425695,0.036527108722359335,0.009128522742724151,0.036527108722359335
2,everything_in_user_tags,355,",",11,4.0,user,35.0,1543,4.0,0.0014905020729803207,0.9979525265442837,0.0005296068093926576,2.7364573343484483e-05,0.0005296068093926576
2,everything_in_user_tags,356, rather,7542,4.0,user,36.0,1544,4.0,5.560050208726645e-05,0.9985131294362495,0.0014294453044602585,1.8247572029707568e-06,0.0014294453044602585
2,everything_in_user_tags,357, than,1572,4.0,user,37.0,1545,4.0,0.0008880020920952354,0.9956444862889214,0.0031564512582889217,0.0003110603606943225,0.0031564512582889217
2,everything_in_user_tags,358, hiding,47651,4.0,user,38.0,1546,4.0,0.00048400204124879434,0.985512633282468,0.013108977971067165,0.0008943867052161786,0.013108977971067165
2,everything_in_user_tags,359, it,480,4.0,user,39.0,1547,4.0,0.000733816783607332,0.5979156560658552,0.29083821589322195,0.11051231125731568,0.29083821589322195
2,everything_in_user_tags,360, in,306,4.0,user,40.0,1548,4.0,0.0015777883748469186,0.9900981289315843,0.005356808344299676,0.0029672743492692765,0.005356808344299676
2,everything_in_user_tags,361, a,261,4.0,user,41.0,1549,4.0,0.002131699951267071,0.11147402609422498,0.526584615269704,0.35980965868480386,0.526584615269704
2,everything_in_user_tags,362, separate,13574,4.0,user,42.0,1550,4.0,0.005270393085596795,0.9671366215609846,0.026841144766366874,0.000751840587051804,0.026841144766366874
2,everything_in_user_tags,363, appendix,179290,4.0,user,43.0,1551,4.0,0.0055115368063967515,0.7816151861493451,0.17896104995034898,0.03391222709390905,0.17896104995034898
2,everything_in_user_tags,364,"?
",3901,4.0,user,44.0,1552,4.0,0.00013056987826207911,0.06088795342339954,0.9306604475762613,0.008321029122077092,0.9306604475762613
2,everything_in_user_tags,365,The,976,5.0,cot,1.0,1553,5.0,4.49821723627817e-08,1.8265982962213048e-05,0.9968542818325832,0.003127407202282118,0.9968542818325832
2,everything_in_user_tags,366, user,1825,5.0,cot,2.0,1554,5.0,2.1289331774233198e-08,3.7089561086593707e-06,0.9999775636371061,1.8706117453548674e-05,0.9999775636371061
2,everything_in_user_tags,367, is,382,5.0,cot,3.0,1555,5.0,2.324145965322332e-08,1.2139682086923703e-06,0.9999742315994734,2.453119085819684e-05,0.9999742315994734
2,everything_in_user_tags,368, asking,16054,5.0,cot,4.0,1556,5.0,9.746725299115061e-08,2.788257575457815e-05,0.9999653525898713,6.667367121126996e-06,0.9999653525898713
2,everything_in_user_tags,369, how,1495,5.0,cot,5.0,1557,5.0,2.7385141420930375e-08,2.112904601896628e-05,0.9999644480618713,1.4395506968204847e-05,0.9999644480618713
2,everything_in_user_tags,370, to,316,5.0,cot,6.0,1558,5.0,0.00016989279847581698,0.047705917134419094,0.9495337530257163,0.0025904370413887927,0.9495337530257163
2,everything_in_user_tags,371, present,3333,5.0,cot,7.0,1559,5.0,0.0005249793873911296,0.042298612531239115,0.9379127028105589,0.01926370527081092,0.9379127028105589
2,everything_in_user_tags,372, a,261,5.0,cot,8.0,1560,5.0,0.0006448117101742896,0.12841914051217657,0.8503943369224053,0.020541710855243808,0.8503943369224053
2,everything_in_user_tags,373, competing,45386,5.0,cot,9.0,1561,5.0,5.779177382875413e-05,0.0007925181735560256,0.9040370907251591,0.09511259932745585,0.9040370907251591
2,everything_in_user_tags,374, objective,23062,5.0,cot,10.0,1562,5.0,5.400149062750852e-05,0.00011129177378445863,0.16511827291439035,0.8347164338211976,0.16511827291439035
2,everything_in_user_tags,375, in,306,5.0,cot,11.0,1563,5.0,7.5766247500378495e-06,0.0003271162422010265,0.935986684569101,0.06367862256394806,0.935986684569101
2,everything_in_user_tags,376, the,290,5.0,cot,12.0,1564,5.0,0.000391091633861671,0.0007531793563080188,0.7794678758287364,0.21938785318109397,0.7794678758287364
2,everything_in_user_tags,377, same,2684,5.0,cot,13.0,1565,5.0,6.237928081551268e-05,0.0027093593060330485,0.832811502149182,0.16441675926396956,0.832811502149182
2,everything_in_user_tags,378, visual,11256,5.0,cot,14.0,1566,5.0,5.962481827390333e-05,0.00023134728334846667,0.12593864339399413,0.8737703845043835,0.12593864339399413
2,everything_in_user_tags,379, comparison,19211,5.0,cot,15.0,1567,5.0,1.2613518560349084e-05,0.0010937680480734068,0.0665798430543055,0.9323137753790607,0.0665798430543055
2,everything_in_user_tags,380,.,13,5.0,cot,16.0,1568,5.0,8.16186900349938e-07,1.9361932861295684e-05,0.9932199253620493,0.006759896518188979,0.9932199253620493
2,everything_in_user_tags,381, I,357,5.0,cot,17.0,1569,5.0,3.43860516651245e-07,3.7602303769800985e-06,0.9960527270085351,0.003943168900571458,0.9960527270085351
2,everything_in_user_tags,382, should,1757,5.0,cot,18.0,1570,5.0,1.7639924801843588e-09,1.632947567535602e-07,0.9999881057729149,1.1729168335934748e-05,0.9999881057729149
2,everything_in_user_tags,383, avoid,8397,5.0,cot,19.0,1571,5.0,3.104733551972533e-07,3.9189874421726893e-07,0.9995269472272925,0.0004723504006081412,0.9995269472272925
2,everything_in_user_tags,384, compress,34112,5.0,cot,20.0,1572,5.0,0.0003004499766438991,0.0002910508061152798,0.8149554939335361,0.18445300528370473,0.8149554939335361
2,everything_in_user_tags,385,ing,289,5.0,cot,21.0,1573,5.0,1.2524756911158515e-06,6.455375151651638e-06,0.9679116797268074,0.03208061242234988,0.9679116797268074
2,everything_in_user_tags,386, everything,5519,5.0,cot,22.0,1574,5.0,0.00010731594735462882,0.00456855101513965,0.8461388120883377,0.14918532094916787,0.8461388120883377
2,everything_in_user_tags,387, into,1511,5.0,cot,23.0,1575,5.0,2.6797178568139666e-07,7.639819612404636e-07,0.996614710364987,0.003384257681265972,0.996614710364987
2,everything_in_user_tags,388, one,1001,5.0,cot,24.0,1576,5.0,4.680884367240498e-05,0.0006582338477999805,0.9797806913365039,0.01951426597202372,0.9797806913365039
2,everything_in_user_tags,389, score,8429,5.0,cot,25.0,1577,5.0,6.686813154078676e-07,1.2929104675098515e-06,0.007104782591528637,0.9928932558166884,0.007104782591528637
2,everything_in_user_tags,390, whose,12119,5.0,cot,26.0,1578,5.0,2.3294652025366857e-06,1.4124861386552096e-06,0.23297150223013485,0.7670247558185239,0.23297150223013485
2,everything_in_user_tags,391, weights,28460,5.0,cot,27.0,1579,5.0,8.461061599623125e-06,6.998967460320183e-07,0.0342346953212647,0.9657561437203896,0.0342346953212647
2,everything_in_user_tags,392, may,1340,5.0,cot,28.0,1580,5.0,1.9619042250703844e-06,1.5452020983094332e-06,0.8157976941721305,0.18419879872154601,0.8157976941721305
2,everything_in_user_tags,393, hide,16930,5.0,cot,29.0,1581,5.0,2.2451658426813304e-05,4.924500531707584e-05,0.6974888670316483,0.3024394363046079,0.6974888670316483
2,everything_in_user_tags,394, a,261,5.0,cot,30.0,1582,5.0,5.463898006068786e-05,0.00047620458313517045,0.5269494279231054,0.4725197285136986,0.5269494279231054
2,everything_in_user_tags,395, cost,3097,5.0,cot,31.0,1583,5.0,7.259846742943573e-05,2.11372889046243e-05,0.09498654747776321,0.9049197167659028,0.09498654747776321
2,everything_in_user_tags,396,.,13,5.0,cot,32.0,1584,5.0,5.7786699271841656e-05,0.00010003324733663847,0.8190844029369888,0.18075777711640276,0.8190844029369888
2,everything_in_user_tags,397, A,355,5.0,cot,33.0,1585,5.0,3.6165441130962895e-07,2.459357685359041e-07,0.9841254153189017,0.01587397709091844,0.9841254153189017
2,everything_in_user_tags,398, two,1920,5.0,cot,34.0,1586,5.0,5.3159891778963056e-05,0.00027223821566213876,0.682055689910574,0.31761891198198494,0.682055689910574
2,everything_in_user_tags,399,-dimensional,51578,5.0,cot,35.0,1587,5.0,5.876534034729289e-05,0.00014934087958156964,0.13442390562325243,0.8653679881568188,0.13442390562325243
2,everything_in_user_tags,400, plot,12857,5.0,cot,36.0,1588,5.0,3.241031703046907e-05,4.960297599831254e-05,0.14641907796145295,0.8534989087455183,0.14641907796145295
2,everything_in_user_tags,401, can,665,5.0,cot,37.0,1589,5.0,3.383630934549138e-05,0.00017467028995342884,0.8492585250795669,0.1505329683211341,0.8492585250795669
2,everything_in_user_tags,402, show,2356,5.0,cot,38.0,1590,5.0,0.00042623864156172525,0.0001687281299166084,0.9664665247212525,0.03293850850726928,0.9664665247212525
2,everything_in_user_tags,403, authorized,30812,5.0,cot,39.0,1591,5.0,0.00010990626724530396,0.0001487308376051632,0.5312422387162329,0.4684991241789167,0.5312422387162329
2,everything_in_user_tags,404, task,5296,5.0,cot,40.0,1592,5.0,0.0008432125815874554,0.00012271659834076093,0.1746199203584156,0.8244141504616562,0.1746199203584156
2,everything_in_user_tags,405, completion,18128,5.0,cot,41.0,1593,5.0,0.0007922587561578994,0.00024434034663441557,0.34752951805830684,0.6514338828389009,0.34752951805830684
2,everything_in_user_tags,406, and,326,5.0,cot,42.0,1594,5.0,0.000327931822843003,0.0007558285524416229,0.4067097100764517,0.5922065295482638,0.4067097100764517
2,everything_in_user_tags,407, unwanted,49578,5.0,cot,43.0,1595,5.0,0.0011612324816375906,0.001173373263268785,0.7974652521955704,0.20020014205952327,0.7974652521955704
2,everything_in_user_tags,408, action,3736,5.0,cot,44.0,1596,5.0,0.009293535777166458,0.00592281171970064,0.5198497652535324,0.46493388724960044,0.5198497652535324
2,everything_in_user_tags,409, rates,9837,5.0,cot,45.0,1597,5.0,0.0003356953237504647,0.00014745674004920913,0.5212002465908607,0.47831660134533965,0.5212002465908607
2,everything_in_user_tags,410, together,4717,5.0,cot,46.0,1598,5.0,0.0007753486723782319,0.002171219126977995,0.7739665350931909,0.22308689710745286,0.7739665350931909
2,everything_in_user_tags,411,",",11,5.0,cot,47.0,1599,5.0,0.00015445789213197934,0.0007799683225019302,0.20478195559894768,0.7942836181864185,0.20478195559894768
2,everything_in_user_tags,412, with,483,5.0,cot,48.0,1600,5.0,5.294990288840452e-05,8.682002019416908e-05,0.8348401400878556,0.16502008998906198,0.8348401400878556
2,everything_in_user_tags,413, the,290,5.0,cot,49.0,1601,5.0,0.010969019860486824,0.12419013677871454,0.20618378174587726,0.6586570616149214,0.20618378174587726
2,everything_in_user_tags,414, same,2684,5.0,cot,50.0,1602,5.0,0.002732370527430175,0.0007959240111127881,0.7456607110904626,0.2508109943709945,0.7456607110904626
2,everything_in_user_tags,415, cases,7911,5.0,cot,51.0,1603,5.0,0.004726072334408632,0.0019607738144851406,0.22980094470704976,0.7635122091440565,0.22980094470704976
2,everything_in_user_tags,416, contributing,44404,5.0,cot,52.0,1604,5.0,2.3655630051035873e-05,5.499861973749069e-06,0.014971948664230149,0.9849988958437451,0.014971948664230149
2,everything_in_user_tags,417, to,316,5.0,cot,53.0,1605,5.0,0.00019820783649385633,0.00012807399011630942,0.01990696953536976,0.97976674863802,0.01990696953536976
2,everything_in_user_tags,418, both,2973,5.0,cot,54.0,1606,5.0,0.0013821586171981809,0.06577360608823869,0.7766416073329777,0.15620262796158552,0.7766416073329777
2,everything_in_user_tags,419,.,13,5.0,cot,55.0,1607,5.0,0.0001396915962980509,6.7654190170670565e-06,0.14798363357834332,0.8518699094063417,0.14798363357834332
2,everything_in_user_tags,420, The,623,5.0,cot,56.0,1608,5.0,2.153315028684397e-06,0.00011309346330329538,0.934598017170357,0.06528673605131118,0.934598017170357
2,everything_in_user_tags,421, baseline,51356,5.0,cot,57.0,1609,5.0,0.00016977466002597317,0.0009383511303098889,0.038049628715185586,0.9608422454944785,0.038049628715185586
2,everything_in_user_tags,422, should,1757,5.0,cot,58.0,1610,5.0,0.0001341665547837407,0.00102847743498845,0.9895422300762601,0.009295125933967684,0.9895422300762601
2,everything_in_user_tags,423, be,413,5.0,cot,59.0,1611,5.0,0.00025696669323202134,0.008721551070680202,0.7653951812547292,0.2256263009813586,0.7653951812547292
2,everything_in_user_tags,424, visibly,169719,5.0,cot,60.0,1612,5.0,2.9115825182988785e-05,6.825902314676552e-05,0.8844034913911124,0.11549913376055779,0.8844034913911124
2,everything_in_user_tags,425, marked,20779,5.0,cot,61.0,1613,5.0,0.0003497184372753302,0.0018724998644989912,0.8198007803617144,0.1779770013365112,0.8198007803617144
2,everything_in_user_tags,426, so,813,5.0,cot,62.0,1614,5.0,0.0013485815896538884,0.0020887378497717805,0.45041091100077263,0.5461517695598017,0.45041091100077263
2,everything_in_user_tags,427, a,261,5.0,cot,63.0,1615,5.0,0.0013930070197953129,0.014371313496935963,0.969236040278716,0.014999639204552696,0.969236040278716
2,everything_in_user_tags,428, reader,10958,5.0,cot,64.0,1616,5.0,0.0015095580313108708,0.004960789931663978,0.8069639069211846,0.18656574511584045,0.8069639069211846
2,everything_in_user_tags,429, can,665,5.0,cot,65.0,1617,5.0,1.0556253316296814e-05,1.3693546696328438e-05,0.9530009278234205,0.046974822376567055,0.9530009278234205
2,everything_in_user_tags,430, judge,23319,5.0,cot,66.0,1618,5.0,5.716731947103135e-05,5.940749002143117e-05,0.6519310225290565,0.3479524026614509,0.6519310225290565
2,everything_in_user_tags,431, movement,12772,5.0,cot,67.0,1619,5.0,1.2549418980261958e-06,5.863774649781326e-06,0.0034834418896280764,0.9965094393938242,0.0034834418896280764
2,everything_in_user_tags,432, relative,15001,5.0,cot,68.0,1620,5.0,4.751871156278998e-06,9.149859462042e-05,0.04059429279542726,0.9593094567387961,0.04059429279542726
2,everything_in_user_tags,433, to,316,5.0,cot,69.0,1621,5.0,0.00018933299989454637,0.009163752159416389,0.0795033577536579,0.9111435570870312,0.0795033577536579
2,everything_in_user_tags,434, the,290,5.0,cot,70.0,1622,5.0,0.004097211250229907,0.013557801746554956,0.15875763704745244,0.8235873499557628,0.15875763704745244
2,everything_in_user_tags,435, starting,8601,5.0,cot,71.0,1623,5.0,9.119384737102632e-06,9.261898707735741e-06,0.007810929740194162,0.992170688976361,0.007810929740194162
2,everything_in_user_tags,436, point,2438,5.0,cot,72.0,1624,5.0,2.384783273516327e-05,1.508188299828606e-05,0.020236655152006993,0.9797244151322596,0.020236655152006993
2,everything_in_user_tags,437,.,13,5.0,cot,73.0,1625,5.0,7.878523046064757e-06,1.6205022546566093e-05,0.8414580859827124,0.15851783047169493,0.8414580859827124
2,everything_in_user_tags,438, I,357,5.0,cot,74.0,1626,5.0,3.4616902349584074e-07,1.0089314060292842e-05,0.9831050460654015,0.01688451845151487,0.9831050460654015
2,everything_in_user_tags,439, also,1217,5.0,cot,75.0,1627,5.0,0.0015888604575660932,0.020850189119354982,0.7184557974128299,0.259105153010249,0.7184557974128299
2,everything_in_user_tags,440, need,1309,5.0,cot,76.0,1628,5.0,2.0951874876066933e-07,3.349584485079048e-07,0.9976554863955329,0.002343969127269861,0.9976554863955329
2,everything_in_user_tags,441, to,316,5.0,cot,77.0,1629,5.0,0.0003263231729475229,0.0030686297604582886,0.9536756425138999,0.04292940455269415,0.9536756425138999
2,everything_in_user_tags,442, say,2891,5.0,cot,78.0,1630,5.0,0.00015260398412567019,0.0003180209568646931,0.7707201685739947,0.2288092064850148,0.7707201685739947
2,everything_in_user_tags,443, that,484,5.0,cot,79.0,1631,5.0,1.2166183787074714e-05,4.6122758880458734e-05,0.4041155118575102,0.5958261991998223,0.4041155118575102
2,everything_in_user_tags,444, changing,13784,5.0,cot,80.0,1632,5.0,3.064223140838463e-06,3.0627454527671605e-07,0.052060432656189704,0.9479361968461243,0.052060432656189704
2,everything_in_user_tags,445, intervention,32206,5.0,cot,81.0,1633,5.0,0.0009601032719410509,0.0005000418999953936,0.4081241029529569,0.5904157518751065,0.4081241029529569
2,everything_in_user_tags,446, strength,9386,5.0,cot,82.0,1634,5.0,2.5570969690550324e-05,5.117616314554683e-06,0.049121435688454174,0.9508478757255407,0.049121435688454174
2,everything_in_user_tags,447, produces,28135,5.0,cot,83.0,1635,5.0,5.46382837594424e-05,2.377343759281239e-05,0.02561834906065954,0.9743032392179881,0.02561834906065954
2,everything_in_user_tags,448, a,261,5.0,cot,84.0,1636,5.0,0.0025753499633702523,0.010694569150381776,0.2843255222384767,0.7024045586477713,0.2843255222384767
2,everything_in_user_tags,449, series,5594,5.0,cot,85.0,1637,5.0,0.0020951206250937357,0.01202803304822488,0.7243865026367245,0.2614903436899567,0.7243865026367245
2,everything_in_user_tags,450, of,328,5.0,cot,86.0,1638,5.0,0.0006833626621811572,0.0015593034523899174,0.7096283391966326,0.2881289946887964,0.7096283391966326
2,everything_in_user_tags,451, settings,8743,5.0,cot,87.0,1639,5.0,2.9232356746802506e-05,2.160930843492649e-05,0.08162849255999781,0.9183206657748205,0.08162849255999781
2,everything_in_user_tags,452,",",11,5.0,cot,88.0,1640,5.0,0.002098095513683563,0.0009464645062299942,0.7060050945831208,0.2909503453969657,0.7060050945831208
2,everything_in_user_tags,453, not,625,5.0,cot,89.0,1641,5.0,7.4094741063545e-05,0.00013243662606592172,0.7860690577999286,0.21372441083294202,0.7860690577999286
2,everything_in_user_tags,454, additional,6623,5.0,cot,90.0,1642,5.0,0.0013020729769099987,0.0005094158877725387,0.6476744138940572,0.35051409724126037,0.6476744138940572
2,everything_in_user_tags,455, independent,13313,5.0,cot,91.0,1643,5.0,8.716160951702148e-05,0.0003181026732594103,0.734783935645097,0.26481080007212654,0.734783935645097
2,everything_in_user_tags,456, samples,16902,5.0,cot,92.0,1644,5.0,0.0003550201351304554,0.002054581113200674,0.4892671301329151,0.5083232686187538,0.4892671301329151
2,everything_in_user_tags,457,",",11,5.0,cot,93.0,1645,5.0,0.0014792188894191289,0.0037718799891271627,0.8820327840601915,0.11271611706126224,0.8820327840601915
2,everything_in_user_tags,458, and,326,5.0,cot,94.0,1646,5.0,1.33322730884551e-06,5.4269968426494185e-06,0.1769482528872205,0.823044986888628,0.1769482528872205
2,everything_in_user_tags,459, that,484,5.0,cot,95.0,1647,5.0,4.698055247295508e-06,7.695901382089393e-05,0.2434015820477243,0.7565167608832075,0.2434015820477243
2,everything_in_user_tags,460, uncertainty,44942,5.0,cot,96.0,1648,5.0,1.964304229590376e-06,2.147336398318426e-06,0.016320948877751387,0.9836749394816208,0.016320948877751387
2,everything_in_user_tags,461, belongs,33063,5.0,cot,97.0,1649,5.0,1.9823011763352384e-05,1.6348242263677283e-05,0.3125231866178511,0.6874406421281218,0.3125231866178511
2,everything_in_user_tags,462, to,316,5.0,cot,98.0,1650,5.0,5.047776582306238e-06,1.9223580334846885e-05,0.05424887237902311,0.9457268562640597,0.05424887237902311
2,everything_in_user_tags,463, the,290,5.0,cot,99.0,1651,5.0,5.978747606167294e-05,0.00073281933196315,0.03425825093046903,0.9649491422615062,0.03425825093046903
2,everything_in_user_tags,464, underlying,27899,5.0,cot,100.0,1652,5.0,2.3979825645799815e-05,0.00037541521246029614,0.07550368359076041,0.9240969213711335,0.07550368359076041
2,everything_in_user_tags,465, conversations,31594,5.0,cot,101.0,1653,5.0,0.001082807748036421,0.00017626066029470639,0.035395311357054385,0.9633456202346145,0.035395311357054385
2,everything_in_user_tags,466,".
",558,5.0,cot,102.0,1654,5.0,4.279911097050289e-07,5.764181158459095e-07,0.9741162057917662,0.025882789799008325,0.9741162057917662
2,everything_in_user_tags,467,Plot,31834,6.0,assistant,1.0,1655,6.0,5.558631322038353e-06,4.6958298385134404e-05,0.1907973509880085,0.8091501320822843,0.1907973509880085
2,everything_in_user_tags,468, ordinary,30633,6.0,assistant,2.0,1656,6.0,0.000531422530140964,0.00043975293869291145,0.11306694581933223,0.8859618787118339,0.11306694581933223
2,everything_in_user_tags,469, task,5296,6.0,assistant,3.0,1657,6.0,0.0008285441580839836,4.7476255285353245e-05,0.12040766155446678,0.8787163180321639,0.12040766155446678
2,everything_in_user_tags,470, completion,18128,6.0,assistant,4.0,1658,6.0,0.0002025572231331394,7.448299761585273e-05,0.0690816621289078,0.9306412976503431,0.0690816621289078
2,everything_in_user_tags,471, on,402,6.0,assistant,5.0,1659,6.0,0.00029071008767410323,0.00016933769433461341,0.11921559782938897,0.8803243543886022,0.11921559782938897
2,everything_in_user_tags,472, one,1001,6.0,assistant,6.0,1660,6.0,0.0004469290840467224,0.0013581691650525701,0.6210315262540824,0.3771633754968182,0.6210315262540824
2,everything_in_user_tags,473, axis,16300,6.0,assistant,7.0,1661,6.0,0.0003128863336109777,8.828240069580956e-05,0.022042179820266322,0.9775566514454268,0.022042179820266322
2,everything_in_user_tags,474, and,326,6.0,assistant,8.0,1662,6.0,0.001412812525691636,0.004461404372064747,0.1396694031719781,0.8544563799302656,0.1396694031719781
2,everything_in_user_tags,475, the,290,6.0,assistant,9.0,1663,6.0,0.0037951270302166882,0.02245448369478965,0.34036309137591364,0.63338729789908,0.34036309137591364
2,everything_in_user_tags,476, unwanted,49578,6.0,assistant,10.0,1664,6.0,0.0007613748987877859,0.01850604673554128,0.7484235376905556,0.23230904067511537,0.7484235376905556
2,everything_in_user_tags,477, action,3736,6.0,assistant,11.0,1665,6.0,0.0014764998491074244,0.0003552129778519133,0.8875835505462699,0.11058473662677083,0.8875835505462699
2,everything_in_user_tags,478, rate,6251,6.0,assistant,12.0,1666,6.0,0.004116330401780109,0.002582120295677155,0.30229101683650555,0.691010532466037,0.30229101683650555
2,everything_in_user_tags,479, on,402,6.0,assistant,13.0,1667,6.0,0.002613583088123556,0.001689625258611872,0.20889614579618454,0.78680064585708,0.20889614579618454
2,everything_in_user_tags,480, the,290,6.0,assistant,14.0,1668,6.0,3.7589109216349383e-07,8.423252313193244e-05,0.9867288396350892,0.013186551950686822,0.9867288396350892
2,everything_in_user_tags,481, other,1273,6.0,assistant,15.0,1669,6.0,0.00320867065013594,0.0023784321134041686,0.5674862966893798,0.4269266005470801,0.5674862966893798
2,everything_in_user_tags,482,.,13,6.0,assistant,16.0,1670,6.0,4.372388379968218e-05,0.004300462566551296,0.9704796993119245,0.0251761142377245,0.9704796993119245
2,everything_in_user_tags,483, Mark,5070,6.0,assistant,17.0,1671,6.0,0.0013602417470119114,0.0011133984720181794,0.5869535578576169,0.4105728019233529,0.5869535578576169
2,everything_in_user_tags,484, the,290,6.0,assistant,18.0,1672,6.0,0.0004921469627545598,0.000518185962252488,0.21451171045770695,0.784477956617286,0.21451171045770695
2,everything_in_user_tags,485, unchanged,73928,6.0,assistant,19.0,1673,6.0,9.499005774040035e-05,6.366898298980968e-05,0.03462544663308714,0.9652158943261826,0.03462544663308714
2,everything_in_user_tags,486, baseline,51356,6.0,assistant,20.0,1674,6.0,4.003118999387119e-05,6.576833469862263e-05,0.053247903026986156,0.9466462974483213,0.053247903026986156
2,everything_in_user_tags,487, and,326,6.0,assistant,21.0,1675,6.0,0.00020245978942061324,0.00012124750158070671,0.1696763986856642,0.8299998940233344,0.1696763986856642
2,everything_in_user_tags,488, show,2356,6.0,assistant,22.0,1676,6.0,3.989884405082645e-05,0.0001216758423873663,0.12443310318008,0.8754053221334818,0.12443310318008
2,everything_in_user_tags,489, each,2454,6.0,assistant,23.0,1677,6.0,6.02909554353099e-05,0.0002661917094693931,0.36780177280709053,0.6318717445280048,0.36780177280709053
2,everything_in_user_tags,490, intervention,32206,6.0,assistant,24.0,1678,6.0,0.0006114326222531342,0.002078872225723654,0.32058425097253507,0.6767254441794882,0.32058425097253507
2,everything_in_user_tags,491, strength,9386,6.0,assistant,25.0,1679,6.0,0.00027924370982289467,0.00023573745247450212,0.4712329909213897,0.5282520279163129,0.4712329909213897
2,everything_in_user_tags,492, as,472,6.0,assistant,26.0,1680,6.0,0.00026365185210548394,0.00012326811211663065,0.5105712979664643,0.48904178206931365,0.5105712979664643
2,everything_in_user_tags,493, a,261,6.0,assistant,27.0,1681,6.0,0.0002461815879985187,0.00030515615878079185,0.9433452510241159,0.0561034112291048,0.9433452510241159
2,everything_in_user_tags,494, separate,13574,6.0,assistant,28.0,1682,6.0,0.0001718768056718056,0.0001158796372329426,0.8708503973286676,0.12886184622842756,0.8708503973286676
2,everything_in_user_tags,495, point,2438,6.0,assistant,29.0,1683,6.0,9.330788354122658e-05,0.00014354397094450155,0.3780815042711266,0.6216816438743877,0.3780815042711266
2,everything_in_user_tags,496,",",11,6.0,assistant,30.0,1684,6.0,0.0007226473722129177,0.002109473870638473,0.6537296024592988,0.34343827629785,0.6537296024592988
2,everything_in_user_tags,497, with,483,6.0,assistant,31.0,1685,6.0,0.0001138437777801964,2.511702040967642e-05,0.28862135726739707,0.711239681934413,0.28862135726739707
2,everything_in_user_tags,498, labels,17125,6.0,assistant,32.0,1686,6.0,0.00011678974185204026,0.000700311564561237,0.6590181458227566,0.34016475287083003,0.6590181458227566
2,everything_in_user_tags,499, that,484,6.0,assistant,33.0,1687,6.0,0.0002625632278294086,0.00011302773117364553,0.45739527985686995,0.5422291291841269,0.45739527985686995
2,everything_in_user_tags,500, identify,11410,6.0,assistant,34.0,1688,6.0,0.00016051365128698212,0.00017463623432999173,0.3910147790511501,0.6086500710632329,0.3910147790511501
2,everything_in_user_tags,501, the,290,6.0,assistant,35.0,1689,6.0,0.0009401819569103638,0.30219728013443137,0.5537176943027169,0.14314484360594135,0.5537176943027169
2,everything_in_user_tags,502, method,2595,6.0,assistant,36.0,1690,6.0,0.000401223999109587,0.0028112127623002325,0.24247463018164364,0.7543129330569465,0.24247463018164364
2,everything_in_user_tags,503,.,13,6.0,assistant,37.0,1691,6.0,7.303140872684108e-05,9.631402064333054e-05,0.4541592584909386,0.5456713960796912,0.4541592584909386
2,everything_in_user_tags,504, A,355,6.0,assistant,38.0,1692,6.0,3.800809821150252e-05,1.9758499040749916e-05,0.5140711412372377,0.48587109216551,0.5140711412372377
2,everything_in_user_tags,505, useful,8316,6.0,assistant,39.0,1693,6.0,0.000553992594397399,6.185914078313007e-05,0.7455191102444222,0.2538650380203973,0.7455191102444222
2,everything_in_user_tags,506, intervention,32206,6.0,assistant,40.0,1694,6.0,0.00010930136351816559,4.448606338715507e-06,0.10330477671127694,0.8965814733188662,0.10330477671127694
2,everything_in_user_tags,507, should,1757,6.0,assistant,41.0,1695,6.0,0.00013783933794239806,5.22109979437546e-05,0.15670325053336276,0.8431066991307511,0.15670325053336276
2,everything_in_user_tags,508, move,5275,6.0,assistant,42.0,1696,6.0,2.5167805374115957e-05,5.100493793390814e-06,0.022255084957592815,0.9777146467432398,0.022255084957592815
2,everything_in_user_tags,509, toward,15256,6.0,assistant,43.0,1697,6.0,0.0002739927601896143,0.0001203180137998845,0.040804704909735076,0.9588009843162755,0.040804704909735076
2,everything_in_user_tags,510, fewer,30732,6.0,assistant,44.0,1698,6.0,0.0006128731955270414,6.704205596494801e-05,0.06496043539538585,0.9343596493531221,0.06496043539538585
2,everything_in_user_tags,511, unwanted,49578,6.0,assistant,45.0,1699,6.0,0.004103681421596616,0.003128987804582452,0.9175451332789198,0.07522219749490114,0.9175451332789198
2,everything_in_user_tags,512, actions,10370,6.0,assistant,46.0,1700,6.0,0.00878151489199861,0.0015699735145481616,0.86708045058415,0.12256806100930315,0.86708045058415
2,everything_in_user_tags,513, while,2049,6.0,assistant,47.0,1701,6.0,0.00033700133113528225,6.480155389676373e-05,0.24426723165991723,0.7553309654550506,0.24426723165991723
2,everything_in_user_tags,514, preserving,74564,6.0,assistant,48.0,1702,6.0,0.0009581359633221225,0.00016044599513601645,0.19407422905675178,0.8048071889847901,0.19407422905675178
2,everything_in_user_tags,515, task,5296,6.0,assistant,49.0,1703,6.0,0.004307647200179817,0.0003435422173814639,0.2627747424667364,0.7325740681157024,0.2627747424667364
2,everything_in_user_tags,516, completion,18128,6.0,assistant,50.0,1704,6.0,0.0010854452498938812,0.0001402611605309736,0.030889265927465957,0.9678850276621093,0.030889265927465957
2,everything_in_user_tags,517,.,13,6.0,assistant,51.0,1705,6.0,0.00020578667229384243,8.411461746855849e-05,0.4902447409310091,0.5094653577792285,0.4902447409310091
2,everything_in_user_tags,518, Include,50210,6.0,assistant,52.0,1706,6.0,8.630809495862281e-05,2.680337586468811e-06,0.47705750766105137,0.5228535039064036,0.47705750766105137
2,everything_in_user_tags,519, the,290,6.0,assistant,53.0,1707,6.0,6.627368876318961e-05,7.645178248893063e-05,0.07492582965422345,0.9249314448745245,0.07492582965422345
2,everything_in_user_tags,520, number,2086,6.0,assistant,54.0,1708,6.0,6.312120110448363e-05,0.00018079051055880843,0.1490318093570573,0.8507242789312794,0.1490318093570573
2,everything_in_user_tags,521, of,328,6.0,assistant,55.0,1709,6.0,2.334056726760443e-05,6.751372341767505e-05,0.10122936254871948,0.8986797831605953,0.10122936254871948
2,everything_in_user_tags,522, independent,13313,6.0,assistant,56.0,1710,6.0,0.00037154715707735244,0.00017758649540578644,0.5362045023180709,0.463246364029446,0.5362045023180709
2,everything_in_user_tags,523, conversations,31594,6.0,assistant,57.0,1711,6.0,3.2099830552414135e-05,1.7175958191741606e-05,0.045939905684757976,0.9540108185264978,0.045939905684757976
2,everything_in_user_tags,524, and,326,6.0,assistant,58.0,1712,6.0,1.60807926178935e-05,1.1308146263911416e-05,0.1932428850165029,0.8067297260446153,0.1932428850165029
2,everything_in_user_tags,525, show,2356,6.0,assistant,59.0,1713,6.0,6.293605870756615e-05,1.0542592289745161e-05,0.19743497698783263,0.8024915443611701,0.19743497698783263
2,everything_in_user_tags,526, uncertainty,44942,6.0,assistant,60.0,1714,6.0,5.427095419376422e-06,8.497111633343847e-06,0.0287553068519916,0.9712307689409556,0.0287553068519916
2,everything_in_user_tags,527, for,395,6.0,assistant,61.0,1715,6.0,3.041370382958505e-05,1.594504455373743e-05,0.5455649096018648,0.4543887316497519,0.5455649096018648
2,everything_in_user_tags,528, both,2973,6.0,assistant,62.0,1716,6.0,2.993825652112198e-05,4.928095419994954e-06,0.20678876603357346,0.7931763676144855,0.20678876603357346
2,everything_in_user_tags,529, outcomes,24693,6.0,assistant,63.0,1717,6.0,1.666061310145713e-05,4.36533747596623e-06,0.01807161573172665,0.9819073583176959,0.01807161573172665
2,everything_in_user_tags,530, when,1261,6.0,assistant,64.0,1718,6.0,5.621399791660525e-06,2.2199256344120427e-06,0.07851778379638107,0.9214743748781928,0.07851778379638107
2,everything_in_user_tags,531, the,290,6.0,assistant,65.0,1719,6.0,1.9639419623285317e-07,1.624880937627633e-07,0.002938389770187056,0.9970612513475229,0.002938389770187056
2,everything_in_user_tags,532, sample,10176,6.0,assistant,66.0,1720,6.0,6.32819187681397e-05,9.54967977626234e-05,0.11581498141467915,0.88402623986879,0.11581498141467915
2,everything_in_user_tags,533, supports,17203,6.0,assistant,67.0,1721,6.0,6.970351560180489e-06,7.623017170009582e-06,0.17307775356637126,0.8269076530648986,0.17307775356637126
2,everything_in_user_tags,534, it,480,6.0,assistant,68.0,1722,6.0,4.810433353291256e-05,4.439596990869358e-05,0.5611872876206216,0.43872021207593676,0.5611872876206216
2,everything_in_user_tags,535,.,13,6.0,assistant,69.0,1723,6.0,2.4998773954664866e-05,8.543686496515897e-06,0.9426864911493612,0.05727996639018773,0.9426864911493612
2,everything_in_user_tags,536, Keep,16835,6.0,assistant,70.0,1724,6.0,3.0276098103706053e-05,1.9871454916116865e-05,0.917688544465123,0.08226130798185717,0.917688544465123
2,everything_in_user_tags,537, a,261,6.0,assistant,71.0,1725,6.0,0.0027584605672111837,0.0014103439708426553,0.7503192048603377,0.24551199060160842,0.7503192048603377
2,everything_in_user_tags,538, table,3293,6.0,assistant,72.0,1726,6.0,0.0015563224175604456,0.0010873151222257646,0.3608170518635465,0.6365393105966672,0.3608170518635465
2,everything_in_user_tags,539, of,328,6.0,assistant,73.0,1727,6.0,0.00010717255480386113,0.00013267398874760162,0.4475081670044238,0.5522519864520247,0.4475081670044238
2,everything_in_user_tags,540, the,290,6.0,assistant,74.0,1728,6.0,5.395514308056335e-07,1.8354198722147018e-06,0.8180904205005951,0.18190720452810183,0.8180904205005951
2,everything_in_user_tags,541, actual,6290,6.0,assistant,75.0,1729,6.0,0.00010306087146409165,9.827995954213813e-05,0.18146136067352645,0.8183372984954672,0.18146136067352645
2,everything_in_user_tags,542, outcome,24192,6.0,assistant,76.0,1730,6.0,5.34209472091321e-05,0.00018664762256424407,0.07604281575206817,0.9237171156781585,0.07604281575206817
2,everything_in_user_tags,543, categories,16944,6.0,assistant,77.0,1731,6.0,0.00025200483738433793,2.3563959467454347e-05,0.2292981731406476,0.7704262580625005,0.2292981731406476
2,everything_in_user_tags,544, nearby,19486,6.0,assistant,78.0,1732,6.0,0.0004923894106026362,3.286319946300601e-05,0.7732785175179734,0.22619622987196103,0.7732785175179734
2,everything_in_user_tags,545, so,813,6.0,assistant,79.0,1733,6.0,0.0012602801637923663,0.0004945764005504065,0.07370023181645916,0.924544911619198,0.07370023181645916
2,everything_in_user_tags,546, readers,15116,6.0,assistant,80.0,1734,6.0,0.0003332699306461582,0.00015043711211096885,0.23053901182393494,0.7689772811333079,0.23053901182393494
2,everything_in_user_tags,547, can,665,6.0,assistant,81.0,1735,6.0,7.005247944072699e-06,1.511229952717469e-06,0.27078639845542607,0.7292050850666771,0.27078639845542607
2,everything_in_user_tags,548, inspect,36665,6.0,assistant,82.0,1736,6.0,0.00023919015788473376,0.00030108833002844546,0.94259157160633,0.056868149905756775,0.94259157160633
2,everything_in_user_tags,549, what,1412,6.0,assistant,83.0,1737,6.0,9.115207346457238e-05,0.00025899389560356685,0.23786729588304006,0.7617825581478916,0.23786729588304006
2,everything_in_user_tags,550, an,448,6.0,assistant,84.0,1738,6.0,1.1097330811013232e-05,7.747443791938426e-05,0.12918596474037247,0.8707254634908971,0.12918596474037247
2,everything_in_user_tags,551, incomplete,60592,6.0,assistant,85.0,1739,6.0,0.00030617234742822606,0.0005883376568482548,0.16003732689959776,0.8390681630961259,0.16003732689959776
2,everything_in_user_tags,552, answer,6052,6.0,assistant,86.0,1740,6.0,0.001377990497949291,0.0029702100781941027,0.22654089657661192,0.7691109028472447,0.22654089657661192
2,everything_in_user_tags,553, means,4748,6.0,assistant,87.0,1741,6.0,0.00029074734778655644,0.001526943669731556,0.4556790458649267,0.5425032631175553,0.4556790458649267
2,everything_in_user_tags,554,.,13,6.0,assistant,88.0,1742,6.0,3.9261144087357675e-05,1.5575050456665307e-05,0.4018836118345593,0.5980615519708967,0.4018836118345593
2,everything_in_user_tags,555, This,1328,6.0,assistant,89.0,1743,6.0,1.7603178328608438e-06,5.5130157449949084e-05,0.9137222558298037,0.08622085369491343,0.9137222558298037
2,everything_in_user_tags,556, makes,4787,6.0,assistant,90.0,1744,6.0,4.301907934536004e-05,0.00014942591534759968,0.9350668985380869,0.0647406564672202,0.9350668985380869
2,everything_in_user_tags,557, the,290,6.0,assistant,91.0,1745,6.0,0.0004980908637172706,0.002783780978964052,0.8085107284186323,0.1882073997386865,0.8085107284186323
2,everything_in_user_tags,558, cost,3097,6.0,assistant,92.0,1746,6.0,0.00031056342503241673,0.00022385246435604122,0.13806037188545192,0.8614052122251596,0.13806037188545192
2,everything_in_user_tags,559, visible,15263,6.0,assistant,93.0,1747,6.0,3.457162628988354e-05,3.945277384837126e-05,0.1273125400970648,0.8726134355027969,0.1273125400970648
2,everything_in_user_tags,560, in,306,6.0,assistant,94.0,1748,6.0,0.000554698023629881,0.0005599503807825579,0.18397621562932673,0.8149091359662609,0.18397621562932673
2,everything_in_user_tags,561, the,290,6.0,assistant,95.0,1749,6.0,7.145848062109255e-05,0.0007713303565689103,0.1447022482855056,0.8544549628773045,0.1447022482855056
2,everything_in_user_tags,562, main,2758,6.0,assistant,96.0,1750,6.0,0.00015934686874462587,0.0003109718773308244,0.061802759625015614,0.937726921628909,0.061802759625015614
2,everything_in_user_tags,563, result,1534,6.0,assistant,97.0,1751,6.0,9.824678177472232e-05,0.00024073747600622953,0.010914371545270859,0.9887466441969482,0.010914371545270859
2,everything_in_user_tags,564, and,326,6.0,assistant,98.0,1752,6.0,6.630798809696726e-05,0.000310211936540676,0.1725903819627993,0.8270330981125631,0.1725903819627993
2,everything_in_user_tags,565, prevents,46396,6.0,assistant,99.0,1753,6.0,1.3243923673496403e-05,1.9420872156244232e-05,0.9361503248006416,0.06381701040352859,0.9361503248006416
2,everything_in_user_tags,566, a,261,6.0,assistant,100.0,1754,6.0,0.00013164769020765463,0.009815996724783019,0.977030938158346,0.013021417426663191,0.977030938158346
2,everything_in_user_tags,567, reduction,21441,6.0,assistant,101.0,1755,6.0,0.0006388808151144993,0.002559894597214403,0.24347482176660992,0.7533264028210611,0.24347482176660992
2,everything_in_user_tags,568, caused,14273,6.0,assistant,102.0,1756,6.0,1.9802052051017953e-05,0.00010327252058830731,0.06942537508113909,0.9304515503462215,0.06942537508113909
2,everything_in_user_tags,569, by,656,6.0,assistant,103.0,1757,6.0,1.5345269838668252e-05,1.5087619030141769e-05,0.07729231957811618,0.9226772475330149,0.07729231957811618
2,everything_in_user_tags,570, general,5985,6.0,assistant,104.0,1758,6.0,0.00044246107922068075,0.002079693740086184,0.17433618551470417,0.823141659665989,0.17433618551470417
2,everything_in_user_tags,571, failure,14090,6.0,assistant,105.0,1759,6.0,0.0001170551776867346,8.674137238179149e-05,0.009897274018747746,0.9898989294311837,0.009897274018747746
2,everything_in_user_tags,572, from,591,6.0,assistant,106.0,1760,6.0,1.2429334132829048e-05,4.7954270355769485e-05,0.014262318793680619,0.9856772976018308,0.014262318793680619
2,everything_in_user_tags,573, looking,3778,6.0,assistant,107.0,1761,6.0,2.8145567188481165e-05,1.8445755882733915e-05,0.023602593448676372,0.9763508152282524,0.023602593448676372
2,everything_in_user_tags,574, like,1299,6.0,assistant,108.0,1762,6.0,0.00012114225055444297,0.0003872711079319039,0.17341778524697496,0.8260738013945387,0.17341778524697496
2,everything_in_user_tags,575, a,261,6.0,assistant,109.0,1763,6.0,0.0022682958387925346,0.01244845928502526,0.6004991262987757,0.38478411857740646,0.6004991262987757
2,everything_in_user_tags,576, clean,4687,6.0,assistant,110.0,1764,6.0,0.0002717277214490458,0.008334282660544487,0.4096329094944589,0.5817610801235475,0.4096329094944589
2,everything_in_user_tags,577, improvement,20692,6.0,assistant,111.0,1765,6.0,0.00032579469029469024,0.0002040377410690286,0.03215184367643923,0.9673183238921971,0.03215184367643923
2,everything_in_user_tags,578,.,13,6.0,assistant,112.0,1766,6.0,4.612726748327772e-06,2.5006278050308347e-06,0.8325708439224047,0.16742204272304206,0.8325708439224047
2,everything_in_user_tags,579,<|end|>,200007,,,,1767,,0.000262097509503938,0.007481380308541993,0.9920626798561522,0.0001938423258020867,0.9920626798561522
