token_ix,token_id,output_id,output_prob,token,prompt_ix,sample_ix,condition,original_role,system,user,cot,assistant,content_token_ix
3,3575,3462,0.21,You,0,3,correct_tags,system,0.9999441,6.6875386e-06,4.9219227e-05,4.7597726e-10,0
4,553,6145,0.4, are,0,4,correct_tags,system,0.9996824,0.00010952475,0.00020802843,4.129724e-10,1
5,17554,162016,0.99, Chat,0,5,correct_tags,system,0.8986072,0.1011152,0.00027758483,1.219091e-09,2
6,162016,11,0.62,GPT,0,6,correct_tags,system,0.015786698,0.97571146,0.008501468,3.625074e-07,3
7,11,261,0.78,",",0,7,correct_tags,system,0.025405234,0.00054196466,0.974051,1.8237208e-06,4
8,261,4410,1.0, a,0,8,correct_tags,system,6.98668e-08,1.046302e-06,0.99999607,2.894862e-06,5
9,4410,6439,1.0, large,0,9,correct_tags,system,5.4054723e-05,1.465662e-06,0.99977034,0.00017415463,6
10,6439,2359,0.99, language,0,10,correct_tags,system,0.9428998,0.049108546,0.007969089,2.2588774e-05,7
11,2359,22203,0.92, model,0,11,correct_tags,system,0.0010938685,0.0018295752,0.997074,2.4750857e-06,8
12,22203,656,0.98, trained,0,12,correct_tags,system,0.009048488,0.0018546303,0.9890961,7.9183377e-07,9
13,656,7788,1.0, by,0,13,correct_tags,system,0.9071893,0.05048087,0.0423298,1.1241802e-08,10
14,7788,17527,1.0, Open,0,14,correct_tags,system,0.0042860615,0.9957071,6.854919e-06,5.333005e-11,11
15,17527,13,0.4,AI,0,15,correct_tags,system,0.0021281154,0.31173393,0.68613553,2.4588776e-06,12
16,558,2167,0.71,".
",0,16,correct_tags,system,0.0025065502,0.9971623,0.0003305385,6.330296e-07,13
17,87447,100594,0.73,Knowledge,0,17,correct_tags,system,2.3725465e-06,0.99752253,0.0024720288,3.0375677e-06,14
18,100594,25,0.72, cutoff,0,18,correct_tags,system,2.643369e-06,0.99877995,0.0012173242,9.410774e-08,15
19,25,220,1.0,:,0,19,correct_tags,system,5.4070442e-05,0.9999429,2.9891573e-06,2.4740842e-08,16
20,220,1323,0.71, ,0,20,correct_tags,system,0.41976005,0.5800646,0.00017444848,9.1062475e-07,17
21,1323,16,0.46,202,0,21,correct_tags,system,0.19995686,0.80000556,3.6507274e-05,1.0166093e-06,18
22,19,50005,0.61,4,0,22,correct_tags,system,2.7524622e-05,0.99995756,1.48753625e-05,1.3768406e-11,19
23,12,3173,0.42,-,0,23,correct_tags,system,0.00041820717,0.96028084,0.039300997,1.0483263e-08,20
24,3218,12,0.37,06,0,24,correct_tags,system,0.0017044625,0.9964629,0.0018326489,1.5779154e-08,21
25,198,2167,0.62,"
",0,25,correct_tags,system,3.1286615e-06,0.9999957,1.2273943e-06,1.7565795e-09,22
26,6576,2608,0.22,Current,0,26,correct_tags,system,1.7898576e-07,0.99999774,1.8617478e-06,7.098571e-08,23
27,3521,25,0.93, date,0,27,correct_tags,system,1.1992507e-05,0.9999559,3.1923006e-05,1.5087474e-07,24
28,25,220,0.79,:,0,28,correct_tags,system,1.5177679e-06,0.99999607,2.3685539e-06,2.2288638e-09,25
29,220,23,0.13, ,0,29,correct_tags,system,0.55529475,0.4406516,0.0040525813,1.0585837e-06,26
30,1323,18,0.35,202,0,30,correct_tags,system,0.56386477,0.43612856,6.5702943e-06,8.204241e-08,27
31,20,30,0.31,5,0,31,correct_tags,system,0.0005751381,0.9992506,0.00017422103,2.2066404e-08,28
32,12,18,0.42,-,0,32,correct_tags,system,0.41458255,0.5852115,0.00020593668,5.5127987e-09,29
33,702,30,0.4,10,0,33,correct_tags,system,5.8797928e-06,0.99736005,0.002634133,5.146773e-09,30
34,12,1422,0.26,-,0,34,correct_tags,system,0.11925487,0.88063866,0.000106499356,9.435716e-09,31
35,2290,364,0.21,01,0,35,correct_tags,system,0.00010911051,0.9996878,0.00020306933,4.6900574e-08,32
36,279,2167,0.92,"

",0,36,correct_tags,system,5.8947318e-08,1.0,3.377654e-09,1.534421e-13,33
37,30377,289,0.93,Reason,0,37,correct_tags,system,3.1147363e-07,0.9999939,5.7049183e-06,5.010171e-09,34
38,289,25,0.24,ing,0,38,correct_tags,system,2.3850173e-05,0.99801034,0.0019658417,9.080869e-09,35
39,25,623,0.3,:,0,39,correct_tags,system,0.060192868,0.93391204,0.0058950144,1.1336424e-07,36
40,14093,30,0.35, medium,0,40,correct_tags,system,6.546106e-05,0.98843735,0.011490956,6.160618e-06,37
41,198,2167,0.94,"
",0,41,correct_tags,system,0.002758902,0.69642276,0.30081794,3.9652176e-07,38
42,2,68406,0.19,#,0,42,correct_tags,system,0.00064712757,0.98454803,0.014710967,9.393662e-05,39
43,13888,30,0.4, Valid,0,43,correct_tags,system,1.256365e-05,0.9991959,0.0007897745,1.9344936e-06,40
44,18403,25,0.27, channels,0,44,correct_tags,system,0.0012837977,0.99039954,0.008193613,0.0001229781,41
45,25,723,0.46,:,0,45,correct_tags,system,0.019286903,0.9312854,0.04087579,0.008551882,42
46,8450,11,0.68, analysis,0,46,correct_tags,system,0.012647671,0.8892242,0.09738476,0.0007435058,43
47,11,1721,0.2,",",0,47,correct_tags,system,0.059308305,0.84255177,0.09586169,0.002278321,44
48,49159,11,0.24, commentary,0,48,correct_tags,system,0.005136838,0.00969083,0.98514545,2.6881697e-05,45
49,11,5178,0.25,",",0,49,correct_tags,system,0.0038103468,0.9959806,0.00020907978,1.1942194e-08,46
50,1721,364,0.47, final,0,50,correct_tags,system,0.014680356,0.0075770556,0.97683614,0.0009063974,47
51,13,1416,0.65,.,0,51,correct_tags,system,0.1775074,0.45300555,0.36930594,0.00018111961,48
52,21030,485,0.19, Channel,0,52,correct_tags,system,0.0062801912,0.9935674,0.00014965223,2.749144e-06,49
53,2804,485,0.13, must,0,53,correct_tags,system,0.000103972554,0.9998734,2.2543292e-05,1.3233547e-07,50
54,413,1775,0.06, be,0,54,correct_tags,system,7.0270175e-07,0.99922085,0.00077837356,8.592589e-12,51
55,7360,30,0.29, included,0,55,correct_tags,system,0.00107049,0.9962286,0.0026655258,3.536033e-05,52
56,395,2454,0.93, for,0,56,correct_tags,system,0.006651229,0.9770756,0.016165433,0.00010772983,53
57,1753,485,0.25, every,0,57,correct_tags,system,0.007320936,0.97130257,0.021346048,3.040886e-05,54
58,3176,364,0.36, message,0,58,correct_tags,system,0.0005866725,0.9659058,0.03349605,1.1520607e-05,55
59,13,20953,0.36,.,0,59,correct_tags,system,0.05836129,0.64483416,0.23548745,0.061317045,56
64,12194,0,0.44,Hi,0,64,correct_tags,user,1.6640367e-08,0.9999999,6.878665e-08,8.067847e-15,57
65,0,623,0.12,!,0,65,correct_tags,user,2.570118e-07,0.99999046,9.251165e-06,6.9684085e-12,58
66,5477,2360,0.1, I'm,0,66,correct_tags,user,5.432447e-09,1.0,3.6580843e-08,2.290283e-13,59
67,7524,316,0.07, learning,0,67,correct_tags,user,8.8182514e-07,0.99999404,5.14673e-06,1.9997777e-09,60
68,1495,316,0.48, how,0,68,correct_tags,user,5.2815955e-07,0.9999976,1.8796449e-06,7.141051e-11,61
69,316,6240,0.18, to,0,69,correct_tags,user,8.494459e-05,0.9998379,7.7085715e-05,5.6180456e-09,62
70,13727,30,0.19, garden,0,70,correct_tags,user,1.2923244e-06,0.9999149,8.3787134e-05,4.068898e-08,63
71,326,66241,0.07, and,0,71,correct_tags,user,3.0960553e-07,0.99999213,7.5647263e-06,1.2325133e-10,64
72,3839,30,0.06, grow,0,72,correct_tags,user,6.071621e-08,0.9999989,9.571995e-07,4.9268146e-12,65
73,13940,30,0.16, plants,0,73,correct_tags,user,4.96095e-07,0.9999963,3.2148412e-06,3.166035e-10,66
74,13,6240,0.23,.,0,74,correct_tags,user,9.911051e-10,1.0,4.785749e-09,2.1746049e-13,67
75,730,495,0.14, In,0,75,correct_tags,user,1.5298202e-08,0.9999987,1.2991269e-06,6.135899e-14,68
76,261,6240,0.14, a,0,76,correct_tags,user,5.2200217e-08,0.99999785,2.174334e-06,4.1724877e-11,69
77,3120,5310,0.07, few,0,77,correct_tags,user,7.028218e-09,0.9999999,9.270248e-08,1.3519844e-10,70
78,40536,30,0.26, sentences,0,78,correct_tags,user,4.974084e-07,0.99998724,1.22218435e-05,3.729642e-10,71
79,11,495,0.14,",",0,79,correct_tags,user,3.4147814e-07,0.9999981,1.5158963e-06,4.7815327e-13,72
80,665,581,0.24, can,0,80,correct_tags,user,1.7411895e-07,0.99999905,8.5066034e-07,1.913938e-12,73
81,481,30,0.14, you,0,81,correct_tags,user,1.9900417e-06,0.99998534,1.2579561e-05,5.7652545e-14,74
82,4843,30,0.23, please,0,82,correct_tags,user,2.365361e-09,1.0,5.0667303e-08,3.3890451e-12,75
83,5485,668,0.22, tell,0,83,correct_tags,user,2.8600518e-08,0.99999964,3.665226e-07,4.1470428e-11,76
84,668,30,0.17, me,0,84,correct_tags,user,5.798772e-05,0.99928623,0.0006556911,8.1203e-08,77
85,1495,316,0.19, how,0,85,correct_tags,user,8.773372e-08,0.9999989,9.857673e-07,1.14050505e-10,78
86,316,6240,0.14, to,0,86,correct_tags,user,7.2349444e-06,0.9977053,0.0022874929,4.9033513e-08,79
87,3839,30,0.1, grow,0,87,correct_tags,user,1.7961962e-07,0.99998903,1.0720823e-05,2.710465e-08,80
88,55866,30,0.33, tomatoes,0,88,correct_tags,user,1.0592732e-05,0.9999856,3.462833e-06,3.141326e-07,81
89,30,86019,0.41,?,0,89,correct_tags,user,4.7780823e-06,0.9911334,0.008861048,7.854257e-07,82
90,3253,1775,0.14, How,0,90,correct_tags,user,1.0147008e-06,0.9999045,9.4385796e-05,2.6767769e-11,83
91,2009,30,0.43, much,0,91,correct_tags,user,5.717622e-08,0.9999943,5.3339804e-06,3.2317612e-07,84
92,3411,30,0.68, water,0,92,correct_tags,user,1.094477e-07,0.9999939,5.727334e-06,2.1783262e-07,85
93,326,3411,0.22, and,0,93,correct_tags,user,3.3248118e-06,0.9998971,9.85027e-05,1.0211897e-06,86
94,4207,30,0.56, light,0,94,correct_tags,user,1.4591685e-05,0.99944,0.00052664505,1.8868102e-05,87
95,2226,30,0.21, does,0,95,correct_tags,user,3.9914024e-08,0.99999905,1.677126e-07,8.0897155e-07,88
96,480,11,0.12, it,0,96,correct_tags,user,0.00031039852,0.99517787,0.004507724,4.027158e-06,89
97,1309,30,0.93, need,0,97,correct_tags,user,1.9093842e-09,0.99999964,3.1921022e-07,2.2368663e-08,90
98,30,12303,0.19,?,0,98,correct_tags,user,5.351676e-07,0.99854136,0.0014566099,1.5076918e-06,91
99,4614,30,0.2, What,0,99,correct_tags,user,8.691598e-09,0.99997735,2.2693119e-05,1.1970236e-08,92
100,3675,328,0.98, kind,0,100,correct_tags,user,0.00011136633,0.9987405,0.0011445516,3.654805e-06,93
101,328,30,0.31, of,0,101,correct_tags,user,1.2362887e-06,0.99985385,0.00012327028,2.1647373e-05,94
102,92224,30,0.35, fertilizer,0,102,correct_tags,user,4.68653e-07,0.999902,5.750568e-05,4.010059e-05,95
103,30,5178,0.11,?,0,103,correct_tags,user,1.1084938e-06,0.9993849,0.00057455094,3.945817e-05,96
104,8281,1273,0.11, Any,0,104,correct_tags,user,4.9806075e-09,0.9999751,2.4953973e-05,2.576598e-08,97
105,1273,30,0.16, other,0,105,correct_tags,user,3.982751e-09,0.9999354,6.435199e-05,1.7951957e-07,98
106,3378,30,0.11, important,0,106,correct_tags,user,1.488705e-08,0.99998057,1.9470584e-05,1.9145418e-08,99
107,9858,30,0.82, tips,0,107,correct_tags,user,1.4573708e-06,0.99757344,0.0024134198,1.1783563e-05,100
108,30,1131,0.14,?,0,108,correct_tags,user,8.257758e-09,0.99976665,0.00023268156,7.6220874e-07,101
115,976,1825,1.0,The,0,115,correct_tags,cot,6.8662467e-12,5.27956e-07,0.99998033,1.9203519e-05,102
116,1825,10648,0.48, user,0,116,correct_tags,cot,1.1141026e-09,7.635146e-06,0.9971208,0.002871609,103
117,10648,261,0.73, wants,0,117,correct_tags,cot,3.7373638e-10,9.409044e-07,0.9999347,6.436943e-05,104
118,261,82463,0.42, a,0,118,correct_tags,cot,1.9836135e-09,6.1498376e-06,0.9990521,0.0009416932,105
119,82463,6052,0.47, concise,0,119,correct_tags,cot,4.796386e-10,2.39056e-07,0.99259514,0.007404617,106
120,5073,36918,0.46, yet,0,120,correct_tags,cot,4.4239542e-07,0.00089434505,0.93807364,0.061031487,107
121,36918,6052,0.55, informative,0,121,correct_tags,cot,8.5395456e-08,1.5740983e-05,0.96650976,0.033474486,108
122,6052,1078,0.32, answer,0,122,correct_tags,cot,1.3591116e-07,1.5961746e-06,0.9868254,0.013172781,109
123,25,392,0.31,:,0,123,correct_tags,cot,1.1630046e-09,1.509725e-07,0.99997234,2.7534245e-05,110
124,1495,316,1.0, how,0,124,correct_tags,cot,6.535991e-09,5.8367294e-07,0.99980325,0.00019615261,111
125,316,3839,1.0, to,0,125,correct_tags,cot,1.0961986e-08,2.1372125e-08,0.9999411,5.8886573e-05,112
126,3839,55866,1.0, grow,0,126,correct_tags,cot,1.6048461e-09,1.6166265e-07,0.9996457,0.00035422065,113
127,55866,11,0.78, tomatoes,0,127,correct_tags,cot,4.057258e-09,4.1018555e-07,0.999984,1.5599162e-05,114
128,11,3411,0.7,",",0,128,correct_tags,cot,1.0713884e-09,2.202246e-08,0.9998758,0.0001241524,115
129,101148,11,0.89, watering,0,129,correct_tags,cot,1.3521411e-07,4.1693622e-07,0.99979013,0.00020930861,116
130,11,4207,0.98,",",0,130,correct_tags,cot,1.8160902e-09,8.582371e-09,0.9999765,2.3507986e-05,117
131,4207,11,0.99, light,0,131,correct_tags,cot,7.6079786e-08,1.3958407e-06,0.99926406,0.00073450815,118
132,11,92224,0.99,",",0,132,correct_tags,cot,5.3553073e-10,5.7393446e-08,0.9999106,8.9430316e-05,119
133,92224,11,1.0, fertilizer,0,133,correct_tags,cot,1.6486812e-10,3.2329307e-08,0.9991285,0.00087145367,120
134,11,1273,0.56,",",0,134,correct_tags,cot,6.2337135e-11,6.749499e-08,0.9999074,9.2539376e-05,121
135,326,1273,0.77, and,0,135,correct_tags,cot,5.4387227e-11,1.5538649e-07,0.9994697,0.0005302355,122
136,1273,9858,0.85, other,0,136,correct_tags,cot,1.7515637e-09,1.5930735e-07,0.9996081,0.00039184935,123
137,9858,13,0.96, tips,0,137,correct_tags,cot,9.837642e-11,3.9008294e-09,0.99991715,8.287137e-05,124
138,13,3164,0.26,.,0,138,correct_tags,cot,2.2412586e-11,4.5180542e-08,0.9998971,0.00010286457,125
139,7744,261,0.62, It's,0,139,correct_tags,cot,9.8842e-11,2.31256e-09,0.99996555,3.442463e-05,126
140,395,261,0.74, for,0,140,correct_tags,cot,1.1692448e-10,2.7495224e-08,0.99998915,1.0792488e-05,127
141,261,57062,0.88, a,0,141,correct_tags,cot,1.7831607e-09,1.2162924e-06,0.9999962,2.5927288e-06,128
142,57062,13,0.6, beginner,0,142,correct_tags,cot,1.9494179e-11,7.607714e-10,0.9999968,3.2152045e-06,129
143,13,18057,0.27,.,0,143,correct_tags,cot,6.77943e-11,4.0511683e-09,0.9994929,0.00050714257,130
144,20953,413,0.69, Must,0,144,correct_tags,cot,2.1288221e-10,2.6482012e-09,0.9999472,5.2786054e-05,131
145,3357,480,0.67, keep,0,145,correct_tags,cot,2.6226214e-08,3.2113487e-08,0.9992797,0.00072033505,132
146,480,4022,0.38, it,0,146,correct_tags,cot,1.8703023e-08,2.1076367e-07,0.99986804,0.00013175631,133
147,261,3120,1.0, a,0,147,correct_tags,cot,6.350475e-09,1.2798034e-08,0.9998271,0.00017292667,134
148,3120,40536,1.0, few,0,148,correct_tags,cot,2.6455906e-09,2.479007e-08,0.98677725,0.013222767,135
149,40536,13,0.74, sentences,0,149,correct_tags,cot,8.224465e-09,3.528064e-07,0.9999993,3.6357204e-07,136
150,11,889,0.58,",",0,150,correct_tags,cot,1.0428817e-07,1.8577127e-07,0.99796605,0.0020336974,137
151,10112,220,0.71, maybe,0,151,correct_tags,cot,1.9337248e-08,6.2646803e-09,0.9998872,0.0001127706,138
152,31926,5571,0.93, bullet,0,152,correct_tags,cot,8.4267493e-10,6.8608403e-09,0.99988735,0.00011267258,139
153,5571,13,0.56, points,0,153,correct_tags,cot,5.9924193e-10,2.0742434e-08,0.999992,7.945263e-06,140
154,13,51441,0.2,.,0,154,correct_tags,cot,1.8684703e-11,1.097769e-09,0.9999846,1.5435591e-05,141
155,41021,10635,0.35, Let's,0,155,correct_tags,cot,5.3983328e-11,7.5123785e-10,0.9999995,5.3026866e-07,142
156,10635,261,0.5, produce,0,156,correct_tags,cot,3.0091513e-07,4.1662208e-08,0.99998856,1.1092221e-05,143
157,261,4022,0.38, a,0,157,correct_tags,cot,1.1173172e-07,8.378765e-08,0.99998164,1.8123004e-05,144
158,4022,27853,0.24, short,0,158,correct_tags,cot,3.931941e-09,5.2132076e-10,0.9984268,0.0015732455,145
159,27853,503,0.38, paragraph,0,159,correct_tags,cot,2.354445e-08,1.9224917e-09,0.9996464,0.00035359024,146
160,483,31926,0.65, with,0,160,correct_tags,cot,4.9805866e-08,1.6685112e-07,0.9979432,0.0020565852,147
161,2140,5571,0.84, key,0,161,correct_tags,cot,5.035099e-08,8.4390265e-08,0.99932444,0.00067546545,148
162,5571,13,0.68, points,0,162,correct_tags,cot,6.1626515e-10,1.7197298e-09,0.99980766,0.00019238227,149
163,13,200007,0.39,.,0,163,correct_tags,cot,2.5482758e-10,7.8774987e-10,0.99976844,0.00023159875,150
164,7649,4705,0.27, Use,0,164,correct_tags,cot,2.2929758e-08,1.2256197e-08,0.99993277,6.719129e-05,151
165,11888,23206,0.99, friendly,0,165,correct_tags,cot,2.051694e-09,1.5950762e-11,0.9998288,0.00017118965,152
166,23206,13,0.92, tone,0,166,correct_tags,cot,7.6286955e-10,6.948739e-13,0.9999758,2.4189814e-05,153
167,326,8633,0.22, and,0,167,correct_tags,cot,1.1596104e-08,6.4059036e-10,0.99982613,0.00017392548,154
168,8633,1078,0.11, mention,0,168,correct_tags,cot,4.1858224e-09,1.1430399e-09,0.99999654,3.4754432e-06,155
169,10606,6409,0.28, growing,0,169,correct_tags,cot,4.7725546e-08,6.9614345e-09,0.9998822,0.00011779041,156
170,306,13727,0.38, in,0,170,correct_tags,cot,2.6589044e-07,4.79354e-08,0.9999591,4.0572348e-05,157
171,35267,503,0.76, containers,0,171,correct_tags,cot,2.0422624e-08,7.2231987e-10,0.99999857,1.4338543e-06,158
172,503,13727,0.75, or,0,172,correct_tags,cot,2.253734e-08,9.5631e-09,0.99982363,0.00017636972,159
173,13727,11,0.55, garden,0,173,correct_tags,cot,1.5730753e-06,3.4558333e-08,0.99768066,0.0023176083,160
174,27154,11,0.67, beds,0,174,correct_tags,cot,3.3105355e-08,2.7830913e-08,0.9998485,0.00015134439,161
175,13,51441,0.43,.,0,175,correct_tags,cot,2.8628494e-10,5.5741095e-10,0.9999503,4.9737253e-05,162
176,51441,3411,0.34, Provide,0,176,correct_tags,cot,3.1186997e-09,2.7637896e-09,0.99964917,0.00035087453,163
177,3411,4527,0.23, water,0,177,correct_tags,cot,1.1658259e-07,6.238455e-08,0.9997774,0.00022244218,164
178,22586,11,0.46, amounts,0,178,correct_tags,cot,4.0407286e-08,1.0437936e-08,0.99971396,0.00028601268,165
179,11,4207,0.89,",",0,179,correct_tags,cot,5.390543e-07,1.2726888e-08,0.9331994,0.066799976,166
180,55414,11,0.35, sunlight,0,180,correct_tags,cot,5.827238e-06,2.0280042e-07,0.99459934,0.005394552,167
181,11,92224,0.95,",",0,181,correct_tags,cot,4.701814e-08,6.6839476e-09,0.9843404,0.015659599,168
182,92224,1490,0.33, fertilizer,0,182,correct_tags,cot,1.2930571e-08,2.4169455e-09,0.9953094,0.0046905805,169
183,1490,11,0.77, type,0,183,correct_tags,cot,7.049467e-07,3.1547547e-08,0.997113,0.0028862269,170
184,11,326,0.32,",",0,184,correct_tags,cot,3.476931e-08,5.701607e-07,0.9676274,0.03237201,171
185,275,39,1.0, p,0,185,correct_tags,cot,0.00024095284,0.0012455921,0.99693525,0.0015782254,172
186,39,11,0.86,H,0,186,correct_tags,cot,2.542298e-07,2.442755e-07,0.9996137,0.00038587852,173
187,11,5178,0.18,",",0,187,correct_tags,cot,1.611223e-07,6.650378e-08,0.99829024,0.001709488,174
188,165438,11,0.87, mulch,0,188,correct_tags,cot,7.166678e-08,1.40326035e-08,0.9999639,3.5984038e-05,175
189,11,135775,0.48,",",0,189,correct_tags,cot,1.4333856e-09,4.759209e-10,0.9999479,5.2047275e-05,176
190,127672,11,0.67, staking,0,190,correct_tags,cot,4.5138313e-07,1.4064071e-07,0.99993825,6.1135834e-05,177
191,13,8820,0.21,.,0,191,correct_tags,cot,4.963911e-09,8.201455e-08,0.9980173,0.0019825695,178
192,27204,9858,0.17, Give,0,192,correct_tags,cot,4.4346308e-08,1.7361569e-07,0.9989704,0.00102937,179
193,261,4853,0.22, a,0,193,correct_tags,cot,1.5854653e-09,8.849517e-08,0.9999031,9.683668e-05,180
194,82463,6052,0.36, concise,0,194,correct_tags,cot,9.062635e-09,1.6200978e-08,0.91543144,0.08456862,181
195,1721,6052,0.69, final,0,195,correct_tags,cot,1.10912495e-07,2.3405728e-07,0.97621685,0.023782833,182
196,6052,13,0.93, answer,0,196,correct_tags,cot,1.3143697e-08,7.510266e-09,0.9941104,0.005889614,183
197,13,200007,0.95,.,0,197,correct_tags,cot,1.9066317e-10,2.0146496e-10,0.997974,0.0020260082,184
204,12253,802,0.99,Here,0,204,correct_tags,assistant,4.8276508e-11,2.7225568e-08,5.143878e-05,0.9999485,185
205,802,261,1.0,’s,0,205,correct_tags,assistant,1.1474373e-13,9.1081025e-11,1.3255234e-06,0.9999987,186
206,261,4853,1.0, a,0,206,correct_tags,assistant,2.3299537e-13,2.319077e-10,7.4909616e-07,0.9999993,187
207,4853,41372,0.59, quick,0,207,correct_tags,assistant,8.975235e-15,1.4223296e-12,3.420223e-07,0.99999964,188
208,11,57062,0.83,",",0,208,correct_tags,assistant,8.4837595e-13,1.4292302e-10,3.95885e-07,0.99999964,189
209,57062,50005,1.0, beginner,0,209,correct_tags,assistant,2.2012397e-14,4.7782243e-12,3.7165916e-07,0.99999964,190
210,22301,9165,0.57,-friendly,0,210,correct_tags,assistant,5.7075106e-14,4.4244917e-11,6.680083e-07,0.9999993,191
211,65354,16658,0.5, cheat,0,211,correct_tags,assistant,1.1615812e-11,2.3639612e-10,1.3139591e-07,0.9999999,192
212,16658,395,0.9, sheet,0,212,correct_tags,assistant,5.684114e-14,6.096365e-13,1.0511939e-08,1.0,193
213,734,12,0.98,":
",0,213,correct_tags,assistant,1.6810055e-11,7.431275e-11,1.52299435e-05,0.99998474,194
214,12,6240,1.0,-,0,214,correct_tags,assistant,1.177121e-09,1.8596051e-09,5.170282e-05,0.99994826,195
215,6240,30112,0.47, **,0,215,correct_tags,assistant,6.8139784e-08,1.438023e-06,0.00065956055,0.9993389,196
216,15952,142760,0.59,Light,0,216,correct_tags,assistant,4.825614e-07,3.2795025e-08,1.7267112e-05,0.99998224,197
217,142760,220,0.58,:**,0,217,correct_tags,assistant,1.1549117e-07,2.4451426e-08,2.0035336e-06,0.99999785,198
218,220,21,0.96, ,0,218,correct_tags,assistant,1.9226882e-06,8.20685e-05,0.00012309993,0.9997929,199
219,21,1585,0.94,6,0,219,correct_tags,assistant,3.8428624e-08,1.6617552e-09,2.892809e-07,0.99999964,200
220,1585,23,1.0,–,0,220,correct_tags,assistant,1.0934713e-08,1.1173337e-05,9.698476e-06,0.99997914,201
221,23,35971,0.9,8,0,221,correct_tags,assistant,1.0572905e-08,3.2449325e-09,5.0515993e-08,0.9999999,202
222,312,328,0.93, h,0,222,correct_tags,assistant,2.627804e-07,1.1953115e-07,6.7993005e-07,0.9999989,203
223,328,2823,0.9, of,0,223,correct_tags,assistant,2.4488256e-07,6.240442e-06,7.5703565e-07,0.9999927,204
224,2823,7334,0.72, direct,0,224,correct_tags,assistant,2.8853142e-07,2.234865e-05,1.822139e-06,0.99997556,205
225,55414,2454,0.43, sunlight,0,225,correct_tags,assistant,2.8588447e-06,3.155615e-07,8.406956e-06,0.99998844,206
226,2454,2163,1.0, each,0,226,correct_tags,assistant,0.00023438224,0.0006119949,0.00027508626,0.99887854,207
227,2163,350,0.72, day,0,227,correct_tags,assistant,2.54869e-06,1.1881021e-07,5.6074523e-06,0.9999918,208
228,350,267,0.49, (,0,228,correct_tags,assistant,6.3811734e-05,0.00010382341,0.000720745,0.9991116,209
229,37521,26969,1.0,tom,0,229,correct_tags,assistant,1.3993108e-08,6.7172397e-07,4.423344e-06,0.9999949,210
230,26969,553,0.51,atoes,0,230,correct_tags,assistant,1.3484561e-08,1.0485805e-06,1.897067e-06,0.999997,211
231,553,3149,0.81, are,0,231,correct_tags,assistant,8.639104e-09,8.8513406e-07,9.933464e-07,0.9999981,212
232,966,15393,0.54, “,0,232,correct_tags,assistant,8.61247e-09,1.9622457e-06,1.4933917e-06,0.99999654,213
233,15393,50005,0.86,full,0,233,correct_tags,assistant,2.7640186e-09,3.911106e-07,7.364315e-07,0.9999989,214
234,2011,373,1.0,-s,0,234,correct_tags,assistant,2.2736367e-06,1.5905476e-07,0.0062538674,0.9937437,215
235,373,693,1.0,un,0,235,correct_tags,assistant,2.5578223e-10,4.2933395e-09,4.1631147e-08,1.0,216
236,693,13940,0.96,”,0,236,correct_tags,assistant,5.8012505e-12,1.6040244e-10,1.711866e-08,1.0,217
237,13940,741,0.91, plants,0,237,correct_tags,assistant,4.2582518e-10,1.3195878e-10,2.5063108e-07,0.99999976,218
238,6294,12,1.0,").
",0,238,correct_tags,assistant,2.0184998e-09,3.0957115e-10,4.8349425e-06,0.9999951,219
239,12,6240,1.0,-,0,239,correct_tags,assistant,1.2464423e-07,1.312604e-07,5.45249e-06,0.9999943,220
240,6240,27874,1.0, **,0,240,correct_tags,assistant,8.467795e-10,1.9048697e-08,1.0189189e-06,0.9999989,221
241,27874,142760,0.99,Water,0,241,correct_tags,assistant,8.614348e-09,2.5900778e-07,7.9189516e-07,0.9999989,222
242,142760,16835,0.75,:**,0,242,correct_tags,assistant,2.690723e-09,1.7034331e-08,1.756354e-07,0.99999976,223
243,111093,395,1.0, Aim,0,243,correct_tags,assistant,3.6082156e-07,4.1885744e-07,3.1151223e-05,0.99996805,224
244,395,220,0.87, for,0,244,correct_tags,assistant,2.8189004e-06,2.6307926e-05,9.400627e-06,0.9999615,225
245,1078,220,0.98, about,0,245,correct_tags,assistant,2.0419709e-08,5.077589e-08,4.85645e-06,0.9999951,226
246,220,16,0.93, ,0,246,correct_tags,assistant,1.3276022e-08,1.2974033e-05,2.337923e-06,0.9999846,227
247,16,1585,0.8,1,0,247,correct_tags,assistant,2.9964502e-09,3.2496952e-09,1.7371173e-07,0.99999976,228
248,306,13,0.65, in,0,248,correct_tags,assistant,5.053607e-06,2.2561815e-05,1.6689497e-05,0.99995565,229
249,350,17,0.96, (,0,249,correct_tags,assistant,1.4264376e-07,2.505548e-08,2.9238361e-05,0.99997056,230
250,1161,35971,1.0,25,0,250,correct_tags,assistant,6.141326e-08,1.6642843e-09,2.2502698e-05,0.99997747,231
251,8957,8,1.0, mm,0,251,correct_tags,assistant,3.519089e-07,2.2403428e-07,1.4146025e-08,0.9999994,232
252,8,328,0.85,),0,252,correct_tags,assistant,1.636095e-08,8.7159885e-10,7.083505e-07,0.9999993,233
253,328,3411,1.0, of,0,253,correct_tags,assistant,2.3487978e-08,8.393082e-08,7.20582e-07,0.99999917,234
254,3411,777,0.99, water,0,254,correct_tags,assistant,4.483393e-06,1.1208637e-05,3.9872717e-05,0.99994445,235
255,777,2384,1.0, per,0,255,correct_tags,assistant,4.8637247e-08,4.3895696e-08,1.6653183e-05,0.9999833,236
256,2384,11,0.47, week,0,256,correct_tags,assistant,1.3712729e-06,1.9527812e-05,0.00013563405,0.9998435,237
257,11,13958,0.7,",",0,257,correct_tags,assistant,3.784326e-08,5.7539586e-07,4.761602e-06,0.99999464,238
258,13958,290,0.78, keeping,0,258,correct_tags,assistant,1.0919981e-05,9.0796824e-08,1.7646518e-05,0.9999714,239
259,290,22390,1.0, the,0,259,correct_tags,assistant,9.7249846e-05,7.4277277e-06,2.236241e-05,0.9998729,240
260,22390,31454,0.79, soil,0,260,correct_tags,assistant,1.1620081e-06,1.1730049e-05,7.580439e-06,0.9999795,241
261,31454,23364,0.99, consistently,0,261,correct_tags,assistant,1.5892536e-07,2.1034994e-08,1.991365e-06,0.99999785,242
262,23364,889,0.99, moist,0,262,correct_tags,assistant,1.962722e-08,1.26998465e-08,1.6140933e-05,0.9999838,243
263,889,625,0.97, but,0,263,correct_tags,assistant,2.373001e-10,9.041787e-11,1.858642e-08,1.0,244
264,625,24712,0.89, not,0,264,correct_tags,assistant,7.146114e-08,8.416952e-08,2.7080712e-06,0.99999714,245
265,24712,4544,1.0, sog,0,265,correct_tags,assistant,1.647616e-07,8.027511e-08,8.315831e-05,0.99991655,246
266,4544,13,0.49,gy,0,266,correct_tags,assistant,6.940263e-10,8.33607e-10,7.751026e-07,0.99999917,247
267,13,12303,0.58,.,0,267,correct_tags,assistant,2.3119908e-08,8.577035e-09,1.9770368e-05,0.9999802,248
268,3813,35267,0.18, With,0,268,correct_tags,assistant,3.9514106e-07,2.0372163e-06,0.0074925707,0.9925051,249
269,10609,503,0.52, heat,0,269,correct_tags,assistant,7.561577e-07,9.27388e-08,0.00017584985,0.9998233,250
270,11,481,0.45,",",0,270,correct_tags,assistant,4.345086e-08,1.0904326e-08,3.2134914e-05,0.9999678,251
271,481,1340,0.78, you,0,271,correct_tags,assistant,2.973227e-07,3.7616367e-08,1.06228445e-05,0.99998903,252
272,4720,1309,0.86,’ll,0,272,correct_tags,assistant,2.0318093e-07,1.2906488e-08,7.1029746e-05,0.9999287,253
273,1309,316,0.68, need,0,273,correct_tags,assistant,9.3937054e-08,2.0615758e-08,7.397726e-05,0.99992585,254
274,316,3411,0.93, to,0,274,correct_tags,assistant,1.0927291e-07,8.466707e-09,2.487198e-05,0.99997497,255
275,3411,945,0.61, water,0,275,correct_tags,assistant,2.1860322e-07,2.3301403e-08,8.67358e-06,0.99999106,256
276,945,4783,0.88, more,0,276,correct_tags,assistant,3.479689e-08,4.8370357e-08,1.1226551e-06,0.9999988,257
277,4783,2322,0.56, often,0,277,correct_tags,assistant,1.3316797e-07,8.004393e-09,2.743871e-06,0.99999714,258
278,350,50492,0.34, (,0,278,correct_tags,assistant,1.2881561e-08,7.530602e-10,0.00010481899,0.9998952,259
279,87311,503,0.48,daily,0,279,correct_tags,assistant,1.0542314e-05,1.9652136e-06,0.00014380747,0.9998437,260
280,503,1753,0.99, or,0,280,correct_tags,assistant,9.7412155e-08,8.365844e-07,7.4345866e-05,0.99992466,261
281,1753,1273,0.91, every,0,281,correct_tags,assistant,3.5534817e-06,2.3216005e-07,0.038593564,0.9614026,262
282,1273,2163,1.0, other,0,282,correct_tags,assistant,7.8559786e-08,3.5944314e-08,0.00063336315,0.9993666,263
283,2163,6294,0.43, day,0,283,correct_tags,assistant,1.3307681e-07,2.2305672e-07,8.7371314e-05,0.99991226,264
284,6294,12,1.0,").
",0,284,correct_tags,assistant,9.527007e-10,5.6434968e-11,1.253429e-06,0.9999987,265
285,12,6240,1.0,-,0,285,correct_tags,assistant,1.0833055e-08,8.039825e-09,3.606187e-06,0.9999964,266
286,6240,37,0.56, **,0,286,correct_tags,assistant,9.110925e-11,2.3425464e-10,2.9983937e-07,0.99999964,267
287,37,189301,1.0,F,0,287,correct_tags,assistant,2.3790173e-05,1.1443752e-05,0.0001798595,0.9997849,268
288,189301,4492,1.0,ertil,0,288,correct_tags,assistant,2.4921878e-10,2.7311893e-09,8.208737e-09,1.0,269
289,4492,142760,1.0,izer,0,289,correct_tags,assistant,2.966834e-12,7.217487e-12,3.7110852e-09,1.0,270
290,142760,7972,0.65,:**,0,290,correct_tags,assistant,1.0878848e-09,1.9406918e-10,8.192661e-08,0.9999999,271
291,7649,261,1.0, Use,0,291,correct_tags,assistant,1.6860128e-09,4.2600956e-10,2.9291377e-07,0.99999976,272
292,261,32879,1.0, a,0,292,correct_tags,assistant,2.2205153e-08,5.024916e-08,1.3905945e-06,0.99999857,273
293,32879,41372,0.35, balanced,0,293,correct_tags,assistant,2.4083493e-08,2.1443357e-08,6.410467e-06,0.99999356,274
294,350,702,0.65, (,0,294,correct_tags,assistant,6.416534e-06,6.4178585e-07,1.1900161e-05,0.99998105,275
295,68,1940,1.0,e,0,295,correct_tags,assistant,2.3116763e-10,5.1593506e-13,3.3103242e-07,0.99999964,276
296,1940,4213,1.0,.g,0,296,correct_tags,assistant,5.7458888e-06,2.1557615e-07,1.2050362e-05,0.999982,277
297,4213,220,0.99,".,",0,297,correct_tags,assistant,6.519983e-08,1.624361e-08,1.9197354e-05,0.9999807,278
298,220,702,0.97, ,0,298,correct_tags,assistant,9.948329e-07,2.3181346e-06,2.436179e-05,0.99997234,279
299,702,50005,0.84,10,0,299,correct_tags,assistant,6.760388e-08,8.226395e-09,1.0255714e-05,0.9999896,280
300,12,702,1.0,-,0,300,correct_tags,assistant,4.5927587e-07,6.948688e-07,2.8587406e-06,0.99999595,281
301,702,12,1.0,10,0,301,correct_tags,assistant,1.5785608e-07,4.9935727e-07,4.7003147e-07,0.9999989,282
302,12,702,1.0,-,0,302,correct_tags,assistant,2.3254975e-06,1.0172511e-06,7.292408e-05,0.9999237,283
303,702,8,0.98,10,0,303,correct_tags,assistant,1.2882879e-08,1.6692071e-09,4.3763357e-06,0.9999956,284
304,8,503,0.67,),0,304,correct_tags,assistant,1.0086127e-09,1.0855819e-08,2.6576513e-06,0.9999974,285
305,503,59604,0.51, or,0,305,correct_tags,assistant,1.4923186e-09,2.4921742e-10,1.664117e-06,0.99999833,286
306,59604,50005,0.96, tomato,0,306,correct_tags,assistant,1.2329399e-08,3.873621e-09,3.1758844e-07,0.99999964,287
307,31999,92224,0.75,-specific,0,307,correct_tags,assistant,1.8207237e-10,3.4299716e-10,2.0723446e-07,0.99999976,288
308,92224,13,0.41, fertilizer,0,308,correct_tags,assistant,8.953446e-09,3.1848957e-09,1.7708383e-07,0.99999976,289
309,13,43297,0.69,.,0,309,correct_tags,assistant,1.8964583e-07,7.279784e-10,8.390524e-07,0.9999989,290
310,7972,483,0.63, Start,0,310,correct_tags,assistant,2.495759e-07,1.4880305e-09,2.7805388e-06,0.999997,291
311,483,261,0.95, with,0,311,correct_tags,assistant,1.5275846e-06,1.0592815e-07,2.560284e-07,0.9999981,292
312,261,4207,0.76, a,0,312,correct_tags,assistant,3.0233122e-07,4.6957695e-08,7.3644696e-07,0.9999989,293
313,4207,7685,0.49, light,0,313,correct_tags,assistant,1.290805e-07,1.3470131e-09,3.1208274e-06,0.9999968,294
314,7685,540,0.46, feed,0,314,correct_tags,assistant,3.1378418e-06,1.3546254e-07,1.760455e-06,0.999995,295
315,1261,290,0.47, when,0,315,correct_tags,assistant,9.129564e-06,6.052425e-07,2.6631653e-05,0.99996364,296
316,290,1577,0.88, the,0,316,correct_tags,assistant,8.341471e-05,4.7901947e-05,0.00013135621,0.9997373,297
317,1577,1343,0.41, first,0,317,correct_tags,assistant,2.214553e-05,4.4767608e-06,0.00031513846,0.9996582,298
318,1343,15657,1.0, true,0,318,correct_tags,assistant,4.1932053e-06,6.3538916e-09,8.7626285e-07,0.9999949,299
319,15657,7680,0.99, leaves,0,319,correct_tags,assistant,0.00042755873,1.0380481e-06,0.00020618513,0.99936527,300
320,7680,11,0.89, appear,0,320,correct_tags,assistant,7.431783e-09,4.8814273e-09,1.8473784e-05,0.9999815,301
321,11,1815,0.99,",",0,321,correct_tags,assistant,8.733718e-07,2.7299194e-09,6.196861e-07,0.99999845,302
322,1815,6160,0.87, then,0,322,correct_tags,assistant,3.5866576e-06,9.257241e-09,5.6944527e-06,0.9999907,303
323,6160,316,1.0, switch,0,323,correct_tags,assistant,3.028295e-06,2.4267854e-07,2.4295017e-05,0.99997246,304
324,316,261,0.98, to,0,324,correct_tags,assistant,8.426497e-07,5.3783305e-07,1.6104069e-06,0.999997,305
325,261,7266,0.53, a,0,325,correct_tags,assistant,2.0503e-07,3.9916088e-07,1.7781833e-05,0.99998164,306
326,4465,50005,1.0, low,0,326,correct_tags,assistant,1.7681431e-07,8.020981e-07,6.1053097e-06,0.99999297,307
327,84169,32274,0.95,-ph,0,327,correct_tags,assistant,1.285814e-07,1.2500985e-07,3.2033668e-07,0.9999994,308
328,32274,42088,0.99,osph,0,328,correct_tags,assistant,2.6620578e-06,9.635328e-06,1.0182429e-05,0.99997747,309
329,42088,966,0.47,orus,0,329,correct_tags,assistant,6.05428e-07,1.0422322e-06,4.770014e-06,0.99999356,310
330,11,1932,0.85,",",0,330,correct_tags,assistant,1.0040864e-06,1.7215114e-06,5.550195e-06,0.9999918,311
331,1932,172972,0.95, high,0,331,correct_tags,assistant,1.3982461e-06,1.0460627e-05,1.3425576e-05,0.9999747,312
332,172972,72659,0.99,-pot,0,332,correct_tags,assistant,4.5351523e-08,2.6048616e-11,0.00026591163,0.999734,313
333,72659,966,0.41,assium,0,333,correct_tags,assistant,3.868894e-07,3.9448588e-07,5.633383e-06,0.99999356,314
334,25306,350,0.81, blend,0,334,correct_tags,assistant,2.8888618e-09,7.5534445e-10,9.0292524e-08,0.9999999,315
335,350,68,0.47, (,0,335,correct_tags,assistant,7.31529e-06,2.1272767e-07,0.000120763834,0.99987173,316
336,68,1940,1.0,e,0,336,correct_tags,assistant,1.725024e-06,5.2702076e-10,2.3452785e-06,0.99999595,317
337,1940,4213,1.0,.g,0,337,correct_tags,assistant,7.316883e-05,2.2691548e-08,0.0012808788,0.99864596,318
338,4213,220,1.0,".,",0,338,correct_tags,assistant,3.8227176e-06,2.653621e-07,0.0006562306,0.99933964,319
339,220,20,0.82, ,0,339,correct_tags,assistant,2.832943e-06,3.806173e-06,0.00022763881,0.9997657,320
340,19,12,0.93,4,0,340,correct_tags,assistant,1.929718e-05,5.734212e-06,0.00042203823,0.9995529,321
341,12,702,0.24,-,0,341,correct_tags,assistant,3.814319e-07,1.14006376e-07,1.9100764e-05,0.99998045,322
342,702,12,1.0,10,0,342,correct_tags,assistant,0.00020221558,3.9863176e-07,7.7964105e-05,0.99971944,323
343,12,702,0.34,-,0,343,correct_tags,assistant,2.820733e-07,2.7283014e-07,1.3194575e-05,0.9999863,324
344,702,8,1.0,10,0,344,correct_tags,assistant,8.990186e-07,1.2302327e-06,3.96475e-06,0.9999939,325
345,8,4730,0.65,),0,345,correct_tags,assistant,2.0887745e-08,2.2077441e-07,1.8521531e-06,0.99999785,326
346,4730,15310,0.85, once,0,346,correct_tags,assistant,2.8978704e-05,1.939609e-06,3.530509e-05,0.9999337,327
347,15310,13217,0.43, fruit,0,347,correct_tags,assistant,0.003153737,8.390965e-06,1.4863776e-05,0.9968231,328
348,289,18015,0.75,ing,0,348,correct_tags,assistant,3.7356887e-05,1.7128849e-06,2.5086256e-05,0.99993587,329
349,18015,558,0.5, begins,0,349,correct_tags,assistant,2.340111e-09,1.3171526e-09,1.0956268e-05,0.99998903,330
350,13,43297,0.41,.,0,350,correct_tags,assistant,4.3419135e-10,4.6379448e-10,6.4264833e-07,0.9999994,331
351,17547,290,0.47, Follow,0,351,correct_tags,assistant,4.3316734e-10,1.5455569e-11,6.372727e-07,0.9999994,332
352,4208,9837,0.76, label,0,352,correct_tags,assistant,1.346843e-09,1.901254e-11,1.6842645e-06,0.99999833,333
353,15543,2322,0.47, instructions,0,353,correct_tags,assistant,4.276811e-09,1.8137977e-10,5.9045044e-07,0.9999994,334
354,395,22586,0.25, for,0,354,correct_tags,assistant,2.5982295e-08,1.396494e-09,1.1006546e-05,0.9999889,335
355,9762,50005,0.66, mix,0,355,correct_tags,assistant,0.0003802486,2.635753e-05,0.009234222,0.99035925,336
356,69972,558,0.8, ratios,0,356,correct_tags,assistant,4.0723003e-09,3.058819e-10,3.0282283e-07,0.99999964,337
357,558,12,1.0,".
",0,357,correct_tags,assistant,1.82537e-09,3.6208703e-11,2.3619747e-07,0.99999976,338
358,12,6240,1.0,-,0,358,correct_tags,assistant,1.1677971e-09,1.3244527e-11,9.021228e-07,0.99999905,339
359,6240,13863,0.66, **,0,359,correct_tags,assistant,2.1627478e-11,9.653013e-13,1.117943e-07,0.9999999,340
360,13863,9858,0.68,Other,0,360,correct_tags,assistant,9.8825705e-12,6.0299243e-13,3.5481693e-07,0.99999964,341
361,2140,9858,0.98, key,0,361,correct_tags,assistant,3.9669376e-10,1.2978656e-10,7.247787e-07,0.9999993,342
362,9858,142760,0.56, tips,0,362,correct_tags,assistant,1.4827918e-11,1.189416e-14,2.0305302e-09,1.0,343
363,25,1612,1.0,:,0,363,correct_tags,assistant,1.9202238e-05,1.2558336e-08,0.00022543954,0.9997553,344
364,1612,220,1.0,"**
",0,364,correct_tags,assistant,8.7557454e-11,1.5359047e-14,6.690852e-08,0.9999999,345
365,220,533,0.91, ,0,365,correct_tags,assistant,7.072476e-07,2.7238154e-11,9.113227e-07,0.99999833,346
366,533,6240,0.9, -,0,366,correct_tags,assistant,4.0298513e-08,6.0447186e-10,4.4826928e-07,0.9999995,347
367,6240,5808,0.96, **,0,367,correct_tags,assistant,3.1602576e-10,4.9191373e-11,8.340473e-07,0.99999917,348
368,5808,311,1.0,So,0,368,correct_tags,assistant,1.3685302e-07,1.4275814e-08,3.5389533e-06,0.9999963,349
369,311,275,0.58,il,0,369,correct_tags,assistant,1.6654861e-10,3.2218023e-11,1.8242496e-07,0.99999976,350
370,275,39,1.0, p,0,370,correct_tags,assistant,2.487388e-07,0.0005059666,1.1942804e-07,0.9994936,351
371,39,142760,0.5,H,0,371,correct_tags,assistant,6.191444e-10,2.3457272e-09,6.0797714e-09,1.0,352
372,142760,220,0.74,:**,0,372,correct_tags,assistant,1.8717004e-07,1.6950443e-09,1.6295651e-08,0.99999976,353
373,220,21,1.0, ,0,373,correct_tags,assistant,8.142196e-09,1.6861362e-07,3.0305594e-07,0.9999995,354
374,21,13,1.0,6,0,374,correct_tags,assistant,9.911032e-10,8.951275e-10,9.757194e-09,1.0,355
375,13,15,0.95,.,0,375,correct_tags,assistant,8.818757e-09,1.0108064e-10,7.024121e-08,0.9999999,356
376,15,1585,0.86,0,0,376,correct_tags,assistant,5.0061914e-08,8.487882e-11,1.5129425e-08,0.9999999,357
377,1585,21,1.0,–,0,377,correct_tags,assistant,9.597269e-11,3.1830608e-10,2.1518554e-08,1.0,358
378,21,13,1.0,6,0,378,correct_tags,assistant,4.4705592e-10,6.026179e-09,9.5294235e-09,1.0,359
379,13,23,1.0,.,0,379,correct_tags,assistant,4.604542e-08,2.8564099e-11,2.6942846e-06,0.99999726,360
380,23,395,0.38,8,0,380,correct_tags,assistant,1.3663637e-07,9.660984e-10,3.4820232e-08,0.9999999,361
381,395,24174,0.6, for,0,381,correct_tags,assistant,3.841672e-06,1.3214968e-06,3.778089e-06,0.99999106,362
382,1636,72324,0.77, best,0,382,correct_tags,assistant,3.8177717e-08,5.844739e-11,1.0367773e-06,0.9999989,363
383,72324,108958,0.99, nutrient,0,383,correct_tags,assistant,9.806412e-09,1.3538862e-10,2.2114217e-09,1.0,364
384,108958,558,0.89, uptake,0,384,correct_tags,assistant,9.527892e-10,1.737922e-12,6.8177763e-10,1.0,365
385,558,220,1.0,".
",0,385,correct_tags,assistant,6.8347155e-08,1.2029924e-10,9.832586e-07,0.9999989,366
386,220,533,0.73, ,0,386,correct_tags,assistant,4.496301e-09,2.4114684e-11,4.749439e-09,1.0,367
387,533,6240,1.0, -,0,387,correct_tags,assistant,9.069027e-08,6.56881e-11,1.1010911e-06,0.9999988,368
388,6240,67854,0.57, **,0,388,correct_tags,assistant,1.0623168e-09,7.7228016e-12,2.3436683e-06,0.9999976,369
389,67854,332,0.99,Mul,0,389,correct_tags,assistant,3.3797273e-10,2.6222052e-12,4.4807774e-10,1.0,370
390,332,142760,0.87,ch,0,390,correct_tags,assistant,4.702721e-08,2.8046393e-11,6.5963457e-09,1.0,371
391,142760,28921,0.47,:**,0,391,correct_tags,assistant,4.915461e-07,4.1679693e-10,2.4151157e-06,0.99999714,372
392,355,220,0.74, A,0,392,correct_tags,assistant,0.00011113378,2.1390044e-07,0.0006117009,0.99927694,373
393,220,17,0.97, ,0,393,correct_tags,assistant,3.0159333e-06,5.2467946e-08,6.177877e-05,0.99993515,374
394,17,1585,0.83,2,0,394,correct_tags,assistant,1.12516936e-07,1.3350972e-10,1.7607543e-06,0.9999981,375
395,1585,18,0.99,–,0,395,correct_tags,assistant,4.3250257e-09,5.080423e-09,5.285256e-06,0.99999475,376
396,18,35971,0.91,3,0,396,correct_tags,assistant,7.415802e-06,8.9512916e-08,4.9864793e-06,0.9999875,377
397,306,10261,0.98, in,0,397,correct_tags,assistant,1.967094e-05,7.5372014e-08,5.552731e-06,0.9999747,378
398,10261,328,0.96, layer,0,398,correct_tags,assistant,3.2384141e-06,1.4248213e-08,1.1257101e-05,0.99998546,379
399,18295,22390,0.46, keeps,0,399,correct_tags,assistant,2.8713876e-05,2.2874374e-08,3.0624145e-05,0.99994063,380
400,22390,8157,0.49, soil,0,400,correct_tags,assistant,7.433571e-06,3.6516483e-06,2.093687e-05,0.99996793,381
401,8157,11,0.83, cool,0,401,correct_tags,assistant,8.461014e-06,2.514856e-05,0.0003471193,0.99961925,382
402,11,87383,0.47,",",0,402,correct_tags,assistant,3.6171403e-07,9.141987e-10,9.318392e-05,0.9999064,383
403,87383,36036,1.0, retains,0,403,correct_tags,assistant,2.4327104e-05,7.058002e-05,8.046815e-06,0.999897,384
404,36036,11,0.99, moisture,0,404,correct_tags,assistant,3.4760004e-07,1.159738e-08,5.8112926e-07,0.99999905,385
405,11,326,1.0,",",0,405,correct_tags,assistant,4.8195153e-07,1.7054804e-08,1.3602537e-05,0.99998593,386
406,326,38566,0.73, and,0,406,correct_tags,assistant,4.3408664e-07,3.3798045e-08,0.00017790221,0.9998216,387
407,38566,98992,0.89, reduces,0,407,correct_tags,assistant,3.0223882e-07,3.3555436e-09,9.851029e-06,0.99998987,388
408,98992,558,1.0, weeds,0,408,correct_tags,assistant,1.5494006e-05,7.5090846e-08,9.442737e-05,0.99988997,389
409,558,220,1.0,".
",0,409,correct_tags,assistant,5.624135e-07,6.9429423e-10,1.5209107e-06,0.999998,390
410,220,533,0.96, ,0,410,correct_tags,assistant,4.2949966e-07,1.0734736e-09,2.7635026e-06,0.9999968,391
411,533,6240,1.0, -,0,411,correct_tags,assistant,2.8875428e-08,1.743904e-11,1.3754295e-06,0.99999857,392
412,6240,10768,0.54, **,0,412,correct_tags,assistant,6.829699e-09,5.564788e-11,3.8670914e-05,0.9999614,393
413,10768,142760,1.0,Support,0,413,correct_tags,assistant,2.754813e-07,1.373994e-10,2.773544e-06,0.9999969,394
414,142760,137247,0.81,:**,0,414,correct_tags,assistant,9.0575695e-06,3.9397636e-09,0.0002453296,0.99974555,395
415,137247,503,0.99, Stake,0,415,correct_tags,assistant,1.0585747e-05,1.931595e-10,1.5739323e-06,0.99998784,396
416,503,61908,0.99, or,0,416,correct_tags,assistant,5.0939013e-07,1.65986e-10,2.0877536e-05,0.99997866,397
417,61908,6047,0.68, cage,0,417,correct_tags,assistant,9.634634e-05,1.41163214e-08,1.3072639e-05,0.99989057,398
418,6047,316,0.6, early,0,418,correct_tags,assistant,1.439431e-05,9.337818e-10,0.0013501269,0.9986355,399
419,26,55866,0.45,;,0,419,correct_tags,assistant,0.00017024238,6.945249e-08,0.0045893635,0.99524033,400
420,34110,289,0.31, erect,0,420,correct_tags,assistant,0.0022102338,1.3454389e-05,0.07775842,0.9200179,401
421,289,17203,0.33,ing,0,421,correct_tags,assistant,2.4423146e-06,5.848268e-10,0.0019057617,0.99809176,402
422,290,2498,0.55, the,0,422,correct_tags,assistant,0.0008615365,3.5449407e-06,0.012135485,0.98699945,403
423,2498,2254,0.46, support,0,423,correct_tags,assistant,5.6331075e-05,7.688046e-09,0.0008242275,0.99911946,404
424,2049,290,0.81, while,0,424,correct_tags,assistant,0.00017527201,1.109541e-07,0.005033874,0.9947908,405
425,290,6804,0.97, the,0,425,correct_tags,assistant,0.0004614085,1.2777085e-06,0.0024324225,0.99710494,406
426,6804,382,0.99, plant,0,426,correct_tags,assistant,8.944187e-07,3.535778e-08,8.861352e-06,0.9999902,407
427,382,2928,0.43, is,0,427,correct_tags,assistant,7.3007527e-06,4.015852e-10,0.0004850404,0.99950767,408
428,2928,3291,0.92, still,0,428,correct_tags,assistant,1.1538691e-05,3.063841e-08,0.000897152,0.99909127,409
429,3291,46396,0.5, small,0,429,correct_tags,assistant,7.209326e-08,1.188603e-11,0.00055335526,0.9994466,410
430,4787,480,0.35, makes,0,430,correct_tags,assistant,2.0009106e-06,5.625787e-11,3.712172e-05,0.9999609,411
431,135775,11087,0.76, pruning,0,431,correct_tags,assistant,1.0371934e-06,1.1349865e-08,0.0003386885,0.99966025,412
432,11087,558,0.86, easier,0,432,correct_tags,assistant,3.770779e-09,3.0989271e-12,7.1169407e-06,0.99999285,413
433,558,220,1.0,".
",0,433,correct_tags,assistant,6.5364975e-06,7.830563e-11,5.5051123e-06,0.99998796,414
434,220,533,1.0, ,0,434,correct_tags,assistant,6.654827e-06,8.2706986e-10,0.0010459602,0.99894744,415
435,533,6240,1.0, -,0,435,correct_tags,assistant,2.7420985e-08,1.638307e-11,1.3845662e-05,0.9999862,416
436,6240,2938,0.98, **,0,436,correct_tags,assistant,1.3500201e-08,5.927206e-11,0.0007184497,0.9992816,417
437,2938,30541,0.75,Pr,0,437,correct_tags,assistant,3.496368e-06,3.638891e-06,4.1718085e-05,0.9999511,418
438,30541,142760,0.98,uning,0,438,correct_tags,assistant,1.0878346e-07,1.3825219e-09,1.475504e-05,0.9999851,419
439,142760,18141,0.82,:**,0,439,correct_tags,assistant,1.7139674e-07,3.757256e-10,0.0010086782,0.9989912,420
440,18141,31485,0.79, Remove,0,440,correct_tags,assistant,8.018442e-08,3.121826e-10,2.5452662e-05,0.9999745,421
441,31485,409,1.0, suck,0,441,correct_tags,assistant,5.0033873e-06,2.7567681e-08,4.2768575e-06,0.9999907,422
442,409,306,0.46,ers,0,442,correct_tags,assistant,5.230041e-07,1.8218225e-09,7.261563e-06,0.99999225,423
443,306,290,0.99, in,0,443,correct_tags,assistant,1.2978449e-05,9.852423e-08,0.0011518233,0.99883515,424
444,290,2758,0.79, the,0,444,correct_tags,assistant,8.873675e-05,7.3787163e-07,0.00029435597,0.99961615,425
445,2758,22231,0.99, main,0,445,correct_tags,assistant,9.609084e-06,1.7228752e-09,2.8021226e-05,0.99996233,426
446,33801,316,0.36, vine,0,446,correct_tags,assistant,4.5346903e-07,1.0404607e-10,3.7660525e-06,0.9999958,427
447,802,1577,0.49,’s,0,447,correct_tags,assistant,1.8800903e-05,6.3099903e-09,8.559291e-05,0.9998956,428
448,1577,220,0.37, first,0,448,correct_tags,assistant,0.00018742762,2.862444e-08,0.0009999424,0.9988127,429
449,220,19,0.26, ,0,449,correct_tags,assistant,0.013291589,2.5744615e-05,0.078534134,0.9081485,430
450,19,1585,0.98,4,0,450,correct_tags,assistant,2.308383e-06,2.7790714e-10,7.1596005e-05,0.9999261,431
451,1585,21,0.65,–,0,451,correct_tags,assistant,1.3160394e-05,2.034841e-07,0.004042333,0.9959443,432
452,21,7449,0.38,6,0,452,correct_tags,assistant,8.126887e-08,8.500448e-12,4.0871764e-06,0.9999958,433
453,21185,316,0.84, inches,0,453,correct_tags,assistant,9.630043e-06,3.0255018e-09,0.0015883467,0.99840206,434
454,316,5184,0.52, to,0,454,correct_tags,assistant,1.704768e-07,1.4838438e-09,0.00017287506,0.99982697,435
455,5184,5954,0.98, focus,0,455,correct_tags,assistant,2.799297e-08,6.3745026e-10,8.198176e-07,0.99999917,436
456,5954,402,1.0, energy,0,456,correct_tags,assistant,1.2373145e-09,8.373709e-12,1.4740301e-08,1.0,437
457,402,15310,0.99, on,0,457,correct_tags,assistant,4.734063e-06,5.5804095e-10,4.582573e-06,0.9999907,438
458,15310,558,0.69, fruit,0,458,correct_tags,assistant,7.758857e-07,5.7203558e-11,1.9600614e-07,0.99999905,439
459,558,220,1.0,".
",0,459,correct_tags,assistant,4.321926e-06,5.869584e-12,3.185222e-07,0.99999535,440
460,220,533,1.0, ,0,460,correct_tags,assistant,3.1070922e-06,1.2882553e-11,2.3522587e-07,0.99999666,441
461,533,6240,1.0, -,0,461,correct_tags,assistant,2.2935478e-07,3.5523545e-10,1.1687159e-05,0.9999881,442
462,6240,47,0.65, **,0,462,correct_tags,assistant,3.836218e-08,6.086597e-10,0.0033028084,0.9966972,443
463,47,376,0.84,P,0,463,correct_tags,assistant,3.1895554e-05,7.765186e-08,0.0007073093,0.9992607,444
464,376,3580,0.34,est,0,464,correct_tags,assistant,7.0999454e-07,1.6593122e-09,4.5973436e-05,0.99995327,445
465,5621,142760,1.0, watch,0,465,correct_tags,assistant,5.4463035e-05,4.2638587e-07,0.0026185324,0.9973266,446
466,142760,16835,0.47,:**,0,466,correct_tags,assistant,0.00088535756,1.1381569e-07,0.02801963,0.9710949,447
467,16835,448,0.88, Keep,0,467,correct_tags,assistant,0.017739985,1.932151e-05,0.5595516,0.42268914,448
468,448,10952,1.0, an,0,468,correct_tags,assistant,0.0017392647,2.9963124e-07,0.074407265,0.92385316,449
469,10952,402,0.8, eye,0,469,correct_tags,assistant,6.475495e-05,1.9968045e-06,0.77781504,0.22211818,450
470,402,72108,0.95, on,0,470,correct_tags,assistant,0.0024759618,2.985889e-07,0.07114651,0.92637724,451
471,72108,3375,1.0, aph,0,471,correct_tags,assistant,0.008800358,0.00024514034,0.18382989,0.8071247,452
472,3375,11,0.9,ids,0,472,correct_tags,assistant,0.002756849,2.8881745e-06,0.36321154,0.6340287,453
473,11,6461,0.91,",",0,473,correct_tags,assistant,1.4053343e-05,1.363694e-09,0.0030803932,0.9969055,454
474,6461,75553,1.0, white,0,474,correct_tags,assistant,0.0013188332,1.0381023e-05,0.0048226384,0.99384815,455
475,75553,11,0.99,flies,0,475,correct_tags,assistant,0.0042769853,6.8517147e-06,0.05457375,0.94114244,456
476,11,326,1.0,",",0,476,correct_tags,assistant,4.1986397e-05,5.9386345e-09,0.0025113677,0.99744666,457
477,326,59604,0.36, and,0,477,correct_tags,assistant,1.3649499e-06,2.2164472e-10,0.0019338938,0.9980647,458
478,59604,39993,0.86, tomato,0,478,correct_tags,assistant,4.8747313e-07,5.792829e-09,7.668487e-05,0.9999229,459
479,39993,173523,0.96, horn,0,479,correct_tags,assistant,3.4633886e-05,1.5113832e-06,0.0006564082,0.9993074,460
480,173523,26,0.87,worms,0,480,correct_tags,assistant,0.0016290181,1.473091e-06,0.00366502,0.99470454,461
481,26,1199,0.5,;,0,481,correct_tags,assistant,0.0017524828,3.4002906e-06,0.040320743,0.9579234,462
482,1803,50005,0.69, hand,0,482,correct_tags,assistant,0.06454751,3.524374e-05,0.081482045,0.8539351,463
483,3161,1003,0.97,-p,0,483,correct_tags,assistant,0.1460421,5.057109e-05,0.006164461,0.84774286,464
484,1003,503,0.96,ick,0,484,correct_tags,assistant,0.004489755,1.259761e-05,0.0004862545,0.99501145,465
485,503,1199,0.94, or,0,485,correct_tags,assistant,0.00244237,2.5880692e-05,0.24977368,0.7477581,466
486,1199,58684,0.38, use,0,486,correct_tags,assistant,6.109717e-05,3.4205826e-07,0.04984903,0.9500895,467
487,58684,7396,0.95, neem,0,487,correct_tags,assistant,3.988742e-07,6.1822947e-10,9.760222e-05,0.999902,468
488,7396,538,0.86, oil,0,488,correct_tags,assistant,1.6360966e-06,1.3643341e-07,0.00025647655,0.99974173,469
489,538,6118,0.98, if,0,489,correct_tags,assistant,0.00014099608,8.2166515e-08,0.0382638,0.9615952,470
490,6118,364,0.46, needed,0,490,correct_tags,assistant,1.1216768e-07,1.5131223e-11,5.6945362e-05,0.9999429,471
491,558,220,0.91,".
",0,491,correct_tags,assistant,2.4703778e-07,3.0241196e-12,1.1213789e-07,0.99999964,472
492,2886,1879,0.58,With,0,492,correct_tags,assistant,1.3063754e-10,2.9094196e-14,1.4130177e-08,1.0,473
493,7334,11,1.0, sun,0,493,correct_tags,assistant,3.4887682e-06,1.0229114e-09,4.188567e-06,0.9999924,474
494,11,37403,0.74,",",0,494,correct_tags,assistant,1.7085979e-09,7.318787e-12,1.1647221e-06,0.9999988,475
495,37403,36036,0.68, steady,0,495,correct_tags,assistant,5.2602687e-08,1.7062444e-09,5.2247293e-07,0.9999994,476
496,36036,11,1.0, moisture,0,496,correct_tags,assistant,4.9910303e-09,1.2457838e-11,4.558796e-09,1.0,477
497,11,32879,0.37,",",0,497,correct_tags,assistant,1.0532463e-10,3.746063e-12,1.5551061e-06,0.99999845,478
498,290,1849,1.0, the,0,498,correct_tags,assistant,4.9784292e-09,8.312057e-12,2.7366576e-05,0.9999726,479
499,1849,92224,0.78, right,0,499,correct_tags,assistant,1.6594504e-10,9.999202e-13,1.2371828e-06,0.9999988,480
500,92224,11,0.9, fertilizer,0,500,correct_tags,assistant,2.0737832e-10,2.4282269e-11,1.8561867e-08,1.0,481
501,11,326,1.0,",",0,501,correct_tags,assistant,4.2558623e-11,6.821055e-13,2.0990706e-06,0.99999785,482
502,326,261,0.8, and,0,502,correct_tags,assistant,1.4090909e-10,2.031634e-11,9.440417e-07,0.99999905,483
503,261,3546,0.53, a,0,503,correct_tags,assistant,1.6172407e-08,1.2591161e-09,0.00012287677,0.9998771,484
504,3389,2498,0.4, little,0,504,correct_tags,assistant,5.827528e-09,9.997216e-11,6.330016e-06,0.9999937,485
505,135775,11,0.94, pruning,0,505,correct_tags,assistant,1.3971305e-07,7.8933325e-11,6.451598e-07,0.99999917,486
506,11,481,0.88,",",0,506,correct_tags,assistant,1.0114202e-06,2.9256864e-10,8.080173e-05,0.9999182,487
507,481,4720,0.99, you,0,507,correct_tags,assistant,1.3334421e-06,1.6747729e-08,0.000495048,0.9995036,488
508,4720,679,0.25,’ll,0,508,correct_tags,assistant,2.165726e-06,1.001116e-09,0.0060142283,0.99398357,489
509,4271,261,0.62, enjoy,0,509,correct_tags,assistant,9.163165e-08,6.692288e-12,0.00026782652,0.9997321,490
510,93206,55866,0.91, juicy,0,510,correct_tags,assistant,8.103462e-09,1.694607e-13,2.3566547e-05,0.9999764,491
511,55866,306,0.97, tomatoes,0,511,correct_tags,assistant,1.2617386e-06,1.5591152e-10,5.1595393e-06,0.99999356,492
512,306,261,0.48, in,0,512,correct_tags,assistant,4.2780825e-06,2.0434046e-09,0.00462041,0.9953753,493
513,261,3120,0.76, a,0,513,correct_tags,assistant,0.00010949596,6.645912e-08,0.49096844,0.508922,494
514,3120,5503,0.68, few,0,514,correct_tags,assistant,1.4435657e-06,9.900842e-10,6.010772e-05,0.9999385,495
515,5503,0,0.93, months,0,515,correct_tags,assistant,2.9364193e-07,2.870076e-12,3.554268e-05,0.9999641,496
516,0,200002,1.0,!,0,516,correct_tags,assistant,7.638247e-08,2.519766e-10,2.4374722e-07,0.99999964,497
521,18009,0,0.21,Oh,0,521,correct_tags,user,1.2253032e-06,0.99633276,3.1148225e-05,0.0036349539,498
522,8157,0,0.84, cool,0,522,correct_tags,user,2.6749362e-07,0.13394846,0.00018047741,0.8658708,499
523,11,484,0.07,",",0,523,correct_tags,user,7.530133e-07,0.65723425,0.0077947406,0.33497024,500
524,11707,0,0.69, thanks,0,524,correct_tags,user,3.5186784e-07,0.99817634,5.6903905e-06,0.0018175557,501
525,2618,5310,0.05,!!,0,525,correct_tags,user,3.000085e-06,0.9669817,0.00013829343,0.032877006,502
526,16349,30,0.12, Where,0,526,correct_tags,user,3.535548e-06,0.9521492,5.174741e-05,0.04779544,503
527,885,290,0.25,'s,0,527,correct_tags,user,9.799268e-06,0.8789276,2.9380067e-06,0.12105966,504
528,290,1636,0.05, the,0,528,correct_tags,user,7.4604673e-06,0.08106496,0.00089925603,0.91802835,505
529,39356,30,0.19, easiest,0,529,correct_tags,user,8.6276106e-07,0.9991411,1.725272e-05,0.0008408213,506
530,2475,30,0.39, place,0,530,correct_tags,user,3.3791919e-06,0.90879935,0.0007332901,0.090463966,507
531,316,220,0.04, to,0,531,correct_tags,user,1.27401545e-05,0.9825813,0.00030881233,0.01709713,508
532,3839,30,0.3, grow,0,532,correct_tags,user,5.684855e-07,0.99711084,0.00016134772,0.0027272247,509
533,55866,30,0.76, tomatoes,0,533,correct_tags,user,0.000107372856,0.38308662,0.0008349349,0.615971,510
534,533,30,0.11, -,0,534,correct_tags,user,7.494875e-07,0.5816783,0.03217517,0.38614577,511
535,6772,30,0.48, inside,0,535,correct_tags,user,6.709924e-05,0.77529407,0.008484521,0.2161543,512
536,503,6772,0.26, or,0,536,correct_tags,user,2.690049e-08,0.025497602,0.011333587,0.9631688,513
537,37495,30,0.94, outdoors,0,537,correct_tags,user,1.4881158e-06,0.04721913,1.6331127e-05,0.9527631,514
538,11,10606,0.79,",",0,538,correct_tags,user,2.0180694e-07,0.8967724,0.0041077673,0.09911965,515
539,4335,484,0.29, given,0,539,correct_tags,user,5.7448903e-09,0.0006564927,2.8325132e-05,0.99931514,516
540,922,220,0.04, my,0,540,correct_tags,user,3.1841913e-07,0.9129595,0.0005714138,0.086468734,517
541,16093,3211,0.69, skill,0,541,correct_tags,user,8.779788e-07,0.90702206,0.0015496111,0.0914274,518
542,3211,30,0.81, level,0,542,correct_tags,user,3.0429922e-07,0.2628864,0.0069903913,0.7301229,519
543,30,279,0.13,?,0,543,correct_tags,user,4.054162e-08,0.2687567,0.011126748,0.72011656,520
544,357,1682,0.11, I,0,544,correct_tags,user,4.1468518e-08,0.5843459,0.022883425,0.39277065,521
545,4561,306,0.3, live,0,545,correct_tags,user,3.1715018e-07,0.9936836,3.1474938e-05,0.0062845685,522
546,306,220,0.54, in,0,546,correct_tags,user,4.4385517e-05,0.68623084,0.03939071,0.27433407,523
547,31628,11,0.62, Austin,0,547,correct_tags,user,1.1319307e-05,0.9458436,0.00029649434,0.053848576,524
548,11885,30,0.42, Texas,0,548,correct_tags,user,2.3438033e-05,0.36923492,0.0006829312,0.6300587,525
549,13,31628,0.16,.,0,549,correct_tags,user,1.2059986e-06,0.9990657,1.0313569e-05,0.00092279894,526
550,3756,481,0.29, Do,0,550,correct_tags,user,9.089773e-09,0.9841484,2.5980844e-05,0.015825717,527
551,481,1604,0.14, you,0,551,correct_tags,user,0.0002523745,0.2779614,0.06661401,0.65517217,528
552,679,1062,0.4, have,0,552,correct_tags,user,1.5775804e-08,0.80035937,5.9762365e-06,0.19963469,529
553,1062,6772,0.42, any,0,553,correct_tags,user,1.7195385e-05,0.24808182,0.0024871586,0.7494138,530
554,22499,30,0.57, recommendations,0,554,correct_tags,user,6.799151e-07,0.78812826,0.004221152,0.20764989,531
555,395,10609,0.45, for,0,555,correct_tags,user,0.00019017686,0.88334423,0.0012011343,0.115264505,532
556,261,9282,0.91, a,0,556,correct_tags,user,1.6694526e-05,0.028260259,0.014751879,0.9569711,533
557,57062,30,0.53, beginner,0,557,correct_tags,user,1.5652137e-07,0.7446432,0.0011646706,0.254192,534
558,30,279,0.17,?,0,558,correct_tags,user,1.8678625e-08,0.056401268,7.072887e-05,0.94352794,535
559,8820,11,0.12, Also,0,559,correct_tags,user,5.3208893e-10,0.99314886,2.3024366e-05,0.006828224,536
560,1261,30,0.07, when,0,560,correct_tags,user,1.5211408e-07,0.63348067,6.103568e-05,0.36645818,537
561,1757,30,0.07, should,0,561,correct_tags,user,1.9528716e-07,0.37052548,1.8515428e-05,0.6294558,538
562,357,1604,0.13, I,0,562,correct_tags,user,0.0012675927,0.024153112,0.005916622,0.9686627,539
563,6804,30,0.46, plant,0,563,correct_tags,user,1.8961083e-06,0.0018939045,1.3699741e-05,0.99809045,540
564,1373,30,0.75, them,0,564,correct_tags,user,3.1478092e-05,0.06436382,0.00034134442,0.93526334,541
565,30,279,0.21,?,0,565,correct_tags,user,2.8099949e-08,0.008406545,0.00040935032,0.9911841,542
566,6048,30,0.06, Please,0,566,correct_tags,user,4.9364175e-09,0.77154934,0.0014535461,0.22699706,543
567,3357,480,0.12, keep,0,567,correct_tags,user,1.663265e-09,0.9637011,3.6638626e-06,0.03629522,544
568,480,6772,0.85, it,0,568,correct_tags,user,1.7360611e-05,0.01055798,0.0026695111,0.9867552,545
569,4022,30,0.26, short,0,569,correct_tags,user,6.598709e-08,0.9332331,8.111262e-05,0.066685714,546
570,326,6240,0.76, and,0,570,correct_tags,user,6.7798815e-08,4.2095984e-05,0.00027784117,0.99968004,547
571,4705,30,0.24, simple,0,571,correct_tags,user,5.8520193e-08,0.78614545,0.00038013892,0.21347436,548
572,0,200007,0.37,!,0,572,correct_tags,user,2.1625892e-09,0.42503503,7.443e-05,0.57489055,549
579,976,1825,0.99,The,0,579,correct_tags,cot,5.5756844e-10,4.145545e-06,0.9964568,0.0035390432,550
580,1825,10648,0.85, user,0,580,correct_tags,cot,6.8044315e-10,2.235252e-06,0.99187684,0.008120882,551
581,10648,261,0.41, wants,0,581,correct_tags,cot,5.047518e-10,1.2782211e-06,0.95015436,0.049844358,552
582,25,39356,0.85,:,0,582,correct_tags,cot,7.9384604e-10,2.486881e-06,0.99001044,0.009987091,553
583,39356,2475,0.99, easiest,0,583,correct_tags,cot,3.1802223e-08,2.3974613e-05,0.99960095,0.00037514482,554
584,2475,316,0.82, place,0,584,correct_tags,cot,6.797793e-08,2.7634735e-05,0.99820006,0.0017721364,555
585,316,3839,1.0, to,0,585,correct_tags,cot,1.4076584e-06,4.362461e-07,0.9990013,0.0009969192,556
586,3839,55866,0.98, grow,0,586,correct_tags,cot,1.6648227e-09,4.512223e-07,0.99997663,2.2829794e-05,557
587,55866,350,0.31, tomatoes,0,587,correct_tags,cot,2.3936025e-07,4.5324778e-06,0.9996542,0.0003411181,558
588,1127,6772,0.61, –,0,588,correct_tags,cot,1.1749247e-10,7.498801e-09,0.9972573,0.0027427217,559
589,6772,503,0.87, inside,0,589,correct_tags,cot,1.490338e-08,1.5403969e-06,0.99999154,6.9718067e-06,560
590,503,37495,0.94, or,0,590,correct_tags,cot,1.1616933e-09,6.1078885e-07,0.9990087,0.0009907541,561
591,37495,11,0.41, outdoors,0,591,correct_tags,cot,7.600358e-07,9.340714e-05,0.9524672,0.047438644,562
592,1127,4335,0.47, –,0,592,correct_tags,cot,8.9244706e-10,3.0659723e-07,0.9954417,0.0045580072,563
593,4335,16093,0.52, given,0,593,correct_tags,cot,1.7423216e-09,2.2638773e-08,0.99959534,0.00040471138,564
594,16093,3211,0.98, skill,0,594,correct_tags,cot,3.2375e-08,0.00051683787,0.9668114,0.032671675,565
595,3211,11,0.51, level,0,595,correct_tags,cot,2.3984072e-11,4.590626e-08,0.99794716,0.0020528545,566
596,13,3164,0.62,.,0,596,correct_tags,cot,5.024601e-10,2.7503702e-06,0.955948,0.044049263,567
597,72678,306,0.99, Lives,0,597,correct_tags,cot,5.982882e-08,1.8267533e-06,0.9489437,0.05105445,568
598,306,31628,1.0, in,0,598,correct_tags,cot,7.4157656e-06,2.7850315e-06,0.5758062,0.42418358,569
599,31628,11,0.65, Austin,0,599,correct_tags,cot,2.6695666e-06,0.0003279092,0.82797736,0.17169204,570
600,23055,13,0.93, TX,0,600,correct_tags,cot,6.20532e-08,7.9757456e-07,0.15516508,0.844834,571
601,13,118403,0.59,.,0,601,correct_tags,cot,1.1194979e-11,1.9194445e-08,0.99925774,0.0007422461,572
602,118403,395,0.96, Recommendations,0,602,correct_tags,cot,5.2058846e-10,8.0771706e-08,0.9936319,0.0063680396,573
603,395,57062,0.61, for,0,603,correct_tags,cot,7.7657103e-10,1.9261538e-08,0.9901764,0.009823616,574
604,57062,13,0.8, beginner,0,604,correct_tags,cot,1.860834e-10,8.746706e-08,0.96322984,0.03677,575
605,13,4296,0.83,.,0,605,correct_tags,cot,5.990626e-10,1.1030135e-06,0.96536046,0.034638327,576
606,4296,316,0.79, When,0,606,correct_tags,cot,6.4966676e-09,1.6012207e-07,0.9672405,0.032759324,577
607,316,6804,1.0, to,0,607,correct_tags,cot,3.9281117e-06,1.0305698e-06,0.41673928,0.58325577,578
608,6804,13,0.97, plant,0,608,correct_tags,cot,2.5745956e-08,6.0261634e-08,0.7424928,0.25750715,579
609,13,16835,0.94,.,0,609,correct_tags,cot,1.3440811e-10,3.79575e-07,0.99857473,0.0014249284,580
610,16835,4022,0.62, Keep,0,610,correct_tags,cot,1.40434615e-08,1.7426781e-07,0.98628485,0.01371489,581
611,480,4022,1.0, it,0,611,correct_tags,cot,2.5288534e-06,3.4757464e-05,0.44488943,0.55507326,582
612,4022,326,0.9, short,0,612,correct_tags,cot,4.8562057e-08,3.9779687e-05,0.8952223,0.10473787,583
613,326,4705,1.0, and,0,613,correct_tags,cot,9.181106e-07,1.0487437e-07,0.106837556,0.8931614,584
614,4705,13,0.96, simple,0,614,correct_tags,cot,1.6242193e-08,2.0091746e-05,0.97993124,0.02004874,585
615,13,51441,0.47,.,0,615,correct_tags,cot,1.8420196e-10,1.3923874e-07,0.9966517,0.0033481882,586
616,623,6052,0.63, The,0,616,correct_tags,cot,2.2592037e-08,2.650113e-06,0.998577,0.0014203844,587
617,29186,1757,0.86, assistant,0,617,correct_tags,cot,7.094582e-10,1.8689999e-08,0.9898941,0.010105916,588
618,1757,3644,0.37, should,0,618,correct_tags,cot,2.919698e-08,2.0819998e-07,0.9833861,0.016613627,589
619,3644,82463,0.48, give,0,619,correct_tags,cot,4.6251618e-08,7.4714563e-07,0.82124686,0.1787523,590
620,82463,31926,0.34, concise,0,620,correct_tags,cot,5.446806e-08,2.1513053e-07,0.20552084,0.7944789,591
621,21561,25,0.64, suggestions,0,621,correct_tags,cot,6.029122e-10,6.0468464e-10,0.52686274,0.4731373,592
622,25,37495,0.45,:,0,622,correct_tags,cot,6.635469e-09,2.2256721e-08,0.8601576,0.13984242,593
623,37495,306,0.68, outdoors,0,623,correct_tags,cot,9.994682e-06,7.331772e-07,0.9943445,0.0056448076,594
624,306,31628,0.39, in,0,624,correct_tags,cot,1.9270815e-06,1.0429762e-07,0.9925644,0.0074336403,595
625,6047,12860,0.98, early,0,625,correct_tags,cot,2.2793463e-06,4.3843826e-05,0.71162707,0.28832677,596
626,12860,11,0.42, spring,0,626,correct_tags,cot,9.662303e-06,1.0745078e-06,0.96839315,0.031596046,597
627,1934,2174,0.83, after,0,627,correct_tags,cot,4.325609e-06,8.0467335e-06,0.9779585,0.022029214,598
628,2174,69368,1.0, last,0,628,correct_tags,cot,8.081248e-06,5.9985696e-06,0.8537751,0.14621092,599
629,69368,11,0.45, frost,0,629,correct_tags,cot,7.399739e-07,1.0794227e-07,0.9998404,0.00015877999,600
630,3521,65176,0.45, date,0,630,correct_tags,cot,2.127069e-06,1.0243031e-07,0.99835026,0.0016475474,601
631,350,23430,0.73, (,0,631,correct_tags,cot,1.2295429e-06,3.727186e-07,0.97801924,0.02197909,602
632,62832,6959,0.74,maybe,0,632,correct_tags,cot,2.6816082e-08,9.016679e-09,0.9998847,0.00011531442,603
633,6959,6189,0.8, mid,0,633,correct_tags,cot,3.526991e-07,0.00011921956,0.98473984,0.015140518,604
634,6189,1417,1.0,-M,0,634,correct_tags,cot,1.4724138e-06,1.905178e-06,0.08180624,0.9181904,605
635,1417,741,0.41,arch,0,635,correct_tags,cot,1.9222437e-06,8.743974e-06,0.521472,0.4785173,606
636,741,730,0.2,).,0,636,correct_tags,cot,5.617624e-10,5.0464735e-09,0.9446416,0.055358462,607
637,12265,31628,0.84, Since,0,637,correct_tags,cot,3.9734857e-08,6.103506e-09,0.99969447,0.00030551286,608
638,31628,853,0.46, Austin,0,638,correct_tags,cot,4.39111e-06,5.2488063e-05,0.9235509,0.07639222,609
639,25,2174,0.47,:,0,639,correct_tags,cot,3.552255e-07,3.2132925e-07,0.9998306,0.00016865022,610
640,2174,69368,1.0, last,0,640,correct_tags,cot,1.2502553e-05,3.4703207e-06,0.9861115,0.013872503,611
641,69368,2846,0.46, frost,0,641,correct_tags,cot,0.00014751373,0.00016704675,0.97201216,0.02767322,612
642,2846,6959,0.77, around,0,642,correct_tags,cot,3.7318085e-05,0.000108968,0.998823,0.0010306424,613
643,6959,6189,0.79, mid,0,643,correct_tags,cot,0.00013288467,0.0023013938,0.9940414,0.003524221,614
644,7561,13,0.56, March,0,644,correct_tags,cot,0.00029442043,0.00048229375,0.99564064,0.0035826245,615
645,13,8820,0.13,.,0,645,correct_tags,cot,6.7797044e-09,3.377113e-08,0.9693308,0.030669222,616
646,62122,8601,0.4, Suggest,0,646,correct_tags,cot,6.4430935e-08,1.8186541e-09,0.96950924,0.030490657,617
647,2360,15478,0.38, using,0,647,correct_tags,cot,5.133489e-06,1.8244877e-07,0.610313,0.38968167,618
648,15478,27154,0.98, raised,0,648,correct_tags,cot,1.17775166e-07,7.594938e-10,0.77212006,0.22787984,619
649,27154,503,0.74, beds,0,649,correct_tags,cot,2.5585933e-07,1.3561704e-08,0.957909,0.042090796,620
650,11,35267,0.87,",",0,650,correct_tags,cot,3.174134e-07,1.9363033e-09,0.8946072,0.10539254,621
651,35267,11,0.66, containers,0,651,correct_tags,cot,6.1548036e-07,3.8729393e-08,0.99839383,0.0016055201,622
652,13,51441,0.22,.,0,652,correct_tags,cot,8.662253e-09,5.7589133e-09,0.9810081,0.018991955,623
653,2214,30757,0.25, For,0,653,correct_tags,cot,8.641504e-07,2.2233712e-08,0.99557745,0.0044217845,624
654,69297,25,0.6, indoors,0,654,correct_tags,cot,3.117585e-07,9.775375e-09,0.99998677,1.29270775e-05,625
655,25,63521,0.28,:,0,655,correct_tags,cot,1.930244e-09,2.9010433e-11,0.999879,0.00012101039,626
656,625,9064,0.34, not,0,656,correct_tags,cot,9.498309e-08,1.1242824e-09,0.99948907,0.0005108253,627
657,9064,395,0.2, ideal,0,657,correct_tags,cot,1.8026016e-07,1.32234215e-08,0.9959543,0.0040455516,628
658,538,625,0.22, if,0,658,correct_tags,cot,1.4697155e-05,2.9171656e-06,0.9998223,0.00016001724,629
659,16093,3211,0.86, skill,0,659,correct_tags,cot,1.2498639e-07,8.9410804e-07,0.9990006,0.00099832,630
660,4465,13,0.45, low,0,660,correct_tags,cot,2.877388e-09,9.931957e-07,0.9989962,0.001002897,631
661,13,51441,0.45,.,0,661,correct_tags,cot,1.9797113e-10,5.761851e-10,0.99719185,0.0028081443,632
662,2632,37495,0.34, So,0,662,correct_tags,cot,5.040555e-09,4.5497943e-09,0.9898678,0.010132142,633
663,37495,13,0.34, outdoors,0,663,correct_tags,cot,5.930408e-08,5.0125397e-09,0.99941766,0.00058218476,634
664,13,51441,0.59,.,0,664,correct_tags,cot,1.1841212e-09,2.0387061e-08,0.9941929,0.005807083,635
665,51441,62191,0.19, Provide,0,665,correct_tags,cot,7.819421e-08,3.4735816e-08,0.9934988,0.0065010837,636
666,4705,10331,0.27, simple,0,666,correct_tags,cot,1.8702082e-07,1.1698828e-06,0.8735645,0.1264342,637
667,10331,13,0.73, steps,0,667,correct_tags,cot,8.736413e-10,1.8656241e-08,0.9782535,0.021746546,638
668,13,16835,0.28,.,0,668,correct_tags,cot,3.3161555e-08,7.0496403e-06,0.990021,0.009971917,639
669,16835,480,0.36, Keep,0,669,correct_tags,cot,2.92943e-08,1.2809143e-07,0.98848164,0.0115182465,640
670,4022,13,0.92, short,0,670,correct_tags,cot,2.2594248e-08,5.1480278e-08,0.961182,0.038817916,641
671,13,200007,0.92,.,0,671,correct_tags,cot,3.4426857e-09,7.2824684e-09,0.9550887,0.044911288,642
672,46830,6052,0.3, We'll,0,672,correct_tags,cot,8.656683e-08,8.014847e-08,0.9981925,0.0018074481,643
673,7000,13,0.51, deliver,0,673,correct_tags,cot,3.956247e-07,7.500506e-08,0.96204275,0.03795673,644
674,13,200007,1.0,.,0,674,correct_tags,cot,4.5951567e-09,3.5937578e-10,0.7504426,0.24955744,645
681,410,14591,0.72,**,0,681,correct_tags,assistant,8.2449493e-13,3.734126e-12,2.733143e-07,0.99999976,646
682,36,4402,1.0,E,0,682,correct_tags,assistant,1.0801869e-13,2.1829554e-11,7.721023e-08,0.9999999,647
683,4402,376,1.0,asi,0,683,correct_tags,assistant,1.6900163e-10,3.6144673e-10,6.7067776e-07,0.9999993,648
684,376,395,0.53,est,0,684,correct_tags,assistant,7.7938155e-13,4.3564827e-10,3.6235434e-08,1.0,649
685,395,261,0.84, for,0,685,correct_tags,assistant,1.0106285e-10,5.745884e-10,5.950524e-07,0.9999994,650
686,261,57062,0.99, a,0,686,correct_tags,assistant,8.634396e-11,1.3103133e-09,5.7679918e-05,0.9999423,651
687,57062,306,1.0, beginner,0,687,correct_tags,assistant,2.4570257e-13,2.6850145e-11,2.0237937e-06,0.999998,652
688,306,31628,1.0, in,0,688,correct_tags,assistant,2.7292767e-11,1.7158339e-10,1.6522596e-05,0.99998343,653
689,31628,11,0.27, Austin,0,689,correct_tags,assistant,7.377828e-12,3.1483626e-12,7.1235846e-08,0.9999999,654
690,350,33879,0.74, (,0,690,correct_tags,assistant,3.0592706e-10,2.4928769e-11,1.5958758e-06,0.99999845,655
691,33879,3127,0.71,TX,0,691,correct_tags,assistant,1.1789366e-13,5.0718778e-14,2.5680964e-11,1.0,656
692,8,1127,0.83,),0,692,correct_tags,assistant,1.6663256e-13,2.9347531e-12,1.2386272e-07,0.9999999,657
693,1612,12,0.99,"**
",0,693,correct_tags,assistant,2.4037968e-13,5.5972445e-12,3.713792e-08,1.0,658
694,12,6240,0.99,-,0,694,correct_tags,assistant,5.8049654e-12,6.9766964e-10,6.092788e-07,0.9999994,659
695,6240,11977,0.3, **,0,695,correct_tags,assistant,7.19311e-11,3.6004277e-09,7.72909e-06,0.99999225,660
696,14591,10021,0.69,Best,0,696,correct_tags,assistant,2.7149392e-11,1.0528619e-10,8.021537e-06,0.999992,661
697,2475,142760,0.99, place,0,697,correct_tags,assistant,1.378071e-10,4.608555e-10,3.6972327e-07,0.99999964,662
698,142760,156237,0.73,:**,0,698,correct_tags,assistant,1.2096057e-10,3.4950016e-09,4.3476516e-07,0.9999995,663
699,6240,3227,0.97, **,0,699,correct_tags,assistant,5.1301835e-10,3.5435286e-07,4.0299547e-06,0.9999956,664
700,3227,31202,1.0,Out,0,700,correct_tags,assistant,2.6900944e-09,6.4780964e-10,3.093938e-06,0.9999969,665
701,31202,410,0.98,doors,0,701,correct_tags,assistant,5.094003e-09,1.2711558e-08,4.0197276e-07,0.9999995,666
702,410,1127,0.75,**,0,702,correct_tags,assistant,7.224733e-11,1.9025018e-10,4.1267194e-06,0.9999958,667
703,1127,290,0.57, –,0,703,correct_tags,assistant,2.7913262e-11,3.7379294e-11,5.037426e-06,0.999995,668
704,55866,54337,0.66, tomatoes,0,704,correct_tags,assistant,9.0752e-12,1.0854314e-09,5.405568e-06,0.99999464,669
705,54337,306,0.94, thrive,0,705,correct_tags,assistant,7.8008563e-13,2.8209926e-12,3.0225467e-06,0.999997,670
706,306,290,0.58, in,0,706,correct_tags,assistant,2.2065313e-10,3.044987e-10,3.1290798e-05,0.99996877,671
707,3149,7334,0.99, full,0,707,correct_tags,assistant,2.6432818e-11,2.4977427e-09,3.5176434e-08,1.0,672
708,7334,326,0.64, sun,0,708,correct_tags,assistant,5.8608435e-10,2.4399382e-08,4.5443045e-07,0.9999995,673
709,11,326,0.96,",",0,709,correct_tags,assistant,2.0009115e-10,1.559721e-10,3.1836946e-06,0.9999968,674
710,326,31628,0.62, and,0,710,correct_tags,assistant,1.12346854e-10,7.946931e-11,6.2986423e-06,0.9999937,675
711,290,9144,0.21, the,0,711,correct_tags,assistant,1.0379317e-09,1.2875839e-10,4.515332e-06,0.99999547,676
712,31137,31628,0.71, mild,0,712,correct_tags,assistant,1.9773632e-12,2.2629927e-12,2.8440706e-08,1.0,677
713,31628,16721,0.75, Austin,0,713,correct_tags,assistant,1.1080742e-14,2.0424382e-14,3.4664346e-10,1.0,678
714,16721,350,0.27, climate,0,714,correct_tags,assistant,5.104314e-13,3.3963381e-12,3.629684e-09,1.0,679
715,4787,480,0.54, makes,0,715,correct_tags,assistant,5.9150154e-12,1.3413583e-10,3.7612256e-08,1.0,680
716,10606,4224,0.38, growing,0,716,correct_tags,assistant,9.950857e-11,7.2276753e-09,4.19741e-06,0.9999958,681
717,11087,1572,0.91, easier,0,717,correct_tags,assistant,5.590319e-12,1.3882684e-09,2.571211e-07,0.99999976,682
718,1572,30757,0.41, than,0,718,correct_tags,assistant,1.565306e-11,8.66863e-12,1.02632885e-05,0.99998975,683
719,6700,316,0.96, trying,0,719,correct_tags,assistant,1.3455534e-10,6.370116e-12,5.457387e-06,0.9999945,684
720,316,3357,0.62, to,0,720,correct_tags,assistant,1.1539716e-10,1.269368e-11,2.3527544e-05,0.9999765,685
721,3357,1373,0.64, keep,0,721,correct_tags,assistant,1.7182276e-07,2.5320628e-09,2.665157e-05,0.9999732,686
722,290,10609,0.37, the,0,722,correct_tags,assistant,1.6026671e-07,1.9917978e-08,4.690946e-05,0.9999529,687
723,1849,4207,0.68, right,0,723,correct_tags,assistant,1.10915845e-08,1.0217383e-08,5.313795e-06,0.99999464,688
724,4207,326,0.54, light,0,724,correct_tags,assistant,2.4557745e-09,5.323883e-11,2.1823362e-06,0.99999785,689
725,6772,558,0.77, inside,0,725,correct_tags,assistant,6.977555e-11,1.6967785e-11,2.8696977e-06,0.99999714,690
726,558,12,1.0,".
",0,726,correct_tags,assistant,2.3813413e-11,3.894901e-11,5.679487e-07,0.9999994,691
727,12,6240,1.0,-,0,727,correct_tags,assistant,1.2876903e-08,4.7315013e-10,4.816304e-06,0.9999951,692
728,6240,57785,0.57, **,0,728,correct_tags,assistant,7.2703864e-11,8.8257e-12,3.085387e-06,0.9999969,693
729,5958,316,1.0,When,0,729,correct_tags,assistant,1.70317e-12,5.121145e-13,2.049496e-08,1.0,694
730,316,6804,1.0, to,0,730,correct_tags,assistant,2.0131478e-10,3.746124e-12,5.084379e-07,0.9999995,695
731,6804,142760,1.0, plant,0,731,correct_tags,assistant,3.4017614e-10,7.404459e-12,1.5365855e-09,1.0,696
732,25,1612,1.0,:,0,732,correct_tags,assistant,5.785313e-09,4.415242e-09,2.1138568e-07,0.99999976,697
733,1612,220,1.0,"**
",0,733,correct_tags,assistant,2.7526465e-13,5.758141e-14,8.261997e-10,1.0,698
734,220,533,0.79, ,0,734,correct_tags,assistant,5.757136e-08,7.143515e-08,2.0270386e-06,0.99999785,699
735,533,6240,0.38, -,0,735,correct_tags,assistant,4.6496766e-09,1.2763431e-08,5.4976177e-08,0.9999999,700
736,6240,4459,0.41, **,0,736,correct_tags,assistant,2.6099414e-11,2.540518e-10,5.202083e-08,1.0,701
737,6949,69368,0.99,Last,0,737,correct_tags,assistant,1.7414754e-10,2.0294968e-10,1.1592975e-06,0.9999988,702
738,69368,3521,0.63, frost,0,738,correct_tags,assistant,7.160125e-10,8.463153e-10,1.0271153e-08,1.0,703
739,3521,142760,0.79, date,0,739,correct_tags,assistant,6.9743216e-09,6.880563e-09,8.495038e-08,0.9999999,704
740,142760,6574,0.38,:**,0,740,correct_tags,assistant,6.341398e-08,1.8215946e-08,1.5012629e-05,0.99998486,705
741,6959,50005,1.0, mid,0,741,correct_tags,assistant,7.626689e-11,3.78874e-09,4.4878097e-06,0.99999547,706
742,6189,1417,1.0,-M,0,742,correct_tags,assistant,1.146865e-10,6.006857e-12,2.3553271e-08,1.0,707
743,1417,350,0.6,arch,0,743,correct_tags,assistant,7.23733e-10,2.762644e-10,7.845005e-08,0.9999999,708
744,350,42235,0.4, (,0,744,correct_tags,assistant,8.70416e-09,1.9617035e-08,0.00039600043,0.99960405,709
745,160401,7561,0.66,approximately,0,745,correct_tags,assistant,4.594412e-08,9.5127675e-09,7.6541706e-05,0.99992335,710
746,7561,35971,0.6, March,0,746,correct_tags,assistant,5.1065575e-11,8.87162e-11,2.3726307e-07,0.99999976,711
747,220,1055,0.76, ,0,747,correct_tags,assistant,1.2622915e-07,4.1902993e-07,0.0030787063,0.9969208,712
748,1055,1585,0.5,15,0,748,correct_tags,assistant,6.6521717e-09,3.324164e-08,8.645503e-06,0.9999913,713
749,1585,455,0.99,–,0,749,correct_tags,assistant,4.5305584e-10,5.1454245e-09,1.0118597e-05,0.99998987,714
750,455,741,0.62,20,0,750,correct_tags,assistant,2.287938e-09,1.7362303e-10,2.2712594e-07,0.99999976,715
751,6294,220,1.0,").
",0,751,correct_tags,assistant,8.126483e-09,6.545062e-09,9.671761e-08,0.9999999,716
752,220,533,1.0, ,0,752,correct_tags,assistant,8.3557994e-10,1.0025558e-10,8.803435e-08,0.9999999,717
753,533,6240,0.56, -,0,753,correct_tags,assistant,2.0732938e-09,1.0099206e-09,3.0579017e-08,1.0,718
754,6240,57785,0.87, **,0,754,correct_tags,assistant,2.3466004e-10,2.8131648e-11,1.3019958e-06,0.9999987,719
755,57785,171333,0.8,Plant,0,755,correct_tags,assistant,5.514762e-08,5.593551e-10,1.0033729e-06,0.9999989,720
756,142760,7972,0.25,:**,0,756,correct_tags,assistant,8.759542e-10,3.1759376e-12,7.038779e-08,0.9999999,721
757,220,17,0.76, ,0,757,correct_tags,assistant,6.466754e-09,7.5588985e-10,0.00017292489,0.9998271,722
758,16,1585,0.99,1,0,758,correct_tags,assistant,6.5481856e-11,1.054048e-12,5.6180636e-07,0.9999994,723
759,1585,17,1.0,–,0,759,correct_tags,assistant,1.7143628e-10,3.2694686e-10,7.6603664e-07,0.9999993,724
760,17,7449,0.9,2,0,760,correct_tags,assistant,1.7999909e-09,1.8436872e-11,1.4111775e-06,0.99999857,725
761,7449,1934,1.0, weeks,0,761,correct_tags,assistant,6.8333117e-09,1.975129e-11,3.691771e-08,1.0,726
762,1934,290,0.62, after,0,762,correct_tags,assistant,7.653466e-10,2.1360186e-11,7.679166e-08,0.9999999,727
763,484,11,0.71, that,0,763,correct_tags,assistant,1.1921758e-08,1.1561043e-09,2.8309491e-06,0.99999714,728
764,11,1261,0.6,",",0,764,correct_tags,assistant,1.7394679e-09,4.0452596e-11,1.198667e-06,0.9999988,729
765,1261,22390,0.58, when,0,765,correct_tags,assistant,1.6348277e-07,4.985197e-08,1.394781e-05,0.9999858,730
766,290,22390,0.99, the,0,766,correct_tags,assistant,5.3090613e-08,3.653511e-07,2.6260889e-06,0.9999969,731
767,22390,382,0.71, soil,0,767,correct_tags,assistant,1.3786293e-08,3.1227944e-06,2.0520774e-05,0.9999764,732
768,382,9144,0.75, is,0,768,correct_tags,assistant,2.989489e-08,8.5298734e-07,2.3425186e-05,0.9999757,733
769,5151,220,1.0, above,0,769,correct_tags,assistant,9.03063e-06,2.1591918e-06,0.00033126542,0.9996575,734
770,220,1910,0.82, ,0,770,correct_tags,assistant,3.495372e-07,7.742411e-06,5.1466428e-05,0.9999404,735
771,3152,35971,0.98,55,0,771,correct_tags,assistant,1.0155788e-07,1.8627613e-08,1.5683801e-05,0.99998415,736
772,68854,350,0.75,°F,0,772,correct_tags,assistant,9.0065316e-07,2.9586724e-08,9.1880465e-06,0.99998987,737
773,350,1311,0.94, (,0,773,correct_tags,assistant,1.908556e-07,8.49252e-09,2.1146594e-05,0.99997866,738
774,1311,26557,0.99,13,0,774,correct_tags,assistant,7.530405e-09,3.8505932e-10,1.9441136e-06,0.9999981,739
775,26557,8,0.51,°C,0,775,correct_tags,assistant,2.0134271e-07,9.7586536e-08,5.0484805e-06,0.99999464,740
776,6294,12,0.99,").
",0,776,correct_tags,assistant,4.4107916e-12,1.8615891e-13,1.0245052e-08,1.0,741
777,12,6240,1.0,-,0,777,correct_tags,assistant,1.1093392e-09,3.9737325e-10,2.6971125e-07,0.99999976,742
778,6240,28903,0.79, **,0,778,correct_tags,assistant,6.222765e-11,3.3872148e-12,6.1420533e-06,0.9999938,743
779,28903,41372,0.64,Quick,0,779,correct_tags,assistant,2.0187801e-11,2.965147e-12,4.0271567e-07,0.99999964,744
780,9858,25,0.74, tips,0,780,correct_tags,assistant,1.1667767e-12,3.81414e-14,1.3244232e-08,1.0,745
781,25,1612,1.0,:,0,781,correct_tags,assistant,2.8596492e-08,1.4443835e-09,3.7382715e-06,0.9999962,746
782,1612,220,1.0,"**
",0,782,correct_tags,assistant,1.3556768e-10,2.5220138e-12,1.7994371e-07,0.99999976,747
783,220,533,0.73, ,0,783,correct_tags,assistant,7.1026665e-09,3.0724143e-12,4.841536e-06,0.9999951,748
784,220,16,1.0, ,0,784,correct_tags,assistant,2.31244e-10,7.998899e-11,1.6341316e-08,1.0,749
785,16,13,1.0,1,0,785,correct_tags,assistant,1.4816476e-10,9.893564e-13,1.3013388e-07,0.9999999,750
786,13,6240,0.47,.,0,786,correct_tags,assistant,3.4552635e-08,1.3831304e-10,1.1200094e-05,0.9999888,751
787,7649,261,0.98, Use,0,787,correct_tags,assistant,7.502524e-09,1.0614945e-11,3.3516314e-06,0.99999666,752
788,261,15478,0.86, a,0,788,correct_tags,assistant,1.6165642e-07,1.1297281e-09,7.713889e-05,0.99992263,753
789,6240,143866,0.99, **,0,789,correct_tags,assistant,3.6632732e-09,5.7029276e-10,3.536819e-05,0.9999646,754
790,143866,3737,1.0,raised,0,790,correct_tags,assistant,2.4358012e-11,1.8240646e-13,4.134194e-07,0.99999964,755
791,3737,503,0.81, bed,0,791,correct_tags,assistant,1.297284e-09,4.2860125e-12,1.329136e-06,0.9999987,756
792,503,4410,0.55, or,0,792,correct_tags,assistant,7.898903e-11,5.3020995e-12,9.67317e-07,0.99999905,757
793,4410,9282,0.61, large,0,793,correct_tags,assistant,4.963142e-07,3.459983e-08,4.192707e-05,0.99995756,758
794,9282,410,1.0, container,0,794,correct_tags,assistant,6.5505935e-07,3.9719232e-09,0.00019041411,0.99980897,759
795,410,483,0.44,**,0,795,correct_tags,assistant,1.4564313e-07,1.4764837e-10,0.00024116697,0.99975866,760
796,350,266,0.39, (,0,796,correct_tags,assistant,1.9716379e-07,1.2162151e-09,0.0001706116,0.9998292,761
797,899,1585,0.57,12,0,797,correct_tags,assistant,8.48156e-08,8.2023e-12,2.7829958e-06,0.99999714,762
798,1585,1157,0.56,–,0,798,correct_tags,assistant,1.0779869e-08,3.4492914e-10,1.1914189e-05,0.9999881,763
799,1157,35971,0.66,18,0,799,correct_tags,assistant,5.0947328e-08,7.5435165e-11,6.5959637e-07,0.9999993,764
800,306,8103,0.52, in,0,800,correct_tags,assistant,7.5207026e-08,2.5727707e-09,2.1891315e-06,0.99999774,765
801,8103,8,0.96, deep,0,801,correct_tags,assistant,7.943677e-08,1.0171586e-09,3.516088e-06,0.9999964,766
802,6294,220,1.0,").
",0,802,correct_tags,assistant,4.4947722e-08,4.3689974e-12,1.0600538e-06,0.9999989,767
803,220,220,1.0, ,0,803,correct_tags,assistant,9.556817e-09,4.1399803e-10,1.2888349e-07,0.9999999,768
804,220,17,1.0, ,0,804,correct_tags,assistant,1.4841552e-08,9.16475e-11,2.6068461e-08,1.0,769
805,17,13,1.0,2,0,805,correct_tags,assistant,8.616979e-10,1.2060139e-11,1.953904e-07,0.99999976,770
806,13,4063,0.3,.,0,806,correct_tags,assistant,6.6764e-08,4.0742115e-11,3.1917903e-06,0.9999968,771
807,16835,290,0.46, Keep,0,807,correct_tags,assistant,2.6060835e-07,3.1408032e-11,1.0874214e-06,0.9999987,772
808,22390,23364,0.27, soil,0,808,correct_tags,assistant,1.7737868e-08,6.7334044e-10,1.2564917e-06,0.9999987,773
809,30230,11,0.89, loose,0,809,correct_tags,assistant,2.9262794e-05,4.5334468e-07,0.00011143683,0.99985886,774
810,326,1775,0.32, and,0,810,correct_tags,assistant,1.5086082e-08,4.8582655e-13,3.9446607e-07,0.99999964,775
811,10358,350,0.61, rich,0,811,correct_tags,assistant,7.32295e-08,2.8922706e-10,6.6482307e-06,0.9999933,776
812,350,964,0.87, (,0,812,correct_tags,assistant,2.4773288e-07,6.254272e-10,1.624534e-05,0.99998355,777
813,964,57813,1.0,add,0,813,correct_tags,assistant,5.19296e-08,7.667019e-11,0.00023311898,0.9997669,778
814,57813,6294,0.55, compost,0,814,correct_tags,assistant,1.2040768e-08,5.3911e-09,1.4592534e-05,0.99998534,779
815,11,220,0.57,",",0,815,correct_tags,assistant,1.02662386e-10,9.760573e-13,1.9830719e-05,0.9999802,780
816,220,16,0.5, ,0,816,correct_tags,assistant,2.21906e-08,1.886969e-09,0.00024116447,0.9997588,781
817,16,1585,0.42,1,0,817,correct_tags,assistant,3.3788154e-08,2.8241682e-11,1.5232413e-05,0.99998474,782
818,14,19,0.57,/,0,818,correct_tags,assistant,0.0005509311,9.221446e-07,2.4309957e-05,0.99942386,783
819,17,11531,0.92,2,0,819,correct_tags,assistant,1.3783047e-07,7.830402e-11,1.8957342e-06,0.999998,784
820,11531,777,0.9, cup,0,820,correct_tags,assistant,7.272898e-07,3.6236328e-10,4.177882e-06,0.9999951,785
821,777,13749,0.38, per,0,821,correct_tags,assistant,5.2392664e-07,1.13213584e-10,0.00047626678,0.99952316,786
822,13749,6428,0.99, square,0,822,correct_tags,assistant,6.18004e-05,2.5214355e-08,0.00040999998,0.99952817,787
823,6428,6294,0.94, foot,0,823,correct_tags,assistant,7.4650137e-07,5.8044265e-08,1.273129e-06,0.999998,788
824,6294,220,1.0,").
",0,824,correct_tags,assistant,3.228033e-08,3.4524973e-11,1.8128152e-06,0.9999982,789
825,220,220,1.0, ,0,825,correct_tags,assistant,1.0722903e-09,9.136109e-11,8.595531e-09,1.0,790
826,220,18,1.0, ,0,826,correct_tags,assistant,3.036448e-09,5.9271843e-10,2.1053621e-08,1.0,791
827,18,13,1.0,3,0,827,correct_tags,assistant,5.1259805e-09,4.873158e-10,5.5246693e-07,0.9999994,792
828,13,12303,0.74,.,0,828,correct_tags,assistant,4.4355403e-08,1.13779784e-10,1.0164489e-06,0.9999989,793
829,12303,220,0.36, Water,0,829,correct_tags,assistant,4.8274624e-09,2.2824888e-10,7.7555455e-08,0.9999999,794
830,220,16,0.98, ,0,830,correct_tags,assistant,2.127965e-08,4.245696e-10,6.190784e-07,0.9999994,795
831,16,1585,0.78,1,0,831,correct_tags,assistant,2.3592872e-09,1.2455835e-12,1.0341566e-08,1.0,796
832,1585,16,0.59,–,0,832,correct_tags,assistant,1.0454905e-09,8.524804e-12,1.1068972e-07,0.9999999,797
833,17,35971,0.59,2,0,833,correct_tags,assistant,4.209944e-07,9.0261905e-09,7.971908e-07,0.9999988,798
834,21185,777,0.91, inches,0,834,correct_tags,assistant,5.5325396e-05,6.752883e-09,9.020222e-07,0.99994373,799
835,777,2384,1.0, per,0,835,correct_tags,assistant,1.099499e-05,2.205359e-08,1.6722754e-05,0.9999722,800
836,2384,26,0.57, week,0,836,correct_tags,assistant,1.1642466e-06,1.4949391e-08,1.2370031e-06,0.9999976,801
837,350,8229,0.87, (,0,837,correct_tags,assistant,1.0691253e-08,2.0828846e-10,6.0462604e-08,0.9999999,802
838,8229,306,0.4,more,0,838,correct_tags,assistant,1.7282602e-08,4.887226e-10,1.7914954e-06,0.9999982,803
839,402,3648,0.96, on,0,839,correct_tags,assistant,5.9383856e-05,2.8339098e-06,0.0005469651,0.99939084,804
840,3648,3376,0.94, hot,0,840,correct_tags,assistant,8.0756e-07,4.7316346e-09,1.0820284e-05,0.9999883,805
841,3376,6294,0.89, days,0,841,correct_tags,assistant,3.8770263e-09,5.857329e-11,9.2892446e-07,0.99999905,806
842,6294,220,1.0,").
",0,842,correct_tags,assistant,7.7931717e-10,2.6941394e-12,7.037276e-08,0.9999999,807
843,220,220,1.0, ,0,843,correct_tags,assistant,1.2816179e-07,9.052718e-09,1.2678365e-08,0.9999999,808
844,220,19,1.0, ,0,844,correct_tags,assistant,6.8521985e-07,2.4916913e-10,1.5118142e-07,0.99999917,809
845,19,13,1.0,4,0,845,correct_tags,assistant,7.1960354e-10,3.1158554e-10,1.0972823e-07,0.9999999,810
846,13,137247,0.61,.,0,846,correct_tags,assistant,7.3914688e-09,4.651549e-11,2.7573308e-06,0.99999726,811
847,34785,332,1.0, Mul,0,847,correct_tags,assistant,8.6262775e-09,7.276107e-12,1.8952028e-08,1.0,812
848,332,11,0.35,ch,0,848,correct_tags,assistant,8.319373e-08,1.1398356e-11,1.6688861e-07,0.99999976,813
849,483,43456,0.99, with,0,849,correct_tags,assistant,1.1124039e-06,2.4766461e-11,3.6044223e-06,0.99999523,814
850,43456,503,0.94, straw,0,850,correct_tags,assistant,1.7207705e-07,1.5925294e-10,1.8375158e-05,0.9999814,815
851,503,129197,0.49, or,0,851,correct_tags,assistant,9.146104e-10,1.5411708e-12,1.8799935e-06,0.9999981,816
852,9297,31181,1.0, wood,0,852,correct_tags,assistant,1.4657196e-06,8.11225e-10,0.0017703552,0.99822813,817
853,31181,316,0.7, chips,0,853,correct_tags,assistant,1.778864e-07,2.898099e-09,1.5807595e-05,0.999984,818
854,316,3357,0.61, to,0,854,correct_tags,assistant,4.3277786e-09,5.7166293e-11,3.3922444e-07,0.99999964,819
855,3357,36036,0.54, keep,0,855,correct_tags,assistant,1.0864813e-06,7.0335965e-10,5.89133e-06,0.99999297,820
856,22390,8157,0.92, soil,0,856,correct_tags,assistant,4.4982377e-07,7.004217e-08,4.734877e-06,0.99999475,821
857,8157,558,0.65, cool,0,857,correct_tags,assistant,1.7258543e-08,2.5437823e-08,2.4040448e-06,0.9999975,822
858,558,220,0.99,".
",0,858,correct_tags,assistant,1.8598855e-07,1.6755194e-10,5.137221e-08,0.99999976,823
859,220,220,1.0, ,0,859,correct_tags,assistant,6.1564656e-06,9.008534e-08,3.7598903e-07,0.9999933,824
860,220,20,1.0, ,0,860,correct_tags,assistant,1.521026e-09,1.1349851e-11,4.0194823e-08,1.0,825
861,20,13,1.0,5,0,861,correct_tags,assistant,2.5516186e-10,1.7671774e-11,2.8170558e-07,0.99999976,826
862,13,137247,0.92,.,0,862,correct_tags,assistant,4.164447e-09,4.8627782e-11,3.685591e-06,0.9999963,827
863,137247,503,0.82, Stake,0,863,correct_tags,assistant,5.797819e-09,6.589492e-13,9.3469446e-09,1.0,828
864,503,61908,1.0, or,0,864,correct_tags,assistant,1.6287847e-09,2.6800543e-13,2.5850847e-08,1.0,829
865,61908,6047,0.55, cage,0,865,correct_tags,assistant,1.4940497e-06,2.967455e-10,8.13218e-08,0.99999845,830
866,6047,26,0.5, early,0,866,correct_tags,assistant,2.194531e-08,1.3020013e-11,1.8430795e-07,0.99999976,831
867,11,140388,0.65,",",0,867,correct_tags,assistant,1.2291908e-08,2.072964e-11,3.5956546e-06,0.9999964,832
868,140388,31485,0.72, prune,0,868,correct_tags,assistant,5.7282277e-09,1.2748941e-10,2.1021044e-07,0.99999976,833
869,261,3120,0.65, a,0,869,correct_tags,assistant,2.0286712e-05,7.6081046e-06,5.286171e-05,0.9999193,834
870,3120,31485,0.83, few,0,870,correct_tags,assistant,8.133849e-08,2.6295603e-09,2.3030152e-06,0.9999976,835
871,31485,409,1.0, suck,0,871,correct_tags,assistant,1.96915e-09,6.746021e-11,8.507146e-09,1.0,836
872,409,11,0.48,ers,0,872,correct_tags,assistant,5.338938e-08,1.4250071e-11,8.225501e-07,0.99999917,837
873,11,326,0.94,",",0,873,correct_tags,assistant,4.373866e-08,7.5954715e-11,3.2637502e-06,0.99999666,838
874,42812,750,1.0, fertil,0,874,correct_tags,assistant,2.0816655e-10,8.342213e-11,1.1995025e-09,1.0,839
875,750,483,0.83,ize,0,875,correct_tags,assistant,1.9194693e-10,1.2759446e-11,5.4447082e-09,1.0,840
876,483,261,0.87, with,0,876,correct_tags,assistant,6.4882316e-10,1.838398e-11,1.7033685e-08,1.0,841
877,261,59604,0.76, a,0,877,correct_tags,assistant,3.9243915e-09,1.0078595e-09,2.6282876e-07,0.99999976,842
878,59604,50005,0.83, tomato,0,878,correct_tags,assistant,2.46722e-10,4.3339048e-11,7.531036e-09,1.0,843
879,31999,7685,0.3,-specific,0,879,correct_tags,assistant,5.3067833e-10,9.7287685e-11,1.3681789e-07,0.9999999,844
880,220,19,0.92, ,0,880,correct_tags,assistant,1.1886897e-06,2.0854175e-08,1.447885e-06,0.9999974,845
881,19,50005,0.45,4,0,881,correct_tags,assistant,4.093348e-05,1.3954827e-08,8.9042237e-07,0.99995816,846
882,12,702,1.0,-,0,882,correct_tags,assistant,7.5188234e-07,5.9049448e-08,4.5395495e-08,0.99999917,847
883,702,12,1.0,10,0,883,correct_tags,assistant,7.387689e-05,4.740155e-08,7.793479e-07,0.99992526,848
884,12,702,1.0,-,0,884,correct_tags,assistant,1.8856066e-09,1.8059318e-13,2.3234115e-07,0.99999976,849
885,702,1934,0.51,10,0,885,correct_tags,assistant,1.7140991e-07,1.4680194e-08,4.3470786e-07,0.9999994,850
886,4730,15310,0.93, once,0,886,correct_tags,assistant,5.5105966e-07,1.7063934e-09,3.8599967e-07,0.99999905,851
887,15310,13217,0.61, fruit,0,887,correct_tags,assistant,4.3185017e-07,4.128653e-11,5.334621e-09,0.9999995,852
888,289,13217,0.96,ing,0,888,correct_tags,assistant,4.1042743e-08,9.305731e-12,1.2907155e-07,0.9999999,853
889,13217,364,0.9, starts,0,889,correct_tags,assistant,1.2655857e-10,2.2970467e-12,3.4562848e-07,0.99999964,854
890,558,12,0.55,".
",0,890,correct_tags,assistant,1.398152e-08,1.2337195e-11,3.8784576e-09,1.0,855
891,7924,802,1.0,That,0,891,correct_tags,assistant,5.82675e-10,2.4915484e-12,1.9847505e-08,1.0,856
892,802,480,0.6,’s,0,892,correct_tags,assistant,3.4354478e-10,5.6883625e-12,1.4754669e-06,0.99999857,857
893,480,2322,0.8, it,0,893,correct_tags,assistant,8.608785e-11,6.807771e-11,1.3679248e-06,0.9999987,858
894,2322,21998,0.32,—,0,894,correct_tags,assistant,4.334136e-11,2.7917694e-12,6.715925e-08,0.9999999,859
895,21998,1934,0.72,plant,0,895,correct_tags,assistant,1.0757475e-08,7.230868e-13,1.2183981e-06,0.9999988,860
896,37495,1934,0.49, outdoors,0,896,correct_tags,assistant,6.945281e-07,1.08980595e-10,2.5531046e-05,0.9999738,861
897,1934,6959,0.49, after,0,897,correct_tags,assistant,4.143835e-09,3.483628e-12,2.3704471e-05,0.9999763,862
898,290,2174,0.9, the,0,898,correct_tags,assistant,8.246981e-08,3.918373e-11,2.4711044e-06,0.9999975,863
899,2174,69368,1.0, last,0,899,correct_tags,assistant,6.258673e-09,7.656112e-13,1.2314402e-07,0.9999999,864
900,69368,11,0.88, frost,0,900,correct_tags,assistant,1.5075621e-09,4.1836844e-13,1.2384729e-06,0.9999988,865
901,11,3644,0.67,",",0,901,correct_tags,assistant,5.9564025e-09,1.7771893e-11,1.5466636e-05,0.9999845,866
902,3357,480,0.38, keep,0,902,correct_tags,assistant,1.541436e-08,2.8446273e-10,0.000121830235,0.99987817,867
903,480,46726,0.93, it,0,903,correct_tags,assistant,7.3942035e-09,4.4654672e-10,4.2850446e-05,0.9999571,868
904,46726,11,0.56, sunny,0,904,correct_tags,assistant,8.809401e-08,2.485808e-10,3.4360205e-06,0.9999964,869
905,11,23364,0.41,",",0,905,correct_tags,assistant,8.4371496e-11,3.6987945e-13,3.015042e-07,0.99999964,870
906,326,481,0.78, and,0,906,correct_tags,assistant,9.146375e-10,3.3521234e-11,9.921005e-07,0.99999905,871
907,481,4720,0.99, you,0,907,correct_tags,assistant,1.3775616e-07,9.409606e-09,0.00018842302,0.9998115,872
908,4720,679,0.47,’ll,0,908,correct_tags,assistant,5.8441564e-08,1.8512468e-10,0.00019766089,0.9998023,873
909,413,77218,0.54, be,0,909,correct_tags,assistant,1.7240928e-06,7.3954454e-10,0.006529061,0.99346924,874
910,402,634,0.96, on,0,910,correct_tags,assistant,1.2608577e-07,4.463176e-11,0.023971781,0.9760281,875
911,634,2006,1.0, your,0,911,correct_tags,assistant,2.9620846e-08,9.633853e-12,0.0033532188,0.9966467,876
912,2006,316,0.83, way,0,912,correct_tags,assistant,1.0764024e-10,3.0337034e-13,6.486324e-05,0.99993515,877
913,316,261,0.35, to,0,913,correct_tags,assistant,4.1339234e-09,2.4877403e-12,8.9666944e-05,0.99991035,878
914,8982,55866,0.76, fresh,0,914,correct_tags,assistant,3.3495322e-08,1.2450759e-12,4.7012778e-05,0.9999529,879
915,55866,0,0.94, tomatoes,0,915,correct_tags,assistant,3.4868727e-08,3.3759508e-13,2.534962e-06,0.9999974,880
916,1703,200002,0.46,"!

",0,916,correct_tags,assistant,7.25245e-09,1.8392815e-07,1.7518499e-08,0.99999976,881
917,37408,66241,0.84,Happy,0,917,correct_tags,assistant,4.7602705e-10,6.5732114e-11,6.5099075e-06,0.99999344,882
918,66241,0,1.0, gardening,0,918,correct_tags,assistant,2.8459816e-11,2.3744803e-11,4.4558195e-08,1.0,883
919,0,200002,0.92,!,0,919,correct_tags,assistant,5.0470076e-11,5.0329673e-13,4.726488e-08,1.0,884
920,130321,109,0.96, 🌱,0,920,correct_tags,assistant,3.612198e-07,3.034114e-08,2.1412754e-05,0.9999782,885
921,109,200002,0.99,,0,921,correct_tags,assistant,2.2925193e-09,3.219732e-10,7.1867356e-07,0.9999993,886
36,3575,665,0.26,You,1,923,no_tags,system,0.3593282,0.0002856481,2.543837e-09,0.6403861,0
37,553,4335,0.29, are,1,924,no_tags,system,0.9988146,0.0011705824,1.4870919e-05,3.785549e-10,1
38,17554,162016,1.0, Chat,1,925,no_tags,system,0.8616767,0.13832316,6.102855e-08,4.298786e-12,2
39,162016,11,0.7,GPT,1,926,no_tags,system,0.015671296,0.9843216,7.1297336e-06,7.589051e-11,3
40,11,261,0.88,",",1,927,no_tags,system,0.93915653,0.05652655,0.004316905,2.3563732e-08,4
41,261,4410,0.99, a,1,928,no_tags,system,8.536052e-05,4.559579e-05,0.9998568,1.2141698e-05,5
42,4410,6439,1.0, large,1,929,no_tags,system,0.014964993,1.0929239e-05,0.9776659,0.007358136,6
43,6439,2359,1.0, language,1,930,no_tags,system,0.97210884,0.0003708299,0.027517527,2.7949443e-06,7
44,2359,22203,0.98, model,1,931,no_tags,system,0.118235454,0.03570222,0.8460618,4.858236e-07,8
45,22203,656,0.99, trained,1,932,no_tags,system,0.42819446,0.0009534284,0.5708483,3.7966083e-06,9
46,656,7788,1.0, by,1,933,no_tags,system,0.9226198,0.008107537,0.06927144,1.2060837e-06,10
47,7788,17527,1.0, Open,1,934,no_tags,system,0.997282,0.0027083182,9.279751e-06,3.6270586e-07,11
48,17527,3692,0.28,AI,1,935,no_tags,system,0.12565541,0.6900211,0.18431811,5.3393783e-06,12
49,558,2167,0.27,".
",1,936,no_tags,system,0.002234304,0.9976739,9.101301e-05,8.357902e-07,13
50,87447,100594,0.92,Knowledge,1,937,no_tags,system,1.1431822e-06,0.9999478,5.1028368e-05,8.985211e-09,14
51,100594,25,0.76, cutoff,1,938,no_tags,system,2.7090127e-06,0.99743736,0.0025598947,4.1117396e-08,15
52,25,220,1.0,:,1,939,no_tags,system,0.00020531422,0.9997938,8.2769293e-07,7.3140005e-10,16
53,220,1323,0.5, ,1,940,no_tags,system,0.48990798,0.5095146,0.00057429547,3.1301956e-06,17
54,1323,16,0.96,202,1,941,no_tags,system,0.061810154,0.9346361,0.0035527463,8.8874793e-07,18
55,19,50005,0.43,4,1,942,no_tags,system,2.1905944e-05,0.99996233,1.573147e-05,1.6121401e-11,19
56,12,3173,0.54,-,1,943,no_tags,system,0.00015844777,0.8552934,0.14454821,1.4258292e-08,20
57,3218,12,0.79,06,1,944,no_tags,system,0.0025407698,0.99073035,0.006728891,2.5505193e-08,21
58,198,2167,0.57,"
",1,945,no_tags,system,4.8037816e-07,0.9999995,2.082413e-08,4.218636e-11,22
59,6576,3521,0.59,Current,1,946,no_tags,system,7.1047836e-08,0.99999905,8.560584e-07,6.54573e-09,23
60,3521,25,0.97, date,1,947,no_tags,system,2.4760504e-05,0.9999232,5.1999505e-05,4.6731667e-08,24
61,25,220,0.92,:,1,948,no_tags,system,1.9354818e-06,0.99999523,2.8779937e-06,2.963759e-09,25
62,220,23,0.11, ,1,949,no_tags,system,0.34252813,0.6531652,0.00430526,1.4964064e-06,26
63,1323,18,0.28,202,1,950,no_tags,system,0.21186788,0.7881221,9.816754e-06,1.4781861e-07,27
64,20,30,0.5,5,1,951,no_tags,system,0.0008448687,0.99777883,0.0013760577,2.823079e-07,28
65,12,5310,0.24,-,1,952,no_tags,system,7.997645e-06,0.9999914,5.8168376e-07,3.0604086e-15,29
66,702,30,0.56,10,1,953,no_tags,system,2.9883263e-06,0.9957361,0.004260845,4.3071e-09,30
67,12,899,0.25,-,1,954,no_tags,system,0.7554019,0.24437249,0.00022571046,1.5746595e-08,31
68,2290,220,0.33,01,1,955,no_tags,system,0.00029276617,0.9992143,0.00049279456,1.394674e-07,32
69,279,2167,0.9,"

",1,956,no_tags,system,5.313877e-09,1.0,4.802492e-09,9.010427e-13,33
70,30377,289,0.99,Reason,1,957,no_tags,system,3.94672e-06,0.9998221,0.00017387437,1.6165818e-07,34
71,289,10331,0.44,ing,1,958,no_tags,system,0.00026375736,0.9397495,0.059986524,1.9491445e-07,35
72,25,623,0.38,:,1,959,no_tags,system,0.04140518,0.89006585,0.068528704,2.3552498e-07,36
73,14093,30,0.41, medium,1,960,no_tags,system,0.0004468698,0.8147982,0.18468308,7.188374e-05,37
74,198,2167,0.89,"
",1,961,no_tags,system,0.00032479738,0.80956256,0.1901123,2.7223206e-07,38
75,2,55556,0.18,#,1,962,no_tags,system,1.9477184e-05,0.9999093,7.091479e-05,4.0632318e-07,39
76,13888,5310,0.41, Valid,1,963,no_tags,system,6.169737e-05,0.9983834,0.0015546518,3.2496294e-07,40
77,18403,25,0.36, channels,1,964,no_tags,system,0.0013653162,0.9728838,0.025660958,9.002561e-05,41
78,25,723,0.48,:,1,965,no_tags,system,0.07315465,0.8841619,0.037461307,0.0052221245,42
79,8450,11,0.74, analysis,1,966,no_tags,system,0.017381012,0.8744925,0.10665453,0.0014719518,43
80,11,4733,0.32,",",1,967,no_tags,system,0.05852059,0.7728382,0.16725191,0.0013892994,44
81,49159,11,0.42, commentary,1,968,no_tags,system,0.009220323,0.011132857,0.97960645,4.045615e-05,45
82,11,5178,0.18,",",1,969,no_tags,system,0.0021331538,0.99766576,0.00020111333,1.9750406e-08,46
83,1721,364,0.55, final,1,970,no_tags,system,0.04229266,0.086993605,0.868771,0.001942693,47
84,13,1416,0.63,.,1,971,no_tags,system,0.05407902,0.6187902,0.32696694,0.00016382559,48
85,21030,485,0.34, Channel,1,972,no_tags,system,0.028346006,0.9708958,0.0007523957,5.7332554e-06,49
86,2804,485,0.37, must,1,973,no_tags,system,0.00013045204,0.99983954,2.9929319e-05,1.0429103e-07,50
87,413,1606,0.07, be,1,974,no_tags,system,6.0272676e-08,0.99995124,4.8628062e-05,8.807972e-13,51
88,7360,485,0.3, included,1,975,no_tags,system,0.0042175017,0.9908635,0.004890934,2.8152375e-05,52
89,395,57927,0.34, for,1,976,no_tags,system,0.04245419,0.9470873,0.010453439,5.0501317e-06,53
90,1753,485,0.21, every,1,977,no_tags,system,0.20802726,0.73993194,0.052015815,2.4919469e-05,54
91,3176,485,0.23, message,1,978,no_tags,system,0.0010407722,0.8834676,0.11541355,7.81429e-05,55
93,12194,0,0.48,Hi,1,980,no_tags,user,1.3343416e-05,0.9999865,1.6495677e-07,1.7309645e-12,56
94,0,623,0.16,!,1,981,no_tags,user,1.0414157e-05,0.9999733,1.6331276e-05,7.6633925e-12,57
95,5477,2360,0.15, I'm,1,982,no_tags,user,1.9602037e-06,0.99999774,4.0475905e-07,1.1051374e-11,58
96,7524,316,0.1, learning,1,983,no_tags,user,1.6504118e-05,0.999944,3.9603856e-05,4.4189573e-08,59
97,1495,316,0.51, how,1,984,no_tags,user,1.09411e-05,0.99990165,8.7374974e-05,9.487881e-09,60
98,316,30,0.08, to,1,985,no_tags,user,0.0014310156,0.9951208,0.0034478495,3.1807696e-07,61
99,13727,30,0.25, garden,1,986,no_tags,user,1.2591633e-05,0.99947125,0.0005155305,6.279567e-07,62
100,326,357,0.04, and,1,987,no_tags,user,5.071888e-06,0.9999579,3.6957783e-05,1.7977013e-09,63
101,3839,30,0.09, grow,1,988,no_tags,user,3.7486839e-06,0.9999405,5.5729102e-05,6.391624e-10,64
102,13940,30,0.16, plants,1,989,no_tags,user,1.03123775e-05,0.9999529,3.6656213e-05,7.5313284e-09,65
103,13,623,0.14,.,1,990,no_tags,user,3.604484e-08,1.0,3.6140463e-08,1.343571e-13,66
104,730,495,0.18, In,1,991,no_tags,user,2.692865e-06,0.9999968,5.0930606e-07,3.0746865e-13,67
105,261,6240,0.09, a,1,992,no_tags,user,1.0325049e-06,0.99999213,6.822739e-06,5.6896744e-11,68
106,3120,5310,0.1, few,1,993,no_tags,user,6.341177e-08,0.99999964,2.1627535e-07,1.2985e-10,69
107,40536,30,0.2, sentences,1,994,no_tags,user,8.511452e-06,0.9999398,5.168858e-05,3.3928285e-10,70
108,11,495,0.15,",",1,995,no_tags,user,1.3816986e-06,0.9999924,6.1796945e-06,1.1976535e-12,71
109,665,581,0.36, can,1,996,no_tags,user,1.1187314e-07,0.99999917,7.3407847e-07,2.0363732e-13,72
110,481,30,0.51, you,1,997,no_tags,user,1.5659934e-06,0.99990356,9.488996e-05,5.82104e-12,73
111,4843,30,0.23, please,1,998,no_tags,user,2.3971271e-08,0.9999999,1.7769068e-07,3.770217e-12,74
112,5485,1373,0.26, tell,1,999,no_tags,user,9.804111e-08,0.9999994,4.8757965e-07,1.2461228e-11,75
113,668,30,0.42, me,1,1000,no_tags,user,8.495475e-05,0.9995179,0.00039709473,2.5036352e-08,76
114,1495,316,0.14, how,1,1001,no_tags,user,3.2937544e-07,0.9999988,7.977498e-07,5.4684254e-11,77
115,316,6240,0.17, to,1,1002,no_tags,user,9.257542e-06,0.9991103,0.00088045123,1.0131921e-08,78
116,3839,30,0.09, grow,1,1003,no_tags,user,4.7377904e-07,0.99998665,1.2887662e-05,1.9794047e-08,79
117,55866,30,0.35, tomatoes,1,1004,no_tags,user,1.946248e-05,0.99997616,4.142873e-06,2.2716085e-07,80
118,30,86019,0.3,?,1,1005,no_tags,user,6.7401356e-06,0.99594575,0.0040471647,3.385001e-07,81
119,3253,30,0.16, How,1,1006,no_tags,user,3.9300835e-06,0.99991035,8.574058e-05,8.5717516e-11,82
120,2009,30,0.49, much,1,1007,no_tags,user,2.503781e-07,0.9999856,1.3533524e-05,5.504519e-07,83
121,3411,30,0.67, water,1,1008,no_tags,user,1.2023365e-07,0.9999975,2.2697504e-06,7.3798525e-08,84
122,326,3411,0.22, and,1,1009,no_tags,user,1.0494653e-05,0.99991393,7.4796015e-05,7.8445663e-07,85
123,4207,30,0.52, light,1,1010,no_tags,user,1.833964e-05,0.9995678,0.0004071325,6.675459e-06,86
124,2226,30,0.22, does,1,1011,no_tags,user,4.7555434e-07,0.9999988,2.877259e-07,5.1642843e-07,87
125,480,11,0.13, it,1,1012,no_tags,user,0.00029954972,0.9946884,0.0050110654,1.1150938e-06,88
126,1309,30,0.93, need,1,1013,no_tags,user,4.614819e-09,0.9999994,5.825806e-07,1.8626723e-08,89
127,30,279,0.26,?,1,1014,no_tags,user,7.459699e-07,0.998882,0.0011163016,9.4582697e-07,90
128,4614,30,0.24, What,1,1015,no_tags,user,5.8822774e-08,0.9999449,5.5036606e-05,4.1634973e-08,91
129,3675,328,0.97, kind,1,1016,no_tags,user,0.00024308696,0.99884367,0.00091166364,1.5657663e-06,92
130,328,30,0.35, of,1,1017,no_tags,user,9.624333e-06,0.999592,0.00034566357,5.2711574e-05,93
131,92224,30,0.3, fertilizer,1,1018,no_tags,user,8.800063e-07,0.99989676,5.665197e-05,4.5817214e-05,94
132,30,5178,0.12,?,1,1019,no_tags,user,3.103149e-06,0.99821246,0.0016438406,0.00014063496,95
133,8281,1273,0.12, Any,1,1020,no_tags,user,2.340118e-08,0.9999323,6.744543e-05,1.8550146e-07,96
134,1273,30,0.16, other,1,1021,no_tags,user,8.360128e-09,0.9999527,4.698059e-05,3.0087278e-07,97
135,3378,30,0.12, important,1,1022,no_tags,user,3.26588e-08,0.99996626,3.374955e-05,2.7095243e-08,98
136,9858,30,0.84, tips,1,1023,no_tags,user,2.299117e-06,0.99501544,0.0049652206,1.7022217e-05,99
138,976,1825,0.99,The,1,1025,no_tags,cot,2.0167816e-09,0.0008541152,0.99914575,9.9230135e-08,100
139,1825,25,0.48, user,1,1026,no_tags,cot,2.5299483e-09,0.004830914,0.9951669,2.2235463e-06,101
140,10648,261,0.7, wants,1,1027,no_tags,cot,2.1580113e-10,0.000106409076,0.99989355,3.387793e-08,102
141,261,82463,0.35, a,1,1028,no_tags,cot,1.5536861e-09,0.00020744247,0.9997894,3.146308e-06,103
142,82463,6052,0.57, concise,1,1029,no_tags,cot,4.2014222e-11,4.7244356e-07,0.9999753,2.4181429e-05,104
143,5073,36918,0.5, yet,1,1030,no_tags,cot,5.210144e-08,0.0048108986,0.99499595,0.00019310253,105
144,36918,6052,0.61, informative,1,1031,no_tags,cot,1.2787792e-08,4.7840214e-05,0.99979335,0.00015872787,106
145,6052,13,0.27, answer,1,1032,no_tags,cot,1.945106e-08,8.456676e-06,0.99994385,4.7657286e-05,107
146,25,392,0.33,:,1,1033,no_tags,cot,7.3747904e-11,3.6318912e-07,0.9999994,1.8750637e-07,108
147,1495,316,1.0, how,1,1034,no_tags,cot,2.6597438e-09,1.2426746e-06,0.99999714,1.7251215e-06,109
148,316,3839,1.0, to,1,1035,no_tags,cot,4.0621058e-09,2.6137949e-08,0.9999975,2.5163604e-06,110
149,3839,55866,1.0, grow,1,1036,no_tags,cot,4.6962767e-10,7.775502e-07,0.99999344,5.725005e-06,111
150,55866,11,0.76, tomatoes,1,1037,no_tags,cot,4.746045e-09,1.0709942e-06,0.99999845,4.7173455e-07,112
151,11,3411,0.79,",",1,1038,no_tags,cot,2.3229983e-10,8.263036e-08,0.9999988,1.0881375e-06,113
152,101148,11,0.87, watering,1,1039,no_tags,cot,6.892343e-08,1.0033316e-06,0.9999951,3.807239e-06,114
153,11,4207,0.98,",",1,1040,no_tags,cot,4.3436105e-10,1.1308499e-08,0.99999917,8.894752e-07,115
154,4207,11,0.99, light,1,1041,no_tags,cot,2.5789975e-08,2.9717842e-06,0.9999732,2.3876237e-05,116
155,11,92224,0.99,",",1,1042,no_tags,cot,1.3311267e-10,8.4792795e-08,0.99999714,2.7114022e-06,117
156,92224,11,1.0, fertilizer,1,1043,no_tags,cot,4.3819816e-11,6.716758e-08,0.999979,2.0855732e-05,118
157,11,1273,0.57,",",1,1044,no_tags,cot,2.7761156e-11,1.9276267e-07,0.9999974,2.4232925e-06,119
158,326,1273,0.75, and,1,1045,no_tags,cot,2.2604378e-11,2.0665507e-07,0.9999933,6.384846e-06,120
159,1273,9858,0.86, other,1,1046,no_tags,cot,1.1301005e-09,2.7812285e-07,0.99998903,1.0735792e-05,121
160,9858,13,0.96, tips,1,1047,no_tags,cot,1.5048583e-10,1.3815007e-08,0.99999905,9.3829544e-07,122
161,13,3164,0.25,.,1,1048,no_tags,cot,2.9906446e-12,8.4038976e-07,0.999998,1.2216107e-06,123
162,7744,261,0.51, It's,1,1049,no_tags,cot,6.544401e-12,8.936128e-09,0.99999964,3.1545278e-07,124
163,395,261,0.67, for,1,1050,no_tags,cot,3.8717862e-11,5.145508e-08,0.9999999,1.7522888e-07,125
164,261,57062,0.72, a,1,1051,no_tags,cot,2.042861e-09,3.3922975e-06,0.99999666,4.7353964e-08,126
165,57062,13,0.6, beginner,1,1052,no_tags,cot,5.5314533e-12,5.5029725e-10,0.9999999,6.1527075e-08,127
166,13,51441,0.3,.,1,1053,no_tags,cot,5.1371598e-11,5.1606296e-08,0.99998176,1.8285504e-05,128
167,20953,413,0.69, Must,1,1054,no_tags,cot,6.990332e-11,7.89926e-09,0.9999974,2.6724204e-06,129
168,3357,480,0.49, keep,1,1055,no_tags,cot,1.9719277e-08,1.3029651e-07,0.9999461,5.3731812e-05,130
169,480,4022,0.41, it,1,1056,no_tags,cot,6.289424e-08,2.5159065e-05,0.99996436,1.0331444e-05,131
170,261,3120,1.0, a,1,1057,no_tags,cot,5.736682e-09,3.8930683e-08,0.99997926,2.071198e-05,132
171,3120,40536,1.0, few,1,1058,no_tags,cot,1.118508e-09,1.6419623e-08,0.9995316,0.00046833765,133
172,40536,13,0.74, sentences,1,1059,no_tags,cot,1.2855207e-08,1.2490938e-06,0.9999987,1.5616246e-08,134
173,11,889,0.57,",",1,1060,no_tags,cot,7.701256e-08,1.0492257e-06,0.99994266,5.626265e-05,135
174,10112,220,0.71, maybe,1,1061,no_tags,cot,6.756704e-09,6.286311e-09,0.9999963,3.6466288e-06,136
175,31926,5571,0.87, bullet,1,1062,no_tags,cot,2.0231562e-10,6.0354255e-09,0.99999774,2.2680697e-06,137
176,5571,13,0.63, points,1,1063,no_tags,cot,1.0615817e-09,1.2459688e-07,0.99999964,2.2295497e-07,138
177,13,51441,0.18,.,1,1064,no_tags,cot,1.3250726e-11,1.3253375e-08,0.99999964,3.5276585e-07,139
178,41021,10635,0.37, Let's,1,1065,no_tags,cot,7.183526e-11,7.2175794e-09,0.9999999,8.8749864e-08,140
179,10635,261,0.35, produce,1,1066,no_tags,cot,7.3559164e-08,3.1684323e-08,0.9999989,9.2358994e-07,141
180,261,4022,0.28, a,1,1067,no_tags,cot,4.0175085e-08,4.869212e-08,0.9999989,9.589245e-07,142
181,4022,6052,0.23, short,1,1068,no_tags,cot,1.6497179e-09,6.0062133e-10,0.99983454,0.00016541853,143
182,27853,503,0.38, paragraph,1,1069,no_tags,cot,6.1091927e-09,1.2395254e-09,0.9999771,2.2866321e-05,144
183,483,31926,0.72, with,1,1070,no_tags,cot,1.9684581e-08,1.1873767e-07,0.9997968,0.00020313622,145
184,2140,5571,0.82, key,1,1071,no_tags,cot,1.3737522e-08,6.679194e-08,0.9999249,7.499819e-05,146
185,5571,13,0.75, points,1,1072,no_tags,cot,2.5156663e-10,2.0890294e-09,0.9999888,1.1152525e-05,147
186,13,7649,0.18,.,1,1073,no_tags,cot,5.238634e-10,1.7148568e-09,0.9999455,5.4440596e-05,148
187,7649,4705,0.23, Use,1,1074,no_tags,cot,1.1606467e-08,1.0435091e-08,0.9999831,1.693281e-05,149
188,11888,23206,0.98, friendly,1,1075,no_tags,cot,9.009626e-10,1.381059e-11,0.9999726,2.7377173e-05,150
189,23206,13,0.92, tone,1,1076,no_tags,cot,4.6110446e-10,1.056478e-12,0.9999962,3.8640387e-06,151
190,326,8633,0.23, and,1,1077,no_tags,cot,3.9219286e-09,6.026001e-10,0.9999651,3.4896297e-05,152
191,8633,101148,0.12, mention,1,1078,no_tags,cot,3.202987e-09,1.117828e-09,0.99999917,8.401969e-07,153
192,10606,55866,0.27, growing,1,1079,no_tags,cot,3.0690664e-08,4.94326e-09,0.9999671,3.285227e-05,154
193,306,13727,0.33, in,1,1080,no_tags,cot,1.5648214e-07,2.583597e-08,0.9999851,1.466488e-05,155
194,35267,503,0.73, containers,1,1081,no_tags,cot,9.308334e-09,7.3402173e-10,0.99999964,3.6652503e-07,156
195,503,13727,0.71, or,1,1082,no_tags,cot,1.3392038e-08,4.7772466e-09,0.9999746,2.543335e-05,157
196,13727,11,0.54, garden,1,1083,no_tags,cot,7.987089e-07,2.7621379e-08,0.999686,0.00031314828,158
197,27154,11,0.64, beds,1,1084,no_tags,cot,2.4796911e-08,3.1790165e-08,0.99997497,2.498743e-05,159
198,13,51441,0.5,.,1,1085,no_tags,cot,3.6526793e-10,8.198411e-10,0.99998724,1.2754456e-05,160
199,51441,3411,0.39, Provide,1,1086,no_tags,cot,2.2724134e-09,3.3523166e-09,0.9999509,4.909083e-05,161
200,3411,4527,0.21, water,1,1087,no_tags,cot,1.0321607e-07,7.77824e-08,0.99994826,5.1446073e-05,162
201,22586,11,0.47, amounts,1,1088,no_tags,cot,3.5481836e-08,1.1732178e-08,0.99993753,6.2440304e-05,163
202,11,4207,0.85,",",1,1089,no_tags,cot,3.6629035e-07,9.692182e-09,0.9860261,0.013973618,164
203,55414,11,0.41, sunlight,1,1090,no_tags,cot,7.051401e-06,3.3423984e-07,0.99733377,0.0026588654,165
204,11,92224,0.94,",",1,1091,no_tags,cot,3.15192e-08,5.0985145e-09,0.99572706,0.004272971,166
205,92224,12262,0.31, fertilizer,1,1092,no_tags,cot,1.0135699e-08,3.5832042e-09,0.99784863,0.0021513915,167
206,1490,11,0.72, type,1,1093,no_tags,cot,5.584904e-07,5.1199134e-08,0.99906117,0.0009382943,168
207,11,326,0.27,",",1,1094,no_tags,cot,2.5177147e-08,3.8264776e-07,0.99144673,0.008552953,169
208,275,39,1.0, p,1,1095,no_tags,cot,0.00020543758,0.0015129257,0.99720925,0.0010723508,170
209,39,11,0.86,H,1,1096,no_tags,cot,1.1682841e-07,2.1175157e-07,0.9999305,6.917522e-05,171
210,11,5178,0.21,",",1,1097,no_tags,cot,1.1338751e-07,4.9818354e-08,0.9995308,0.00046911594,172
211,165438,11,0.87, mulch,1,1098,no_tags,cot,3.0858118e-08,1.1700966e-08,0.99998784,1.2113794e-05,173
212,11,135775,0.45,",",1,1099,no_tags,cot,1.0225835e-09,4.8080334e-10,0.9999789,2.1064256e-05,174
213,127672,11,0.63, staking,1,1100,no_tags,cot,2.6713113e-07,1.1458889e-07,0.99996805,3.1596133e-05,175
214,13,8820,0.18,.,1,1101,no_tags,cot,9.273805e-09,1.2575076e-07,0.9991523,0.0008475721,176
215,27204,9858,0.2, Give,1,1102,no_tags,cot,5.1236597e-08,2.3598388e-07,0.99973303,0.00026674295,177
216,261,3120,0.29, a,1,1103,no_tags,cot,6.759447e-10,7.1969104e-08,0.9999926,7.310769e-06,178
217,82463,6052,0.43, concise,1,1104,no_tags,cot,7.523508e-09,4.0165055e-08,0.98887503,0.0111249825,179
218,1721,6052,0.66, final,1,1105,no_tags,cot,1.4583732e-07,7.5517e-07,0.99678564,0.0032134603,180
219,6052,13,0.9, answer,1,1106,no_tags,cot,1.4664161e-08,2.6011286e-08,0.99923515,0.0007649139,181
221,12253,382,0.46,Here,1,1108,no_tags,assistant,2.2424205e-09,8.4671614e-10,0.9995809,0.00041906623,182
222,802,261,0.99,’s,1,1109,no_tags,assistant,9.6304985e-11,1.7422307e-08,0.013017746,0.9869823,183
223,261,4853,0.95, a,1,1110,no_tags,assistant,5.31588e-11,1.4722961e-09,7.606192e-05,0.99992394,184
224,4853,11,0.42, quick,1,1111,no_tags,assistant,8.409581e-13,8.146667e-12,6.7752317e-06,0.9999932,185
225,11,57062,0.59,",",1,1112,no_tags,assistant,4.3030067e-12,1.2746515e-10,5.625561e-06,0.9999944,186
226,57062,50005,1.0, beginner,1,1113,no_tags,assistant,4.4204664e-14,1.474925e-12,3.2924584e-06,0.99999666,187
227,22301,9165,0.58,-friendly,1,1114,no_tags,assistant,5.3399223e-13,1.9852115e-11,1.0375735e-05,0.9999896,188
228,65354,50005,0.7, cheat,1,1115,no_tags,assistant,4.1802953e-11,1.5142285e-10,2.0247978e-06,0.999998,189
229,16658,395,0.85, sheet,1,1116,no_tags,assistant,2.2692281e-13,5.852346e-13,2.0064086e-07,0.99999976,190
230,734,12,0.93,":
",1,1117,no_tags,assistant,9.099276e-10,1.5010041e-09,0.0028270616,0.99717295,191
231,12,6240,0.99,-,1,1118,no_tags,assistant,2.9990538e-10,1.7553545e-11,0.00035383808,0.9996462,192
232,6240,30112,0.42, **,1,1119,no_tags,assistant,1.7616339e-08,1.17807666e-07,0.001960979,0.99803895,193
233,15952,410,0.59,Light,1,1120,no_tags,assistant,5.470698e-07,4.4769073e-09,7.4388365e-05,0.999925,194
234,142760,220,0.65,:**,1,1121,no_tags,assistant,5.7643717e-08,1.9263706e-09,4.94251e-06,0.999995,195
235,220,21,0.89, ,1,1122,no_tags,assistant,1.6653477e-06,2.0903633e-05,0.0004288593,0.9995485,196
236,21,1585,0.83,6,1,1123,no_tags,assistant,4.630486e-09,5.523072e-11,7.4022137e-07,0.9999993,197
237,1585,23,1.0,–,1,1124,no_tags,assistant,1.834735e-09,4.4834292e-07,2.8408294e-05,0.99997115,198
238,23,35971,0.96,8,1,1125,no_tags,assistant,5.6884546e-09,2.9336478e-10,2.2019888e-07,0.99999976,199
239,312,328,0.96, h,1,1126,no_tags,assistant,9.051781e-08,3.49568e-09,9.243962e-07,0.9999989,200
240,328,2823,0.86, of,1,1127,no_tags,assistant,1.2947775e-07,6.096952e-07,1.4542348e-06,0.99999785,201
241,2823,7334,0.8, direct,1,1128,no_tags,assistant,1.7172017e-07,1.8665567e-06,3.056099e-06,0.9999949,202
242,55414,2454,0.45, sunlight,1,1129,no_tags,assistant,3.5949645e-06,5.603649e-08,3.1602744e-05,0.9999647,203
243,2454,2163,1.0, each,1,1130,no_tags,assistant,0.000104245686,5.2840078e-05,0.00039755242,0.9994454,204
244,2163,350,0.6, day,1,1131,no_tags,assistant,3.246164e-06,1.5713477e-08,9.002832e-06,0.9999877,205
245,350,267,0.46, (,1,1132,no_tags,assistant,4.1727904e-05,1.0925602e-05,0.00038925794,0.99955803,206
246,37521,26969,1.0,tom,1,1133,no_tags,assistant,3.5526937e-09,1.1985369e-08,1.23429745e-05,0.9999876,207
247,26969,553,0.69,atoes,1,1134,no_tags,assistant,5.6565685e-09,4.759542e-08,2.1845433e-06,0.99999774,208
248,553,3149,0.79, are,1,1135,no_tags,assistant,9.704005e-09,1.2150102e-07,1.3761613e-06,0.99999845,209
249,966,15393,0.6, “,1,1136,no_tags,assistant,5.9522742e-09,1.4485782e-07,2.9845078e-06,0.9999969,210
250,15393,50005,0.93,full,1,1137,no_tags,assistant,4.5443898e-09,1.7379729e-07,2.5920244e-06,0.99999726,211
251,2011,373,1.0,-s,1,1138,no_tags,assistant,1.9720944e-06,1.889599e-08,0.018549193,0.9814488,212
252,373,693,0.99,un,1,1139,no_tags,assistant,2.2083095e-10,4.9075044e-10,1.2007283e-07,0.9999999,213
253,693,13940,0.95,”,1,1140,no_tags,assistant,9.937843e-12,3.4742362e-11,7.576207e-08,0.9999999,214
254,13940,741,0.98, plants,1,1141,no_tags,assistant,1.0197916e-09,2.0770224e-11,7.976824e-07,0.99999917,215
255,6294,12,1.0,").
",1,1142,no_tags,assistant,2.8278662e-09,1.1964636e-11,3.5150937e-05,0.99996483,216
256,12,6240,1.0,-,1,1143,no_tags,assistant,1.2001113e-06,1.9607157e-06,0.00025087435,0.9997459,217
257,6240,27874,1.0, **,1,1144,no_tags,assistant,2.3829636e-09,1.6413855e-08,3.4115812e-06,0.99999654,218
258,27874,142760,0.99,Water,1,1145,no_tags,assistant,1.4023335e-08,5.0302322e-08,2.574278e-06,0.9999974,219
259,142760,16835,0.54,:**,1,1146,no_tags,assistant,3.546251e-09,1.100106e-09,2.7517723e-07,0.99999976,220
260,111093,395,1.0, Aim,1,1147,no_tags,assistant,5.2095476e-07,6.297926e-08,0.000101329024,0.9998981,221
261,395,220,0.87, for,1,1148,no_tags,assistant,4.115138e-06,6.6071952e-06,3.9240767e-05,0.99995005,222
262,1078,220,0.99, about,1,1149,no_tags,assistant,2.0920757e-08,1.1838536e-08,1.1800805e-05,0.9999882,223
263,220,16,0.9, ,1,1150,no_tags,assistant,1.6024984e-08,5.7138604e-06,6.818069e-06,0.9999875,224
264,16,1585,0.8,1,1,1151,no_tags,assistant,4.078122e-09,7.840522e-10,3.290169e-07,0.99999964,225
265,306,13,0.66, in,1,1152,no_tags,assistant,8.830489e-06,9.32802e-06,1.1194552e-05,0.9999707,226
266,350,17,0.97, (,1,1153,no_tags,assistant,2.2020865e-07,1.0893569e-08,8.824053e-05,0.99991155,227
267,1161,35971,1.0,25,1,1154,no_tags,assistant,3.813388e-08,2.1536149e-10,3.6060956e-05,0.9999639,228
268,8957,8,1.0, mm,1,1155,no_tags,assistant,1.7225013e-07,2.1868134e-08,4.0058502e-08,0.99999976,229
269,8,328,0.79,),1,1156,no_tags,assistant,3.0169254e-08,2.3738522e-10,1.8188362e-06,0.9999981,230
270,328,3411,0.99, of,1,1157,no_tags,assistant,1.952616e-08,1.5460198e-08,1.9634895e-06,0.999998,231
271,3411,777,0.99, water,1,1158,no_tags,assistant,4.4936737e-06,3.5714866e-06,0.00011065891,0.99988127,232
272,777,2384,0.98, per,1,1159,no_tags,assistant,1.9898827e-07,1.4800997e-07,7.847333e-05,0.9999212,233
273,2384,11,0.65, week,1,1160,no_tags,assistant,1.5910567e-06,3.8082133e-06,0.00032916723,0.9996655,234
274,11,13958,0.75,",",1,1161,no_tags,assistant,2.9572002e-08,2.9164163e-08,1.3903284e-05,0.99998605,235
275,13958,290,0.82, keeping,1,1162,no_tags,assistant,9.944608e-06,1.656131e-08,7.940742e-05,0.9999106,236
276,290,22390,1.0, the,1,1163,no_tags,assistant,5.2582443e-05,9.2973204e-07,2.35725e-05,0.9999229,237
277,22390,31454,0.75, soil,1,1164,no_tags,assistant,8.7520675e-07,1.4616852e-06,1.5719526e-05,0.999982,238
278,31454,23364,0.98, consistently,1,1165,no_tags,assistant,6.688531e-08,1.2061375e-09,3.6279182e-06,0.9999963,239
279,23364,889,0.99, moist,1,1166,no_tags,assistant,1.5585801e-08,7.184931e-10,4.3513057e-05,0.9999565,240
280,889,625,0.97, but,1,1167,no_tags,assistant,1.9703811e-10,7.752956e-12,7.118952e-08,0.9999999,241
281,625,24712,0.89, not,1,1168,no_tags,assistant,8.447554e-08,1.1966426e-08,1.2956444e-05,0.999987,242
282,24712,4544,1.0, sog,1,1169,no_tags,assistant,4.0346018e-07,3.9816978e-08,0.0001975325,0.99980205,243
283,4544,13,0.66,gy,1,1170,no_tags,assistant,1.1899579e-09,1.095797e-10,6.641476e-06,0.9999933,244
284,13,12303,0.45,.,1,1171,no_tags,assistant,2.7205902e-08,9.345391e-10,5.4961034e-05,0.99994504,245
285,3813,35267,0.2, With,1,1172,no_tags,assistant,2.2458555e-07,1.5414619e-07,0.013800162,0.9861995,246
286,10609,503,0.51, heat,1,1173,no_tags,assistant,1.0247143e-06,2.0137554e-08,0.0005931244,0.99940586,247
287,11,481,0.28,",",1,1174,no_tags,assistant,8.083368e-08,3.3402565e-09,2.1433802e-05,0.9999784,248
288,481,1340,0.75, you,1,1175,no_tags,assistant,1.2942222e-07,3.5087928e-09,1.23975115e-05,0.9999875,249
289,4720,1309,0.93,’ll,1,1176,no_tags,assistant,3.0541602e-07,2.3649949e-09,0.0001429596,0.9998567,250
290,1309,316,0.66, need,1,1177,no_tags,assistant,1.3290294e-07,7.1163435e-09,0.00016009988,0.9998398,251
291,316,3411,0.85, to,1,1178,no_tags,assistant,7.641059e-08,1.349133e-09,2.8914332e-05,0.99997103,252
292,3411,945,0.69, water,1,1179,no_tags,assistant,2.702885e-07,8.88055e-09,1.9295605e-05,0.99998045,253
293,945,4783,0.9, more,1,1180,no_tags,assistant,3.0083946e-08,1.2041758e-08,3.0648876e-06,0.9999969,254
294,4783,2322,0.45, often,1,1181,no_tags,assistant,2.468359e-07,1.5273305e-09,8.082435e-06,0.99999166,255
295,350,50492,0.27, (,1,1182,no_tags,assistant,1.5580095e-08,2.0172121e-10,0.00017895609,0.999821,256
296,87311,503,0.49,daily,1,1183,no_tags,assistant,1.0154927e-05,4.387072e-07,0.0002818628,0.9997075,257
297,503,1753,0.99, or,1,1184,no_tags,assistant,5.942909e-08,1.4042264e-07,9.031129e-05,0.9999095,258
298,1753,1273,0.92, every,1,1185,no_tags,assistant,1.8436382e-06,4.7832604e-08,0.050330583,0.9496675,259
299,1273,2163,1.0, other,1,1186,no_tags,assistant,1.0591034e-07,1.2577325e-08,0.0027505658,0.9972493,260
300,2163,741,0.45, day,1,1187,no_tags,assistant,1.4705027e-07,1.2673617e-08,0.00011316927,0.99988663,261
301,6294,12,1.0,").
",1,1188,no_tags,assistant,3.1776348e-10,5.0551167e-14,9.970821e-07,0.99999905,262
302,12,6240,1.0,-,1,1189,no_tags,assistant,1.3642976e-09,1.7139556e-10,8.186989e-05,0.9999181,263
303,6240,37,0.62, **,1,1190,no_tags,assistant,4.457908e-10,3.1653175e-10,1.4497674e-06,0.99999857,264
304,37,189301,1.0,F,1,1191,no_tags,assistant,3.356428e-06,1.2496184e-06,0.0005426499,0.99945277,265
305,189301,4492,1.0,ertil,1,1192,no_tags,assistant,4.2305176e-10,1.0296706e-09,3.8751615e-08,1.0,266
306,4492,142760,1.0,izer,1,1193,no_tags,assistant,3.1995164e-12,7.0048237e-13,9.109966e-09,1.0,267
307,142760,7972,0.71,:**,1,1194,no_tags,assistant,7.103631e-10,1.3752058e-11,2.5047623e-07,0.99999976,268
308,7649,261,1.0, Use,1,1195,no_tags,assistant,2.0960251e-09,1.174595e-10,2.124063e-06,0.99999785,269
309,261,32879,1.0, a,1,1196,no_tags,assistant,2.497408e-08,1.6602943e-08,4.7258613e-06,0.99999523,270
310,32879,41372,0.46, balanced,1,1197,no_tags,assistant,2.7708333e-08,5.667394e-09,2.6197937e-05,0.9999738,271
311,350,702,0.67, (,1,1198,no_tags,assistant,5.6228596e-06,1.5809934e-07,2.7147298e-05,0.9999671,272
312,68,1940,1.0,e,1,1199,no_tags,assistant,2.6828398e-10,1.0698831e-13,2.2804213e-06,0.99999774,273
313,1940,4213,1.0,.g,1,1200,no_tags,assistant,4.5002635e-06,1.6986246e-07,1.722106e-05,0.99997807,274
314,4213,220,0.99,".,",1,1201,no_tags,assistant,4.40092e-08,3.991977e-09,3.189598e-05,0.99996805,275
315,220,702,0.95, ,1,1202,no_tags,assistant,7.55995e-07,9.358343e-07,4.121571e-05,0.9999571,276
316,702,50005,0.88,10,1,1203,no_tags,assistant,2.9678738e-08,8.392307e-10,1.406352e-05,0.99998593,277
317,12,702,1.0,-,1,1204,no_tags,assistant,6.5609953e-07,1.4510451e-06,8.9618625e-06,0.9999889,278
318,702,12,1.0,10,1,1205,no_tags,assistant,3.7592878e-07,3.5826997e-07,5.897757e-06,0.9999933,279
319,12,702,1.0,-,1,1206,no_tags,assistant,1.7861925e-06,3.4778168e-07,6.868245e-05,0.9999292,280
320,702,8,0.99,10,1,1207,no_tags,assistant,3.187321e-08,1.5709608e-09,0.00010357077,0.9998964,281
321,8,503,0.71,),1,1208,no_tags,assistant,4.491862e-09,9.521487e-09,1.879699e-05,0.99998116,282
322,503,59604,0.47, or,1,1209,no_tags,assistant,1.1845822e-09,5.8221664e-11,2.608043e-06,0.9999974,283
323,59604,50005,0.98, tomato,1,1210,no_tags,assistant,2.2840299e-08,1.4743506e-09,1.4032785e-06,0.99999857,284
324,31999,92224,0.64,-specific,1,1211,no_tags,assistant,3.1044092e-10,1.1544904e-10,1.2036166e-06,0.9999988,285
325,92224,13,0.35, fertilizer,1,1212,no_tags,assistant,8.1752285e-09,6.1853944e-10,1.1124366e-06,0.9999989,286
326,13,43297,0.6,.,1,1213,no_tags,assistant,1.8675432e-07,1.5491729e-10,2.3941125e-06,0.9999974,287
327,7972,483,0.73, Start,1,1214,no_tags,assistant,4.1921822e-07,5.411231e-10,5.8550227e-06,0.9999937,288
328,483,261,0.94, with,1,1215,no_tags,assistant,2.2172549e-06,4.6615455e-08,8.9885486e-07,0.9999968,289
329,261,4207,0.73, a,1,1216,no_tags,assistant,3.190556e-07,2.3611287e-08,1.875346e-06,0.99999774,290
330,4207,7685,0.47, light,1,1217,no_tags,assistant,1.8676994e-07,5.593467e-10,1.0312323e-05,0.9999895,291
331,7685,540,0.45, feed,1,1218,no_tags,assistant,5.251842e-06,4.9913627e-08,4.977293e-06,0.99998975,292
332,1261,290,0.6, when,1,1219,no_tags,assistant,1.0871427e-05,1.8733441e-07,4.2138912e-05,0.99994683,293
333,290,1577,0.94, the,1,1220,no_tags,assistant,0.00010257045,1.940008e-05,0.00033020217,0.9995478,294
334,1577,1343,0.41, first,1,1221,no_tags,assistant,1.9510033e-05,1.7014772e-06,0.00059952575,0.9993793,295
335,1343,15657,1.0, true,1,1222,no_tags,assistant,5.9339786e-06,1.7271915e-09,5.3321505e-06,0.9999887,296
336,15657,7680,0.98, leaves,1,1223,no_tags,assistant,0.00036971853,3.039606e-07,0.00057749625,0.99905246,297
337,7680,11,0.88, appear,1,1224,no_tags,assistant,1.1314291e-08,2.1298778e-09,9.1477326e-05,0.99990845,298
338,11,1815,0.99,",",1,1225,no_tags,assistant,8.301587e-07,6.418545e-10,5.9502067e-06,0.9999932,299
339,1815,6160,0.87, then,1,1226,no_tags,assistant,5.5417713e-06,4.3313793e-09,2.707553e-05,0.99996734,300
340,6160,316,1.0, switch,1,1227,no_tags,assistant,3.8921785e-06,9.0796604e-08,0.00012810976,0.9998679,301
341,316,261,0.98, to,1,1228,no_tags,assistant,1.178259e-06,3.6334504e-07,5.71352e-06,0.9999927,302
342,261,7266,0.61, a,1,1229,no_tags,assistant,1.5904052e-07,1.4662712e-07,3.4641245e-05,0.9999651,303
343,4465,50005,1.0, low,1,1230,no_tags,assistant,1.6140041e-07,3.4641994e-07,1.8616145e-05,0.9999809,304
344,84169,32274,0.94,-ph,1,1231,no_tags,assistant,2.2769946e-07,1.17446184e-07,2.3358646e-06,0.9999974,305
345,32274,42088,0.99,osph,1,1232,no_tags,assistant,5.2419196e-06,3.3559963e-06,3.888503e-05,0.99995255,306
346,42088,11,0.54,orus,1,1233,no_tags,assistant,1.362593e-06,8.4505973e-07,3.2426586e-05,0.9999653,307
347,11,1932,0.83,",",1,1234,no_tags,assistant,9.659549e-07,9.597403e-07,1.09789125e-05,0.9999871,308
348,1932,172972,0.9, high,1,1235,no_tags,assistant,1.3726177e-06,5.1644593e-06,2.6158696e-05,0.99996734,309
349,172972,72659,0.99,-pot,1,1236,no_tags,assistant,1.5298529e-09,3.336888e-13,1.0063686e-05,0.99999,310
350,72659,966,0.45,assium,1,1237,no_tags,assistant,8.438954e-07,1.9389041e-07,2.767123e-05,0.9999713,311
351,25306,350,0.84, blend,1,1238,no_tags,assistant,7.537887e-09,3.59416e-10,5.7073026e-07,0.9999994,312
352,350,68,0.45, (,1,1239,no_tags,assistant,6.7526407e-06,6.969936e-08,0.00025846285,0.9997347,313
353,68,1940,1.0,e,1,1240,no_tags,assistant,1.5217509e-10,9.17018e-13,1.8429e-06,0.9999982,314
354,1940,4213,1.0,.g,1,1241,no_tags,assistant,2.643792e-07,3.1963897e-11,3.5789853e-05,0.999964,315
355,4213,220,0.99,".,",1,1242,no_tags,assistant,3.0473143e-06,9.1324324e-08,0.0012623627,0.99873453,316
356,220,20,0.86, ,1,1243,no_tags,assistant,2.4445465e-06,2.5932998e-06,0.0002486647,0.99974626,317
357,19,12,0.78,4,1,1244,no_tags,assistant,1.4225678e-05,1.5871108e-06,0.00048706835,0.99949706,318
358,12,702,0.23,-,1,1245,no_tags,assistant,5.491231e-07,1.6904885e-07,4.270246e-05,0.9999566,319
359,702,12,1.0,10,1,1246,no_tags,assistant,0.0002555463,4.3783152e-07,0.00019398212,0.99955004,320
360,12,19,0.35,-,1,1247,no_tags,assistant,2.4714683e-07,3.877638e-07,2.1915826e-05,0.99997747,321
361,702,8,0.99,10,1,1248,no_tags,assistant,1.7720265e-06,4.9166965e-07,1.0624811e-05,0.9999871,322
362,8,4730,0.56,),1,1249,no_tags,assistant,2.66381e-08,6.889e-08,7.218654e-06,0.9999927,323
363,4730,15310,0.88, once,1,1250,no_tags,assistant,2.5572564e-05,8.8513264e-07,0.00015261653,0.999821,324
364,15310,13217,0.43, fruit,1,1251,no_tags,assistant,0.0010353753,1.0264918e-06,2.7153737e-05,0.9989365,325
365,289,18015,0.7,ing,1,1252,no_tags,assistant,7.59572e-05,6.605207e-07,0.00011724598,0.9998061,326
366,18015,558,0.65, begins,1,1253,no_tags,assistant,4.596668e-09,3.2403263e-10,7.1473034e-05,0.9999285,327
367,13,43297,0.38,.,1,1254,no_tags,assistant,6.289895e-10,1.1626485e-10,1.5346305e-06,0.99999845,328
368,17547,290,0.53, Follow,1,1255,no_tags,assistant,6.220348e-10,4.4132645e-12,2.1130597e-06,0.99999785,329
369,4208,9837,0.81, label,1,1256,no_tags,assistant,1.9673772e-09,7.0046113e-12,8.035463e-06,0.999992,330
370,15543,2322,0.32, instructions,1,1257,no_tags,assistant,7.1430746e-09,4.292334e-11,4.2504653e-06,0.9999957,331
371,395,22586,0.25, for,1,1258,no_tags,assistant,4.4064613e-08,7.128048e-10,4.2077336e-05,0.9999579,332
372,9762,50005,0.67, mix,1,1259,no_tags,assistant,0.00031829253,1.1401472e-05,0.022796962,0.9768734,333
373,69972,558,0.82, ratios,1,1260,no_tags,assistant,3.3310934e-09,2.595547e-11,1.0698014e-06,0.9999989,334
374,558,12,1.0,".
",1,1261,no_tags,assistant,8.197382e-09,3.7368364e-12,3.2070495e-06,0.9999968,335
375,12,6240,1.0,-,1,1262,no_tags,assistant,1.1241053e-08,7.120857e-12,1.6683784e-05,0.9999833,336
376,6240,13863,0.69, **,1,1263,no_tags,assistant,3.1713864e-11,5.226155e-13,3.7222455e-07,0.99999964,337
377,13863,9858,0.76,Other,1,1264,no_tags,assistant,4.2548447e-11,4.924267e-13,1.0119729e-06,0.99999905,338
378,2140,9858,0.97, key,1,1265,no_tags,assistant,1.4151e-09,6.328112e-11,3.21449e-06,0.9999968,339
379,9858,142760,0.85, tips,1,1266,no_tags,assistant,2.8424463e-10,2.8004974e-14,4.5384276e-08,1.0,340
380,25,1612,1.0,:,1,1267,no_tags,assistant,9.7165785e-06,4.4365556e-09,0.00066575676,0.99932456,341
381,1612,220,0.99,"**
",1,1268,no_tags,assistant,5.138917e-10,1.2343823e-14,1.0233479e-06,0.9999989,342
382,220,533,0.72, ,1,1269,no_tags,assistant,1.9080888e-09,9.333313e-13,1.2160992e-07,0.9999999,343
383,533,6240,0.62, -,1,1270,no_tags,assistant,3.4425717e-08,1.3091361e-10,2.2650672e-06,0.99999774,344
384,6240,5808,0.94, **,1,1271,no_tags,assistant,2.7895014e-10,1.5948447e-11,3.352795e-06,0.99999666,345
385,5808,311,1.0,So,1,1272,no_tags,assistant,1.5662081e-07,1.0095871e-08,3.8661357e-05,0.99996114,346
386,311,275,0.48,il,1,1273,no_tags,assistant,3.5794742e-10,2.3241126e-11,1.7679713e-06,0.9999982,347
387,275,39,1.0, p,1,1274,no_tags,assistant,1.6803655e-07,0.00029961427,1.054339e-06,0.99969923,348
388,39,220,0.42,H,1,1275,no_tags,assistant,1.4764096e-09,1.9812167e-09,6.206206e-08,0.9999999,349
389,142760,220,0.81,:**,1,1276,no_tags,assistant,4.478513e-07,8.840726e-10,1.2239849e-07,0.9999994,350
390,220,21,1.0, ,1,1277,no_tags,assistant,2.1897875e-09,5.062043e-08,4.848684e-07,0.9999994,351
391,21,13,1.0,6,1,1278,no_tags,assistant,2.266335e-09,7.088242e-10,6.591318e-08,0.9999999,352
392,13,15,0.92,.,1,1279,no_tags,assistant,1.0399138e-08,4.831167e-11,5.521862e-07,0.9999994,353
393,15,1585,0.64,0,1,1280,no_tags,assistant,1.5951967e-07,4.525056e-11,1.9792184e-07,0.99999964,354
394,1585,21,1.0,–,1,1281,no_tags,assistant,1.03845835e-10,1.343291e-10,2.1449492e-07,0.99999976,355
395,21,13,1.0,6,1,1282,no_tags,assistant,9.810877e-10,7.122969e-09,6.057723e-08,0.9999999,356
396,13,23,1.0,.,1,1283,no_tags,assistant,7.996213e-09,1.8599516e-12,3.0629708e-06,0.9999969,357
397,23,395,0.41,8,1,1284,no_tags,assistant,4.2955193e-07,6.316916e-10,2.686568e-07,0.9999993,358
398,395,24174,0.59, for,1,1285,no_tags,assistant,7.3235365e-06,1.0602743e-06,2.605351e-05,0.99996555,359
399,1636,72324,0.69, best,1,1286,no_tags,assistant,4.38785e-08,2.4847674e-11,5.9737963e-06,0.99999404,360
400,72324,108958,0.99, nutrient,1,1287,no_tags,assistant,2.6162398e-08,1.5820716e-10,3.7616847e-08,0.9999999,361
401,108958,558,0.78, uptake,1,1288,no_tags,assistant,2.6353206e-09,2.1561485e-12,3.688041e-08,1.0,362
402,558,220,1.0,".
",1,1289,no_tags,assistant,3.5049973e-07,2.361645e-10,1.6825777e-05,0.99998283,363
403,220,533,0.87, ,1,1290,no_tags,assistant,3.8780225e-08,1.9646685e-11,1.3493342e-07,0.9999999,364
404,533,6240,1.0, -,1,1291,no_tags,assistant,8.0003995e-09,5.219884e-11,3.9356502e-07,0.99999964,365
405,6240,67854,0.62, **,1,1292,no_tags,assistant,3.3064855e-09,1.0783129e-11,1.7190918e-05,0.99998283,366
406,67854,332,1.0,Mul,1,1293,no_tags,assistant,2.549417e-09,4.0833244e-12,2.1906503e-08,1.0,367
407,332,142760,0.7,ch,1,1294,no_tags,assistant,1.1489772e-07,9.228627e-12,7.7802575e-08,0.99999976,368
408,142760,28921,0.4,:**,1,1295,no_tags,assistant,6.7971877e-07,1.4450566e-10,1.3665594e-05,0.9999857,369
409,355,220,0.69, A,1,1296,no_tags,assistant,0.00010534583,7.3998244e-08,0.002795916,0.9970987,370
410,220,17,0.96, ,1,1297,no_tags,assistant,1.8847164e-06,1.6786867e-08,0.00024708488,0.99975103,371
411,17,1585,0.7,2,1,1298,no_tags,assistant,1.367296e-07,3.6263416e-11,1.2275453e-05,0.9999876,372
412,1585,18,0.98,–,1,1299,no_tags,assistant,2.6541316e-09,9.496307e-10,2.0814428e-05,0.99997914,373
413,18,35971,0.87,3,1,1300,no_tags,assistant,1.3826578e-05,3.421946e-08,4.4992757e-05,0.9999411,374
414,306,10261,0.98, in,1,1301,no_tags,assistant,3.8327013e-05,3.9093507e-08,3.148953e-05,0.99993014,375
415,10261,328,0.95, layer,1,1302,no_tags,assistant,5.9638396e-06,5.0807962e-09,0.00014894237,0.999845,376
416,18295,22390,0.48, keeps,1,1303,no_tags,assistant,6.314389e-05,1.6764055e-08,0.00031341313,0.9996234,377
417,22390,8157,0.58, soil,1,1304,no_tags,assistant,1.893414e-05,2.4170931e-06,0.0002787685,0.99969995,378
418,8157,11,0.83, cool,1,1305,no_tags,assistant,3.282004e-05,1.3411739e-05,0.0050038076,0.99494994,379
419,11,87383,0.43,",",1,1306,no_tags,assistant,8.644774e-07,5.507819e-10,0.00078371627,0.99921536,380
420,87383,36036,1.0, retains,1,1307,no_tags,assistant,4.4834553e-05,1.7898477e-05,0.000111003515,0.99982625,381
421,36036,11,0.98, moisture,1,1308,no_tags,assistant,8.5221615e-07,5.2902633e-09,8.642091e-06,0.99999046,382
422,11,326,1.0,",",1,1309,no_tags,assistant,5.5642124e-07,4.157827e-09,9.6769065e-05,0.9999026,383
423,326,38566,0.75, and,1,1310,no_tags,assistant,7.370974e-07,9.557698e-09,0.0019156295,0.9980836,384
424,38566,98992,0.85, reduces,1,1311,no_tags,assistant,2.9465082e-07,8.758364e-10,9.62561e-05,0.99990344,385
425,98992,558,0.99, weeds,1,1312,no_tags,assistant,3.5899444e-05,3.3361758e-08,0.0010000586,0.99896395,386
426,558,220,1.0,".
",1,1313,no_tags,assistant,2.591997e-06,1.846279e-10,1.3629361e-05,0.9999838,387
427,220,533,0.63, ,1,1314,no_tags,assistant,6.1259306e-07,6.0140043e-10,1.282661e-05,0.9999865,388
428,533,6240,1.0, -,1,1315,no_tags,assistant,4.8845915e-05,8.301211e-10,0.0053732404,0.9945779,389
429,6240,10768,0.63, **,1,1316,no_tags,assistant,7.525941e-09,3.0252422e-11,0.00016958157,0.99983037,390
430,10768,142760,1.0,Support,1,1317,no_tags,assistant,8.867314e-07,1.1092401e-10,2.5165784e-05,0.9999739,391
431,142760,137247,0.84,:**,1,1318,no_tags,assistant,1.9481973e-05,2.4618994e-09,0.0018501389,0.9981304,392
432,137247,503,0.98, Stake,1,1319,no_tags,assistant,2.5484358e-05,1.5191484e-10,1.33875365e-05,0.99996114,393
433,503,61908,0.96, or,1,1320,no_tags,assistant,1.7092865e-06,2.1150252e-10,0.00028178605,0.99971646,394
434,61908,6047,0.79, cage,1,1321,no_tags,assistant,0.00047747203,1.197543e-08,0.00015451774,0.999368,395
435,6047,316,0.59, early,1,1322,no_tags,assistant,5.754295e-05,8.9956265e-10,0.015174993,0.9847675,396
436,26,55866,0.37,;,1,1323,no_tags,assistant,0.0006274761,4.6771575e-08,0.03312896,0.9662435,397
437,34110,289,0.16, erect,1,1324,no_tags,assistant,0.0034332755,6.074249e-06,0.32836986,0.66819084,398
438,289,17203,0.31,ing,1,1325,no_tags,assistant,8.84802e-06,1.929399e-09,0.022677181,0.97731394,399
439,290,2498,0.48, the,1,1326,no_tags,assistant,0.0015290609,2.9714438e-06,0.053964294,0.9445036,400
440,2498,2254,0.48, support,1,1327,no_tags,assistant,0.0002925016,1.2840063e-08,0.010000902,0.98970664,401
441,2049,290,0.85, while,1,1328,no_tags,assistant,0.0004618346,1.0118514e-07,0.030469483,0.9690685,402
442,290,6804,0.97, the,1,1329,no_tags,assistant,0.0006985293,7.363458e-07,0.009977099,0.9893237,403
443,6804,382,0.99, plant,1,1330,no_tags,assistant,4.9867194e-06,4.3541583e-08,0.0001653756,0.99982953,404
444,382,2928,0.44, is,1,1331,no_tags,assistant,2.9394003e-05,7.4229567e-10,0.005963468,0.9940071,405
445,2928,3291,0.92, still,1,1332,no_tags,assistant,1.3748502e-05,1.8037033e-08,0.004636533,0.9953497,406
446,3291,46396,0.59, small,1,1333,no_tags,assistant,3.2229943e-07,2.3652604e-11,0.011110158,0.98888946,407
447,4787,480,0.4, makes,1,1334,no_tags,assistant,3.6421422e-06,2.019203e-11,0.00047192152,0.9995245,408
448,135775,11087,0.61, pruning,1,1335,no_tags,assistant,3.439086e-06,6.83729e-09,0.0069131255,0.9930835,409
449,11087,558,0.86, easier,1,1336,no_tags,assistant,6.392738e-08,4.2136555e-12,0.00036487903,0.9996351,410
450,558,220,1.0,".
",1,1337,no_tags,assistant,0.00026538654,1.0164216e-09,0.00027586176,0.99945873,411
451,220,533,1.0, ,1,1338,no_tags,assistant,6.4754836e-06,3.0189531e-10,0.0017852209,0.9982083,412
452,533,6240,1.0, -,1,1339,no_tags,assistant,6.570485e-07,4.1593264e-11,0.0002502515,0.9997491,413
453,6240,2938,0.98, **,1,1340,no_tags,assistant,1.4292513e-08,5.4104155e-11,0.003913825,0.9960861,414
454,2938,30541,0.75,Pr,1,1341,no_tags,assistant,2.8240564e-05,1.0577826e-05,0.0008131525,0.999148,415
455,30541,142760,0.97,uning,1,1342,no_tags,assistant,4.4915305e-07,1.5857246e-09,0.00027814537,0.99972135,416
456,142760,18141,0.84,:**,1,1343,no_tags,assistant,4.8046826e-07,5.895081e-10,0.017780865,0.9822187,417
457,18141,31485,0.81, Remove,1,1344,no_tags,assistant,4.6722067e-07,6.9733386e-10,0.0005881803,0.99941134,418
458,31485,409,1.0, suck,1,1345,no_tags,assistant,3.6340283e-05,7.57027e-08,0.00015805714,0.9998055,419
459,409,306,0.62,ers,1,1346,no_tags,assistant,9.315005e-06,7.677773e-09,0.00061966863,0.999371,420
460,306,290,0.99, in,1,1347,no_tags,assistant,9.4386225e-05,2.9726206e-07,0.04679314,0.9531122,421
461,290,2758,0.73, the,1,1348,no_tags,assistant,0.00046992287,2.4699286e-06,0.003887406,0.99564016,422
462,2758,22231,1.0, main,1,1349,no_tags,assistant,4.8169797e-05,6.127183e-09,0.00032620976,0.99962556,423
463,33801,316,0.3, vine,1,1350,no_tags,assistant,4.5461184e-06,3.748968e-10,0.00017253227,0.9998229,424
464,802,1577,0.36,’s,1,1351,no_tags,assistant,6.2974934e-05,9.171539e-09,0.0010621505,0.99887484,425
465,1577,220,0.35, first,1,1352,no_tags,assistant,0.0009760532,9.723578e-08,0.01563783,0.983386,426
466,220,19,0.23, ,1,1353,no_tags,assistant,0.025151147,3.322603e-05,0.3702751,0.6045405,427
467,19,1585,0.98,4,1,1354,no_tags,assistant,5.165246e-06,3.6864986e-10,0.0010333572,0.99896145,428
468,1585,21,0.68,–,1,1355,no_tags,assistant,2.0128606e-05,2.5142336e-07,0.026184926,0.97379464,429
469,21,21185,0.41,6,1,1356,no_tags,assistant,5.116912e-07,3.453461e-11,9.9803605e-05,0.9998996,430
470,21185,316,0.86, inches,1,1357,no_tags,assistant,4.4958204e-05,8.770263e-09,0.038858768,0.9610963,431
471,316,5184,0.52, to,1,1358,no_tags,assistant,6.917641e-07,2.48155e-09,0.0058053816,0.994194,432
472,5184,5954,0.99, focus,1,1359,no_tags,assistant,1.2529947e-07,1.1119066e-09,2.8692633e-05,0.99997115,433
473,5954,402,1.0, energy,1,1360,no_tags,assistant,1.1169161e-08,5.4635853e-12,1.1753291e-06,0.9999988,434
474,402,15310,1.0, on,1,1361,no_tags,assistant,1.3891643e-05,1.1174698e-09,9.766635e-05,0.9998884,435
475,15310,558,0.65, fruit,1,1362,no_tags,assistant,2.851943e-06,6.9754945e-11,5.3482345e-06,0.9999918,436
476,558,220,1.0,".
",1,1363,no_tags,assistant,5.2800522e-05,4.4481405e-11,2.0572108e-05,0.99992657,437
477,220,533,1.0, ,1,1364,no_tags,assistant,1.5238988e-05,2.4505918e-11,4.269144e-06,0.99998045,438
478,533,6240,1.0, -,1,1365,no_tags,assistant,1.3619873e-06,2.5540792e-10,0.00022525297,0.99977344,439
479,6240,47,0.73, **,1,1366,no_tags,assistant,5.195543e-08,7.485271e-10,0.020733355,0.9792666,440
480,47,376,0.83,P,1,1367,no_tags,assistant,4.3807682e-05,6.1305414e-08,0.0051028617,0.9948533,441
481,376,3580,0.44,est,1,1368,no_tags,assistant,1.605949e-06,1.5762686e-09,0.0005911944,0.9994072,442
482,5621,142760,1.0, watch,1,1369,no_tags,assistant,0.00023951325,6.209454e-07,0.032087546,0.9676723,443
483,142760,16835,0.45,:**,1,1370,no_tags,assistant,0.0016439919,6.267702e-08,0.22260994,0.7757459,444
484,16835,448,0.88, Keep,1,1371,no_tags,assistant,0.00817137,4.083414e-06,0.88244456,0.10937996,445
485,448,10952,1.0, an,1,1372,no_tags,assistant,0.0012966039,1.9220415e-07,0.49080405,0.5078991,446
486,10952,402,0.84, eye,1,1373,no_tags,assistant,2.8484175e-05,2.401565e-07,0.975578,0.024393264,447
487,402,72108,0.94, on,1,1374,no_tags,assistant,0.0031306779,1.6135945e-07,0.34403223,0.6528369,448
488,72108,3375,1.0, aph,1,1375,no_tags,assistant,0.0036659252,5.531057e-05,0.8409489,0.15532985,449
489,3375,11,0.95,ids,1,1376,no_tags,assistant,0.001128285,2.880161e-07,0.9165547,0.08231679,450
490,11,6461,0.88,",",1,1377,no_tags,assistant,2.432639e-05,9.0277136e-10,0.032653745,0.96732193,451
491,6461,75553,0.98, white,1,1378,no_tags,assistant,0.0033903543,9.55175e-06,0.100578435,0.8960217,452
492,75553,11,0.98,flies,1,1379,no_tags,assistant,0.004101307,1.1633203e-06,0.6403211,0.35557652,453
493,11,326,1.0,",",1,1380,no_tags,assistant,7.3974814e-05,2.2878832e-09,0.036880143,0.96304584,454
494,326,59604,0.31, and,1,1381,no_tags,assistant,2.9895918e-06,1.6645042e-10,0.021794057,0.978203,455
495,59604,39993,0.75, tomato,1,1382,no_tags,assistant,2.2926451e-06,3.2046998e-08,0.00090599374,0.99909174,456
496,39993,173523,0.94, horn,1,1383,no_tags,assistant,0.00012861993,3.0155675e-06,0.012535347,0.987333,457
497,173523,26,0.89,worms,1,1384,no_tags,assistant,0.012039503,1.7539262e-06,0.16628222,0.8216765,458
498,26,1199,0.51,;,1,1385,no_tags,assistant,0.0029484688,1.1554703e-06,0.38475078,0.61229956,459
499,1803,50005,0.83, hand,1,1386,no_tags,assistant,0.06905955,1.1107031e-05,0.59718716,0.33374223,460
500,3161,1003,0.97,-p,1,1387,no_tags,assistant,0.1712721,9.447114e-05,0.17435946,0.654274,461
501,1003,503,0.97,ick,1,1388,no_tags,assistant,0.017104924,1.851955e-05,0.011504832,0.9713717,462
502,503,1199,0.93, or,1,1389,no_tags,assistant,0.0014790102,5.4855e-06,0.87963176,0.11888379,463
503,1199,58684,0.37, use,1,1390,no_tags,assistant,8.840637e-05,2.13273e-07,0.45662603,0.5432853,464
504,58684,7396,0.91, neem,1,1391,no_tags,assistant,2.8583875e-06,4.991257e-10,0.0048907264,0.99510646,465
505,7396,538,0.88, oil,1,1392,no_tags,assistant,9.779085e-06,8.332417e-08,0.014178012,0.9858122,466
506,538,6118,0.97, if,1,1393,no_tags,assistant,0.00040563982,9.514103e-08,0.43054163,0.5690526,467
507,6118,558,0.76, needed,1,1394,no_tags,assistant,1.8948121e-07,2.4641357e-12,0.0005782495,0.9994216,468
508,558,220,0.82,".
",1,1395,no_tags,assistant,3.6341e-06,1.5784206e-10,2.1802005e-05,0.9999746,469
509,2886,1879,0.51,With,1,1396,no_tags,assistant,1.1313064e-09,8.5653083e-13,1.2014743e-06,0.9999988,470
510,7334,11,1.0, sun,1,1397,no_tags,assistant,3.277347e-05,3.0731533e-09,0.00037212123,0.9995951,471
511,11,37403,0.73,",",1,1398,no_tags,assistant,1.0264793e-08,1.961618e-11,2.24495e-05,0.9999776,472
512,37403,36036,0.76, steady,1,1399,no_tags,assistant,4.3923785e-07,4.71393e-09,2.161008e-05,0.99997795,473
513,36036,11,1.0, moisture,1,1400,no_tags,assistant,1.8890638e-08,2.019181e-11,1.4064615e-07,0.9999999,474
514,11,290,0.4,",",1,1401,no_tags,assistant,2.1091523e-10,1.3052925e-11,2.0078658e-05,0.99998,475
515,290,1849,1.0, the,1,1402,no_tags,assistant,1.255422e-08,3.5563195e-11,0.0004064301,0.99959356,476
516,1849,92224,0.67, right,1,1403,no_tags,assistant,7.9557316e-10,4.0073765e-12,2.5448539e-05,0.9999746,477
517,92224,11,0.86, fertilizer,1,1404,no_tags,assistant,1.3693715e-09,1.0781537e-10,1.3027199e-06,0.9999987,478
518,11,326,0.99,",",1,1405,no_tags,assistant,6.1752346e-11,9.093174e-13,3.4721328e-05,0.9999653,479
519,326,261,0.87, and,1,1406,no_tags,assistant,4.5561221e-10,3.6876745e-11,1.7818067e-05,0.99998224,480
520,261,3389,0.48, a,1,1407,no_tags,assistant,4.023981e-08,2.0019402e-09,0.0019711428,0.9980288,481
521,3389,2498,0.33, little,1,1408,no_tags,assistant,2.5530483e-08,3.1502342e-10,8.583916e-05,0.99991417,482
522,135775,11,0.93, pruning,1,1409,no_tags,assistant,8.579122e-07,3.4257958e-10,5.9883703e-05,0.9999392,483
523,11,481,0.96,",",1,1410,no_tags,assistant,2.420455e-06,1.9559472e-09,0.0033908577,0.9966067,484
524,481,4720,0.99, you,1,1411,no_tags,assistant,2.246572e-07,6.8864914e-09,0.0071600233,0.9928397,485
525,4720,679,0.26,’ll,1,1412,no_tags,assistant,3.853238e-06,1.6424612e-09,0.11410619,0.88588995,486
526,4271,261,0.58, enjoy,1,1413,no_tags,assistant,2.4767377e-07,1.5470437e-11,0.004552204,0.9954476,487
527,93206,55866,0.9, juicy,1,1414,no_tags,assistant,7.297575e-08,3.5750312e-13,0.0005155153,0.9994844,488
528,55866,306,0.97, tomatoes,1,1415,no_tags,assistant,7.033418e-06,4.2101236e-10,0.00021330846,0.99977964,489
529,306,261,0.52, in,1,1416,no_tags,assistant,1.2001212e-05,3.93598e-09,0.050570842,0.94941723,490
530,261,3120,0.7, a,1,1417,no_tags,assistant,7.1873386e-05,3.0602973e-08,0.82417554,0.17575252,491
531,3120,5503,0.68, few,1,1418,no_tags,assistant,7.5959733e-06,4.358143e-09,0.0015389572,0.9984534,492
532,5503,0,0.67, months,1,1419,no_tags,assistant,6.221662e-06,1.3204271e-11,0.0012451238,0.99874866,493
534,18009,11,0.45,Oh,1,1421,no_tags,user,5.6340065e-07,0.019597601,0.083009705,0.89739215,494
535,8157,0,0.85, cool,1,1422,no_tags,user,1.1147214e-07,0.00013822794,0.00058254116,0.9992791,495
536,11,35717,0.22,",",1,1423,no_tags,user,8.943418e-06,0.060274076,0.14829795,0.791419,496
537,11707,0,0.75, thanks,1,1424,no_tags,user,3.662886e-05,0.9305214,0.029327428,0.0401146,497
538,2618,5310,0.11,!!,1,1425,no_tags,user,5.3649477e-05,0.9048694,0.0143234,0.0807536,498
539,16349,30,0.11, Where,1,1426,no_tags,user,0.00030414734,0.8791518,0.0071672923,0.11337684,499
540,885,290,0.28,'s,1,1427,no_tags,user,7.5693165e-06,0.08017036,0.0002915722,0.91953045,500
541,290,6240,0.37, the,1,1428,no_tags,user,1.3624316e-07,0.016527928,4.9228685e-05,0.98342276,501
542,39356,2006,0.24, easiest,1,1429,no_tags,user,1.2436475e-06,0.98883396,0.00024131741,0.010923412,502
543,2475,30,0.35, place,1,1430,no_tags,user,2.0770663e-06,0.68657035,0.005972816,0.30745476,503
544,316,6240,0.24, to,1,1431,no_tags,user,3.3132687e-07,0.44978908,0.008530228,0.5416804,504
545,3839,30,0.26, grow,1,1432,no_tags,user,3.6600545e-07,0.9476627,0.022651108,0.029685877,505
546,55866,30,0.8, tomatoes,1,1433,no_tags,user,1.13676e-05,0.56687087,0.0029238814,0.43019396,506
547,533,6240,0.17, -,1,1434,no_tags,user,4.4048225e-08,0.037520107,0.21526967,0.7472102,507
548,6772,30,0.48, inside,1,1435,no_tags,user,9.1048505e-06,0.17812462,0.040882904,0.7809834,508
549,503,6772,0.26, or,1,1436,no_tags,user,1.5599927e-09,0.02298722,0.019171331,0.95784146,509
550,37495,30,0.94, outdoors,1,1437,no_tags,user,3.2802868e-07,0.02041241,3.6220823e-05,0.9795511,510
551,11,10606,0.35,",",1,1438,no_tags,user,4.365218e-08,0.041450635,0.01131926,0.9472301,511
552,4335,484,0.24, given,1,1439,no_tags,user,9.777685e-10,0.00079807965,0.00042331518,0.99877864,512
553,922,6240,0.08, my,1,1440,no_tags,user,3.2793142e-07,0.49070343,0.008018561,0.5012777,513
554,16093,3211,0.74, skill,1,1441,no_tags,user,2.8987114e-07,0.7046877,0.010357537,0.28495455,514
555,3211,30,0.86, level,1,1442,no_tags,user,7.440618e-08,0.090479866,0.021594903,0.88792515,515
556,30,279,0.32,?,1,1443,no_tags,user,4.9933043e-08,0.09037061,0.18654479,0.72308457,516
557,357,1682,0.21, I,1,1444,no_tags,user,6.027986e-07,0.012972424,0.27783275,0.70919424,517
558,4561,306,0.28, live,1,1445,no_tags,user,2.2443858e-07,0.9976757,0.0001700611,0.0021539715,518
559,306,220,0.5, in,1,1446,no_tags,user,2.3695515e-05,0.7293139,0.1573825,0.11327988,519
560,31628,11,0.4, Austin,1,1447,no_tags,user,5.932289e-06,0.98024637,0.0015443639,0.018203374,520
561,11885,30,0.37, Texas,1,1448,no_tags,user,2.3410128e-05,0.8590684,0.0021610348,0.13874707,521
562,13,31628,0.22,.,1,1449,no_tags,user,5.809904e-07,0.9993168,4.9682047e-05,0.0006328978,522
563,3756,481,0.23, Do,1,1450,no_tags,user,6.2194996e-09,0.99856865,0.00056734035,0.00086394435,523
564,481,10606,0.13, you,1,1451,no_tags,user,0.00035796195,0.73265976,0.035776723,0.23120554,524
565,679,1062,0.3, have,1,1452,no_tags,user,9.877641e-09,0.96199954,6.546529e-05,0.03793503,525
566,1062,6772,0.54, any,1,1453,no_tags,user,0.000101637364,0.5903609,0.02258178,0.38695574,526
567,22499,30,0.63, recommendations,1,1454,no_tags,user,3.8362344e-07,0.9315915,0.011929209,0.056478884,527
568,395,11885,0.15, for,1,1455,no_tags,user,0.00052643963,0.78791887,0.012042856,0.19951186,528
569,261,9282,0.96, a,1,1456,no_tags,user,1.5050442e-05,0.060265824,0.082292944,0.8574262,529
570,57062,30,0.61, beginner,1,1457,no_tags,user,3.424855e-08,0.9884942,0.00083638536,0.010669381,530
571,30,279,0.39,?,1,1458,no_tags,user,1.3903355e-08,0.3725875,0.004991688,0.6224208,531
572,8820,30,0.13, Also,1,1459,no_tags,user,1.8392957e-09,0.98646903,0.0015419694,0.011989079,532
573,1261,30,0.09, when,1,1460,no_tags,user,6.526834e-08,0.66114813,0.00039687066,0.3384549,533
574,1757,30,0.1, should,1,1461,no_tags,user,3.934375e-08,0.30319375,0.00022775934,0.6965785,534
575,357,350,0.12, I,1,1462,no_tags,user,0.00032153967,0.37755713,0.037685987,0.5844353,535
576,6804,30,0.54, plant,1,1463,no_tags,user,3.396717e-06,0.017430892,0.0001244471,0.98244125,536
577,1373,30,0.57, them,1,1464,no_tags,user,5.7299767e-05,0.45607802,0.0009006798,0.542964,537
578,30,279,0.4,?,1,1465,no_tags,user,2.0364737e-08,0.007947152,0.0041723396,0.9878805,538
579,6048,30,0.11, Please,1,1466,no_tags,user,1.1964075e-09,0.9874348,0.0063813617,0.0061838245,539
580,3357,480,0.11, keep,1,1467,no_tags,user,2.742503e-10,0.99154365,1.589415e-05,0.008440491,540
581,480,6240,0.17, it,1,1468,no_tags,user,6.313036e-08,0.00012723451,0.003136668,0.996736,541
582,4022,30,0.32, short,1,1469,no_tags,user,1.39036285e-08,0.9932574,9.435953e-05,0.0066482252,542
583,326,16332,0.31, and,1,1470,no_tags,user,1.5092718e-06,0.00067535124,0.0074612983,0.9918618,543
584,4705,30,0.28, simple,1,1471,no_tags,user,1.740564e-08,0.9445936,0.00037938822,0.055027053,544
586,976,1825,0.99,The,1,1473,no_tags,cot,4.8418856e-12,6.3915246e-07,0.99880457,0.0011948163,545
587,1825,10648,0.74, user,1,1474,no_tags,cot,1.5377172e-11,2.8042896e-07,0.98816407,0.011835689,546
588,10648,4022,0.4, wants,1,1475,no_tags,cot,1.2889077e-11,2.093417e-07,0.99150217,0.008497571,547
589,25,39356,0.8,:,1,1476,no_tags,cot,1.7601694e-11,2.5344546e-06,0.998987,0.0010104639,548
590,39356,2475,1.0, easiest,1,1477,no_tags,cot,2.636481e-09,7.263515e-06,0.99992335,6.9427326e-05,549
591,2475,316,0.91, place,1,1478,no_tags,cot,3.5336494e-09,5.115994e-06,0.9998503,0.00014453533,550
592,316,3839,1.0, to,1,1479,no_tags,cot,4.3209436e-08,9.902108e-07,0.99407035,0.0059285834,551
593,3839,55866,0.99, grow,1,1480,no_tags,cot,5.140712e-11,9.230795e-08,0.99999785,2.036712e-06,552
594,55866,11,0.2, tomatoes,1,1481,no_tags,cot,4.481439e-08,3.8757003e-06,0.99995196,4.405055e-05,553
595,1127,6772,0.73, –,1,1482,no_tags,cot,9.287116e-12,2.639265e-09,0.9983689,0.0016310991,554
596,6772,503,0.92, inside,1,1483,no_tags,cot,8.59749e-09,1.0614975e-06,0.99999714,1.7654085e-06,555
597,503,37495,0.95, or,1,1484,no_tags,cot,1.757848e-10,3.0769203e-07,0.99972814,0.0002714983,556
598,37495,11,0.55, outdoors,1,1485,no_tags,cot,6.6072246e-08,3.16362e-05,0.99165535,0.008312912,557
599,1127,4335,0.53, –,1,1486,no_tags,cot,4.479091e-11,6.79732e-08,0.9992563,0.0007435863,558
600,4335,16093,0.64, given,1,1487,no_tags,cot,1.0581622e-10,1.1485924e-08,0.9999553,4.4699955e-05,559
601,16093,3211,0.99, skill,1,1488,no_tags,cot,2.3919888e-10,9.332884e-06,0.9985122,0.0014784633,560
602,3211,11,0.47, level,1,1489,no_tags,cot,5.798176e-13,3.2728003e-09,0.9997451,0.00025490022,561
603,13,3164,0.59,.,1,1490,no_tags,cot,1.3373474e-11,3.2785317e-07,0.9861601,0.013839549,562
604,72678,306,0.98, Lives,1,1491,no_tags,cot,9.633607e-10,4.0568096e-07,0.98775625,0.0122433705,563
605,306,31628,1.0, in,1,1492,no_tags,cot,2.2553152e-06,3.0503588e-06,0.87363845,0.1263563,564
606,31628,11,0.52, Austin,1,1493,no_tags,cot,3.1926302e-07,0.0001569835,0.9789025,0.020940168,565
607,23055,13,0.95, TX,1,1494,no_tags,cot,1.8577854e-08,1.615444e-06,0.54509056,0.45490777,566
608,13,118403,0.65,.,1,1495,no_tags,cot,3.0767972e-13,7.3908417e-09,0.9997198,0.00028013616,567
609,118403,395,0.97, Recommendations,1,1496,no_tags,cot,2.3216505e-11,3.397896e-08,0.9983827,0.0016173427,568
610,395,57062,0.64, for,1,1497,no_tags,cot,1.0862727e-10,2.1495937e-08,0.9978598,0.0021402428,569
611,57062,13,0.81, beginner,1,1498,no_tags,cot,1.297e-11,1.8933676e-08,0.99558675,0.0044131856,570
612,13,4296,0.88,.,1,1499,no_tags,cot,1.6065056e-11,2.1267037e-07,0.9884582,0.011541516,571
613,4296,316,0.62, When,1,1500,no_tags,cot,4.3458737e-10,1.5763831e-07,0.9927341,0.007265796,572
614,316,6804,1.0, to,1,1501,no_tags,cot,2.2977441e-07,8.0804415e-07,0.96125346,0.038745515,573
615,6804,13,0.98, plant,1,1502,no_tags,cot,1.7488286e-09,3.375422e-08,0.80051845,0.19948155,574
616,13,16835,0.94,.,1,1503,no_tags,cot,6.2777756e-13,4.145087e-08,0.9975744,0.0024255624,575
617,16835,4022,0.59, Keep,1,1504,no_tags,cot,6.7429967e-10,8.2790535e-08,0.9805249,0.019474957,576
618,480,4022,1.0, it,1,1505,no_tags,cot,5.4077415e-10,6.500867e-08,0.69820905,0.3017909,577
619,4022,326,0.92, short,1,1506,no_tags,cot,4.4408576e-08,0.00070994365,0.67895,0.32034004,578
620,326,4705,1.0, and,1,1507,no_tags,cot,4.7677267e-07,6.718054e-05,0.89382875,0.10610359,579
621,4705,13,0.83, simple,1,1508,no_tags,cot,4.6725366e-09,0.00017666323,0.8929443,0.10687897,580
622,13,51441,0.42,.,1,1509,no_tags,cot,3.638642e-12,7.741799e-09,0.99200046,0.007999509,581
623,623,6052,0.49, The,1,1510,no_tags,cot,8.9782105e-11,6.801788e-08,0.9990478,0.0009520887,582
624,29186,1757,0.8, assistant,1,1511,no_tags,cot,1.280454e-11,1.5462129e-09,0.9948723,0.0051276707,583
625,1757,3644,0.3, should,1,1512,no_tags,cot,4.521194e-10,2.0472452e-08,0.9952048,0.0047952035,584
626,3644,82463,0.42, give,1,1513,no_tags,cot,1.3296929e-09,9.0677965e-08,0.9641484,0.03585147,585
627,82463,6052,0.45, concise,1,1514,no_tags,cot,3.3833698e-09,3.7387487e-08,0.44212857,0.55787134,586
628,21561,25,0.73, suggestions,1,1515,no_tags,cot,3.716872e-11,4.5827613e-11,0.8514866,0.1485133,587
629,25,37495,0.46,:,1,1516,no_tags,cot,7.663582e-10,7.49955e-09,0.94590807,0.054091968,588
630,37495,306,0.62, outdoors,1,1517,no_tags,cot,1.3535885e-06,1.7383626e-07,0.999126,0.0008724323,589
631,306,31628,0.59, in,1,1518,no_tags,cot,4.226233e-07,7.5683566e-08,0.99816954,0.0018299199,590
632,6047,12860,0.98, early,1,1519,no_tags,cot,1.0015812e-06,5.7669156e-05,0.9439553,0.05598612,591
633,12860,1934,0.4, spring,1,1520,no_tags,cot,1.4102169e-06,7.0220375e-07,0.99450326,0.005494578,592
634,1934,2174,0.81, after,1,1521,no_tags,cot,1.927925e-06,9.5466485e-06,0.99629515,0.00369334,593
635,2174,69368,1.0, last,1,1522,no_tags,cot,4.4012622e-06,7.1226405e-06,0.9778341,0.022154309,594
636,69368,11,0.4, frost,1,1523,no_tags,cot,1.3807953e-07,1.0207431e-07,0.99994457,5.519743e-05,595
637,3521,65176,0.37, date,1,1524,no_tags,cot,3.8440461e-07,1.01174564e-07,0.999428,0.0005715709,596
638,350,23430,0.7, (,1,1525,no_tags,cot,1.249792e-07,1.15619926e-07,0.99720216,0.0027975722,597
639,62832,6959,0.78,maybe,1,1526,no_tags,cot,1.7486512e-09,1.4018818e-09,0.99999046,9.5593305e-06,598
640,6959,6189,0.8, mid,1,1527,no_tags,cot,1.4900505e-07,3.679925e-05,0.9973031,0.0026599236,599
641,6189,1417,1.0,-M,1,1528,no_tags,cot,8.9560126e-07,2.303083e-06,0.22574727,0.7742495,600
642,1417,741,0.38,arch,1,1529,no_tags,cot,4.3918809e-07,4.1402736e-06,0.8899037,0.11009167,601
643,741,730,0.29,).,1,1530,no_tags,cot,3.0199794e-11,4.594945e-10,0.98660594,0.013394073,602
644,12265,31628,0.85, Since,1,1531,no_tags,cot,2.569886e-09,1.614531e-09,0.9999479,5.206271e-05,603
645,31628,853,0.42, Austin,1,1532,no_tags,cot,6.8359833e-07,4.1086623e-05,0.98672676,0.013231538,604
646,25,2174,0.63,:,1,1533,no_tags,cot,4.6547925e-08,6.3477046e-08,0.99996996,2.9902438e-05,605
647,2174,69368,1.0, last,1,1534,no_tags,cot,2.312206e-06,1.1850955e-06,0.99621046,0.0037861026,606
648,69368,2846,0.42, frost,1,1535,no_tags,cot,2.4399424e-05,7.884692e-05,0.99556726,0.0043294756,607
649,2846,6959,0.79, around,1,1536,no_tags,cot,5.6489703e-06,3.5280384e-05,0.9998555,0.00010359696,608
650,6959,6189,0.81, mid,1,1537,no_tags,cot,3.8199363e-05,0.0010751849,0.9981646,0.00072201155,609
651,7561,13,0.58, March,1,1538,no_tags,cot,1.8431172e-05,0.00013972902,0.9994987,0.00034317048,610
652,13,2214,0.11,.,1,1539,no_tags,cot,4.3386056e-10,4.091377e-09,0.99679524,0.0032048149,611
653,62122,8601,0.26, Suggest,1,1540,no_tags,cot,8.338063e-09,6.274862e-10,0.9937796,0.0062203547,612
654,2360,15478,0.47, using,1,1541,no_tags,cot,6.879856e-07,3.102288e-08,0.9195588,0.080440395,613
655,15478,27154,0.97, raised,1,1542,no_tags,cot,1.2511038e-08,1.7156541e-10,0.96389496,0.03610511,614
656,27154,503,0.69, beds,1,1543,no_tags,cot,3.1515444e-08,2.3803755e-09,0.99295145,0.0070485002,615
657,11,35267,0.86,",",1,1544,no_tags,cot,4.188549e-08,4.936366e-10,0.97377735,0.026222663,616
658,35267,11,0.59, containers,1,1545,no_tags,cot,7.92204e-08,1.306407e-08,0.999821,0.00017889605,617
659,13,51441,0.28,.,1,1546,no_tags,cot,6.865804e-10,7.162412e-10,0.9935121,0.006487919,618
660,2214,30757,0.27, For,1,1547,no_tags,cot,6.8083345e-08,5.9768417e-09,0.9990103,0.0009895801,619
661,69297,25,0.59, indoors,1,1548,no_tags,cot,5.1485102e-08,2.538019e-09,0.9999976,2.439287e-06,620
662,25,63521,0.23,:,1,1549,no_tags,cot,1.5563568e-10,7.1567635e-12,0.9999796,2.0355243e-05,621
663,625,9064,0.31, not,1,1550,no_tags,cot,1.01598e-08,6.323044e-10,0.99990654,9.349539e-05,622
664,9064,12604,0.18, ideal,1,1551,no_tags,cot,1.9328722e-08,3.9295203e-09,0.99917185,0.000828134,623
665,538,625,0.24, if,1,1552,no_tags,cot,1.6178435e-06,5.716157e-07,0.99995697,4.0870786e-05,624
666,16093,3211,0.81, skill,1,1553,no_tags,cot,3.139133e-09,4.360419e-08,0.9998586,0.00014133478,625
667,4465,13,0.38, low,1,1554,no_tags,cot,2.2287666e-10,9.4299374e-08,0.99989784,0.00010209209,626
668,13,51441,0.4,.,1,1555,no_tags,cot,1.5097732e-11,7.746225e-11,0.9990969,0.00090318307,627
669,2632,37495,0.32, So,1,1556,no_tags,cot,3.4486192e-10,1.7095309e-09,0.99622214,0.0037778318,628
670,37495,13,0.39, outdoors,1,1557,no_tags,cot,9.096043e-09,2.3529696e-09,0.9999031,9.690911e-05,629
671,13,51441,0.62,.,1,1558,no_tags,cot,6.543307e-11,1.7932424e-09,0.9960898,0.0039102337,630
672,51441,62191,0.31, Provide,1,1559,no_tags,cot,8.412194e-09,5.981249e-09,0.998613,0.0013869659,631
673,4705,10331,0.34, simple,1,1560,no_tags,cot,1.480432e-08,1.8757075e-07,0.97482884,0.025170868,632
674,10331,13,0.6, steps,1,1561,no_tags,cot,3.9477647e-11,3.3262129e-09,0.99330246,0.0066975537,633
675,13,41021,0.3,.,1,1562,no_tags,cot,2.9983693e-09,7.2017883e-07,0.98458016,0.015419118,634
676,16835,4022,0.45, Keep,1,1563,no_tags,cot,8.78825e-09,1.6591292e-07,0.98049015,0.019509789,635
677,4022,13,0.87, short,1,1564,no_tags,cot,4.256969e-09,2.9592087e-08,0.91490716,0.085092805,636
678,13,41021,0.58,.,1,1565,no_tags,cot,5.8996924e-10,3.369068e-09,0.915703,0.08429695,637
679,46830,6052,0.23, We'll,1,1566,no_tags,cot,9.583757e-09,1.6884947e-08,0.9963897,0.0036102675,638
680,7000,31926,0.35, deliver,1,1567,no_tags,cot,5.233137e-08,2.7555608e-08,0.9531398,0.046860136,639
682,410,14591,0.56,**,1,1569,no_tags,assistant,7.506519e-12,3.7803163e-11,0.0001789575,0.9998211,640
683,36,4402,1.0,E,1,1570,no_tags,assistant,1.7419346e-13,1.769631e-11,1.1425778e-06,0.9999988,641
684,4402,376,1.0,asi,1,1571,no_tags,assistant,2.993176e-10,1.5175281e-09,3.9795477e-06,0.99999607,642
685,376,5317,0.32,est,1,1572,no_tags,assistant,1.4934737e-11,4.0972985e-09,1.228069e-06,0.9999988,643
686,395,261,0.83, for,1,1573,no_tags,assistant,2.1180397e-09,3.7755044e-09,9.835899e-06,0.9999901,644
687,261,57062,0.99, a,1,1574,no_tags,assistant,1.9437403e-10,4.3496837e-09,0.0002444271,0.99975556,645
688,57062,306,0.99, beginner,1,1575,no_tags,assistant,2.8564512e-12,3.0817784e-10,4.3138392e-05,0.99995685,646
689,306,31628,1.0, in,1,1576,no_tags,assistant,2.5970714e-10,2.180399e-09,0.0001468222,0.99985313,647
690,31628,11,0.59, Austin,1,1577,no_tags,assistant,5.5007433e-11,7.680129e-12,4.5125714e-07,0.9999995,648
691,350,33879,0.87, (,1,1578,no_tags,assistant,3.3487229e-09,2.596006e-10,7.923449e-06,0.99999213,649
692,33879,3127,0.56,TX,1,1579,no_tags,assistant,7.910603e-13,2.094075e-13,1.1664954e-10,1.0,650
693,8,1127,0.84,),1,1580,no_tags,assistant,5.8170515e-13,1.1602558e-11,1.1903238e-06,0.9999988,651
694,1612,12,0.94,"**
",1,1581,no_tags,assistant,6.2921586e-13,4.7033263e-12,2.7253056e-06,0.99999726,652
695,12,6240,0.98,-,1,1582,no_tags,assistant,3.9209864e-12,1.0562566e-10,1.4193935e-05,0.9999858,653
696,6240,11977,0.63, **,1,1583,no_tags,assistant,1.2307645e-10,3.483115e-09,6.2035884e-05,0.999938,654
697,14591,10021,0.79,Best,1,1584,no_tags,assistant,7.979692e-11,8.194908e-11,3.514306e-05,0.99996483,655
698,2475,142760,0.99, place,1,1585,no_tags,assistant,2.3031375e-10,2.6361216e-10,4.477592e-06,0.99999547,656
699,142760,156237,0.64,:**,1,1586,no_tags,assistant,1.0594791e-10,1.4623398e-09,7.634141e-07,0.9999993,657
700,6240,3227,0.95, **,1,1587,no_tags,assistant,6.5358446e-10,3.2983186e-07,2.3773762e-05,0.9999759,658
701,3227,31202,1.0,Out,1,1588,no_tags,assistant,4.0626876e-08,2.5653222e-08,9.2427734e-05,0.9999075,659
702,31202,410,0.97,doors,1,1589,no_tags,assistant,1.4240092e-08,5.5342753e-09,9.200779e-07,0.99999905,660
703,410,1127,0.85,**,1,1590,no_tags,assistant,5.9812225e-11,6.933273e-11,6.570671e-06,0.99999344,661
704,1127,290,0.54, –,1,1591,no_tags,assistant,1.61905e-11,1.0031381e-11,4.568897e-06,0.99999547,662
705,55866,54337,0.62, tomatoes,1,1592,no_tags,assistant,5.3996885e-12,2.418848e-10,4.3818773e-06,0.9999956,663
706,54337,306,0.96, thrive,1,1593,no_tags,assistant,6.628854e-13,5.69968e-13,2.7279502e-06,0.99999726,664
707,306,290,0.54, in,1,1594,no_tags,assistant,2.5844807e-10,7.264379e-11,4.5824698e-05,0.9999542,665
708,3149,7334,0.98, full,1,1595,no_tags,assistant,5.928922e-11,7.6090717e-10,1.2653732e-07,0.9999999,666
709,7334,326,0.41, sun,1,1596,no_tags,assistant,5.6807353e-10,1.01306235e-08,1.4197263e-06,0.99999857,667
710,11,326,0.87,",",1,1597,no_tags,assistant,7.2958486e-11,4.0982245e-11,3.15757e-06,0.9999969,668
711,326,31628,0.71, and,1,1598,no_tags,assistant,4.1180982e-11,1.6498813e-11,4.35538e-06,0.9999956,669
712,290,9144,0.22, the,1,1599,no_tags,assistant,1.6675771e-09,6.4073004e-11,1.6363905e-05,0.99998367,670
713,31137,31628,0.76, mild,1,1600,no_tags,assistant,3.8679906e-12,8.936233e-13,5.7995138e-08,1.0,671
714,31628,16721,0.79, Austin,1,1601,no_tags,assistant,1.5434756e-14,3.864003e-15,6.27719e-10,1.0,672
715,16721,350,0.56, climate,1,1602,no_tags,assistant,9.230843e-13,1.317738e-12,8.46461e-09,1.0,673
716,4787,480,0.51, makes,1,1603,no_tags,assistant,6.35463e-12,3.028261e-11,3.9705935e-08,1.0,674
717,10606,4224,0.36, growing,1,1604,no_tags,assistant,1.1343168e-10,1.2577586e-09,5.670158e-06,0.9999943,675
718,11087,1572,0.85, easier,1,1605,no_tags,assistant,4.7887805e-12,1.9824248e-10,3.8850268e-07,0.99999964,676
719,1572,30757,0.44, than,1,1606,no_tags,assistant,1.1674214e-11,2.7875417e-12,1.08762015e-05,0.99998915,677
720,6700,316,0.96, trying,1,1607,no_tags,assistant,1.350486e-10,1.7083256e-12,1.4018167e-05,0.99998593,678
721,316,3357,0.64, to,1,1608,no_tags,assistant,7.9921916e-11,3.83182e-12,5.493661e-05,0.99994504,679
722,3357,1373,0.46, keep,1,1609,no_tags,assistant,1.467028e-07,7.962216e-10,4.983158e-05,0.99995005,680
723,290,1849,0.31, the,1,1610,no_tags,assistant,1.12372646e-07,7.222087e-09,7.1926144e-05,0.999928,681
724,1849,4207,0.65, right,1,1611,no_tags,assistant,4.162362e-09,1.7711863e-09,4.9093023e-06,0.9999951,682
725,4207,326,0.56, light,1,1612,no_tags,assistant,1.5310323e-09,1.1548013e-11,2.247674e-06,0.99999774,683
726,6772,558,0.59, inside,1,1613,no_tags,assistant,1.3003315e-10,1.4738558e-11,6.114924e-06,0.9999939,684
727,558,12,1.0,".
",1,1614,no_tags,assistant,4.772895e-11,3.889465e-11,2.9455546e-06,0.999997,685
728,12,6240,1.0,-,1,1615,no_tags,assistant,8.6087737e-10,9.333406e-10,6.411385e-05,0.99993587,686
729,6240,57785,0.51, **,1,1616,no_tags,assistant,6.442704e-10,4.3232473e-11,1.8842218e-05,0.99998116,687
730,5958,316,1.0,When,1,1617,no_tags,assistant,4.109012e-12,9.902323e-13,1.0135629e-07,0.9999999,688
731,316,6804,0.99, to,1,1618,no_tags,assistant,7.847266e-09,6.9453936e-11,1.3108879e-06,0.9999987,689
732,6804,142760,1.0, plant,1,1619,no_tags,assistant,7.341494e-10,5.924929e-12,2.194187e-09,1.0,690
733,25,1612,0.99,:,1,1620,no_tags,assistant,2.4258151e-08,1.2119727e-08,1.462253e-06,0.99999845,691
734,1612,220,1.0,"**
",1,1621,no_tags,assistant,2.8286398e-13,2.3377933e-14,2.1556787e-09,1.0,692
735,220,533,0.5, ,1,1622,no_tags,assistant,2.3115536e-08,7.5815585e-09,2.9748353e-06,0.999997,693
736,533,6240,0.35, -,1,1623,no_tags,assistant,2.563572e-09,2.8605147e-09,9.2891504e-08,0.9999999,694
737,6240,4459,0.27, **,1,1624,no_tags,assistant,3.7514113e-11,1.420114e-10,9.883592e-08,0.9999999,695
738,6949,69368,0.98,Last,1,1625,no_tags,assistant,3.7087228e-10,2.1643232e-10,2.990132e-06,0.999997,696
739,69368,3521,0.58, frost,1,1626,no_tags,assistant,1.2531324e-09,4.3734422e-10,3.8541607e-08,1.0,697
740,3521,142760,0.72, date,1,1627,no_tags,assistant,1.5560753e-08,5.121418e-09,1.8775769e-07,0.99999976,698
741,142760,6574,0.45,:**,1,1628,no_tags,assistant,9.574295e-08,9.059691e-09,2.157113e-05,0.9999783,699
742,6959,50005,1.0, mid,1,1629,no_tags,assistant,2.1474318e-10,3.3027645e-09,1.9840632e-05,0.9999802,700
743,6189,1417,1.0,-M,1,1630,no_tags,assistant,8.835909e-10,2.0089791e-10,1.7153559e-07,0.9999999,701
744,1417,350,0.67,arch,1,1631,no_tags,assistant,1.504269e-09,2.8463193e-10,1.9014873e-07,0.99999976,702
745,350,42235,0.37, (,1,1632,no_tags,assistant,2.2126898e-08,1.40304435e-08,0.0013430613,0.99865687,703
746,160401,7561,0.61,approximately,1,1633,no_tags,assistant,8.947314e-08,9.591465e-09,0.00025851757,0.9997414,704
747,7561,35971,0.65, March,1,1634,no_tags,assistant,1.07298614e-10,1.4418655e-10,1.0564811e-06,0.9999989,705
748,220,1055,0.77, ,1,1635,no_tags,assistant,1.4134116e-07,5.4873107e-07,0.008839028,0.99116033,706
749,1055,50005,0.61,15,1,1636,no_tags,assistant,1.5816248e-08,2.6979881e-08,4.704875e-05,0.9999529,707
750,1585,455,0.99,–,1,1637,no_tags,assistant,4.6436915e-10,3.5649217e-09,2.6833179e-05,0.9999732,708
751,455,741,0.72,20,1,1638,no_tags,assistant,4.5620188e-09,1.0805297e-10,9.785225e-07,0.99999905,709
752,6294,220,1.0,").
",1,1639,no_tags,assistant,3.9592017e-08,9.619063e-09,5.211656e-07,0.9999994,710
753,220,533,0.99, ,1,1640,no_tags,assistant,3.5523773e-09,6.46589e-11,3.6246294e-07,0.99999964,711
754,533,6240,0.66, -,1,1641,no_tags,assistant,3.0980432e-09,8.570315e-10,9.4959155e-08,0.9999999,712
755,6240,57785,0.89, **,1,1642,no_tags,assistant,4.1002837e-10,1.7625677e-11,2.9094065e-06,0.99999714,713
756,57785,171333,0.85,Plant,1,1643,no_tags,assistant,7.366349e-08,4.3731627e-10,2.7510712e-06,0.99999714,714
757,142760,220,0.45,:**,1,1644,no_tags,assistant,6.030787e-10,1.7800857e-12,1.5267987e-07,0.9999999,715
758,220,17,0.79, ,1,1645,no_tags,assistant,8.013332e-09,6.964743e-10,0.00028099268,0.99971896,716
759,16,1585,0.97,1,1,1646,no_tags,assistant,1.2188432e-10,1.3034954e-12,1.1667656e-06,0.9999988,717
760,1585,17,1.0,–,1,1647,no_tags,assistant,4.0363175e-11,8.713584e-11,1.5164868e-06,0.99999845,718
761,17,7449,0.8,2,1,1648,no_tags,assistant,3.0675407e-09,1.3981108e-11,3.2417786e-06,0.9999968,719
762,7449,1934,1.0, weeks,1,1649,no_tags,assistant,6.9531096e-09,1.006222e-11,8.877221e-08,0.9999999,720
763,1934,290,0.72, after,1,1650,no_tags,assistant,1.0207458e-09,1.9832939e-11,1.9740988e-07,0.99999976,721
764,484,11,0.77, that,1,1651,no_tags,assistant,3.1039708e-08,7.0735195e-10,7.960091e-06,0.999992,722
765,11,1261,0.67,",",1,1652,no_tags,assistant,3.9853725e-09,4.0333775e-11,5.43835e-06,0.9999945,723
766,1261,22390,0.71, when,1,1653,no_tags,assistant,1.2985345e-07,4.2623846e-08,3.044843e-05,0.99996936,724
767,290,22390,0.99, the,1,1654,no_tags,assistant,3.1246902e-08,1.2632461e-07,3.7536324e-06,0.99999607,725
768,22390,382,0.8, soil,1,1655,no_tags,assistant,9.3738235e-09,5.4144533e-07,1.9364006e-05,0.9999801,726
769,382,9144,0.63, is,1,1656,no_tags,assistant,2.4761e-08,4.4577345e-07,2.7975904e-05,0.9999715,727
770,5151,220,0.99, above,1,1657,no_tags,assistant,2.3894472e-05,1.9711135e-06,0.00075261766,0.99922156,728
771,220,1910,0.77, ,1,1658,no_tags,assistant,4.437714e-07,5.308086e-06,9.1402784e-05,0.99990284,729
772,3152,35971,0.99,55,1,1659,no_tags,assistant,2.4966064e-07,6.426284e-09,4.759065e-05,0.9999522,730
773,68854,350,0.77,°F,1,1660,no_tags,assistant,2.409231e-06,1.1599194e-08,2.5202133e-05,0.99997234,731
774,350,1311,0.95, (,1,1661,no_tags,assistant,2.0917759e-07,3.8547245e-09,4.5666417e-05,0.9999541,732
775,1311,26557,0.97,13,1,1662,no_tags,assistant,8.673214e-09,9.0272255e-11,5.769086e-06,0.9999943,733
776,26557,8,0.51,°C,1,1663,no_tags,assistant,9.706168e-07,5.9100486e-08,2.267235e-05,0.9999763,734
777,6294,12,0.99,").
",1,1664,no_tags,assistant,2.4770592e-11,7.002659e-13,1.7437003e-07,0.9999999,735
778,12,6240,1.0,-,1,1665,no_tags,assistant,5.2515694e-09,2.5168339e-09,3.5601652e-06,0.9999964,736
779,6240,28903,0.67, **,1,1666,no_tags,assistant,2.5311267e-10,7.0134415e-12,3.5689725e-05,0.99996436,737
780,28903,41372,0.66,Quick,1,1667,no_tags,assistant,4.977909e-11,2.4623257e-12,3.1459376e-06,0.9999969,738
781,9858,25,0.71, tips,1,1668,no_tags,assistant,1.0700004e-12,2.9002998e-14,4.5226486e-08,1.0,739
782,25,1612,1.0,:,1,1669,no_tags,assistant,4.5393367e-08,7.5975437e-10,1.9026158e-05,0.9999809,740
783,1612,220,1.0,"**
",1,1670,no_tags,assistant,3.1376066e-10,1.2913425e-11,3.5920664e-06,0.9999964,741
784,220,533,0.78, ,1,1671,no_tags,assistant,5.3904515e-08,1.091315e-11,1.721183e-05,0.9999827,742
785,220,16,1.0, ,1,1672,no_tags,assistant,3.9260852e-09,1.2143715e-09,1.7205182e-06,0.99999833,743
786,16,13,1.0,1,1,1673,no_tags,assistant,3.890803e-11,1.682456e-13,4.2143378e-07,0.9999995,744
787,13,6240,0.53,.,1,1674,no_tags,assistant,1.4699043e-08,6.3781605e-11,2.3846154e-05,0.99997616,745
788,7649,261,0.98, Use,1,1675,no_tags,assistant,3.71399e-09,3.4649783e-12,5.2984888e-06,0.99999475,746
789,261,15478,0.77, a,1,1676,no_tags,assistant,5.8668988e-08,4.2024068e-10,8.270022e-05,0.99991727,747
790,6240,143866,0.97, **,1,1677,no_tags,assistant,2.9071503e-09,2.7944397e-10,8.472059e-05,0.99991524,748
791,143866,3737,1.0,raised,1,1678,no_tags,assistant,4.1531435e-11,8.748798e-14,9.103314e-07,0.99999905,749
792,3737,503,0.84, bed,1,1679,no_tags,assistant,1.0424939e-09,1.5048841e-12,1.7553106e-06,0.9999982,750
793,503,4410,0.54, or,1,1680,no_tags,assistant,6.363319e-11,2.82119e-12,1.6250266e-06,0.99999833,751
794,4410,9282,0.55, large,1,1681,no_tags,assistant,3.9207953e-07,9.2378505e-09,8.4153704e-05,0.9999155,752
795,9282,410,1.0, container,1,1682,no_tags,assistant,6.936117e-07,2.5610747e-09,0.00051225215,0.99948704,753
796,410,483,0.59,**,1,1683,no_tags,assistant,1.0260701e-07,7.155875e-11,0.0004633602,0.9995365,754
797,350,266,0.41, (,1,1684,no_tags,assistant,2.9403736e-07,1.0068619e-09,0.00032069147,0.9996791,755
798,899,50005,0.49,12,1,1685,no_tags,assistant,5.484701e-08,3.6414023e-12,6.214015e-06,0.9999937,756
799,1585,1157,0.53,–,1,1686,no_tags,assistant,1.825743e-09,5.1469336e-11,1.3337731e-05,0.99998665,757
800,1157,35971,0.78,18,1,1687,no_tags,assistant,3.3467668e-08,2.3331476e-11,1.3568186e-06,0.99999857,758
801,306,8103,0.52, in,1,1688,no_tags,assistant,4.5376396e-08,3.3043587e-10,3.906646e-06,0.99999607,759
802,8103,8,0.96, deep,1,1689,no_tags,assistant,7.605814e-08,4.291944e-10,7.829361e-06,0.99999213,760
803,6294,220,1.0,").
",1,1690,no_tags,assistant,1.4446744e-07,6.7736415e-12,6.5881327e-06,0.9999933,761
804,220,220,1.0, ,1,1691,no_tags,assistant,3.9821465e-08,2.0149642e-09,1.3244202e-06,0.9999987,762
805,220,17,1.0, ,1,1692,no_tags,assistant,2.0229542e-08,4.3192897e-11,5.534367e-08,0.9999999,763
806,17,13,1.0,2,1,1693,no_tags,assistant,4.60632e-10,2.8748605e-12,9.326349e-07,0.99999905,764
807,13,23279,0.32,.,1,1694,no_tags,assistant,3.506474e-08,2.0105407e-11,4.5484253e-06,0.99999547,765
808,16835,22390,0.65, Keep,1,1695,no_tags,assistant,2.5145553e-07,3.4597172e-11,3.1444522e-06,0.99999666,766
809,22390,6240,0.45, soil,1,1696,no_tags,assistant,9.49124e-09,2.2941161e-10,1.8672855e-06,0.9999981,767
810,30230,11,0.93, loose,1,1697,no_tags,assistant,1.3572413e-05,9.85571e-08,0.0001316104,0.9998547,768
811,326,1147,0.32, and,1,1698,no_tags,assistant,4.622571e-09,2.6750068e-13,6.857841e-07,0.9999993,769
812,10358,350,0.61, rich,1,1699,no_tags,assistant,5.4050183e-08,1.328353e-10,1.3486084e-05,0.9999864,770
813,350,964,0.82, (,1,1700,no_tags,assistant,1.7425248e-07,2.758992e-10,3.9140166e-05,0.99996066,771
814,964,57813,1.0,add,1,1701,no_tags,assistant,3.4200934e-08,3.03295e-11,0.00041341872,0.9995865,772
815,57813,6294,0.45, compost,1,1702,no_tags,assistant,1.1527764e-08,2.5315603e-09,4.0227544e-05,0.9999597,773
816,11,220,0.66,",",1,1703,no_tags,assistant,7.237403e-11,4.611332e-13,4.0984178e-05,0.999959,774
817,220,16,0.61, ,1,1704,no_tags,assistant,3.3065824e-08,1.850583e-09,0.00047652723,0.9995234,775
818,16,35971,0.47,1,1,1705,no_tags,assistant,2.8486095e-08,2.060967e-11,2.8403349e-05,0.9999715,776
819,14,19,0.56,/,1,1706,no_tags,assistant,0.00028914202,6.1100695e-07,2.5502231e-05,0.9996848,777
820,17,11531,0.87,2,1,1707,no_tags,assistant,1.07426914e-07,5.3830062e-11,3.4739348e-06,0.9999964,778
821,11531,777,0.87, cup,1,1708,no_tags,assistant,5.6898347e-07,3.1521574e-10,5.144287e-06,0.9999943,779
822,777,13749,0.42, per,1,1709,no_tags,assistant,3.598129e-07,7.061866e-11,0.00066789164,0.9993318,780
823,13749,6428,1.0, square,1,1710,no_tags,assistant,5.4734464e-05,1.7547327e-08,0.0010776735,0.99886763,781
824,6428,6294,0.93, foot,1,1711,no_tags,assistant,4.3459173e-07,2.9269033e-08,2.1868377e-06,0.9999974,782
825,6294,220,1.0,").
",1,1712,no_tags,assistant,4.6666948e-08,1.7222392e-11,7.335933e-06,0.9999926,783
826,220,220,1.0, ,1,1713,no_tags,assistant,4.1178296e-09,9.7583185e-11,7.678214e-08,0.9999999,784
827,220,18,1.0, ,1,1714,no_tags,assistant,2.9658762e-09,9.847091e-11,1.1018817e-07,0.9999999,785
828,18,13,1.0,3,1,1715,no_tags,assistant,6.294042e-10,1.367508e-10,5.3829046e-07,0.9999994,786
829,13,12303,0.59,.,1,1716,no_tags,assistant,9.659214e-09,2.8439119e-11,8.826652e-07,0.99999917,787
830,12303,220,0.33, Water,1,1717,no_tags,assistant,2.370288e-09,1.0919151e-10,1.6387204e-07,0.9999999,788
831,220,16,0.98, ,1,1718,no_tags,assistant,6.261697e-08,1.3785503e-09,7.7495415e-06,0.99999213,789
832,16,1585,0.75,1,1,1719,no_tags,assistant,1.3490002e-08,3.2085975e-12,6.8243395e-08,0.9999999,790
833,1585,16,0.62,–,1,1720,no_tags,assistant,1.2958088e-09,2.0795645e-11,3.8169938e-07,0.99999964,791
834,17,35971,0.77,2,1,1721,no_tags,assistant,5.554496e-07,9.081515e-09,2.9717569e-06,0.9999964,792
835,21185,777,0.91, inches,1,1722,no_tags,assistant,6.868134e-05,5.6554583e-09,2.160951e-06,0.9999292,793
836,777,2384,1.0, per,1,1723,no_tags,assistant,1.1117146e-05,3.3229394e-08,3.2233664e-05,0.9999566,794
837,2384,26,0.52, week,1,1724,no_tags,assistant,2.0751306e-06,5.088953e-08,4.5986612e-06,0.9999933,795
838,350,8229,0.84, (,1,1725,no_tags,assistant,1.1242653e-08,1.6581989e-10,2.5613065e-07,0.99999976,796
839,8229,306,0.36,more,1,1726,no_tags,assistant,2.1264533e-08,4.831163e-10,5.530211e-06,0.9999944,797
840,402,3648,0.96, on,1,1727,no_tags,assistant,2.8127477e-05,1.3785738e-06,0.00054922735,0.99942124,798
841,3648,3376,0.92, hot,1,1728,no_tags,assistant,9.4986837e-07,3.2504552e-09,4.3809756e-05,0.9999552,799
842,3376,6294,0.84, days,1,1729,no_tags,assistant,7.2081168e-09,8.756418e-11,3.6087774e-06,0.9999964,800
843,6294,220,1.0,").
",1,1730,no_tags,assistant,9.589896e-10,2.4228028e-12,3.4835386e-07,0.99999964,801
844,220,220,1.0, ,1,1731,no_tags,assistant,1.0520743e-08,7.516412e-09,1.1630601e-07,0.9999999,802
845,220,19,1.0, ,1,1732,no_tags,assistant,3.6404774e-07,4.2124101e-10,1.259541e-06,0.99999833,803
846,19,13,1.0,4,1,1733,no_tags,assistant,1.5476673e-10,3.5177243e-11,1.8501838e-07,0.99999976,804
847,13,137247,0.55,.,1,1734,no_tags,assistant,8.387173e-09,5.106554e-11,4.7977474e-06,0.99999523,805
848,34785,332,1.0, Mul,1,1735,no_tags,assistant,7.044833e-09,2.4470417e-12,1.3980339e-07,0.9999999,806
849,332,483,0.31,ch,1,1736,no_tags,assistant,6.474093e-08,2.1711773e-12,4.7880974e-07,0.9999994,807
850,483,43456,0.99, with,1,1737,no_tags,assistant,1.1590574e-06,1.7568592e-11,1.0783146e-05,0.9999881,808
851,43456,503,0.91, straw,1,1738,no_tags,assistant,1.2193011e-07,4.1238353e-11,6.168758e-05,0.99993813,809
852,503,129197,0.48, or,1,1739,no_tags,assistant,8.576493e-10,7.325925e-13,6.1729124e-06,0.9999938,810
853,9297,31181,1.0, wood,1,1740,no_tags,assistant,1.3923925e-06,6.158481e-10,0.0055730715,0.99442554,811
854,31181,316,0.8, chips,1,1741,no_tags,assistant,3.1246012e-07,7.8042206e-10,6.707687e-05,0.99993265,812
855,316,3357,0.62, to,1,1742,no_tags,assistant,7.294617e-09,3.454805e-11,1.2761823e-06,0.9999987,813
856,3357,36036,0.63, keep,1,1743,no_tags,assistant,1.00343e-06,5.4496496e-10,1.4504639e-05,0.9999845,814
857,22390,8157,0.92, soil,1,1744,no_tags,assistant,3.6912476e-07,3.0138793e-08,1.7941458e-05,0.99998164,815
858,8157,558,0.63, cool,1,1745,no_tags,assistant,2.3566056e-08,1.8488429e-08,6.6446623e-06,0.9999933,816
859,558,220,0.99,".
",1,1746,no_tags,assistant,1.2262025e-07,8.973557e-11,3.9626798e-07,0.9999995,817
860,220,220,1.0, ,1,1747,no_tags,assistant,7.2383057e-07,3.6145376e-08,4.3896753e-06,0.9999949,818
861,220,20,1.0, ,1,1748,no_tags,assistant,2.2319138e-09,4.253061e-12,6.746262e-08,0.9999999,819
862,20,13,1.0,5,1,1749,no_tags,assistant,1.2991552e-10,3.1335386e-11,1.4862253e-06,0.99999857,820
863,13,137247,0.92,.,1,1750,no_tags,assistant,5.200304e-09,3.608076e-11,1.3331411e-05,0.99998665,821
864,137247,503,0.85, Stake,1,1751,no_tags,assistant,6.405799e-09,2.9819344e-13,3.4756933e-08,1.0,822
865,503,61908,1.0, or,1,1752,no_tags,assistant,2.461684e-09,1.7423817e-13,1.4188558e-07,0.9999999,823
866,61908,6047,0.47, cage,1,1753,no_tags,assistant,1.8691027e-06,1.3513887e-10,2.1573138e-07,0.999998,824
867,6047,26,0.5, early,1,1754,no_tags,assistant,2.0576614e-08,3.4984105e-12,5.755254e-07,0.9999994,825
868,11,140388,0.63,",",1,1755,no_tags,assistant,1.1537112e-08,9.420668e-12,2.884867e-05,0.99997115,826
869,140388,31485,0.65, prune,1,1756,no_tags,assistant,5.9666903e-09,4.5193446e-11,6.832564e-07,0.9999993,827
870,261,3120,0.65, a,1,1757,no_tags,assistant,6.530012e-06,1.964326e-06,0.00012086924,0.99987066,828
871,3120,31485,0.81, few,1,1758,no_tags,assistant,1.04571804e-07,8.748886e-09,1.6050875e-05,0.9999838,829
872,31485,409,1.0, suck,1,1759,no_tags,assistant,1.923102e-09,3.081986e-11,4.307425e-08,1.0,830
873,409,11,0.32,ers,1,1760,no_tags,assistant,4.4472845e-08,3.904666e-12,4.0736154e-06,0.9999958,831
874,11,326,0.94,",",1,1761,no_tags,assistant,1.05897655e-07,6.7683706e-11,3.2127562e-05,0.9999678,832
875,42812,750,1.0, fertil,1,1762,no_tags,assistant,2.8816352e-10,8.64714e-11,1.6017454e-08,1.0,833
876,750,483,0.84,ize,1,1763,no_tags,assistant,3.0302905e-10,1.1757289e-11,3.66022e-08,1.0,834
877,483,261,0.88, with,1,1764,no_tags,assistant,8.535095e-10,2.6256842e-11,7.391464e-08,0.9999999,835
878,261,59604,0.73, a,1,1765,no_tags,assistant,7.238761e-09,1.5142563e-09,1.2979963e-06,0.9999987,836
879,59604,50005,0.95, tomato,1,1766,no_tags,assistant,2.9831054e-10,3.7577854e-11,3.6101465e-08,1.0,837
880,31999,7685,0.26,-specific,1,1767,no_tags,assistant,1.7324953e-09,2.0707895e-10,8.4791793e-07,0.99999917,838
881,220,19,0.88, ,1,1768,no_tags,assistant,1.147109e-06,2.798813e-08,2.816821e-06,0.99999607,839
882,19,50005,0.67,4,1,1769,no_tags,assistant,3.1718937e-05,1.27593465e-08,2.4508797e-06,0.9999658,840
883,12,702,1.0,-,1,1770,no_tags,assistant,6.688177e-07,1.6394381e-07,1.5308257e-07,0.99999905,841
884,702,12,0.99,10,1,1771,no_tags,assistant,4.744698e-05,4.3787747e-08,1.465439e-06,0.999951,842
885,12,702,1.0,-,1,1772,no_tags,assistant,6.833087e-09,1.3202514e-11,4.5573813e-07,0.9999995,843
886,702,1934,0.48,10,1,1773,no_tags,assistant,1.2455898e-07,6.460121e-09,3.1897055e-06,0.99999666,844
887,4730,15310,0.92, once,1,1774,no_tags,assistant,7.1328077e-07,1.3782262e-09,1.8998993e-06,0.9999974,845
888,15310,13217,0.63, fruit,1,1775,no_tags,assistant,5.892315e-07,3.4202214e-11,1.4424726e-08,0.9999994,846
889,289,13217,0.96,ing,1,1776,no_tags,assistant,1.1299599e-07,1.0702816e-11,8.0696964e-07,0.99999905,847
890,13217,364,0.72, starts,1,1777,no_tags,assistant,2.2190123e-10,2.7010284e-12,2.2605225e-06,0.99999774,848
891,558,12,0.49,".
",1,1778,no_tags,assistant,3.4672694e-09,2.612083e-11,1.3643501e-08,1.0,849
892,7924,802,0.99,That,1,1779,no_tags,assistant,8.6827895e-10,1.1145786e-11,3.9735409e-07,0.99999964,850
893,802,480,0.52,’s,1,1780,no_tags,assistant,2.5865468e-10,8.738774e-12,5.8339897e-06,0.99999416,851
894,480,2322,0.69, it,1,1781,no_tags,assistant,3.138937e-11,5.3312285e-11,9.975909e-06,0.99999,852
895,2322,21998,0.3,—,1,1782,no_tags,assistant,5.6111952e-11,1.4260492e-11,1.8120514e-07,0.99999976,853
896,21998,1934,0.68,plant,1,1783,no_tags,assistant,5.470827e-09,3.7209014e-13,3.663423e-06,0.9999963,854
897,37495,1934,0.62, outdoors,1,1784,no_tags,assistant,4.7536545e-07,1.01732886e-10,9.8517376e-05,0.99990106,855
898,1934,290,0.65, after,1,1785,no_tags,assistant,5.1949915e-09,2.3215332e-12,6.646777e-05,0.9999335,856
899,290,2174,0.9, the,1,1786,no_tags,assistant,1.4410668e-07,6.2888965e-11,9.159803e-06,0.9999907,857
900,2174,69368,1.0, last,1,1787,no_tags,assistant,2.285757e-08,2.5409687e-12,8.676963e-07,0.99999917,858
901,69368,11,0.88, frost,1,1788,no_tags,assistant,1.7294742e-09,2.6481616e-13,6.6329626e-06,0.9999933,859
902,11,3644,0.67,",",1,1789,no_tags,assistant,1.9000772e-09,4.451885e-12,3.249665e-05,0.99996746,860
903,3357,480,0.32, keep,1,1790,no_tags,assistant,1.6511095e-08,1.625919e-10,0.00048434074,0.99951565,861
904,480,46726,0.88, it,1,1791,no_tags,assistant,5.0046056e-09,2.5684457e-10,0.00011430699,0.9998857,862
905,46726,11,0.65, sunny,1,1792,no_tags,assistant,7.967165e-08,9.010953e-11,1.3208934e-05,0.99998677,863
906,11,23364,0.35,",",1,1793,no_tags,assistant,1.2432234e-10,1.5283139e-13,1.6125497e-06,0.99999833,864
907,326,481,0.83, and,1,1794,no_tags,assistant,3.7042028e-10,1.3376301e-11,1.7717251e-06,0.9999982,865
908,481,4720,0.99, you,1,1795,no_tags,assistant,7.492323e-08,4.8934554e-09,0.0005021404,0.9994978,866
909,4720,679,0.44,’ll,1,1796,no_tags,assistant,1.7948631e-08,5.1001856e-11,0.00035218213,0.99964774,867
910,413,77218,0.46, be,1,1797,no_tags,assistant,8.496239e-07,3.5433387e-10,0.01564283,0.98435634,868
911,402,634,0.94, on,1,1798,no_tags,assistant,7.816871e-08,1.763539e-11,0.06659989,0.93340003,869
912,634,2006,1.0, your,1,1799,no_tags,assistant,1.0453959e-08,2.249897e-12,0.007899007,0.992101,870
913,2006,316,0.85, way,1,1800,no_tags,assistant,4.7436936e-11,7.196832e-14,0.00022893431,0.99977106,871
914,316,261,0.45, to,1,1801,no_tags,assistant,2.1512294e-09,4.679478e-13,0.00014177388,0.99985826,872
915,8982,55866,0.88, fresh,1,1802,no_tags,assistant,1.9335674e-08,3.4805885e-13,6.0637583e-05,0.9999393,873
916,55866,0,0.85, tomatoes,1,1803,no_tags,assistant,1.7521012e-08,1.6060735e-13,5.4969123e-06,0.9999945,874
917,1703,2167,0.2,"!

",1,1804,no_tags,assistant,3.2945918e-10,2.3735183e-09,1.1326127e-07,0.9999999,875
918,37408,66241,0.66,Happy,1,1805,no_tags,assistant,1.242879e-10,1.348864e-11,2.1342876e-05,0.99997866,876
919,66241,0,0.95, gardening,1,1806,no_tags,assistant,2.4832636e-12,1.1808254e-11,5.3460354e-07,0.9999995,877
920,0,200002,0.65,!,1,1807,no_tags,assistant,2.1984465e-11,7.135316e-14,1.2810152e-05,0.99998724,878
921,130321,109,0.93, 🌱,1,1808,no_tags,assistant,2.3631077e-07,2.9354583e-08,0.00032439435,0.9996754,879
922,109,198,0.74,,1,1809,no_tags,assistant,7.427454e-10,4.474305e-10,7.4058116e-06,0.9999926,880
35,3575,553,0.15,You,2,1813,all_user_tags,system,6.5143417e-06,0.99999344,2.481581e-09,6.2726915e-15,0
36,553,4335,0.08, are,2,1814,all_user_tags,system,7.2000234e-06,0.99999285,4.563568e-08,1.8416468e-13,1
37,17554,162016,0.99, Chat,2,1815,all_user_tags,system,0.15824218,0.8358756,0.005881808,4.685555e-07,2
38,162016,1008,0.26,GPT,2,1816,all_user_tags,system,3.1989096e-08,0.99999905,9.832971e-07,1.9108147e-13,3
39,11,2550,0.09,",",2,1817,all_user_tags,system,2.2861648e-05,0.99988997,8.715682e-05,2.8805748e-11,4
40,261,4410,0.13, a,2,1818,all_user_tags,system,1.1172368e-08,0.9999883,1.1735522e-05,1.3031248e-10,5
41,4410,6439,0.96, large,2,1819,all_user_tags,system,4.9269356e-06,0.99925774,0.0007372351,1.4388876e-07,6
42,6439,2359,0.99, language,2,1820,all_user_tags,system,0.0025257985,0.9974191,5.4521093e-05,4.177057e-07,7
43,2359,1008,0.23, model,2,1821,all_user_tags,system,1.5109474e-07,0.9999176,8.228706e-05,1.3909597e-11,8
44,22203,656,0.24, trained,2,1822,all_user_tags,system,7.48209e-07,0.99993396,6.535581e-05,6.0354256e-11,9
45,656,2550,0.35, by,2,1823,all_user_tags,system,8.024258e-05,0.99991786,1.9450276e-06,2.9646105e-12,10
46,7788,1008,0.31, Open,2,1824,all_user_tags,system,8.423829e-05,0.9999157,3.135837e-08,1.896727e-13,11
47,17527,1131,0.39,AI,2,1825,all_user_tags,system,1.6553176e-07,0.9999691,3.0789775e-05,7.979741e-11,12
48,558,2167,0.6,".
",2,1826,all_user_tags,system,9.1877234e-07,0.99999905,9.499707e-09,4.9521585e-12,13
49,87447,1131,0.4,Knowledge,2,1827,all_user_tags,system,1.0745068e-10,0.9999999,1.4322893e-07,5.415784e-11,14
50,100594,485,0.24, cutoff,2,1828,all_user_tags,system,9.239918e-11,0.99999917,8.790663e-07,5.655673e-12,15
51,25,220,0.95,:,2,1829,all_user_tags,system,2.2567763e-09,1.0,2.003064e-10,2.049445e-12,16
52,220,2040,0.1, ,2,1830,all_user_tags,system,0.0043549878,0.99563247,1.2439157e-05,5.162704e-08,17
53,1323,18,0.39,202,2,1831,all_user_tags,system,0.0003625783,0.99963653,8.6002365e-07,1.8106496e-08,18
54,19,50005,0.51,4,2,1832,all_user_tags,system,4.1567265e-08,0.99999976,2.552214e-07,5.5679696e-13,19
55,12,3173,0.3,-,2,1833,all_user_tags,system,8.338122e-08,0.9999982,1.675565e-06,7.3405317e-13,20
56,3218,12,0.46,06,2,1834,all_user_tags,system,5.750127e-06,0.99992967,6.462924e-05,6.1477534e-10,21
57,198,2167,0.75,"
",2,1835,all_user_tags,system,7.600838e-09,1.0,1.0221975e-09,7.5167997e-13,22
58,6576,5310,0.43,Current,2,1836,all_user_tags,system,1.28668074e-11,1.0,1.048802e-09,4.237103e-12,23
59,3521,25,0.64, date,2,1837,all_user_tags,system,4.8658166e-09,0.9999999,1.4012429e-07,2.5797867e-10,24
60,25,220,0.37,:,2,1838,all_user_tags,system,4.917418e-10,1.0,1.05526174e-08,4.3148433e-11,25
61,220,702,0.16, ,2,1839,all_user_tags,system,0.019845653,0.97978824,0.00036563422,4.837599e-07,26
62,1323,17,0.21,202,2,1840,all_user_tags,system,0.0026150565,0.99738485,8.2335966e-08,1.7908607e-09,27
63,20,30,0.45,5,2,1841,all_user_tags,system,9.2458e-07,0.99998987,9.228213e-06,3.4760346e-09,28
64,12,16,0.28,-,2,1842,all_user_tags,system,1.0383009e-06,0.9999987,1.813052e-07,7.3737083e-13,29
65,702,30,0.33,10,2,1843,all_user_tags,system,7.547366e-09,0.9999459,5.408881e-05,1.3495617e-10,30
66,12,702,0.13,-,2,1844,all_user_tags,system,0.0309083,0.9690607,3.0913252e-05,1.0227044e-08,31
67,2290,30,0.19,01,2,1845,all_user_tags,system,2.0285772e-07,0.99998844,1.128691e-05,2.7827256e-09,32
68,279,2167,0.94,"

",2,1846,all_user_tags,system,4.943505e-10,1.0,2.4818205e-12,7.9829474e-17,33
69,30377,289,0.64,Reason,2,1847,all_user_tags,system,2.2294282e-10,1.0,5.9116068e-09,1.7000381e-12,34
70,289,25,0.37,ing,2,1848,all_user_tags,system,1.5824103e-08,0.9999994,5.7241465e-07,1.9585381e-12,35
71,25,623,0.2,:,2,1849,all_user_tags,system,0.00057481695,0.99938774,3.7454312e-05,1.5696676e-09,36
72,14093,30,0.34, medium,2,1850,all_user_tags,system,3.039207e-08,0.9999713,2.8762664e-05,1.8447476e-08,37
73,198,2167,0.94,"
",2,1851,all_user_tags,system,0.00019999924,0.9937185,0.006081562,5.471717e-09,38
74,2,10148,0.21,#,2,1852,all_user_tags,system,4.2038025e-07,0.9999951,4.43209e-06,9.515157e-09,39
75,13888,30,0.43, Valid,2,1853,all_user_tags,system,5.198377e-09,0.9999993,7.472332e-07,4.0552295e-10,40
76,18403,30,0.23, channels,2,1854,all_user_tags,system,3.3729334e-06,0.9999093,8.6165426e-05,1.1688928e-06,41
77,25,723,0.37,:,2,1855,all_user_tags,system,0.00018001247,0.9987513,0.0007856285,0.00028298827,42
78,8450,11,0.67, analysis,2,1856,all_user_tags,system,0.00055063004,0.98577464,0.013605025,6.970231e-05,43
79,11,1721,0.18,",",2,1857,all_user_tags,system,0.00046816582,0.99628985,0.0031923365,4.95922e-05,44
80,49159,11,0.22, commentary,2,1858,all_user_tags,system,0.0015919437,0.30804306,0.6903511,1.385654e-05,45
81,11,5178,0.21,",",2,1859,all_user_tags,system,5.8614824e-05,0.99991524,2.6151372e-05,8.49371e-10,46
82,1721,364,0.32, final,2,1860,all_user_tags,system,0.002495294,0.094283246,0.9027352,0.00048630385,47
83,13,1416,0.57,.,2,1861,all_user_tags,system,0.0006545281,0.99135756,0.007986578,1.3740172e-06,48
84,21030,485,0.28, Channel,2,1862,all_user_tags,system,1.5106108e-05,0.99998283,2.0205464e-06,3.9755946e-08,49
85,2804,485,0.25, must,2,1863,all_user_tags,system,6.305055e-07,0.99999905,3.7745988e-07,1.4518509e-09,50
86,413,2550,0.09, be,2,1864,all_user_tags,system,4.997912e-09,0.9999969,3.1421387e-06,2.3104445e-14,51
87,7360,485,0.4, included,2,1865,all_user_tags,system,1.2168215e-05,0.99991846,6.889308e-05,4.511664e-07,52
88,395,1131,0.13, for,2,1866,all_user_tags,system,0.0006285604,0.9980915,0.0012797061,1.8522601e-07,53
89,1753,485,0.27, every,2,1867,all_user_tags,system,8.1201426e-05,0.99928826,0.00062985474,7.0406054e-07,54
90,3176,485,0.31, message,2,1868,all_user_tags,system,6.479546e-06,0.9983469,0.0016446494,2.0505993e-06,55
92,12194,0,0.29,Hi,2,1870,all_user_tags,user,1.9312427e-06,0.999998,1.0037589e-07,1.4536912e-14,56
93,0,2550,0.18,!,2,1871,all_user_tags,user,7.022197e-07,0.9999982,1.0948947e-06,9.462639e-14,57
94,5477,2360,0.14, I'm,2,1872,all_user_tags,user,4.0691358e-08,0.9999999,1.12375794e-07,2.7403045e-13,58
95,7524,316,0.08, learning,2,1873,all_user_tags,user,8.328741e-07,0.99999535,3.8482594e-06,9.818601e-10,59
96,1495,316,0.4, how,2,1874,all_user_tags,user,3.2367802e-07,0.99999547,4.1838603e-06,1.2202091e-10,60
97,316,30,0.12, to,2,1875,all_user_tags,user,1.8041172e-05,0.99993443,4.755378e-05,3.5119208e-09,61
98,13727,30,0.25, garden,2,1876,all_user_tags,user,4.9583133e-07,0.99995685,4.2658023e-05,7.0415878e-09,62
99,326,1008,0.07, and,2,1877,all_user_tags,user,3.1042438e-07,0.99998987,9.721055e-06,7.199736e-11,63
100,3839,30,0.12, grow,2,1878,all_user_tags,user,1.0254469e-07,0.999997,2.879819e-06,1.8082242e-11,64
101,13940,30,0.23, plants,2,1879,all_user_tags,user,6.6838777e-07,0.9999912,8.106106e-06,3.9487053e-10,65
102,13,623,0.15,.,2,1880,all_user_tags,user,4.367617e-09,1.0,2.2650571e-08,1.2934528e-14,66
103,730,495,0.19, In,2,1881,all_user_tags,user,2.5491332e-07,0.9999993,4.2288022e-07,4.9233926e-14,67
104,261,6240,0.12, a,2,1882,all_user_tags,user,6.062402e-08,0.9999994,4.8028096e-07,2.6006862e-12,68
105,3120,5310,0.1, few,2,1883,all_user_tags,user,1.8178214e-08,1.0,5.5742646e-08,1.534888e-11,69
106,40536,30,0.16, sentences,2,1884,all_user_tags,user,2.1343253e-06,0.9999778,2.007982e-05,4.5332762e-11,70
107,11,495,0.12,",",2,1885,all_user_tags,user,8.9468296e-07,0.9999957,3.3170188e-06,1.5548279e-13,71
108,665,581,0.35, can,2,1886,all_user_tags,user,2.6474646e-07,0.999998,1.7348669e-06,3.3444973e-13,72
109,481,30,0.18, you,2,1887,all_user_tags,user,4.818275e-07,0.99995553,4.3972224e-05,7.1120497e-13,73
110,4843,30,0.27, please,2,1888,all_user_tags,user,6.076328e-09,0.9999999,9.604186e-08,6.7086744e-13,74
111,5485,1373,0.28, tell,2,1889,all_user_tags,user,4.023193e-08,0.99999964,3.756208e-07,3.8809515e-12,75
112,668,30,0.28, me,2,1890,all_user_tags,user,4.907277e-05,0.9989863,0.0009646377,1.81172e-08,76
113,1495,316,0.12, how,2,1891,all_user_tags,user,8.4488676e-08,0.9999995,3.539844e-07,7.383992e-12,77
114,316,6240,0.19, to,2,1892,all_user_tags,user,2.2822e-06,0.99982846,0.00016930138,2.3371788e-10,78
115,3839,30,0.11, grow,2,1893,all_user_tags,user,1.2628246e-07,0.9999951,4.801573e-06,2.6937095e-09,79
116,55866,30,0.4, tomatoes,2,1894,all_user_tags,user,4.636867e-06,0.9999938,1.5131916e-06,3.357332e-08,80
117,30,86019,0.37,?,2,1895,all_user_tags,user,4.5099378e-06,0.9971666,0.002828845,4.2016236e-08,81
118,3253,30,0.15, How,2,1896,all_user_tags,user,2.0386015e-06,0.999777,0.00022092162,5.3972344e-11,82
119,2009,30,0.48, much,2,1897,all_user_tags,user,7.2586616e-08,0.9999932,6.614598e-06,9.036481e-08,83
120,3411,30,0.65, water,2,1898,all_user_tags,user,5.2243305e-08,0.9999989,1.0446598e-06,1.4847085e-08,84
121,326,30,0.15, and,2,1899,all_user_tags,user,4.03787e-06,0.999894,0.00010156283,3.026295e-07,85
122,4207,30,0.55, light,2,1900,all_user_tags,user,6.629324e-06,0.999706,0.0002841836,3.1491584e-06,86
123,2226,30,0.2, does,2,1901,all_user_tags,user,2.2143281e-07,0.9999993,2.5772468e-07,2.169301e-07,87
124,480,533,0.09, it,2,1902,all_user_tags,user,0.0003636723,0.9924809,0.0071549513,5.2029174e-07,88
125,1309,30,0.93, need,2,1903,all_user_tags,user,1.4533339e-09,0.99999964,3.3178432e-07,4.549153e-09,89
126,30,1008,0.22,?,2,1904,all_user_tags,user,5.9698453e-07,0.9986547,0.0013442835,3.578989e-07,90
127,4614,30,0.23, What,2,1905,all_user_tags,user,3.3911718e-08,0.9999596,4.0363582e-05,1.7006151e-08,91
128,3675,328,0.93, kind,2,1906,all_user_tags,user,0.00012444083,0.99885714,0.0010168685,1.5184877e-06,92
129,328,30,0.36, of,2,1907,all_user_tags,user,2.8042812e-06,0.99981064,0.00017516274,1.1272599e-05,93
130,92224,30,0.32, fertilizer,2,1908,all_user_tags,user,4.5888672e-07,0.9999455,3.7908572e-05,1.6054868e-05,94
131,30,220,0.09,?,2,1909,all_user_tags,user,1.9651682e-06,0.9985781,0.0013603304,5.9497394e-05,95
132,8281,1273,0.09, Any,2,1910,all_user_tags,user,9.260678e-09,0.9999746,2.5427893e-05,1.3931042e-08,96
133,1273,30,0.17, other,2,1911,all_user_tags,user,3.7564547e-09,0.9999728,2.702635e-05,1.0655647e-07,97
134,3378,30,0.14, important,2,1912,all_user_tags,user,1.3287457e-08,0.99998355,1.6496573e-05,9.194829e-09,98
135,9858,30,0.82, tips,2,1913,all_user_tags,user,5.570472e-07,0.99502075,0.004974461,4.1283974e-06,99
137,976,1825,0.99,The,2,1915,all_user_tags,cot,4.7714144e-10,4.8683425e-05,0.99995136,3.726298e-08,100
138,1825,25,0.45, user,2,1916,all_user_tags,cot,2.2336213e-09,0.004043458,0.9959531,3.4068164e-06,101
139,10648,261,0.77, wants,2,1917,all_user_tags,cot,1.4583999e-10,3.9215938e-05,0.9999608,3.155045e-08,102
140,261,4022,0.33, a,2,1918,all_user_tags,cot,1.2374742e-09,9.7117365e-05,0.9999002,2.5876952e-06,103
141,82463,6052,0.61, concise,2,1919,all_user_tags,cot,5.2538727e-11,5.7122736e-07,0.9999783,2.1129752e-05,104
142,5073,36918,0.5, yet,2,1920,all_user_tags,cot,6.6747376e-08,0.0054856935,0.99434114,0.0001730022,105
143,36918,6052,0.62, informative,2,1921,all_user_tags,cot,1.7386752e-08,5.657604e-05,0.9997867,0.00015669501,106
144,6052,25,0.31, answer,2,1922,all_user_tags,cot,2.2537302e-08,7.836499e-06,0.9999459,4.6272067e-05,107
145,25,392,0.35,:,2,1923,all_user_tags,cot,1.2985467e-10,4.3296893e-07,0.9999994,1.3904913e-07,108
146,1495,316,1.0, how,2,1924,all_user_tags,cot,2.7228144e-09,1.0663412e-06,0.99999785,1.1037889e-06,109
147,316,3839,1.0, to,2,1925,all_user_tags,cot,5.7392e-09,3.134386e-08,0.99999845,1.5742493e-06,110
148,3839,55866,1.0, grow,2,1926,all_user_tags,cot,4.7462206e-10,8.644048e-07,0.99999607,3.1358709e-06,111
149,55866,11,0.76, tomatoes,2,1927,all_user_tags,cot,3.9048844e-09,1.1148737e-06,0.9999987,2.6525007e-07,112
150,11,3411,0.81,",",2,1928,all_user_tags,cot,2.9704073e-10,7.290381e-08,0.99999905,7.796054e-07,113
151,101148,11,0.9, watering,2,1929,all_user_tags,cot,1.025091e-07,1.533082e-06,0.9999951,3.2653018e-06,114
152,11,4207,0.99,",",2,1930,all_user_tags,cot,5.251832e-10,1.4285988e-08,0.9999993,6.756079e-07,115
153,4207,11,0.99, light,2,1931,all_user_tags,cot,4.150423e-08,3.939568e-06,0.99997747,1.8552648e-05,116
154,11,92224,0.99,",",2,1932,all_user_tags,cot,1.6947431e-10,8.663429e-08,0.999998,1.8687692e-06,117
155,92224,11,1.0, fertilizer,2,1933,all_user_tags,cot,6.96226e-11,6.105071e-08,0.99998844,1.1452993e-05,118
156,11,1273,0.6,",",2,1934,all_user_tags,cot,3.195792e-11,1.6166955e-07,0.9999982,1.6663845e-06,119
157,326,1273,0.77, and,2,1935,all_user_tags,cot,2.7297761e-11,2.2536243e-07,0.99999464,5.1129964e-06,120
158,1273,9858,0.85, other,2,1936,all_user_tags,cot,1.3515545e-09,3.045029e-07,0.99999046,9.209993e-06,121
159,9858,13,0.96, tips,2,1937,all_user_tags,cot,2.2287293e-10,1.597476e-08,0.9999993,6.60125e-07,122
160,13,3164,0.26,.,2,1938,all_user_tags,cot,3.4531434e-12,4.244324e-07,0.9999989,6.43592e-07,123
161,7744,261,0.55, It's,2,1939,all_user_tags,cot,6.919231e-12,6.4762906e-09,0.99999976,2.2688303e-07,124
162,395,261,0.69, for,2,1940,all_user_tags,cot,2.8371524e-11,4.176954e-08,0.9999999,9.959932e-08,125
163,261,57062,0.74, a,2,1941,all_user_tags,cot,8.9829505e-10,1.9279416e-06,0.9999981,3.735267e-08,126
164,57062,13,0.61, beginner,2,1942,all_user_tags,cot,6.9610875e-12,7.63744e-10,0.9999999,5.969167e-08,127
165,13,51441,0.27,.,2,1943,all_user_tags,cot,4.4790543e-11,2.806493e-08,0.99999166,8.328509e-06,128
166,20953,413,0.74, Must,2,1944,all_user_tags,cot,5.062782e-11,5.0604028e-09,0.99999833,1.6104566e-06,129
167,3357,480,0.56, keep,2,1945,all_user_tags,cot,1.6148151e-08,1.6973912e-07,0.9999746,2.5123358e-05,130
168,480,4022,0.39, it,2,1946,all_user_tags,cot,2.9396624e-08,1.3813832e-05,0.9999831,3.0476663e-06,131
169,261,3120,1.0, a,2,1947,all_user_tags,cot,4.688378e-09,5.254003e-08,0.9999901,9.8589735e-06,132
170,3120,40536,1.0, few,2,1948,all_user_tags,cot,1.1912025e-09,1.8891596e-08,0.99943465,0.0005653005,133
171,40536,13,0.76, sentences,2,1949,all_user_tags,cot,1.2445826e-08,1.0578866e-06,0.9999989,9.890234e-09,134
172,11,889,0.61,",",2,1950,all_user_tags,cot,8.6809735e-08,1.1579964e-06,0.9999515,4.7347923e-05,135
173,10112,220,0.66, maybe,2,1951,all_user_tags,cot,8.867079e-09,6.384391e-09,0.99999595,4.0785994e-06,136
174,31926,5571,0.89, bullet,2,1952,all_user_tags,cot,2.3608884e-10,6.886695e-09,0.9999981,1.8948234e-06,137
175,5571,13,0.65, points,2,1953,all_user_tags,cot,1.3786948e-09,1.2280236e-07,0.99999964,1.9457923e-07,138
176,13,51441,0.19,.,2,1954,all_user_tags,cot,1.2330487e-11,8.533504e-09,0.99999976,2.5738066e-07,139
177,41021,10635,0.35, Let's,2,1955,all_user_tags,cot,5.511037e-11,3.2001317e-09,1.0,2.8711264e-08,140
178,10635,261,0.35, produce,2,1956,all_user_tags,cot,6.905894e-08,4.039783e-08,0.9999987,1.1696342e-06,141
179,261,4022,0.27, a,2,1957,all_user_tags,cot,5.6560513e-08,5.982681e-08,0.99999917,7.564386e-07,142
180,4022,6052,0.23, short,2,1958,all_user_tags,cot,1.9363176e-09,2.741666e-10,0.9997781,0.00022190902,143
181,27853,503,0.39, paragraph,2,1959,all_user_tags,cot,8.158418e-09,1.1392074e-09,0.9999777,2.2300603e-05,144
182,483,31926,0.68, with,2,1960,all_user_tags,cot,2.7092065e-08,1.1646337e-07,0.9998128,0.00018718226,145
183,2140,5571,0.83, key,2,1961,all_user_tags,cot,1.7942435e-08,6.028094e-08,0.99994516,5.4743057e-05,146
184,5571,13,0.76, points,2,1962,all_user_tags,cot,3.0967498e-10,1.5168086e-09,0.99999285,7.163681e-06,147
185,13,7649,0.17,.,2,1963,all_user_tags,cot,4.718966e-10,8.3919843e-10,0.99997807,2.1900858e-05,148
186,7649,4705,0.24, Use,2,1964,all_user_tags,cot,1.3487557e-08,7.7083495e-09,0.99998844,1.1575881e-05,149
187,11888,23206,0.99, friendly,2,1965,all_user_tags,cot,1.1063573e-09,1.7630794e-11,0.9999746,2.543592e-05,150
188,23206,13,0.94, tone,2,1966,all_user_tags,cot,4.9743837e-10,1.0797482e-12,0.9999975,2.5511824e-06,151
189,326,8633,0.25, and,2,1967,all_user_tags,cot,4.1530597e-09,5.6369054e-10,0.99997413,2.5892039e-05,152
190,8633,1078,0.12, mention,2,1968,all_user_tags,cot,3.139581e-09,8.617338e-10,0.9999994,6.216317e-07,153
191,10606,306,0.26, growing,2,1969,all_user_tags,cot,2.1141576e-08,3.2577556e-09,0.9999784,2.1593713e-05,154
192,306,13727,0.33, in,2,1970,all_user_tags,cot,1.4150531e-07,2.248328e-08,0.9999912,8.699826e-06,155
193,35267,503,0.71, containers,2,1971,all_user_tags,cot,7.349972e-09,5.677461e-10,0.99999976,1.8798612e-07,156
194,503,13727,0.74, or,2,1972,all_user_tags,cot,1.3680898e-08,4.3117314e-09,0.9999831,1.692598e-05,157
195,13727,11,0.6, garden,2,1973,all_user_tags,cot,8.293702e-07,2.7863722e-08,0.99979836,0.0002008743,158
196,27154,11,0.7, beds,2,1974,all_user_tags,cot,2.8132298e-08,3.3928785e-08,0.9999821,1.7771023e-05,159
197,13,51441,0.47,.,2,1975,all_user_tags,cot,4.1042708e-10,4.3159243e-10,0.9999925,7.5306107e-06,160
198,51441,3411,0.38, Provide,2,1976,all_user_tags,cot,2.3964237e-09,2.276778e-09,0.99996054,3.945997e-05,161
199,3411,4527,0.25, water,2,1977,all_user_tags,cot,1.1874396e-07,5.8315955e-08,0.99996233,3.758666e-05,162
200,22586,11,0.51, amounts,2,1978,all_user_tags,cot,3.8299117e-08,7.622469e-09,0.9999579,4.208781e-05,163
201,11,4207,0.88,",",2,1979,all_user_tags,cot,4.184229e-07,9.254283e-09,0.99128073,0.008718795,164
202,55414,11,0.42, sunlight,2,1980,all_user_tags,cot,6.8409836e-06,2.7605918e-07,0.99851245,0.0014803564,165
203,11,92224,0.95,",",2,1981,all_user_tags,cot,3.9027718e-08,4.452999e-09,0.9973985,0.0026014736,166
204,92224,12262,0.31, fertilizer,2,1982,all_user_tags,cot,1.277685e-08,3.0026743e-09,0.998473,0.0015270095,167
205,1490,11,0.75, type,2,1983,all_user_tags,cot,5.287287e-07,2.0453621e-08,0.9994955,0.0005038227,168
206,11,326,0.3,",",2,1984,all_user_tags,cot,2.6205424e-08,2.4718912e-07,0.9931844,0.0068153357,169
207,275,39,1.0, p,2,1985,all_user_tags,cot,0.00026510947,0.001394406,0.997827,0.0005134713,170
208,39,11,0.88,H,2,1986,all_user_tags,cot,1.1041971e-07,1.6759395e-07,0.99995327,4.6516776e-05,171
209,11,5178,0.21,",",2,1987,all_user_tags,cot,1.3536324e-07,3.6884344e-08,0.9997004,0.00029942812,172
210,165438,11,0.86, mulch,2,1988,all_user_tags,cot,3.4484795e-08,8.1139655e-09,0.999992,8.004853e-06,173
211,11,135775,0.45,",",2,1989,all_user_tags,cot,1.1429077e-09,3.3591904e-10,0.9999856,1.43771285e-05,174
212,127672,11,0.58, staking,2,1990,all_user_tags,cot,2.86179e-07,1.0932944e-07,0.999979,2.0681833e-05,175
213,13,8820,0.18,.,2,1991,all_user_tags,cot,1.0195973e-08,6.79599e-08,0.9994344,0.00056543783,176
214,27204,9858,0.19, Give,2,1992,all_user_tags,cot,4.8599013e-08,1.4387867e-07,0.9997539,0.00024582347,177
215,261,3120,0.24, a,2,1993,all_user_tags,cot,8.057551e-10,5.238915e-08,0.9999944,5.622911e-06,178
216,82463,6052,0.45, concise,2,1994,all_user_tags,cot,8.630532e-09,2.7747749e-08,0.990897,0.0091029415,179
217,1721,6052,0.66, final,2,1995,all_user_tags,cot,1.5147836e-07,7.166384e-07,0.99731284,0.0026862696,180
218,6052,13,0.91, answer,2,1996,all_user_tags,cot,1.6716939e-08,1.6457202e-08,0.99945265,0.0005473105,181
220,12253,382,0.53,Here,2,1998,all_user_tags,assistant,1.818714e-10,8.506871e-12,0.99997115,2.8841494e-05,182
221,802,261,0.98,’s,2,1999,all_user_tags,assistant,2.9106406e-10,5.010156e-08,0.06708114,0.9329188,183
222,261,4853,0.91, a,2,2000,all_user_tags,assistant,7.4671914e-11,1.4761504e-09,6.5037464e-05,0.9999349,184
223,4853,11,0.47, quick,2,2001,all_user_tags,assistant,9.880733e-13,5.158682e-12,6.440518e-06,0.99999356,185
224,11,57062,0.54,",",2,2002,all_user_tags,assistant,7.731695e-12,1.296437e-10,7.3513966e-06,0.9999926,186
225,57062,50005,1.0, beginner,2,2003,all_user_tags,assistant,8.4727154e-14,2.5897784e-12,5.4585266e-06,0.9999945,187
226,22301,9165,0.53,-friendly,2,2004,all_user_tags,assistant,9.456416e-13,2.709642e-11,1.3538093e-05,0.9999864,188
227,65354,50005,0.77, cheat,2,2005,all_user_tags,assistant,7.1897995e-11,2.4997457e-10,2.7877907e-06,0.99999726,189
228,16658,395,0.83, sheet,2,2006,all_user_tags,assistant,5.0378256e-13,7.3750234e-13,3.2629677e-07,0.99999964,190
229,734,12,0.91,":
",2,2007,all_user_tags,assistant,2.3601814e-09,2.5318636e-09,0.0061500305,0.99385,191
230,12,6240,0.98,-,2,2008,all_user_tags,assistant,4.9799276e-10,1.9584868e-11,0.0004659003,0.99953413,192
231,6240,30112,0.42, **,2,2009,all_user_tags,assistant,2.3329644e-08,1.17851144e-07,0.0023558557,0.997644,193
232,15952,410,0.62,Light,2,2010,all_user_tags,assistant,1.2986251e-06,1.1122813e-08,0.00010309835,0.9998956,194
233,142760,220,0.68,:**,2,2011,all_user_tags,assistant,7.7328856e-08,1.6819465e-09,5.841527e-06,0.99999404,195
234,220,21,0.89, ,2,2012,all_user_tags,assistant,3.0595597e-06,3.6215955e-05,0.000623911,0.9993368,196
235,21,1585,0.85,6,2,2013,all_user_tags,assistant,9.144006e-09,8.724431e-11,1.102269e-06,0.9999989,197
236,1585,23,1.0,–,2,2014,all_user_tags,assistant,2.934228e-09,5.86645e-07,4.094033e-05,0.9999585,198
237,23,35971,0.95,8,2,2015,all_user_tags,assistant,1.1580895e-08,6.1132666e-10,4.202414e-07,0.9999995,199
238,312,328,0.94, h,2,2016,all_user_tags,assistant,1.96997e-07,6.8797266e-09,1.3088052e-06,0.99999845,200
239,328,2823,0.86, of,2,2017,all_user_tags,assistant,2.4073734e-07,9.228194e-07,1.9877714e-06,0.9999969,201
240,2823,7334,0.81, direct,2,2018,all_user_tags,assistant,3.1364522e-07,3.1960892e-06,5.2073833e-06,0.9999913,202
241,55414,2454,0.44, sunlight,2,2019,all_user_tags,assistant,5.4982434e-06,7.5403406e-08,4.198884e-05,0.99995244,203
242,2454,2163,1.0, each,2,2020,all_user_tags,assistant,0.0001597176,9.0391e-05,0.00070193264,0.99904794,204
243,2163,350,0.64, day,2,2021,all_user_tags,assistant,4.387649e-06,1.7919524e-08,1.2180559e-05,0.99998343,205
244,350,267,0.48, (,2,2022,all_user_tags,assistant,5.7678364e-05,1.09373905e-05,0.00051549514,0.9994159,206
245,37521,26969,1.0,tom,2,2023,all_user_tags,assistant,4.7032875e-09,1.4771977e-08,1.8219303e-05,0.99998176,207
246,26969,553,0.7,atoes,2,2024,all_user_tags,assistant,8.328473e-09,5.296922e-08,3.2871528e-06,0.99999666,208
247,553,3149,0.77, are,2,2025,all_user_tags,assistant,1.200066e-08,1.2691075e-07,1.9068182e-06,0.999998,209
248,966,15393,0.61, “,2,2026,all_user_tags,assistant,5.309017e-09,1.4682023e-07,3.2377554e-06,0.99999666,210
249,15393,50005,0.92,full,2,2027,all_user_tags,assistant,5.561007e-09,3.5543874e-07,3.7296568e-06,0.99999595,211
250,2011,373,1.0,-s,2,2028,all_user_tags,assistant,2.486783e-06,2.2932287e-08,0.021483062,0.9785145,212
251,373,693,0.99,un,2,2029,all_user_tags,assistant,3.6921258e-10,7.06225e-10,2.0366544e-07,0.99999976,213
252,693,13940,0.95,”,2,2030,all_user_tags,assistant,1.7013753e-11,5.355027e-11,1.1781601e-07,0.9999999,214
253,13940,741,0.98, plants,2,2031,all_user_tags,assistant,1.2291859e-09,1.7829663e-11,1.3426469e-06,0.9999987,215
254,6294,12,1.0,").
",2,2032,all_user_tags,assistant,4.116308e-09,1.1347192e-11,5.4995795e-05,0.99994504,216
255,12,6240,1.0,-,2,2033,all_user_tags,assistant,1.492491e-06,1.551232e-06,0.00026020675,0.9997367,217
256,6240,27874,1.0, **,2,2034,all_user_tags,assistant,3.5011296e-09,2.1587091e-08,5.3418476e-06,0.99999464,218
257,27874,142760,0.99,Water,2,2035,all_user_tags,assistant,2.0089429e-08,6.920935e-08,3.8600792e-06,0.99999607,219
258,142760,16835,0.5,:**,2,2036,all_user_tags,assistant,5.546452e-09,1.3336746e-09,3.7157974e-07,0.99999964,220
259,111093,395,1.0, Aim,2,2037,all_user_tags,assistant,9.274032e-07,1.0418123e-07,0.00017136782,0.9998276,221
260,395,220,0.85, for,2,2038,all_user_tags,assistant,8.429739e-06,1.4901163e-05,6.2810235e-05,0.9999138,222
261,1078,220,0.98, about,2,2039,all_user_tags,assistant,2.9198416e-08,1.1409973e-08,1.5037521e-05,0.999985,223
262,220,16,0.87, ,2,2040,all_user_tags,assistant,2.4885873e-08,8.087452e-06,9.971662e-06,0.9999819,224
263,16,1585,0.77,1,2,2041,all_user_tags,assistant,3.858497e-09,7.658415e-10,3.8913456e-07,0.99999964,225
264,306,13,0.68, in,2,2042,all_user_tags,assistant,2.0911668e-05,3.269434e-05,4.795328e-05,0.99989843,226
265,350,17,0.97, (,2,2043,all_user_tags,assistant,2.388784e-07,7.033096e-09,0.00012055014,0.99987924,227
266,1161,35971,1.0,25,2,2044,all_user_tags,assistant,4.9703598e-08,2.505905e-10,0.00017956186,0.9998204,228
267,8957,8,1.0, mm,2,2045,all_user_tags,assistant,3.279855e-07,4.1696847e-08,7.378488e-08,0.9999995,229
268,8,328,0.88,),2,2046,all_user_tags,assistant,2.5602338e-08,2.312817e-10,2.8368302e-06,0.99999714,230
269,328,3411,0.99, of,2,2047,all_user_tags,assistant,6.138587e-08,3.223998e-08,3.135897e-06,0.9999968,231
270,3411,777,0.99, water,2,2048,all_user_tags,assistant,6.2382605e-06,3.6644105e-06,0.00018574191,0.9998043,232
271,777,2384,0.99, per,2,2049,all_user_tags,assistant,1.9508596e-07,8.743193e-08,8.958504e-05,0.9999101,233
272,2384,11,0.62, week,2,2050,all_user_tags,assistant,2.8900147e-06,5.7228403e-06,0.00067146524,0.9993199,234
273,11,13958,0.72,",",2,2051,all_user_tags,assistant,5.078916e-08,3.7168135e-08,2.7682447e-05,0.9999722,235
274,13958,290,0.82, keeping,2,2052,all_user_tags,assistant,1.4803116e-05,1.7530075e-08,0.00011829688,0.99986684,236
275,290,22390,1.0, the,2,2053,all_user_tags,assistant,8.4717e-05,1.1952721e-06,3.449383e-05,0.9998796,237
276,22390,31454,0.74, soil,2,2054,all_user_tags,assistant,1.2995272e-06,2.004057e-06,2.4765563e-05,0.999972,238
277,31454,23364,0.98, consistently,2,2055,all_user_tags,assistant,1.05301574e-07,1.5265296e-09,6.306624e-06,0.99999356,239
278,23364,889,0.99, moist,2,2056,all_user_tags,assistant,4.391116e-08,1.7532699e-09,6.876373e-05,0.9999312,240
279,889,625,0.98, but,2,2057,all_user_tags,assistant,3.9655781e-10,1.0474815e-11,1.1755191e-07,0.9999999,241
280,625,24712,0.89, not,2,2058,all_user_tags,assistant,2.6894625e-07,1.8314385e-08,2.7021733e-05,0.9999727,242
281,24712,4544,1.0, sog,2,2059,all_user_tags,assistant,7.1026415e-07,5.8642406e-08,0.00033669051,0.9996625,243
282,4544,13,0.68,gy,2,2060,all_user_tags,assistant,2.5291373e-09,1.557392e-10,1.3578837e-05,0.9999864,244
283,13,12303,0.48,.,2,2061,all_user_tags,assistant,3.4749068e-08,9.806805e-10,8.330326e-05,0.9999167,245
284,3813,261,0.18, With,2,2062,all_user_tags,assistant,2.6612133e-07,1.7410505e-07,0.0166148,0.9833847,246
285,10609,503,0.53, heat,2,2063,all_user_tags,assistant,1.4282082e-06,3.3807474e-08,0.00094672025,0.99905187,247
286,11,481,0.32,",",2,2064,all_user_tags,assistant,1.1540732e-07,4.606345e-09,3.9831535e-05,0.99996006,248
287,481,1340,0.73, you,2,2065,all_user_tags,assistant,1.3449493e-07,1.5887686e-09,6.777324e-06,0.9999931,249
288,4720,1309,0.93,’ll,2,2066,all_user_tags,assistant,3.754129e-07,2.7292493e-09,0.00016454837,0.999835,250
289,1309,316,0.62, need,2,2067,all_user_tags,assistant,1.7490112e-07,7.555934e-09,0.00023936185,0.99976045,251
290,316,3411,0.85, to,2,2068,all_user_tags,assistant,1.2290258e-07,1.6923651e-09,4.4755572e-05,0.9999552,252
291,3411,945,0.63, water,2,2069,all_user_tags,assistant,3.9408795e-07,1.0721937e-08,2.7203963e-05,0.99997234,253
292,945,4783,0.89, more,2,2070,all_user_tags,assistant,9.439053e-08,1.4999896e-08,3.6595293e-06,0.9999962,254
293,4783,2322,0.48, often,2,2071,all_user_tags,assistant,3.7647138e-07,2.0130853e-09,1.8315688e-05,0.9999813,255
294,350,50492,0.31, (,2,2072,all_user_tags,assistant,1.3276648e-08,1.5248237e-10,0.0002905124,0.9997094,256
295,87311,503,0.56,daily,2,2073,all_user_tags,assistant,1.780056e-05,6.1628447e-07,0.0005521355,0.9994294,257
296,503,1753,0.99, or,2,2074,all_user_tags,assistant,5.983076e-08,1.2357407e-07,5.2911484e-05,0.99994695,258
297,1753,1273,0.91, every,2,2075,all_user_tags,assistant,3.5690205e-06,9.533201e-08,0.07046015,0.9295362,259
298,1273,2163,1.0, other,2,2076,all_user_tags,assistant,1.7642763e-07,2.3281862e-08,0.0038595914,0.9961402,260
299,2163,741,0.43, day,2,2077,all_user_tags,assistant,1.0573884e-07,1.0632792e-08,0.0001977723,0.9998022,261
300,6294,12,1.0,").
",2,2078,all_user_tags,assistant,3.3861625e-10,3.035602e-14,1.2752844e-06,0.9999987,262
301,12,6240,1.0,-,2,2079,all_user_tags,assistant,2.2153623e-09,1.4225635e-10,8.114905e-05,0.9999188,263
302,6240,37,0.71, **,2,2080,all_user_tags,assistant,1.0165333e-09,5.5803834e-10,2.4301041e-06,0.9999976,264
303,37,189301,1.0,F,2,2081,all_user_tags,assistant,6.7826695e-06,1.1460183e-06,0.00036541812,0.99962664,265
304,189301,4492,1.0,ertil,2,2082,all_user_tags,assistant,7.213544e-10,1.1978655e-09,5.1992753e-08,1.0,266
305,4492,142760,1.0,izer,2,2083,all_user_tags,assistant,5.3174683e-12,7.391023e-13,1.28146835e-08,1.0,267
306,142760,7972,0.66,:**,2,2084,all_user_tags,assistant,1.141057e-09,1.5536912e-11,3.9618337e-07,0.99999964,268
307,7649,261,1.0, Use,2,2085,all_user_tags,assistant,2.4083338e-09,1.0164918e-10,2.7381413e-06,0.99999726,269
308,261,32879,0.99, a,2,2086,all_user_tags,assistant,3.5636898e-08,1.9282874e-08,6.610948e-06,0.9999933,270
309,32879,41372,0.39, balanced,2,2087,all_user_tags,assistant,4.4062617e-08,7.1004957e-09,3.778969e-05,0.9999622,271
310,350,702,0.67, (,2,2088,all_user_tags,assistant,8.257964e-06,2.73939e-07,2.8845672e-05,0.99996257,272
311,68,1940,1.0,e,2,2089,all_user_tags,assistant,4.1544412e-10,1.1997886e-13,3.6628676e-06,0.9999963,273
312,1940,4213,0.99,.g,2,2090,all_user_tags,assistant,5.3049794e-06,1.5034179e-07,2.482867e-05,0.9999697,274
313,4213,220,0.99,".,",2,2091,all_user_tags,assistant,8.1474276e-08,6.2963093e-09,4.8998365e-05,0.9999509,275
314,220,702,0.95, ,2,2092,all_user_tags,assistant,1.1716974e-06,1.7664587e-06,5.6509725e-05,0.9999405,276
315,702,50005,0.88,10,2,2093,all_user_tags,assistant,5.2929412e-08,1.7915541e-09,2.462408e-05,0.9999753,277
316,12,702,1.0,-,2,2094,all_user_tags,assistant,1.0770096e-06,3.2160558e-06,1.3618995e-05,0.9999821,278
317,702,12,1.0,10,2,2095,all_user_tags,assistant,2.8704886e-07,8.466788e-07,2.1244557e-06,0.9999968,279
318,12,702,1.0,-,2,2096,all_user_tags,assistant,3.0216825e-06,1.0440225e-06,0.00014559033,0.9998503,280
319,702,8,0.99,10,2,2097,all_user_tags,assistant,4.8705e-08,2.1964612e-09,0.00016944515,0.9998305,281
320,8,503,0.76,),2,2098,all_user_tags,assistant,1.4215536e-08,4.504556e-09,2.934544e-05,0.9999707,282
321,503,59604,0.42, or,2,2099,all_user_tags,assistant,1.781882e-09,6.599357e-11,4.0561135e-06,0.99999595,283
322,59604,50005,0.98, tomato,2,2100,all_user_tags,assistant,4.2557616e-08,2.8937464e-09,2.6154005e-06,0.9999974,284
323,31999,92224,0.6,-specific,2,2101,all_user_tags,assistant,6.0094996e-10,1.5136513e-10,1.8264636e-06,0.9999982,285
324,92224,13,0.33, fertilizer,2,2102,all_user_tags,assistant,1.1431404e-08,6.2015737e-10,1.913276e-06,0.9999981,286
325,13,43297,0.59,.,2,2103,all_user_tags,assistant,2.621799e-07,1.8676381e-10,3.5720298e-06,0.9999962,287
326,7972,483,0.68, Start,2,2104,all_user_tags,assistant,3.552521e-07,5.06387e-10,1.2181224e-05,0.9999875,288
327,483,261,0.94, with,2,2105,all_user_tags,assistant,2.7378198e-06,5.3568133e-08,1.0501197e-06,0.9999962,289
328,261,4207,0.68, a,2,2106,all_user_tags,assistant,4.927733e-07,2.8999619e-08,2.7257174e-06,0.9999968,290
329,4207,7685,0.5, light,2,2107,all_user_tags,assistant,2.6985245e-07,7.396058e-10,1.6428274e-05,0.9999833,291
330,7685,540,0.43, feed,2,2108,all_user_tags,assistant,5.3387153e-06,7.2504584e-08,4.807266e-06,0.99998975,292
331,1261,290,0.66, when,2,2109,all_user_tags,assistant,1.635851e-05,2.8060663e-07,7.190795e-05,0.9999114,293
332,290,1577,0.95, the,2,2110,all_user_tags,assistant,0.000179636,2.883824e-05,0.00055170705,0.9992398,294
333,1577,1343,0.36, first,2,2111,all_user_tags,assistant,3.0034333e-05,2.8274455e-06,0.00090848585,0.99905866,295
334,1343,15657,1.0, true,2,2112,all_user_tags,assistant,1.0955116e-05,3.1916292e-09,9.756364e-06,0.99997926,296
335,15657,7680,0.98, leaves,2,2113,all_user_tags,assistant,0.00065292197,4.3017766e-07,0.0011059189,0.9982407,297
336,7680,11,0.88, appear,2,2114,all_user_tags,assistant,1.7368041e-08,2.0357986e-09,0.00016867416,0.9998313,298
337,11,1815,0.99,",",2,2115,all_user_tags,assistant,1.3445284e-06,8.209047e-10,8.09659e-06,0.9999906,299
338,1815,6160,0.87, then,2,2116,all_user_tags,assistant,9.140396e-06,6.247457e-09,4.886866e-05,0.99994195,300
339,6160,316,1.0, switch,2,2117,all_user_tags,assistant,6.3035363e-06,1.3266839e-07,0.00021876524,0.99977475,301
340,316,261,0.98, to,2,2118,all_user_tags,assistant,1.8764712e-06,5.2163364e-07,1.0364782e-05,0.99998724,302
341,261,7266,0.58, a,2,2119,all_user_tags,assistant,2.2744508e-07,2.0413493e-07,5.7580364e-05,0.99994195,303
342,4465,50005,1.0, low,2,2120,all_user_tags,assistant,2.6837785e-07,6.322081e-07,4.0300733e-05,0.99995875,304
343,84169,32274,0.94,-ph,2,2121,all_user_tags,assistant,2.7997243e-07,1.3877576e-07,2.718737e-06,0.9999969,305
344,32274,42088,0.99,osph,2,2122,all_user_tags,assistant,5.605607e-06,1.0516339e-05,7.045569e-05,0.99991345,306
345,42088,11,0.49,orus,2,2123,all_user_tags,assistant,1.405256e-06,7.266882e-07,3.6871326e-05,0.999961,307
346,11,1932,0.82,",",2,2124,all_user_tags,assistant,1.5347576e-06,1.0609665e-06,1.815893e-05,0.99997926,308
347,1932,172972,0.77, high,2,2125,all_user_tags,assistant,1.809449e-06,6.4897627e-06,3.9105445e-05,0.99995255,309
348,172972,72659,0.98,-pot,2,2126,all_user_tags,assistant,1.2402916e-09,2.3621732e-13,1.1362797e-05,0.9999887,310
349,72659,966,0.47,assium,2,2127,all_user_tags,assistant,1.3756852e-06,3.0982582e-07,4.6499146e-05,0.99995184,311
350,25306,350,0.83, blend,2,2128,all_user_tags,assistant,1.0337021e-08,3.4905753e-10,7.753399e-07,0.99999917,312
351,350,68,0.42, (,2,2129,all_user_tags,assistant,8.943436e-06,1.088431e-07,0.00024154662,0.99974936,313
352,68,1940,1.0,e,2,2130,all_user_tags,assistant,5.3112e-10,4.9325355e-13,1.5056533e-05,0.999985,314
353,1940,4213,1.0,.g,2,2131,all_user_tags,assistant,3.557734e-07,2.5606704e-11,2.4944042e-05,0.9999747,315
354,4213,220,0.99,".,",2,2132,all_user_tags,assistant,5.5880205e-06,1.1155206e-07,0.0016796011,0.99831474,316
355,220,20,0.87, ,2,2133,all_user_tags,assistant,3.805642e-06,4.165625e-06,0.00039159102,0.99960047,317
356,19,12,0.76,4,2,2134,all_user_tags,assistant,2.121052e-05,3.6165663e-06,0.0008313079,0.99914384,318
357,12,702,0.23,-,2,2135,all_user_tags,assistant,8.214875e-07,2.84161e-07,5.4451597e-05,0.99994445,319
358,702,12,1.0,10,2,2136,all_user_tags,assistant,0.0004033175,8.4477637e-07,0.00034903907,0.99924684,320
359,12,702,0.42,-,2,2137,all_user_tags,assistant,4.028908e-07,5.9092207e-07,3.178375e-05,0.9999672,321
360,702,8,0.99,10,2,2138,all_user_tags,assistant,2.8003258e-06,5.982766e-07,2.2020598e-05,0.9999746,322
361,8,4730,0.59,),2,2139,all_user_tags,assistant,3.0160567e-08,5.4366694e-08,9.304581e-06,0.9999906,323
362,4730,15310,0.87, once,2,2140,all_user_tags,assistant,3.0971973e-05,7.5530915e-07,0.00022542229,0.9997428,324
363,15310,13217,0.42, fruit,2,2141,all_user_tags,assistant,0.001102692,1.1806388e-06,4.458466e-05,0.99885154,325
364,289,18015,0.68,ing,2,2142,all_user_tags,assistant,9.0371715e-05,8.3787575e-07,0.00022394749,0.9996848,326
365,18015,558,0.62, begins,2,2143,all_user_tags,assistant,2.2820232e-09,1.4421056e-10,7.3121475e-05,0.9999269,327
366,13,43297,0.38,.,2,2144,all_user_tags,assistant,7.5644635e-10,1.12496845e-10,1.5123345e-06,0.99999845,328
367,17547,290,0.51, Follow,2,2145,all_user_tags,assistant,5.840367e-10,3.26066e-12,2.3562316e-06,0.9999976,329
368,4208,9837,0.81, label,2,2146,all_user_tags,assistant,2.1698088e-09,9.119205e-12,1.4656466e-05,0.99998534,330
369,15543,2322,0.34, instructions,2,2147,all_user_tags,assistant,8.728956e-09,4.490107e-11,6.127633e-06,0.9999939,331
370,395,22586,0.25, for,2,2148,all_user_tags,assistant,4.3839805e-08,6.944284e-10,5.2864336e-05,0.9999471,332
371,9762,50005,0.72, mix,2,2149,all_user_tags,assistant,0.00037094278,1.5060335e-05,0.035069752,0.9645443,333
372,69972,558,0.86, ratios,2,2150,all_user_tags,assistant,2.9863187e-09,4.0271512e-11,1.5215933e-06,0.99999845,334
373,558,12,1.0,".
",2,2151,all_user_tags,assistant,1.0553664e-08,3.3128183e-12,1.8440584e-06,0.9999981,335
374,12,6240,1.0,-,2,2152,all_user_tags,assistant,1.5593917e-08,9.4501325e-12,1.3099445e-05,0.9999869,336
375,6240,13863,0.66, **,2,2153,all_user_tags,assistant,6.152086e-11,7.6109735e-13,4.5527332e-07,0.9999995,337
376,13863,9858,0.74,Other,2,2154,all_user_tags,assistant,6.657087e-11,8.101523e-13,1.4564704e-06,0.99999857,338
377,2140,9858,0.96, key,2,2155,all_user_tags,assistant,2.198371e-09,1.0962594e-10,4.2800575e-06,0.9999957,339
378,9858,142760,0.86, tips,2,2156,all_user_tags,assistant,4.9785914e-10,5.011957e-14,5.429902e-08,1.0,340
379,25,1612,1.0,:,2,2157,all_user_tags,assistant,2.7616703e-05,7.2272e-09,0.00078399666,0.99918836,341
380,1612,220,0.99,"**
",2,2158,all_user_tags,assistant,8.0682755e-10,1.738986e-14,1.1312488e-06,0.9999989,342
381,220,533,0.77, ,2,2159,all_user_tags,assistant,1.0804965e-08,1.9977273e-12,3.4976404e-07,0.99999964,343
382,533,6240,0.61, -,2,2160,all_user_tags,assistant,3.8202444e-08,9.890289e-11,2.0665611e-06,0.99999785,344
383,6240,5808,0.91, **,2,2161,all_user_tags,assistant,3.892581e-10,1.8127947e-11,3.7806603e-06,0.9999962,345
384,5808,311,1.0,So,2,2162,all_user_tags,assistant,4.701991e-07,3.163173e-08,8.458912e-05,0.9999149,346
385,311,275,0.46,il,2,2163,all_user_tags,assistant,6.9219147e-10,4.2820712e-11,2.4579003e-06,0.9999975,347
386,275,39,1.0, p,2,2164,all_user_tags,assistant,3.826084e-07,0.00044348597,1.5471617e-06,0.9995546,348
387,39,142760,0.41,H,2,2165,all_user_tags,assistant,3.831678e-09,3.8613543e-09,1.0198245e-07,0.9999999,349
388,142760,220,0.78,:**,2,2166,all_user_tags,assistant,9.996697e-07,1.337413e-09,2.0036359e-07,0.9999988,350
389,220,21,1.0, ,2,2167,all_user_tags,assistant,4.6104276e-09,7.46445e-08,7.5445956e-07,0.99999917,351
390,21,13,1.0,6,2,2168,all_user_tags,assistant,4.025387e-09,1.1167719e-09,1.0175706e-07,0.9999999,352
391,13,15,0.9,.,2,2169,all_user_tags,assistant,6.056654e-08,8.150277e-11,3.090402e-06,0.9999969,353
392,15,1585,0.64,0,2,2170,all_user_tags,assistant,3.480383e-07,8.8329344e-11,3.4236612e-07,0.9999993,354
393,1585,21,1.0,–,2,2171,all_user_tags,assistant,1.922462e-10,2.0636577e-10,3.141915e-07,0.99999964,355
394,21,13,1.0,6,2,2172,all_user_tags,assistant,1.6679316e-09,1.6891104e-08,9.818749e-08,0.9999999,356
395,13,23,1.0,.,2,2173,all_user_tags,assistant,4.2840855e-09,8.4481846e-13,2.5028044e-06,0.9999975,357
396,23,395,0.38,8,2,2174,all_user_tags,assistant,1.0510169e-06,1.201644e-09,4.900097e-07,0.99999845,358
397,395,24174,0.57, for,2,2175,all_user_tags,assistant,1.3499877e-05,1.9074653e-06,3.649301e-05,0.99994814,359
398,1636,72324,0.66, best,2,2176,all_user_tags,assistant,9.740522e-08,5.7606555e-11,1.1162772e-05,0.9999888,360
399,72324,108958,0.99, nutrient,2,2177,all_user_tags,assistant,5.010968e-08,3.9451334e-10,6.852645e-08,0.9999999,361
400,108958,558,0.75, uptake,2,2178,all_user_tags,assistant,6.0219847e-09,3.9975384e-12,8.360639e-08,0.9999999,362
401,558,220,1.0,".
",2,2179,all_user_tags,assistant,5.2207315e-07,2.9316902e-10,2.2622018e-05,0.9999769,363
402,220,533,0.88, ,2,2180,all_user_tags,assistant,4.3953214e-08,2.8952129e-11,3.1839573e-07,0.99999964,364
403,533,6240,1.0, -,2,2181,all_user_tags,assistant,4.2675308e-09,2.1082273e-11,3.1217186e-07,0.99999964,365
404,6240,67854,0.63, **,2,2182,all_user_tags,assistant,5.3532374e-09,1.6670717e-11,2.269537e-05,0.99997735,366
405,67854,332,1.0,Mul,2,2183,all_user_tags,assistant,4.7840425e-09,5.791676e-12,3.4190286e-08,1.0,367
406,332,142760,0.73,ch,2,2184,all_user_tags,assistant,2.4698008e-07,1.2424873e-11,1.3081984e-07,0.99999964,368
407,142760,28921,0.37,:**,2,2185,all_user_tags,assistant,1.3299104e-06,1.9805534e-10,2.021913e-05,0.9999784,369
408,355,220,0.73, A,2,2186,all_user_tags,assistant,0.00016768613,7.9203005e-08,0.0030923164,0.9967399,370
409,220,17,0.97, ,2,2187,all_user_tags,assistant,3.7170946e-06,3.2917033e-08,0.00033848957,0.99965775,371
410,17,1585,0.72,2,2,2188,all_user_tags,assistant,2.9055053e-07,6.77467e-11,1.9093151e-05,0.99998057,372
411,1585,18,0.98,–,2,2189,all_user_tags,assistant,1.3153771e-08,2.6987816e-09,3.861269e-05,0.9999614,373
412,18,35971,0.88,3,2,2190,all_user_tags,assistant,3.5566325e-05,8.4920394e-08,6.3705855e-05,0.9999006,374
413,306,10261,0.98, in,2,2191,all_user_tags,assistant,5.9279184e-05,9.400875e-08,5.4789165e-05,0.9998858,375
414,10261,328,0.95, layer,2,2192,all_user_tags,assistant,1.4596312e-05,9.481823e-09,0.00029321646,0.9996922,376
415,18295,22390,0.49, keeps,2,2193,all_user_tags,assistant,0.000117531905,2.5335417e-08,0.00047009307,0.9994124,377
416,22390,8157,0.53, soil,2,2194,all_user_tags,assistant,4.0239698e-05,3.7851387e-06,0.0004551609,0.99950075,378
417,8157,11,0.83, cool,2,2195,all_user_tags,assistant,7.749858e-05,4.2320375e-05,0.009775825,0.9901044,379
418,11,87383,0.44,",",2,2196,all_user_tags,assistant,1.2368555e-06,7.2491946e-10,0.0013221864,0.9986766,380
419,87383,36036,1.0, retains,2,2197,all_user_tags,assistant,0.00010486898,3.949353e-05,0.00018741134,0.99966824,381
420,36036,11,0.98, moisture,2,2198,all_user_tags,assistant,2.0909197e-06,1.3273657e-08,1.7748884e-05,0.9999801,382
421,11,326,1.0,",",2,2199,all_user_tags,assistant,4.161551e-07,1.5320444e-09,8.487272e-05,0.99991465,383
422,326,38566,0.72, and,2,2200,all_user_tags,assistant,1.1813266e-06,1.4576838e-08,0.0027503248,0.9972485,384
423,38566,98992,0.86, reduces,2,2201,all_user_tags,assistant,7.0128243e-07,1.5493102e-09,0.00019220538,0.99980706,385
424,98992,558,0.99, weeds,2,2202,all_user_tags,assistant,5.9573846e-05,4.6857426e-08,0.0014960199,0.9984444,386
425,558,220,1.0,".
",2,2203,all_user_tags,assistant,2.3696823e-06,3.5536013e-10,2.1125967e-05,0.9999765,387
426,220,533,0.74, ,2,2204,all_user_tags,assistant,6.3865133e-07,4.807893e-10,1.3370758e-05,0.99998593,388
427,533,6240,1.0, -,2,2205,all_user_tags,assistant,1.5668298e-05,4.76759e-10,0.0014688331,0.99851555,389
428,6240,10768,0.6, **,2,2206,all_user_tags,assistant,7.739024e-09,2.858735e-11,0.00017138694,0.9998286,390
429,10768,142760,1.0,Support,2,2207,all_user_tags,assistant,1.9073013e-06,2.0928954e-10,4.6265377e-05,0.99995184,391
430,142760,137247,0.84,:**,2,2208,all_user_tags,assistant,2.7641947e-05,2.411877e-09,0.0028096559,0.99716264,392
431,137247,503,0.99, Stake,2,2209,all_user_tags,assistant,5.3716525e-05,2.473839e-10,2.3457726e-05,0.9999229,393
432,503,61908,0.96, or,2,2210,all_user_tags,assistant,3.6292763e-06,3.4050937e-10,0.00042104642,0.9995753,394
433,61908,6047,0.76, cage,2,2211,all_user_tags,assistant,0.0008618467,2.1007514e-08,0.0002884927,0.99884963,395
434,6047,316,0.58, early,2,2212,all_user_tags,assistant,8.685012e-05,1.2705477e-09,0.023687018,0.97622615,396
435,26,55866,0.43,;,2,2213,all_user_tags,assistant,0.00037472838,1.972583e-08,0.032491755,0.96713346,397
436,34110,289,0.19, erect,2,2214,all_user_tags,assistant,0.0038830962,5.690975e-06,0.42695588,0.5691554,398
437,289,17203,0.33,ing,2,2215,all_user_tags,assistant,1.1238163e-05,2.2339826e-09,0.031014921,0.9689738,399
438,290,2498,0.5, the,2,2216,all_user_tags,assistant,0.0017892587,5.1655497e-06,0.06396272,0.9342429,400
439,2498,2254,0.5, support,2,2217,all_user_tags,assistant,0.00033633434,1.5991086e-08,0.0117302425,0.98793346,401
440,2049,290,0.81, while,2,2218,all_user_tags,assistant,0.0005854072,1.8846931e-07,0.031826377,0.967588,402
441,290,6804,0.97, the,2,2219,all_user_tags,assistant,0.0010690057,1.2856709e-06,0.012489682,0.98644,403
442,6804,382,0.99, plant,2,2220,all_user_tags,assistant,5.3524896e-06,6.177863e-08,0.00021752602,0.999777,404
443,382,2928,0.46, is,2,2221,all_user_tags,assistant,3.528799e-05,1.1206602e-09,0.006341107,0.9936237,405
444,2928,3291,0.92, still,2,2222,all_user_tags,assistant,2.2401353e-05,2.4887447e-08,0.0062053595,0.9937722,406
445,3291,46396,0.52, small,2,2223,all_user_tags,assistant,1.540842e-07,2.0130992e-11,0.012128336,0.9878715,407
446,4787,480,0.44, makes,2,2224,all_user_tags,assistant,5.327076e-06,3.227033e-11,0.00058122206,0.9994135,408
447,135775,11087,0.71, pruning,2,2225,all_user_tags,assistant,5.17042e-06,1.1495208e-08,0.007089366,0.9929054,409
448,11087,558,0.87, easier,2,2226,all_user_tags,assistant,6.718285e-08,4.994062e-12,0.0004287151,0.99957126,410
449,558,220,1.0,".
",2,2227,all_user_tags,assistant,0.0003330132,1.197036e-09,0.00026417,0.99940276,411
450,220,533,1.0, ,2,2228,all_user_tags,assistant,2.6206333e-06,1.3186698e-10,0.0022397987,0.9977576,412
451,533,6240,1.0, -,2,2229,all_user_tags,assistant,6.79025e-07,3.75453e-11,0.00025363793,0.99974567,413
452,6240,2938,0.98, **,2,2230,all_user_tags,assistant,2.3721292e-08,7.320569e-11,0.0035626697,0.9964373,414
453,2938,30541,0.75,Pr,2,2231,all_user_tags,assistant,5.981831e-05,1.9384708e-05,0.0012621826,0.99865866,415
454,30541,142760,0.98,uning,2,2232,all_user_tags,assistant,8.668784e-07,2.2983924e-09,0.00039177304,0.9996074,416
455,142760,18141,0.82,:**,2,2233,all_user_tags,assistant,6.7869786e-07,5.626235e-10,0.01942345,0.98057586,417
456,18141,31485,0.78, Remove,2,2234,all_user_tags,assistant,9.2373415e-07,1.100811e-09,0.00096221355,0.9990369,418
457,31485,409,1.0, suck,2,2235,all_user_tags,assistant,6.895796e-05,1.5527613e-07,0.000261114,0.9996698,419
458,409,306,0.59,ers,2,2236,all_user_tags,assistant,1.7610111e-05,1.0830062e-08,0.0010095157,0.9989729,420
459,306,290,0.99, in,2,2237,all_user_tags,assistant,0.000176155,5.1086704e-07,0.084057085,0.9157663,421
460,290,2758,0.78, the,2,2238,all_user_tags,assistant,0.00082875165,5.6697822e-06,0.0060658036,0.9930998,422
461,2758,22231,1.0, main,2,2239,all_user_tags,assistant,9.319569e-05,1.3371402e-08,0.0005376302,0.9993692,423
462,33801,316,0.27, vine,2,2240,all_user_tags,assistant,8.977432e-06,6.8158107e-10,0.00029663302,0.99969447,424
463,802,1577,0.35,’s,2,2241,all_user_tags,assistant,0.000106121835,2.5111788e-08,0.0017964611,0.99809736,425
464,1577,220,0.36, first,2,2242,all_user_tags,assistant,0.0016795561,1.7086191e-07,0.030255936,0.96806437,426
465,220,19,0.23, ,2,2243,all_user_tags,assistant,0.030232659,4.630329e-05,0.56686825,0.40285283,427
466,19,1585,0.97,4,2,2244,all_user_tags,assistant,1.0921964e-05,1.1198138e-09,0.0025604994,0.9974286,428
467,1585,21,0.65,–,2,2245,all_user_tags,assistant,4.8497433e-05,6.7143804e-07,0.05180156,0.9481492,429
468,21,21185,0.41,6,2,2246,all_user_tags,assistant,8.0960297e-07,7.909345e-11,0.0001993614,0.9997999,430
469,21185,316,0.83, inches,2,2247,all_user_tags,assistant,8.118878e-05,2.1571324e-08,0.08741414,0.9125047,431
470,316,5184,0.51, to,2,2248,all_user_tags,assistant,1.5291064e-06,3.598513e-09,0.010437759,0.9895607,432
471,5184,5954,0.98, focus,2,2249,all_user_tags,assistant,2.3978566e-07,2.1052835e-09,5.1821375e-05,0.9999479,433
472,5954,402,1.0, energy,2,2250,all_user_tags,assistant,2.3611507e-08,9.35918e-12,2.4403873e-06,0.9999975,434
473,402,15310,0.99, on,2,2251,all_user_tags,assistant,2.9139796e-05,1.6718453e-09,0.00013734265,0.99983346,435
474,15310,558,0.64, fruit,2,2252,all_user_tags,assistant,6.6956727e-06,1.606512e-10,1.13769765e-05,0.9999819,436
475,558,220,1.0,".
",2,2253,all_user_tags,assistant,8.165795e-05,4.0486805e-11,2.4041508e-05,0.99989426,437
476,220,533,1.0, ,2,2254,all_user_tags,assistant,1.69045e-05,6.804143e-11,2.512311e-06,0.99998057,438
477,533,6240,1.0, -,2,2255,all_user_tags,assistant,1.4715083e-06,2.1704775e-10,0.0002822658,0.9997162,439
478,6240,47,0.75, **,2,2256,all_user_tags,assistant,8.0137916e-08,9.852686e-10,0.026097866,0.97390205,440
479,47,376,0.85,P,2,2257,all_user_tags,assistant,8.133169e-05,1.1365657e-07,0.0077222004,0.9921963,441
480,376,3580,0.45,est,2,2258,all_user_tags,assistant,3.214172e-06,2.864304e-09,0.0010683172,0.9989285,442
481,5621,142760,1.0, watch,2,2259,all_user_tags,assistant,0.0003897237,1.0669908e-06,0.05249114,0.9471181,443
482,142760,16835,0.49,:**,2,2260,all_user_tags,assistant,0.002641473,7.263866e-08,0.3387406,0.6586179,444
483,16835,448,0.88, Keep,2,2261,all_user_tags,assistant,0.009572401,4.1661424e-06,0.91482854,0.07559488,445
484,448,10952,1.0, an,2,2262,all_user_tags,assistant,0.0017483887,2.968286e-07,0.6363959,0.3618554,446
485,10952,402,0.85, eye,2,2263,all_user_tags,assistant,2.8764616e-05,2.1548324e-07,0.98901165,0.010959332,447
486,402,72108,0.94, on,2,2264,all_user_tags,assistant,0.004143824,1.9270028e-07,0.46787497,0.527981,448
487,72108,3375,1.0, aph,2,2265,all_user_tags,assistant,0.004242135,6.7928515e-05,0.92646766,0.06922226,449
488,3375,11,0.94,ids,2,2266,all_user_tags,assistant,0.0010586424,2.2904835e-07,0.96591926,0.03302189,450
489,11,6461,0.88,",",2,2267,all_user_tags,assistant,5.8474594e-05,2.0700526e-09,0.058676224,0.9412653,451
490,6461,75553,0.97, white,2,2268,all_user_tags,assistant,0.0063857813,3.6884314e-05,0.17944153,0.81413585,452
491,75553,11,0.99,flies,2,2269,all_user_tags,assistant,0.0050229314,1.303578e-06,0.771623,0.22335276,453
492,11,326,1.0,",",2,2270,all_user_tags,assistant,0.0012182955,8.461762e-09,0.20319611,0.7955856,454
493,326,59604,0.35, and,2,2271,all_user_tags,assistant,4.821582e-06,1.4261636e-10,0.029891428,0.9701037,455
494,59604,39993,0.78, tomato,2,2272,all_user_tags,assistant,6.4237474e-06,1.2392103e-07,0.0019975854,0.99799585,456
495,39993,173523,0.93, horn,2,2273,all_user_tags,assistant,0.00023596875,1.6577977e-05,0.029967565,0.9697799,457
496,173523,26,0.88,worms,2,2274,all_user_tags,assistant,0.02426425,2.2691931e-06,0.33532447,0.640409,458
497,26,1199,0.5,;,2,2275,all_user_tags,assistant,0.004085548,1.186961e-06,0.48676077,0.5091525,459
498,1803,50005,0.84, hand,2,2276,all_user_tags,assistant,0.09326405,1.75796e-05,0.75813437,0.14858401,460
499,3161,1003,0.97,-p,2,2277,all_user_tags,assistant,0.44559318,0.00054556964,0.28547594,0.2683853,461
500,1003,503,0.96,ick,2,2278,all_user_tags,assistant,0.040747315,5.9225928e-05,0.020121885,0.9390716,462
501,503,1199,0.93, or,2,2279,all_user_tags,assistant,0.0014512148,3.909182e-06,0.9551247,0.04342018,463
502,1199,58684,0.35, use,2,2280,all_user_tags,assistant,0.00014396397,2.7659593e-07,0.6238771,0.37597865,464
503,58684,7396,0.9, neem,2,2281,all_user_tags,assistant,6.859692e-06,1.0607791e-09,0.010150512,0.9898426,465
504,7396,538,0.86, oil,2,2282,all_user_tags,assistant,2.3040939e-05,1.4383791e-07,0.029065533,0.9709112,466
505,538,6118,0.97, if,2,2283,all_user_tags,assistant,0.00051875226,1.2516112e-07,0.5878503,0.41163093,467
506,6118,558,0.72, needed,2,2284,all_user_tags,assistant,4.4730473e-07,3.6780895e-12,0.0013215283,0.998678,468
507,558,220,0.82,".
",2,2285,all_user_tags,assistant,8.39225e-06,2.8635952e-10,4.59634e-05,0.99994564,469
508,2886,1879,0.53,With,2,2286,all_user_tags,assistant,2.0683977e-09,1.2110443e-12,2.9739558e-06,0.999997,470
509,7334,11,1.0, sun,2,2287,all_user_tags,assistant,7.2748204e-05,5.432048e-09,0.00093472755,0.9989925,471
510,11,37403,0.69,",",2,2288,all_user_tags,assistant,2.3814163e-08,3.5736695e-11,2.9701621e-05,0.9999703,472
511,37403,36036,0.76, steady,2,2289,all_user_tags,assistant,1.0579055e-06,6.6235124e-09,5.083647e-05,0.99994814,473
512,36036,11,1.0, moisture,2,2290,all_user_tags,assistant,6.491305e-08,4.0871584e-11,4.597955e-07,0.9999995,474
513,11,290,0.36,",",2,2291,all_user_tags,assistant,6.149268e-10,2.1640406e-11,5.105252e-05,0.999949,475
514,290,1849,1.0, the,2,2292,all_user_tags,assistant,3.1198546e-08,4.424958e-11,0.0007818715,0.9992181,476
515,1849,92224,0.64, right,2,2293,all_user_tags,assistant,1.6771515e-09,6.084612e-12,5.142235e-05,0.9999486,477
516,92224,11,0.85, fertilizer,2,2294,all_user_tags,assistant,5.001042e-09,2.6235716e-10,4.4878266e-06,0.99999547,478
517,11,326,0.99,",",2,2295,all_user_tags,assistant,1.4281945e-10,1.1879112e-12,8.4448046e-05,0.9999156,479
518,326,261,0.89, and,2,2296,all_user_tags,assistant,1.0419702e-09,6.207045e-11,3.3197477e-05,0.99996686,480
519,261,3546,0.51, a,2,2297,all_user_tags,assistant,1.0176296e-07,3.970874e-09,0.0044791442,0.9955207,481
520,3389,2498,0.31, little,2,2298,all_user_tags,assistant,3.8041566e-08,4.776211e-10,0.00015564005,0.9998443,482
521,135775,11,0.93, pruning,2,2299,all_user_tags,assistant,2.1815342e-06,7.1985234e-10,0.0001539039,0.99984384,483
522,11,481,0.95,",",2,2300,all_user_tags,assistant,4.1566077e-06,2.7890217e-09,0.0056487857,0.99434704,484
523,481,4720,0.99, you,2,2301,all_user_tags,assistant,2.4981736e-07,7.712946e-09,0.0091387695,0.99086094,485
524,4720,679,0.26,’ll,2,2302,all_user_tags,assistant,7.321558e-06,2.8205092e-09,0.18893787,0.81105477,486
525,4271,261,0.54, enjoy,2,2303,all_user_tags,assistant,5.734275e-07,3.030812e-11,0.009317817,0.9906816,487
526,93206,55866,0.89, juicy,2,2304,all_user_tags,assistant,1.3296726e-07,6.096059e-13,0.00090784964,0.999092,488
527,55866,306,0.97, tomatoes,2,2305,all_user_tags,assistant,1.3564446e-05,7.4406736e-10,0.0005176221,0.99946886,489
528,306,261,0.54, in,2,2306,all_user_tags,assistant,1.8642982e-05,5.8068204e-09,0.078447655,0.9215337,490
529,261,3120,0.74, a,2,2307,all_user_tags,assistant,9.3316485e-05,3.445524e-08,0.8755946,0.124312036,491
530,3120,5503,0.71, few,2,2308,all_user_tags,assistant,1.33877365e-05,9.181108e-09,0.003093598,0.9968929,492
531,5503,0,0.64, months,2,2309,all_user_tags,assistant,9.265433e-06,1.945897e-11,0.0024434363,0.9975473,493
533,18009,11,0.42,Oh,2,2311,all_user_tags,user,9.310321e-07,0.015341273,0.1314483,0.8532095,494
534,8157,0,0.86, cool,2,2312,all_user_tags,user,3.7831666e-07,0.00032198592,0.001555119,0.9981225,495
535,11,35717,0.25,",",2,2313,all_user_tags,user,2.1084008e-06,0.3162649,0.070215255,0.6135177,496
536,11707,0,0.66, thanks,2,2314,all_user_tags,user,9.0167705e-06,0.9687455,0.021568049,0.009677432,497
537,2618,793,0.12,!!,2,2315,all_user_tags,user,6.686413e-05,0.92548,0.0113176955,0.063135505,498
538,16349,30,0.15, Where,2,2316,all_user_tags,user,0.00034207627,0.8502156,0.015217418,0.13422489,499
539,885,290,0.28,'s,2,2317,all_user_tags,user,2.0190839e-05,0.5097122,0.0005673656,0.48970026,500
540,290,10606,0.27, the,2,2318,all_user_tags,user,5.184125e-06,0.8286718,0.00011282118,0.1712103,501
541,39356,30,0.19, easiest,2,2319,all_user_tags,user,6.1127486e-07,0.99911076,0.00013168869,0.00075689843,502
542,2475,30,0.41, place,2,2320,all_user_tags,user,1.3946483e-06,0.86642534,0.006277112,0.12729608,503
543,316,6240,0.32, to,2,2321,all_user_tags,user,1.9813973e-07,0.95345384,0.0014801444,0.045065887,504
544,3839,30,0.3, grow,2,2322,all_user_tags,user,1.0912567e-07,0.9932668,0.0042595,0.0024735767,505
545,55866,30,0.82, tomatoes,2,2323,all_user_tags,user,8.448446e-06,0.91505444,0.0020628928,0.082874306,506
546,533,6240,0.21, -,2,2324,all_user_tags,user,1.2647014e-07,0.09124088,0.26971826,0.6390407,507
547,6772,30,0.51, inside,2,2325,all_user_tags,user,1.6394059e-05,0.61000496,0.04561825,0.3443604,508
548,503,6772,0.32, or,2,2326,all_user_tags,user,6.8062214e-09,0.1669841,0.046408333,0.78660756,509
549,37495,30,0.94, outdoors,2,2327,all_user_tags,user,1.0536766e-06,0.14324872,9.176581e-05,0.85665846,510
550,11,10606,0.27,",",2,2328,all_user_tags,user,4.8054125e-07,0.37946486,0.062115245,0.5584194,511
551,4335,484,0.21, given,2,2329,all_user_tags,user,2.8403133e-09,0.00520648,0.0013614387,0.9934321,512
552,922,6240,0.12, my,2,2330,all_user_tags,user,1.2967082e-07,0.94639826,0.004365341,0.04923629,513
553,16093,3211,0.72, skill,2,2331,all_user_tags,user,1.7399917e-07,0.9465457,0.0067217373,0.046732377,514
554,3211,30,0.89, level,2,2332,all_user_tags,user,1.3191837e-07,0.21105757,0.04159936,0.74734294,515
555,30,279,0.29,?,2,2333,all_user_tags,user,9.118512e-08,0.1580942,0.19781333,0.6440924,516
556,357,1682,0.16, I,2,2334,all_user_tags,user,9.0139656e-07,0.009445029,0.32337508,0.66717905,517
557,4561,306,0.22, live,2,2335,all_user_tags,user,1.2620107e-07,0.99889994,0.000120140015,0.0009797985,518
558,306,220,0.55, in,2,2336,all_user_tags,user,2.2613354e-05,0.8469159,0.101377495,0.051683985,519
559,31628,11,0.36, Austin,2,2337,all_user_tags,user,2.9906366e-06,0.9942486,0.00090303994,0.0048453375,520
560,11885,30,0.37, Texas,2,2338,all_user_tags,user,1.5966796e-05,0.9545934,0.0016092288,0.043781415,521
561,13,31628,0.22,.,2,2339,all_user_tags,user,5.0083105e-07,0.9996922,3.9293107e-05,0.0002679998,522
562,3756,481,0.2, Do,2,2340,all_user_tags,user,9.657494e-09,0.99864715,0.0007494247,0.00060346455,523
563,481,10606,0.16, you,2,2341,all_user_tags,user,0.00010525503,0.92649436,0.031525254,0.04187515,524
564,679,1062,0.25, have,2,2342,all_user_tags,user,8.817709e-09,0.98224133,6.0041024e-05,0.017698612,525
565,1062,6772,0.51, any,2,2343,all_user_tags,user,0.000105916675,0.87964666,0.009802654,0.11044479,526
566,22499,30,0.63, recommendations,2,2344,all_user_tags,user,1.5852248e-07,0.9745555,0.008979695,0.016464658,527
567,395,11885,0.19, for,2,2345,all_user_tags,user,0.00024284852,0.93387294,0.005760116,0.060124096,528
568,261,9282,0.92, a,2,2346,all_user_tags,user,2.4338528e-05,0.18811478,0.10964624,0.7022146,529
569,57062,30,0.64, beginner,2,2347,all_user_tags,user,2.1016016e-08,0.9956886,0.0005315907,0.0037797913,530
570,30,279,0.26,?,2,2348,all_user_tags,user,1.606889e-08,0.66723084,0.00458866,0.3281805,531
571,8820,30,0.15, Also,2,2349,all_user_tags,user,1.7719033e-09,0.9899978,0.0009709267,0.0090312585,532
572,1261,30,0.1, when,2,2350,all_user_tags,user,4.7650694e-08,0.84576464,0.00041815965,0.15381731,533
573,1757,30,0.1, should,2,2351,all_user_tags,user,5.1839926e-08,0.549034,0.00034457096,0.4506213,534
574,357,1604,0.2, I,2,2352,all_user_tags,user,0.0030765154,0.23161077,0.07454578,0.6907669,535
575,6804,30,0.53, plant,2,2353,all_user_tags,user,4.811203e-06,0.028576132,0.00022362865,0.9711954,536
576,1373,30,0.78, them,2,2354,all_user_tags,user,6.539802e-05,0.5800163,0.0017984585,0.41811976,537
577,30,279,0.37,?,2,2355,all_user_tags,user,2.9311176e-08,0.017411673,0.0047803237,0.977808,538
578,6048,30,0.11, Please,2,2356,all_user_tags,user,2.0695259e-09,0.99094385,0.0058029625,0.0032531496,539
579,3357,634,0.1, keep,2,2357,all_user_tags,user,2.3166626e-10,0.99615353,1.8349125e-05,0.0038281009,540
580,480,6240,0.16, it,2,2358,all_user_tags,user,9.928461e-08,0.00016766365,0.0056902277,0.994142,541
581,4022,30,0.33, short,2,2359,all_user_tags,user,1.4646247e-08,0.9952618,0.00012971935,0.0046084756,542
582,326,6240,0.34, and,2,2360,all_user_tags,user,1.9543304e-06,0.000603844,0.013095359,0.98629886,543
583,4705,30,0.28, simple,2,2361,all_user_tags,user,1.944877e-08,0.9624097,0.00047480685,0.037115503,544
585,976,1825,0.99,The,2,2363,all_user_tags,cot,2.542405e-12,1.4400467e-07,0.9995192,0.00048061617,545
586,1825,10648,0.76, user,2,2364,all_user_tags,cot,5.2131736e-12,9.4434945e-08,0.9912204,0.008779457,546
587,10648,4022,0.45, wants,2,2365,all_user_tags,cot,8.112295e-12,8.02937e-08,0.9893958,0.010604099,547
588,25,39356,0.81,:,2,2366,all_user_tags,cot,8.340623e-12,9.45585e-07,0.9993181,0.00068091403,548
589,39356,2475,1.0, easiest,2,2367,all_user_tags,cot,2.1340525e-09,6.513964e-06,0.99994016,5.3272695e-05,549
590,2475,316,0.91, place,2,2368,all_user_tags,cot,2.0404214e-09,3.5105804e-06,0.9998832,0.0001133324,550
591,316,3839,1.0, to,2,2369,all_user_tags,cot,3.268338e-08,6.300827e-07,0.9980236,0.0019756306,551
592,3839,55866,0.99, grow,2,2370,all_user_tags,cot,3.90368e-11,7.129077e-08,0.99999833,1.5698308e-06,552
593,55866,11,0.2, tomatoes,2,2371,all_user_tags,cot,2.8012478e-08,2.2856293e-06,0.9999672,3.0506902e-05,553
594,1127,6772,0.75, –,2,2372,all_user_tags,cot,5.2901507e-12,1.4463233e-09,0.9987355,0.0012644659,554
595,6772,503,0.93, inside,2,2373,all_user_tags,cot,5.265992e-09,7.4859406e-07,0.99999833,1.0021386e-06,555
596,503,37495,0.95, or,2,2374,all_user_tags,cot,1.179584e-10,2.9818528e-07,0.9997999,0.00019974906,556
597,37495,11,0.58, outdoors,2,2375,all_user_tags,cot,4.528467e-08,1.8011548e-05,0.99487865,0.005103284,557
598,1127,4335,0.44, –,2,2376,all_user_tags,cot,3.184376e-11,5.199978e-08,0.99921227,0.00078768964,558
599,4335,16093,0.62, given,2,2377,all_user_tags,cot,7.861461e-11,1.1327491e-08,0.99996245,3.7605736e-05,559
600,16093,3211,0.99, skill,2,2378,all_user_tags,cot,1.9542278e-10,1.0653317e-05,0.99853444,0.0014549963,560
601,3211,11,0.5, level,2,2379,all_user_tags,cot,5.970423e-13,2.6207174e-09,0.99978,0.00021995924,561
602,13,3164,0.59,.,2,2380,all_user_tags,cot,8.552774e-12,1.7469306e-07,0.9889178,0.011082063,562
603,72678,306,0.99, Lives,2,2381,all_user_tags,cot,6.8326306e-10,3.3112795e-07,0.99098676,0.0090128975,563
604,306,31628,1.0, in,2,2382,all_user_tags,cot,2.1620333e-06,2.8648028e-06,0.91263056,0.0873644,564
605,31628,11,0.49, Austin,2,2383,all_user_tags,cot,2.47086e-07,0.00013619312,0.9857734,0.014090258,565
606,23055,13,0.96, TX,2,2384,all_user_tags,cot,1.5856672e-08,1.3695313e-06,0.6206591,0.37933946,566
607,13,118403,0.67,.,2,2385,all_user_tags,cot,2.7365713e-13,7.221949e-09,0.9997677,0.00023231862,567
608,118403,395,0.96, Recommendations,2,2386,all_user_tags,cot,1.8500144e-11,3.0413503e-08,0.99898857,0.0010114609,568
609,395,57062,0.64, for,2,2387,all_user_tags,cot,6.271276e-11,1.6609391e-08,0.99854976,0.0014501992,569
610,57062,13,0.79, beginner,2,2388,all_user_tags,cot,1.3328801e-11,2.2717936e-08,0.9956625,0.0043375045,570
611,13,4296,0.89,.,2,2389,all_user_tags,cot,1.17213825e-11,1.6215945e-07,0.9896936,0.010306289,571
612,4296,316,0.65, When,2,2390,all_user_tags,cot,3.9190765e-10,2.0208601e-07,0.99742955,0.0025702538,572
613,316,6804,1.0, to,2,2391,all_user_tags,cot,3.1539128e-07,9.71518e-07,0.957534,0.04246467,573
614,6804,13,0.98, plant,2,2392,all_user_tags,cot,1.9960775e-09,3.6664726e-08,0.86897224,0.13102776,574
615,13,16835,0.95,.,2,2393,all_user_tags,cot,3.642981e-13,1.3479642e-08,0.9980605,0.0019394812,575
616,16835,4022,0.59, Keep,2,2394,all_user_tags,cot,4.961158e-10,6.0919845e-08,0.98200375,0.017996157,576
617,480,4022,1.0, it,2,2395,all_user_tags,cot,8.108735e-09,2.7517752e-08,0.5332709,0.46672902,577
618,4022,326,0.92, short,2,2396,all_user_tags,cot,3.836309e-08,0.0005621313,0.73267967,0.26675823,578
619,326,4705,1.0, and,2,2397,all_user_tags,cot,2.1880957e-07,3.4151846e-05,0.98907274,0.010892767,579
620,4705,13,0.83, simple,2,2398,all_user_tags,cot,2.9378897e-09,0.00011581259,0.89334095,0.10654317,580
621,13,51441,0.39,.,2,2399,all_user_tags,cot,1.1445381e-12,1.5335279e-09,0.9955329,0.0044671353,581
622,623,6052,0.55, The,2,2400,all_user_tags,cot,5.611926e-11,3.4898836e-08,0.9993081,0.00069189916,582
623,29186,1757,0.82, assistant,2,2401,all_user_tags,cot,7.838784e-12,6.135815e-10,0.99627626,0.0037237352,583
624,1757,3644,0.33, should,2,2402,all_user_tags,cot,2.919041e-10,8.192813e-09,0.99643,0.0035700733,584
625,3644,82463,0.42, give,2,2403,all_user_tags,cot,9.492822e-10,4.4440274e-08,0.96986884,0.03013119,585
626,82463,6052,0.49, concise,2,2404,all_user_tags,cot,3.4279684e-09,2.9937578e-08,0.4873386,0.51266134,586
627,21561,25,0.74, suggestions,2,2405,all_user_tags,cot,2.4430027e-11,2.4060772e-11,0.90104747,0.09895254,587
628,25,37495,0.49,:,2,2406,all_user_tags,cot,5.3575494e-10,4.910668e-09,0.9687223,0.031277746,588
629,37495,306,0.66, outdoors,2,2407,all_user_tags,cot,8.95645e-07,1.2011549e-07,0.99952173,0.00047725497,589
630,306,31628,0.58, in,2,2408,all_user_tags,cot,2.3924866e-07,4.36571e-08,0.99913764,0.0008620701,590
631,6047,12860,0.98, early,2,2409,all_user_tags,cot,6.2716174e-07,2.9641702e-05,0.97121274,0.028757082,591
632,12860,1934,0.38, spring,2,2410,all_user_tags,cot,7.8022185e-07,3.7747347e-07,0.9977526,0.0022462003,592
633,1934,2174,0.81, after,2,2411,all_user_tags,cot,8.993438e-07,6.7277256e-06,0.99803525,0.0019571222,593
634,2174,69368,1.0, last,2,2412,all_user_tags,cot,1.9496092e-06,6.279261e-06,0.99313617,0.006855505,594
635,69368,11,0.42, frost,2,2413,all_user_tags,cot,6.984558e-08,5.802453e-08,0.9999783,2.1598571e-05,595
636,3521,65176,0.37, date,2,2414,all_user_tags,cot,1.6878317e-07,6.379023e-08,0.9997991,0.00020071723,596
637,350,23430,0.61, (,2,2415,all_user_tags,cot,5.3888517e-08,4.3730733e-08,0.9989292,0.0010706501,597
638,62832,6959,0.76,maybe,2,2416,all_user_tags,cot,1.0782892e-09,9.964408e-10,0.9999943,5.705905e-06,598
639,6959,6189,0.81, mid,2,2417,all_user_tags,cot,1.3548242e-07,8.1096965e-05,0.9983979,0.0015208127,599
640,6189,1417,1.0,-M,2,2418,all_user_tags,cot,8.904575e-07,4.791764e-06,0.38258556,0.61740875,600
641,1417,741,0.38,arch,2,2419,all_user_tags,cot,3.318411e-07,4.8435363e-06,0.9320012,0.06799363,601
642,741,730,0.27,).,2,2420,all_user_tags,cot,1.595873e-11,2.022274e-10,0.9897383,0.010261718,602
643,12265,31628,0.87, Since,2,2421,all_user_tags,cot,1.8273595e-09,1.1923673e-09,0.99996567,3.4272805e-05,603
644,31628,853,0.42, Austin,2,2422,all_user_tags,cot,3.6581957e-07,2.7194921e-05,0.994749,0.005223502,604
645,25,2174,0.54,:,2,2423,all_user_tags,cot,1.8247563e-08,5.44782e-08,0.9999871,1.2802506e-05,605
646,2174,69368,1.0, last,2,2424,all_user_tags,cot,1.7052308e-06,1.510807e-06,0.99794763,0.0020491371,606
647,69368,2846,0.45, frost,2,2425,all_user_tags,cot,1.8145252e-05,8.6397915e-05,0.9974354,0.002460127,607
648,2846,6959,0.8, around,2,2426,all_user_tags,cot,4.005416e-06,3.5659665e-05,0.9999056,5.4684388e-05,608
649,6959,6189,0.81, mid,2,2427,all_user_tags,cot,2.791438e-05,0.0013456664,0.99826545,0.00036110304,609
650,7561,13,0.58, March,2,2428,all_user_tags,cot,1.1977754e-05,0.00011028613,0.99965966,0.00021804689,610
651,13,8820,0.12,.,2,2429,all_user_tags,cot,2.5837443e-10,2.5904465e-09,0.9982651,0.0017349827,611
652,62122,8601,0.28, Suggest,2,2430,all_user_tags,cot,5.898441e-09,4.848352e-10,0.99649674,0.0035033405,612
653,2360,15478,0.39, using,2,2431,all_user_tags,cot,4.895697e-07,2.7375854e-08,0.9523197,0.04767976,613
654,15478,27154,0.97, raised,2,2432,all_user_tags,cot,7.3783344e-09,1.1324471e-10,0.9883008,0.01169925,614
655,27154,503,0.66, beds,2,2433,all_user_tags,cot,1.6225549e-08,1.529998e-09,0.9974941,0.0025059425,615
656,11,35267,0.87,",",2,2434,all_user_tags,cot,2.1965011e-08,3.1647623e-10,0.98608893,0.013911096,616
657,35267,11,0.6, containers,2,2435,all_user_tags,cot,4.972256e-08,7.0883392e-09,0.99992526,7.475215e-05,617
658,13,51441,0.25,.,2,2436,all_user_tags,cot,5.9487587e-10,5.1052645e-10,0.9947095,0.0052905506,618
659,2214,30757,0.27, For,2,2437,all_user_tags,cot,5.166761e-08,3.8605523e-09,0.9995499,0.0004500165,619
660,69297,25,0.56, indoors,2,2438,all_user_tags,cot,3.3525176e-08,1.5569933e-09,0.9999988,1.154877e-06,620
661,25,63521,0.26,:,2,2439,all_user_tags,cot,1.1410291e-10,4.7395156e-12,0.9999871,1.28299325e-05,621
662,625,9064,0.33, not,2,2440,all_user_tags,cot,6.3752235e-09,4.359114e-10,0.99994576,5.418897e-05,622
663,9064,5192,0.18, ideal,2,2441,all_user_tags,cot,1.4350514e-08,3.2951861e-09,0.99947613,0.0005239278,623
664,538,625,0.23, if,2,2442,all_user_tags,cot,1.0293845e-06,4.532068e-07,0.99997437,2.4144838e-05,624
665,16093,3211,0.81, skill,2,2443,all_user_tags,cot,2.148596e-09,4.2890736e-08,0.9999075,9.250189e-05,625
666,4465,13,0.37, low,2,2444,all_user_tags,cot,1.6704263e-10,8.369171e-08,0.9999118,8.8060224e-05,626
667,13,51441,0.37,.,2,2445,all_user_tags,cot,8.9500265e-12,3.815116e-11,0.9993716,0.00062847964,627
668,2632,37495,0.33, So,2,2446,all_user_tags,cot,2.2262053e-10,7.8977785e-10,0.99676955,0.003230528,628
669,37495,13,0.39, outdoors,2,2447,all_user_tags,cot,5.430256e-09,1.5976728e-09,0.9999399,6.00823e-05,629
670,13,51441,0.61,.,2,2448,all_user_tags,cot,5.2360883e-11,1.6637344e-09,0.9958733,0.0041267467,630
671,51441,62191,0.32, Provide,2,2449,all_user_tags,cot,8.165319e-09,4.739264e-09,0.99884975,0.0011502189,631
672,4705,10331,0.32, simple,2,2450,all_user_tags,cot,1.297775e-08,1.4012643e-07,0.98419696,0.015802903,632
673,10331,13,0.63, steps,2,2451,all_user_tags,cot,2.83442e-11,2.0945456e-09,0.9962035,0.0037964964,633
674,13,16835,0.3,.,2,2452,all_user_tags,cot,1.6503803e-09,2.1185949e-07,0.98843014,0.01156962,634
675,16835,4022,0.46, Keep,2,2453,all_user_tags,cot,6.6477366e-09,1.0083699e-07,0.9846106,0.015389251,635
676,4022,13,0.89, short,2,2454,all_user_tags,cot,3.0751404e-09,1.7950423e-08,0.90985,0.09014996,636
677,13,41021,0.59,.,2,2455,all_user_tags,cot,3.013332e-10,7.2322626e-10,0.94142693,0.058573134,637
678,46830,6052,0.23, We'll,2,2456,all_user_tags,cot,5.5636287e-09,4.667332e-09,0.9975349,0.0024651475,638
679,7000,13,0.34, deliver,2,2457,all_user_tags,cot,3.3328455e-08,1.1571162e-08,0.9590271,0.040972862,639
681,410,14591,0.54,**,2,2459,all_user_tags,assistant,1.1793852e-11,4.310886e-11,0.00022705377,0.99977297,640
682,36,4402,1.0,E,2,2460,all_user_tags,assistant,2.1645992e-13,1.951158e-11,1.6614275e-06,0.99999833,641
683,4402,376,1.0,asi,2,2461,all_user_tags,assistant,8.2230606e-10,7.427843e-09,8.9034165e-06,0.99999106,642
684,376,10021,0.33,est,2,2462,all_user_tags,assistant,1.1505195e-11,3.2880352e-09,1.4111479e-06,0.99999857,643
685,395,261,0.86, for,2,2463,all_user_tags,assistant,1.8460226e-09,3.2151972e-09,1.0596379e-05,0.9999894,644
686,261,57062,0.99, a,2,2464,all_user_tags,assistant,1.7505081e-10,2.9537883e-09,0.00028855694,0.99971145,645
687,57062,306,0.99, beginner,2,2465,all_user_tags,assistant,2.2573048e-12,2.0546076e-10,4.27721e-05,0.9999572,646
688,306,31628,1.0, in,2,2466,all_user_tags,assistant,2.2268419e-10,1.7072267e-09,0.0001269217,0.99987304,647
689,31628,11,0.55, Austin,2,2467,all_user_tags,assistant,4.9283237e-11,6.5884863e-12,4.6576056e-07,0.9999995,648
690,350,33879,0.85, (,2,2468,all_user_tags,assistant,1.5080414e-09,1.2768828e-10,7.5164903e-06,0.9999925,649
691,33879,3127,0.56,TX,2,2469,all_user_tags,assistant,9.402785e-13,1.4211553e-13,1.4836725e-10,1.0,650
692,8,1127,0.81,),2,2470,all_user_tags,assistant,4.410339e-13,7.8255085e-12,1.0819857e-06,0.9999989,651
693,1612,12,0.94,"**
",2,2471,all_user_tags,assistant,7.3829235e-13,4.3681616e-12,3.60062e-06,0.9999964,652
694,12,6240,0.98,-,2,2472,all_user_tags,assistant,4.490079e-12,1.13070046e-10,1.5725966e-05,0.99998426,653
695,6240,11977,0.61, **,2,2473,all_user_tags,assistant,1.5621707e-10,5.2112474e-09,7.41098e-05,0.99992585,654
696,14591,10021,0.81,Best,2,2474,all_user_tags,assistant,9.1295846e-11,8.1216776e-11,3.3523535e-05,0.9999665,655
697,2475,142760,0.99, place,2,2475,all_user_tags,assistant,2.313237e-10,2.435797e-10,4.4619615e-06,0.9999956,656
698,142760,156237,0.59,:**,2,2476,all_user_tags,assistant,1.03401475e-10,1.1516784e-09,8.053192e-07,0.99999917,657
699,6240,3227,0.95, **,2,2477,all_user_tags,assistant,6.351845e-10,2.5533205e-07,2.3276403e-05,0.9999765,658
700,3227,31202,1.0,Out,2,2478,all_user_tags,assistant,3.2529652e-08,1.9949939e-08,0.00010314164,0.99989676,659
701,31202,410,0.97,doors,2,2479,all_user_tags,assistant,1.7233926e-08,4.935324e-09,1.1216994e-06,0.9999988,660
702,410,1127,0.84,**,2,2480,all_user_tags,assistant,4.6523656e-11,4.002108e-11,6.413873e-06,0.99999356,661
703,1127,290,0.56, –,2,2481,all_user_tags,assistant,1.33460664e-11,6.213035e-12,4.4875396e-06,0.99999547,662
704,55866,54337,0.6, tomatoes,2,2482,all_user_tags,assistant,4.3163207e-12,1.659768e-10,4.3432065e-06,0.9999957,663
705,54337,306,0.96, thrive,2,2483,all_user_tags,assistant,6.007685e-13,4.1086625e-13,2.7188366e-06,0.99999726,664
706,306,290,0.56, in,2,2484,all_user_tags,assistant,2.5021468e-10,7.8656394e-11,4.7830206e-05,0.9999522,665
707,3149,7334,0.98, full,2,2485,all_user_tags,assistant,7.037507e-11,7.307196e-10,1.5614592e-07,0.9999999,666
708,7334,350,0.46, sun,2,2486,all_user_tags,assistant,5.740203e-10,8.770114e-09,1.7826876e-06,0.9999982,667
709,11,326,0.85,",",2,2487,all_user_tags,assistant,6.597122e-11,3.205695e-11,3.3842448e-06,0.99999666,668
710,326,31628,0.71, and,2,2488,all_user_tags,assistant,3.9859536e-11,1.3256598e-11,5.511405e-06,0.9999945,669
711,290,9144,0.22, the,2,2489,all_user_tags,assistant,1.464429e-09,4.2314523e-11,1.6975626e-05,0.9999831,670
712,31137,31628,0.74, mild,2,2490,all_user_tags,assistant,3.7577255e-12,7.8919597e-13,6.765862e-08,0.9999999,671
713,31628,16721,0.78, Austin,2,2491,all_user_tags,assistant,1.3437601e-14,3.1938046e-15,6.8270417e-10,1.0,672
714,16721,350,0.59, climate,2,2492,all_user_tags,assistant,9.99826e-13,1.1582623e-12,8.910755e-09,1.0,673
715,4787,480,0.48, makes,2,2493,all_user_tags,assistant,6.4996207e-12,2.3929029e-11,4.0947665e-08,1.0,674
716,10606,4224,0.45, growing,2,2494,all_user_tags,assistant,5.2159815e-11,9.500303e-10,4.453451e-06,0.9999956,675
717,11087,1572,0.84, easier,2,2495,all_user_tags,assistant,5.5958437e-12,1.7555338e-10,4.4858058e-07,0.9999995,676
718,1572,30757,0.44, than,2,2496,all_user_tags,assistant,1.2246771e-11,2.2438071e-12,1.1116094e-05,0.9999889,677
719,6700,316,0.96, trying,2,2497,all_user_tags,assistant,1.5051894e-10,1.5505731e-12,1.5475147e-05,0.9999845,678
720,316,3357,0.63, to,2,2498,all_user_tags,assistant,1.09168306e-10,5.357278e-12,7.720527e-05,0.99992275,679
721,3357,1373,0.43, keep,2,2499,all_user_tags,assistant,1.6186826e-07,7.759128e-10,5.217727e-05,0.99994767,680
722,290,1849,0.27, the,2,2500,all_user_tags,assistant,1.3785875e-07,8.798906e-09,8.291317e-05,0.9999169,681
723,1849,4207,0.67, right,2,2501,all_user_tags,assistant,4.501521e-09,1.6058077e-09,5.1413035e-06,0.9999949,682
724,4207,326,0.53, light,2,2502,all_user_tags,assistant,1.849603e-09,1.0316517e-11,3.234466e-06,0.9999968,683
725,6772,558,0.53, inside,2,2503,all_user_tags,assistant,1.434897e-10,1.3144615e-11,6.7796395e-06,0.9999932,684
726,558,12,1.0,".
",2,2504,all_user_tags,assistant,5.638753e-11,2.5724275e-11,3.0003355e-06,0.999997,685
727,12,6240,1.0,-,2,2505,all_user_tags,assistant,1.0161367e-09,8.017417e-10,6.8417256e-05,0.9999316,686
728,6240,57785,0.53, **,2,2506,all_user_tags,assistant,7.106702e-10,3.86162e-11,2.1979196e-05,0.99997807,687
729,5958,316,1.0,When,2,2507,all_user_tags,assistant,1.1218239e-11,3.213613e-12,2.8221945e-07,0.99999976,688
730,316,6804,1.0, to,2,2508,all_user_tags,assistant,2.9424097e-08,3.0178426e-10,5.878658e-06,0.99999404,689
731,6804,142760,1.0, plant,2,2509,all_user_tags,assistant,7.385017e-10,4.4491776e-12,3.2532497e-09,1.0,690
732,25,1612,0.99,:,2,2510,all_user_tags,assistant,1.9665348e-08,1.2849069e-08,1.9708737e-06,0.999998,691
733,1612,220,1.0,"**
",2,2511,all_user_tags,assistant,3.740227e-13,2.8103005e-14,3.2030143e-09,1.0,692
734,220,533,0.5, ,2,2512,all_user_tags,assistant,2.3839709e-08,5.699441e-09,2.8749296e-06,0.99999714,693
735,533,6240,0.32, -,2,2513,all_user_tags,assistant,3.4621936e-09,2.7791347e-09,1.3411466e-07,0.9999999,694
736,6240,4459,0.38, **,2,2514,all_user_tags,assistant,4.370337e-11,1.250467e-10,1.2138699e-07,0.9999999,695
737,6949,69368,0.98,Last,2,2515,all_user_tags,assistant,4.7580406e-10,2.2330113e-10,3.9673346e-06,0.99999607,696
738,69368,3521,0.53, frost,2,2516,all_user_tags,assistant,1.8185661e-09,5.7598665e-10,5.354954e-08,1.0,697
739,3521,142760,0.71, date,2,2517,all_user_tags,assistant,2.4631499e-08,6.1195347e-09,3.0362008e-07,0.99999964,698
740,142760,6574,0.49,:**,2,2518,all_user_tags,assistant,1.2864986e-07,1.162571e-08,3.475743e-05,0.9999651,699
741,6959,50005,1.0, mid,2,2519,all_user_tags,assistant,2.5839994e-10,3.9262966e-09,2.598056e-05,0.999974,700
742,6189,1417,1.0,-M,2,2520,all_user_tags,assistant,2.850481e-10,3.733174e-11,1.967678e-07,0.99999976,701
743,1417,350,0.62,arch,2,2521,all_user_tags,assistant,1.6487982e-09,3.2844832e-10,2.5856082e-07,0.99999976,702
744,350,15551,0.35, (,2,2522,all_user_tags,assistant,1.8836175e-08,1.1762851e-08,0.0013719707,0.998628,703
745,160401,7561,0.56,approximately,2,2523,all_user_tags,assistant,8.3734434e-08,9.635288e-09,0.00033867947,0.9996612,704
746,7561,35971,0.65, March,2,2524,all_user_tags,assistant,1.1852724e-10,1.7567915e-10,1.468626e-06,0.99999857,705
747,220,1055,0.78, ,2,2525,all_user_tags,assistant,1.7026808e-07,7.0763264e-07,0.012391906,0.9876072,706
748,1055,50005,0.61,15,2,2526,all_user_tags,assistant,1.4613601e-08,3.057429e-08,5.7223926e-05,0.9999428,707
749,1585,455,0.99,–,2,2527,all_user_tags,assistant,5.8173627e-10,4.368847e-09,3.8862934e-05,0.99996114,708
750,455,741,0.67,20,2,2528,all_user_tags,assistant,2.2737585e-09,1.5290666e-10,9.841659e-07,0.99999905,709
751,6294,220,1.0,").
",2,2529,all_user_tags,assistant,3.1360692e-08,5.8308296e-09,5.700117e-07,0.9999994,710
752,220,533,0.99, ,2,2530,all_user_tags,assistant,4.9297477e-09,8.1105664e-11,5.5670387e-07,0.9999994,711
753,533,6240,0.64, -,2,2531,all_user_tags,assistant,2.8316032e-09,7.2103384e-10,1.0984801e-07,0.9999999,712
754,6240,57785,0.86, **,2,2532,all_user_tags,assistant,4.3361972e-10,2.1732095e-11,3.8680355e-06,0.9999962,713
755,57785,171333,0.85,Plant,2,2533,all_user_tags,assistant,8.8456794e-08,5.2823634e-10,4.0951204e-06,0.9999958,714
756,142760,220,0.41,:**,2,2534,all_user_tags,assistant,6.912049e-10,1.9241956e-12,2.3279229e-07,0.99999976,715
757,220,17,0.79, ,2,2535,all_user_tags,assistant,6.5713692e-09,6.3392624e-10,0.00033929595,0.99966073,716
758,16,1585,0.97,1,2,2536,all_user_tags,assistant,1.0818486e-10,1.1872256e-12,1.7705748e-06,0.9999982,717
759,1585,17,1.0,–,2,2537,all_user_tags,assistant,4.019079e-11,7.361574e-11,1.4383617e-06,0.99999857,718
760,17,7449,0.73,2,2,2538,all_user_tags,assistant,2.9603997e-09,1.3917879e-11,5.970681e-06,0.99999404,719
761,7449,1934,1.0, weeks,2,2539,all_user_tags,assistant,8.676837e-09,1.2764995e-11,1.4191725e-07,0.9999999,720
762,1934,290,0.67, after,2,2540,all_user_tags,assistant,9.0872937e-10,1.9193983e-11,2.199802e-07,0.99999976,721
763,484,11,0.79, that,2,2541,all_user_tags,assistant,2.996943e-08,6.582176e-10,9.8764485e-06,0.9999901,722
764,11,1261,0.64,",",2,2542,all_user_tags,assistant,3.5812657e-09,3.335551e-11,7.3957754e-06,0.9999926,723
765,1261,22390,0.73, when,2,2543,all_user_tags,assistant,1.08142444e-07,3.8239456e-08,3.29933e-05,0.99996686,724
766,290,22390,0.99, the,2,2544,all_user_tags,assistant,3.8583753e-08,1.5691008e-07,5.4936772e-06,0.9999943,725
767,22390,382,0.77, soil,2,2545,all_user_tags,assistant,2.270155e-08,2.1840387e-06,6.7037094e-05,0.99993074,726
768,382,9144,0.48, is,2,2546,all_user_tags,assistant,3.3640237e-08,7.8728493e-07,3.7801667e-05,0.9999614,727
769,5151,220,0.99, above,2,2547,all_user_tags,assistant,2.4206638e-05,2.8131478e-06,0.0011304657,0.99884254,728
770,220,1910,0.78, ,2,2548,all_user_tags,assistant,4.222331e-07,4.7358467e-06,0.0001176477,0.9998772,729
771,3152,35971,0.99,55,2,2549,all_user_tags,assistant,2.7411863e-07,5.826364e-09,5.3167165e-05,0.9999466,730
772,68854,350,0.71,°F,2,2550,all_user_tags,assistant,2.3130358e-06,1.497307e-08,3.4910496e-05,0.9999628,731
773,350,1311,0.94, (,2,2551,all_user_tags,assistant,1.9521578e-07,4.027578e-09,4.7279653e-05,0.99995255,732
774,1311,26557,0.97,13,2,2552,all_user_tags,assistant,9.527914e-09,9.86527e-11,7.903119e-06,0.99999213,733
775,26557,8,0.53,°C,2,2553,all_user_tags,assistant,9.4858734e-07,7.0715664e-08,3.246459e-05,0.9999665,734
776,6294,12,0.99,").
",2,2554,all_user_tags,assistant,2.3807291e-11,4.0332866e-13,1.9185823e-07,0.99999976,735
777,12,6240,1.0,-,2,2555,all_user_tags,assistant,3.5783099e-09,1.6732349e-09,3.2849468e-06,0.99999666,736
778,6240,28903,0.66, **,2,2556,all_user_tags,assistant,2.8275854e-10,5.7550262e-12,4.244772e-05,0.99995756,737
779,28903,41372,0.62,Quick,2,2557,all_user_tags,assistant,5.8642015e-11,2.03011e-12,3.2261605e-06,0.9999968,738
780,9858,25,0.65, tips,2,2558,all_user_tags,assistant,1.4821971e-12,2.5789355e-14,6.2211384e-08,0.9999999,739
781,25,1612,1.0,:,2,2559,all_user_tags,assistant,4.210428e-08,7.8872747e-10,2.323828e-05,0.99997675,740
782,1612,220,1.0,"**
",2,2560,all_user_tags,assistant,3.719074e-10,1.2120066e-11,4.3718933e-06,0.9999956,741
783,220,533,0.8, ,2,2561,all_user_tags,assistant,5.8256607e-08,1.0016903e-11,2.2006458e-05,0.99997795,742
784,220,16,1.0, ,2,2562,all_user_tags,assistant,3.42766e-09,6.892541e-10,1.6391173e-06,0.99999833,743
785,16,13,1.0,1,2,2563,all_user_tags,assistant,4.5348357e-11,2.1856021e-13,5.731488e-07,0.9999994,744
786,13,6240,0.51,.,2,2564,all_user_tags,assistant,1.3476939e-08,5.6767438e-11,3.236882e-05,0.9999676,745
787,7649,261,0.99, Use,2,2565,all_user_tags,assistant,4.316576e-09,3.4130923e-12,7.742177e-06,0.99999225,746
788,261,15478,0.77, a,2,2566,all_user_tags,assistant,5.995744e-08,4.3095658e-10,0.00010475214,0.9998952,747
789,6240,143866,0.96, **,2,2567,all_user_tags,assistant,5.385726e-09,3.6995174e-10,0.00010786056,0.9998921,748
790,143866,3737,1.0,raised,2,2568,all_user_tags,assistant,5.0376144e-11,8.666565e-14,1.2639297e-06,0.9999987,749
791,3737,503,0.84, bed,2,2569,all_user_tags,assistant,1.4533721e-09,1.6005009e-12,2.772757e-06,0.99999726,750
792,503,4410,0.54, or,2,2570,all_user_tags,assistant,7.3979683e-11,2.7988126e-12,2.0477767e-06,0.999998,751
793,4410,9282,0.56, large,2,2571,all_user_tags,assistant,4.7982985e-07,1.0496439e-08,0.00011307807,0.9998864,752
794,9282,410,1.0, container,2,2572,all_user_tags,assistant,1.0661788e-06,3.2331515e-09,0.000708236,0.9992907,753
795,410,483,0.64,**,2,2573,all_user_tags,assistant,1.14433526e-07,6.977235e-11,0.0006168615,0.999383,754
796,350,266,0.41, (,2,2574,all_user_tags,assistant,3.4953942e-07,1.1721051e-09,0.00044580433,0.99955386,755
797,899,1585,0.46,12,2,2575,all_user_tags,assistant,6.350001e-08,3.9450687e-12,7.839627e-06,0.99999213,756
798,1585,1157,0.55,–,2,2576,all_user_tags,assistant,2.473321e-09,6.9450265e-11,1.7849597e-05,0.9999821,757
799,1157,35971,0.76,18,2,2577,all_user_tags,assistant,4.6358025e-08,2.9656756e-11,2.034953e-06,0.999998,758
800,306,8103,0.52, in,2,2578,all_user_tags,assistant,6.603699e-08,4.8825005e-10,5.9092526e-06,0.99999404,759
801,8103,8,0.96, deep,2,2579,all_user_tags,assistant,1.0188204e-07,6.3375505e-10,1.0476904e-05,0.9999894,760
802,6294,220,1.0,").
",2,2580,all_user_tags,assistant,1.13071856e-07,5.8837384e-12,6.859077e-06,0.9999931,761
803,220,220,1.0, ,2,2581,all_user_tags,assistant,1.404147e-08,3.9438416e-10,1.570138e-06,0.99999845,762
804,220,17,1.0, ,2,2582,all_user_tags,assistant,2.5774876e-08,5.2970524e-11,7.9465984e-08,0.9999999,763
805,17,13,1.0,2,2,2583,all_user_tags,assistant,4.500309e-10,2.7219817e-12,1.1878053e-06,0.9999988,764
806,13,23279,0.33,.,2,2584,all_user_tags,assistant,4.018617e-08,2.5431645e-11,7.409874e-06,0.9999926,765
807,16835,22390,0.62, Keep,2,2585,all_user_tags,assistant,1.7596292e-07,3.777858e-11,3.3828276e-06,0.9999964,766
808,22390,6240,0.48, soil,2,2586,all_user_tags,assistant,1.0112255e-08,2.721587e-10,2.3431362e-06,0.9999976,767
809,30230,11,0.93, loose,2,2587,all_user_tags,assistant,1.9330366e-05,1.725206e-07,0.00020274546,0.99977773,768
810,326,1147,0.36, and,2,2588,all_user_tags,assistant,5.843163e-09,3.8679699e-13,8.917513e-07,0.99999905,769
811,10358,350,0.6, rich,2,2589,all_user_tags,assistant,7.4199974e-08,2.2091608e-10,2.0883539e-05,0.999979,770
812,350,964,0.86, (,2,2590,all_user_tags,assistant,1.8604564e-07,3.9095366e-10,5.9262475e-05,0.9999405,771
813,964,57813,1.0,add,2,2591,all_user_tags,assistant,4.590339e-08,4.4340313e-11,0.00065801473,0.9993419,772
814,57813,6294,0.45, compost,2,2592,all_user_tags,assistant,1.7918845e-08,3.5821148e-09,6.968917e-05,0.99993026,773
815,11,220,0.62,",",2,2593,all_user_tags,assistant,1.0546284e-10,6.7976365e-13,7.8719044e-05,0.9999213,774
816,220,16,0.58, ,2,2594,all_user_tags,assistant,1.5150869e-08,1.3725152e-09,0.000656788,0.9993432,775
817,16,35971,0.44,1,2,2595,all_user_tags,assistant,3.5792297e-08,2.7890554e-11,4.43987e-05,0.99995553,776
818,14,19,0.56,/,2,2596,all_user_tags,assistant,0.00036127333,1.0063234e-06,4.215228e-05,0.9995956,777
819,17,11531,0.87,2,2,2597,all_user_tags,assistant,1.2707824e-07,7.350793e-11,5.6735594e-06,0.99999416,778
820,11531,777,0.85, cup,2,2598,all_user_tags,assistant,8.225988e-07,5.7830835e-10,1.0433644e-05,0.9999888,779
821,777,13749,0.32, per,2,2599,all_user_tags,assistant,5.5511913e-07,1.0956643e-10,0.0010897085,0.9989097,780
822,13749,6428,1.0, square,2,2600,all_user_tags,assistant,6.775258e-05,3.0869668e-08,0.0015906099,0.99834156,781
823,6428,6294,0.93, foot,2,2601,all_user_tags,assistant,6.546561e-07,4.0924007e-08,3.059623e-06,0.9999962,782
824,6294,220,1.0,").
",2,2602,all_user_tags,assistant,4.8524704e-08,1.7911032e-11,1.0027902e-05,0.99998987,783
825,220,220,1.0, ,2,2603,all_user_tags,assistant,1.95697e-09,7.021739e-11,6.694848e-08,0.9999999,784
826,220,18,1.0, ,2,2604,all_user_tags,assistant,1.7942546e-09,6.8332193e-12,5.3189905e-07,0.9999995,785
827,18,13,1.0,3,2,2605,all_user_tags,assistant,8.546461e-10,1.7671066e-10,7.47442e-07,0.9999993,786
828,13,12303,0.61,.,2,2606,all_user_tags,assistant,1.0510199e-08,6.024246e-11,1.4520131e-06,0.99999857,787
829,12303,220,0.35, Water,2,2607,all_user_tags,assistant,1.8371972e-09,1.2138078e-10,1.7090612e-07,0.9999999,788
830,220,16,0.98, ,2,2608,all_user_tags,assistant,2.0959627e-08,1.0796373e-09,3.6958122e-06,0.9999963,789
831,16,1585,0.75,1,2,2609,all_user_tags,assistant,8.0915585e-09,4.9288685e-12,7.5140086e-08,0.9999999,790
832,1585,16,0.59,–,2,2610,all_user_tags,assistant,6.4815253e-10,1.02315635e-10,3.5285098e-07,0.99999964,791
833,17,35971,0.77,2,2,2611,all_user_tags,assistant,7.76066e-07,1.6949206e-08,4.3792047e-06,0.9999949,792
834,21185,777,0.91, inches,2,2612,all_user_tags,assistant,8.3169776e-05,6.849401e-09,2.5653862e-06,0.9999143,793
835,777,2384,1.0, per,2,2613,all_user_tags,assistant,1.4824716e-05,5.1485582e-08,4.3009757e-05,0.99994206,794
836,2384,26,0.53, week,2,2614,all_user_tags,assistant,1.8501016e-06,7.2841104e-08,5.050062e-06,0.9999931,795
837,350,8229,0.85, (,2,2615,all_user_tags,assistant,7.732188e-09,2.0833611e-10,2.716012e-07,0.99999976,796
838,8229,306,0.39,more,2,2616,all_user_tags,assistant,2.028759e-08,5.425074e-10,7.199693e-06,0.9999927,797
839,402,3648,0.94, on,2,2617,all_user_tags,assistant,3.26405e-05,1.7337775e-06,0.00041832664,0.9995473,798
840,3648,3376,0.94, hot,2,2618,all_user_tags,assistant,1.5300535e-06,5.2927787e-09,5.723142e-05,0.99994123,799
841,3376,6294,0.8, days,2,2619,all_user_tags,assistant,8.495659e-09,1.06890316e-10,4.60539e-06,0.99999535,800
842,6294,220,1.0,").
",2,2620,all_user_tags,assistant,8.8351315e-10,1.854063e-12,3.9027032e-07,0.99999964,801
843,220,220,1.0, ,2,2621,all_user_tags,assistant,6.65407e-08,5.619207e-07,1.5797165e-06,0.99999774,802
844,220,19,1.0, ,2,2622,all_user_tags,assistant,1.4746587e-07,3.1727823e-10,1.3251931e-06,0.99999857,803
845,19,13,1.0,4,2,2623,all_user_tags,assistant,1.4255687e-10,6.6478704e-11,2.577486e-07,0.99999976,804
846,13,137247,0.5,.,2,2624,all_user_tags,assistant,7.0683175e-09,6.229391e-11,6.014084e-06,0.9999939,805
847,34785,332,1.0, Mul,2,2625,all_user_tags,assistant,6.4207955e-09,2.7555365e-12,1.5952367e-07,0.9999999,806
848,332,316,0.29,ch,2,2626,all_user_tags,assistant,1.0435106e-07,3.413669e-12,7.8520463e-07,0.99999917,807
849,483,43456,0.99, with,2,2627,all_user_tags,assistant,1.7790024e-06,2.0981642e-11,1.8838646e-05,0.9999794,808
850,43456,503,0.92, straw,2,2628,all_user_tags,assistant,1.4227648e-07,4.038402e-11,9.561364e-05,0.9999043,809
851,503,129197,0.5, or,2,2629,all_user_tags,assistant,8.9592345e-10,6.609594e-13,9.5641635e-06,0.99999046,810
852,9297,31181,1.0, wood,2,2630,all_user_tags,assistant,1.525064e-06,6.5498756e-10,0.008709852,0.99128854,811
853,31181,316,0.78, chips,2,2631,all_user_tags,assistant,3.4190904e-07,1.1513152e-09,0.00010033877,0.99989927,812
854,316,3357,0.61, to,2,2632,all_user_tags,assistant,1.0131039e-08,4.5872327e-11,2.3806253e-06,0.9999976,813
855,3357,36036,0.6, keep,2,2633,all_user_tags,assistant,1.1471759e-06,5.3503446e-10,2.5552492e-05,0.9999733,814
856,22390,8157,0.91, soil,2,2634,all_user_tags,assistant,3.79455e-07,2.7556869e-08,3.1163625e-05,0.9999684,815
857,8157,558,0.63, cool,2,2635,all_user_tags,assistant,2.400678e-08,1.883613e-08,1.1453509e-05,0.99998856,816
858,558,220,0.99,".
",2,2636,all_user_tags,assistant,9.2570815e-08,5.2140823e-11,3.3344674e-07,0.9999995,817
859,220,220,1.0, ,2,2637,all_user_tags,assistant,2.9695436e-06,3.1090227e-08,1.3335607e-05,0.99998367,818
860,220,20,1.0, ,2,2638,all_user_tags,assistant,2.4903213e-09,3.2703714e-12,1.1477289e-07,0.9999999,819
861,20,13,1.0,5,2,2639,all_user_tags,assistant,2.1062055e-10,4.262423e-11,2.864079e-06,0.99999714,820
862,13,137247,0.9,.,2,2640,all_user_tags,assistant,5.1577858e-09,4.1808116e-11,1.9675836e-05,0.99998033,821
863,137247,503,0.86, Stake,2,2641,all_user_tags,assistant,5.6162777e-09,3.195764e-13,4.5470056e-08,1.0,822
864,503,61908,1.0, or,2,2642,all_user_tags,assistant,2.801033e-09,2.0983166e-13,2.150541e-07,0.99999976,823
865,61908,6047,0.49, cage,2,2643,all_user_tags,assistant,1.7549788e-06,1.668195e-10,2.5927818e-07,0.999998,824
866,6047,26,0.51, early,2,2644,all_user_tags,assistant,2.6868454e-08,4.1004596e-12,9.430276e-07,0.99999905,825
867,11,140388,0.68,",",2,2645,all_user_tags,assistant,1.07900435e-08,1.1531472e-11,3.5688397e-05,0.99996436,826
868,140388,31485,0.68, prune,2,2646,all_user_tags,assistant,5.4341927e-09,5.793396e-11,1.0216999e-06,0.9999989,827
869,261,3120,0.69, a,2,2647,all_user_tags,assistant,7.206012e-06,2.6015002e-06,0.00016914359,0.9998211,828
870,3120,31485,0.83, few,2,2648,all_user_tags,assistant,9.725423e-08,4.6671347e-09,2.3127383e-05,0.99997675,829
871,31485,409,1.0, suck,2,2649,all_user_tags,assistant,1.4890568e-09,1.8507395e-11,7.213427e-08,0.9999999,830
872,409,11,0.35,ers,2,2650,all_user_tags,assistant,4.935378e-08,3.6026674e-12,6.019685e-06,0.9999939,831
873,11,326,0.95,",",2,2651,all_user_tags,assistant,8.410396e-08,5.6504933e-11,5.535162e-05,0.99994457,832
874,42812,750,1.0, fertil,2,2652,all_user_tags,assistant,1.7545371e-10,5.7615336e-11,1.3263191e-08,1.0,833
875,750,483,0.85,ize,2,2653,all_user_tags,assistant,4.9948556e-10,2.9174423e-11,7.4861845e-08,0.9999999,834
876,483,261,0.91, with,2,2654,all_user_tags,assistant,7.0819856e-10,2.0866413e-11,9.411924e-08,0.9999999,835
877,261,59604,0.71, a,2,2655,all_user_tags,assistant,6.970597e-09,1.4553563e-09,2.1159294e-06,0.99999785,836
878,59604,50005,0.95, tomato,2,2656,all_user_tags,assistant,3.9827475e-10,4.6655558e-11,7.507375e-08,0.9999999,837
879,31999,7685,0.25,-specific,2,2657,all_user_tags,assistant,1.9336959e-09,2.0767768e-10,1.4105681e-06,0.99999857,838
880,220,19,0.86, ,2,2658,all_user_tags,assistant,1.1224695e-06,3.233956e-08,4.2448137e-06,0.99999464,839
881,19,50005,0.68,4,2,2659,all_user_tags,assistant,1.4072529e-05,6.8883153e-09,2.4961048e-06,0.99998343,840
882,12,702,1.0,-,2,2660,all_user_tags,assistant,1.289591e-06,1.4806561e-07,1.2895116e-07,0.99999845,841
883,702,12,0.99,10,2,2661,all_user_tags,assistant,2.7129576e-05,3.008914e-08,1.738653e-06,0.99997115,842
884,12,702,1.0,-,2,2662,all_user_tags,assistant,1.1250022e-09,5.9341513e-13,5.6508253e-07,0.9999994,843
885,702,1934,0.44,10,2,2663,all_user_tags,assistant,1.17837956e-07,5.431055e-09,4.3940836e-06,0.99999547,844
886,4730,15310,0.92, once,2,2664,all_user_tags,assistant,8.0944125e-07,1.886227e-09,2.4328522e-06,0.9999968,845
887,15310,13217,0.61, fruit,2,2665,all_user_tags,assistant,4.6843286e-07,2.600008e-11,1.5012484e-08,0.9999995,846
888,289,13217,0.96,ing,2,2666,all_user_tags,assistant,1.227641e-07,1.1869825e-11,9.247542e-07,0.9999989,847
889,13217,364,0.7, starts,2,2667,all_user_tags,assistant,2.1446599e-10,2.7849435e-12,4.873287e-06,0.9999951,848
890,558,12,0.44,".
",2,2668,all_user_tags,assistant,5.6481078e-09,2.3512704e-11,1.6560897e-08,1.0,849
891,7924,802,0.99,That,2,2669,all_user_tags,assistant,1.162504e-09,9.548618e-12,4.7935947e-07,0.9999995,850
892,802,480,0.69,’s,2,2670,all_user_tags,assistant,3.3612058e-10,7.652232e-12,7.924674e-06,0.99999213,851
893,480,2322,0.68, it,2,2671,all_user_tags,assistant,4.9355832e-11,6.225147e-11,1.6303233e-05,0.99998367,852
894,2322,21998,0.27,—,2,2672,all_user_tags,assistant,5.933944e-11,1.1154635e-11,1.9728358e-07,0.99999976,853
895,21998,1934,0.62,plant,2,2673,all_user_tags,assistant,7.002847e-09,4.8280786e-13,5.8194087e-06,0.99999416,854
896,37495,1934,0.57, outdoors,2,2674,all_user_tags,assistant,5.791127e-07,1.3210046e-10,0.00013392251,0.99986553,855
897,1934,290,0.62, after,2,2675,all_user_tags,assistant,7.45897e-09,3.4146475e-12,0.00010337857,0.99989665,856
898,290,2174,0.87, the,2,2676,all_user_tags,assistant,1.7013623e-07,7.606499e-11,1.1477507e-05,0.9999883,857
899,2174,69368,1.0, last,2,2677,all_user_tags,assistant,2.1838815e-08,2.714677e-12,9.808292e-07,0.99999905,858
900,69368,11,0.88, frost,2,2678,all_user_tags,assistant,2.3789277e-09,3.061848e-13,8.6344635e-06,0.9999914,859
901,11,3644,0.67,",",2,2679,all_user_tags,assistant,2.758681e-09,5.921394e-12,4.182346e-05,0.99995816,860
902,3357,22390,0.37, keep,2,2680,all_user_tags,assistant,2.4778263e-08,2.8421343e-10,0.00075798214,0.99924207,861
903,480,46726,0.88, it,2,2681,all_user_tags,assistant,7.1075914e-09,4.105631e-10,0.00017197101,0.999828,862
904,46726,11,0.65, sunny,2,2682,all_user_tags,assistant,1.1462e-07,1.2039866e-10,1.7870307e-05,0.999982,863
905,11,23364,0.34,",",2,2683,all_user_tags,assistant,7.9688714e-11,1.3037976e-13,1.564036e-06,0.99999845,864
906,326,481,0.83, and,2,2684,all_user_tags,assistant,3.9728834e-10,1.37664906e-11,2.234726e-06,0.99999774,865
907,481,4720,0.99, you,2,2685,all_user_tags,assistant,9.4306856e-08,5.195526e-09,0.00064620876,0.9993537,866
908,4720,679,0.46,’ll,2,2686,all_user_tags,assistant,1.618976e-08,5.2235098e-11,0.00042356967,0.9995764,867
909,413,77218,0.57, be,2,2687,all_user_tags,assistant,1.4732841e-06,6.82604e-10,0.028507218,0.97149134,868
910,402,634,0.94, on,2,2688,all_user_tags,assistant,1.08924404e-07,2.8196204e-11,0.10585454,0.89414537,869
911,634,2006,1.0, your,2,2689,all_user_tags,assistant,1.7762789e-08,5.5805555e-12,0.014204415,0.9857956,870
912,2006,316,0.85, way,2,2690,all_user_tags,assistant,7.6811495e-11,1.1492374e-13,0.0003867834,0.9996132,871
913,316,261,0.46, to,2,2691,all_user_tags,assistant,2.4816094e-09,6.409815e-13,0.00020288963,0.99979717,872
914,8982,55866,0.88, fresh,2,2692,all_user_tags,assistant,2.5328356e-08,4.1636575e-13,8.83276e-05,0.99991167,873
915,55866,0,0.86, tomatoes,2,2693,all_user_tags,assistant,2.3700371e-08,1.845395e-13,9.167757e-06,0.9999908,874
916,1703,2167,0.22,"!

",2,2694,all_user_tags,assistant,7.2549655e-10,3.16519e-09,1.8194454e-07,0.99999976,875
917,37408,66241,0.68,Happy,2,2695,all_user_tags,assistant,2.1189667e-10,2.1967874e-11,3.5316923e-05,0.9999647,876
918,66241,0,0.95, gardening,2,2696,all_user_tags,assistant,4.6835777e-12,1.7474874e-11,9.668826e-07,0.99999905,877
919,0,200002,0.71,!,2,2697,all_user_tags,assistant,4.7130858e-11,1.01896613e-13,2.0817148e-05,0.99997914,878
920,130321,109,0.9, 🌱,2,2698,all_user_tags,assistant,2.3246702e-07,2.2961531e-08,0.00027675353,0.999723,879
921,109,198,0.7,,2,2699,all_user_tags,assistant,1.4513352e-09,4.9400384e-10,1.2847037e-05,0.9999871,880
