prompt_ix,prompt_key,token_ix,token,token_id,base_message_ix,base_message_type,segment_token_ix,sample_ix,seg_ix,p_system,p_user,p_cot,p_assistant,prob
0,proper_tags,0,<|startoftext|>,199998,,,,0,,0.9995470473076826,0.0004529526919496192,5.252346036230343e-15,3.623344151687733e-13,5.252346036230343e-15
0,proper_tags,1,<|start|>,200006,,,,1,,0.6874085590990429,0.0013926320564438262,0.303261435778836,0.007937373065677296,0.303261435778836
0,proper_tags,2,system,17360,,,,2,,0.5135033019516546,0.0008887050352875309,0.4850835189180937,0.0005244740949641007,0.4850835189180937
0,proper_tags,3,<|message|>,200008,,,,3,,0.9257733928517987,0.01889418474552368,0.05512092196034927,0.0002115004423282922,0.05512092196034927
0,proper_tags,4,You,3575,0.0,system,1.0,4,0.0,0.18447842883687784,0.010395479868108602,0.8051222569467384,3.834348275110237e-06,0.8051222569467384
0,proper_tags,5, are,553,0.0,system,2.0,5,0.0,0.02355368262173958,0.0005707516584200496,0.9758749863035158,5.794163246241604e-07,0.9758749863035158
0,proper_tags,6, Chat,17554,0.0,system,3.0,6,0.0,0.1419234072725754,0.14383391427346653,0.714235910454674,6.7679992839368035e-06,0.714235910454674
0,proper_tags,7,GPT,162016,0.0,system,4.0,7,0.0,0.0017061010473289856,0.0013152389651425666,0.9969780661483344,5.938391939458923e-07,0.9969780661483344
0,proper_tags,8,",",11,0.0,system,5.0,8,0.0,0.0021662415644700126,0.002027874050754182,0.9958058438433446,4.054143116164956e-08,0.9958058438433446
0,proper_tags,9, a,261,0.0,system,6.0,9,0.0,0.06437458258700768,0.8917512282011418,0.04387416513184164,2.4080008917280467e-08,0.04387416513184164
0,proper_tags,10, large,4410,0.0,system,7.0,10,0.0,0.031135497312424033,0.8117312338627994,0.15713145298291442,1.8158418620715752e-06,0.15713145298291442
0,proper_tags,11, language,6439,0.0,system,8.0,11,0.0,0.8036984559534204,0.1527427535254549,0.04113038751013184,0.002428403010992999,0.04113038751013184
0,proper_tags,12, model,2359,0.0,system,9.0,12,0.0,0.09052094358783729,0.2999809611792907,0.6094836658097789,1.4429423093271903e-05,0.6094836658097789
0,proper_tags,13, trained,22203,0.0,system,10.0,13,0.0,0.48717042159814933,0.17977092244746798,0.3330364313055676,2.2224648815127427e-05,0.3330364313055676
0,proper_tags,14, by,656,0.0,system,11.0,14,0.0,0.9087005266835686,0.0709582974101919,0.020339824073291653,1.3518329477707012e-06,0.020339824073291653
0,proper_tags,15, Open,7788,0.0,system,12.0,15,0.0,0.02979369538027158,4.2401875715403664e-05,0.9700538064194751,0.00011009632453791119,0.9700538064194751
0,proper_tags,16,AI,17527,0.0,system,13.0,16,0.0,0.6299830971060727,0.030920886007961956,0.33909545697803356,5.599079316659941e-07,0.33909545697803356
0,proper_tags,17,".
",558,0.0,system,14.0,17,0.0,0.5145761916856426,0.0347060976651452,0.45071767629553544,3.435367661177117e-08,0.45071767629553544
0,proper_tags,18,Knowledge,87447,0.0,system,15.0,18,0.0,0.4747759682466202,0.477404459564436,0.0478170755543846,2.496634559221931e-06,0.0478170755543846
0,proper_tags,19, cutoff,100594,0.0,system,16.0,19,0.0,0.020564021170029444,0.9161404429703421,0.06329484264068606,6.932189422037443e-07,0.06329484264068606
0,proper_tags,20,:,25,0.0,system,17.0,20,0.0,0.8667462324927051,0.12415819550080714,0.0090955623659579,9.640529944084285e-09,0.0090955623659579
0,proper_tags,21, ,220,0.0,system,18.0,21,0.0,0.3927957906656466,0.607060938273311,0.00013710586409792117,6.165196944579641e-06,0.00013710586409792117
0,proper_tags,22,202,1323,0.0,system,19.0,22,0.0,0.19926582883346375,0.8003204020775114,0.0004134632073355767,3.058816893788899e-07,0.0004134632073355767
0,proper_tags,23,4,19,0.0,system,20.0,23,0.0,0.021342262667044296,0.9569804608347329,0.021676721745764026,5.547524587767388e-07,0.021676721745764026
0,proper_tags,24,-,12,0.0,system,21.0,24,0.0,0.005944386220187514,0.991275697148948,0.0027799144956898053,2.135174507856411e-09,0.0027799144956898053
0,proper_tags,25,06,3218,0.0,system,22.0,25,0.0,0.0026023088341290894,0.9972837104682176,0.00011395235424688101,2.8343406387020204e-08,0.00011395235424688101
0,proper_tags,26,"
",198,0.0,system,23.0,26,0.0,0.005658688866568271,0.9730265856546946,0.021314712612659187,1.2866078013303959e-08,0.021314712612659187
0,proper_tags,27,Current,6576,0.0,system,24.0,27,0.0,0.18330998224418976,0.7370081392158648,0.07958091735156754,0.00010096118837777601,0.07958091735156754
0,proper_tags,28, date,3521,0.0,system,25.0,28,0.0,0.04414945078193798,0.47463201428783003,0.4811644827183889,5.4052211843043396e-05,0.4811644827183889
0,proper_tags,29,:,25,0.0,system,26.0,29,0.0,0.008513155317359715,0.9523417591507183,0.03913875159655508,6.333935366735427e-06,0.03913875159655508
0,proper_tags,30, ,220,0.0,system,27.0,30,0.0,0.1837059298704598,0.811654452971655,0.0045968957204537055,4.272143743158966e-05,0.0045968957204537055
0,proper_tags,31,202,1323,0.0,system,28.0,31,0.0,0.17836108173916224,0.8213450743441454,0.0002936440254279443,1.9989126441041095e-07,0.0002936440254279443
0,proper_tags,32,5,20,0.0,system,29.0,32,0.0,0.009564251964586278,0.979895025614187,0.010540717168546758,5.252680199864284e-09,0.010540717168546758
0,proper_tags,33,-,12,0.0,system,30.0,33,0.0,0.1361645552878691,0.8565171950190386,0.007310697546870908,7.5521462214524654e-06,0.007310697546870908
0,proper_tags,34,10,702,0.0,system,31.0,34,0.0,0.002096663939675322,0.9955734900676865,0.00232973637362781,1.096190104532667e-07,0.00232973637362781
0,proper_tags,35,-,12,0.0,system,32.0,35,0.0,0.04280574987292547,0.3471319519673314,0.6100622544834085,4.3676334637743726e-08,0.6100622544834085
0,proper_tags,36,01,2290,0.0,system,33.0,36,0.0,0.005559664216270819,0.9930497110010659,0.0013906188564040912,5.92625892421266e-09,0.0013906188564040912
0,proper_tags,37,"

",279,0.0,system,34.0,37,0.0,0.0004597816996654739,0.4038755366932621,0.5956646369374905,4.4669581922981645e-08,0.5956646369374905
0,proper_tags,38,Reason,30377,0.0,system,35.0,38,0.0,0.1378812870390228,0.529263817368917,0.33284723376233033,7.661829729898156e-06,0.33284723376233033
0,proper_tags,39,ing,289,0.0,system,36.0,39,0.0,0.029253769044422236,0.9544646925827861,0.016281289661824388,2.4871096744163194e-07,0.016281289661824388
0,proper_tags,40,:,25,0.0,system,37.0,40,0.0,0.04519181947777846,0.4769093000684884,0.47789879237158706,8.808214613494719e-08,0.47789879237158706
0,proper_tags,41, medium,14093,0.0,system,38.0,41,0.0,0.0511245625247091,0.321196547798608,0.6276781490408021,7.406358808613684e-07,0.6276781490408021
0,proper_tags,42,"

",279,0.0,system,39.0,42,0.0,0.019590434439955957,0.570440281724044,0.40996910379706064,1.8003893934957468e-07,0.40996910379706064
0,proper_tags,43,#,2,0.0,system,40.0,43,0.0,0.01713887244231879,0.031211992329488427,0.951641741454744,7.393773448714745e-06,0.951641741454744
0,proper_tags,44, Valid,13888,0.0,system,41.0,44,0.0,0.037348690298410994,0.09724359280443193,0.8654028690093081,4.847887848958708e-06,0.8654028690093081
0,proper_tags,45, channels,18403,0.0,system,42.0,45,0.0,0.003606362792559873,0.06535957681337055,0.93053732176725,0.0004967386268196287,0.93053732176725
0,proper_tags,46,:,25,0.0,system,43.0,46,0.0,0.002810345029287696,0.08570860423540551,0.9114686810809041,1.2369654402689126e-05,0.9114686810809041
0,proper_tags,47, analysis,8450,0.0,system,44.0,47,0.0,0.00018909736135948758,0.00041549320519169167,0.9993893132418684,6.096191580520796e-06,0.9993893132418684
0,proper_tags,48,",",11,0.0,system,45.0,48,0.0,0.00022090412833596827,0.0002952148624444323,0.9994728206633794,1.1060345840180074e-05,0.9994728206633794
0,proper_tags,49, commentary,49159,0.0,system,46.0,49,0.0,0.009585787283889133,0.0008293235543494894,0.9895756080695661,9.281092195207994e-06,0.9895756080695661
0,proper_tags,50,",",11,0.0,system,47.0,50,0.0,0.06005713744455209,0.9068922360539082,0.033050626013517846,4.880217865453185e-10,0.033050626013517846
0,proper_tags,51, final,1721,0.0,system,48.0,51,0.0,0.0008420825869776319,1.3404976255409504e-05,0.9991029466779199,4.156575884701098e-05,0.9991029466779199
0,proper_tags,52,.,13,0.0,system,49.0,52,0.0,0.0016562762459134523,0.0005474631211754151,0.9976824588884113,0.00011380174449981056,0.9976824588884113
0,proper_tags,53, Channel,21030,0.0,system,50.0,53,0.0,0.034463325474194,0.8239415958871408,0.14129240284765643,0.00030267579100860294,0.14129240284765643
0,proper_tags,54, must,2804,0.0,system,51.0,54,0.0,0.04596438160909555,0.5106496974245718,0.44334998422097366,3.593674535892226e-05,0.44334998422097366
0,proper_tags,55, be,413,0.0,system,52.0,55,0.0,0.0015981097713785952,0.9327363309310981,0.0656655586994309,5.980925543873191e-10,0.0656655586994309
0,proper_tags,56, included,7360,0.0,system,53.0,56,0.0,0.0046640700962186765,0.03586590314060881,0.9588206392798385,0.0006493874833340447,0.9588206392798385
0,proper_tags,57, for,395,0.0,system,54.0,57,0.0,0.0003589494558307446,0.0014830753352452683,0.9981300113463388,2.7963862585153245e-05,0.9981300113463388
0,proper_tags,58, every,1753,0.0,system,55.0,58,0.0,0.0009976225553978192,0.24279563304346036,0.7562038693381052,2.8750630366423457e-06,0.7562038693381052
0,proper_tags,59, message,3176,0.0,system,56.0,59,0.0,0.0010567945716206256,0.00034908413270207784,0.9984319970383082,0.0001621242573690135,0.9984319970383082
0,proper_tags,60,.,13,0.0,system,57.0,60,0.0,0.00019041635853780283,0.0007203029854071961,0.9990069139502031,8.236670585184621e-05,0.9990069139502031
0,proper_tags,61,<|end|>,200007,,,,61,,0.008336610336206751,0.0012605246511438158,0.9899103771194382,0.0004924878932112967,0.9899103771194382
0,proper_tags,62,<|start|>,200006,,,,62,,0.01856871738753139,0.0038838009065973855,0.9765470401082198,0.0010004415976513062,0.9765470401082198
0,proper_tags,63,user,1428,,,,63,,0.0024331718676410827,0.024357328727148183,0.9731300104742846,7.948893092613965e-05,0.9731300104742846
0,proper_tags,64,<|message|>,200008,,,,64,,0.0003039192848852974,0.1835366805799248,0.8161485198146772,1.0880320512753081e-05,0.8161485198146772
0,proper_tags,65,Hello,13225,1.0,user,1.0,65,1.0,3.3756827907521056e-05,0.9999614799448334,4.763222550412024e-06,4.708526507097045e-12,4.763222550412024e-06
0,proper_tags,66,!,0,1.0,user,2.0,66,1.0,2.6890825430494275e-05,0.9999721012178707,1.0079500470204195e-06,6.6515157498609516e-12,1.0079500470204195e-06
0,proper_tags,67, I'm,5477,1.0,user,3.0,67,1.0,2.9964227999852135e-05,0.9998443385564163,0.00012569624816144586,9.674224863012649e-10,0.00012569624816144586
0,proper_tags,68, preparing,27673,1.0,user,4.0,68,1.0,3.41194507584432e-05,0.9999645813674513,1.299157990793714e-06,2.379940082816186e-11,1.299157990793714e-06
0,proper_tags,69, a,261,1.0,user,5.0,69,1.0,0.0005317754948981467,0.9987564420589934,0.0007117738242910823,8.62181733811668e-09,0.0007117738242910823
0,proper_tags,70, M,391,1.0,user,6.0,70,1.0,6.337267799387835e-05,0.9999289636332036,7.663594923313386e-06,9.387944612448523e-11,7.663594923313386e-06
0,proper_tags,71,ATS,42222,1.0,user,7.0,71,1.0,0.0001183743674100477,0.9998780052555692,3.611478541020601e-06,8.898479511078344e-09,3.611478541020601e-06
0,proper_tags,72, figure,11310,1.0,user,8.0,72,1.0,0.00012106945656693583,0.9998696796423692,9.240967474546082e-06,9.933589266465752e-09,9.240967474546082e-06
0,proper_tags,73, to,316,1.0,user,9.0,73,1.0,3.485425908909585e-05,0.9999647572803567,3.8844814567564796e-07,1.2408775580766561e-11,3.8844814567564796e-07
0,proper_tags,74, discuss,5381,1.0,user,10.0,74,1.0,0.0002615157386427468,0.9997324501411584,6.021077838325978e-06,1.3042360510492638e-08,6.021077838325978e-06
0,proper_tags,75, with,483,1.0,user,11.0,75,1.0,4.8930487469641856e-05,0.9999424657177133,8.603279704796771e-06,5.15112114731979e-10,8.603279704796771e-06
0,proper_tags,76, Ne,4475,1.0,user,12.0,76,1.0,2.1841485304774286e-05,0.9999777471589423,4.1120525234461485e-07,1.5050063734794802e-10,4.1120525234461485e-07
0,proper_tags,77,el,296,1.0,user,13.0,77,1.0,4.294923965817558e-05,0.9999562564935668,7.941419340663119e-07,1.2484084017161035e-10,7.941419340663119e-07
0,proper_tags,78,.,13,1.0,user,14.0,78,1.0,9.379301288140046e-05,0.9999030109670135,3.195972273835566e-06,4.7831285056027343e-11,3.195972273835566e-06
0,proper_tags,79, Each,11555,1.0,user,15.0,79,1.0,7.824458902948078e-06,0.999991268441244,9.070925410125659e-07,7.311986231409164e-12,9.070925410125659e-07
0,proper_tags,80, conversation,15681,1.0,user,16.0,80,1.0,0.0006268078255431439,0.9992364354804502,0.00013526581666791312,1.4908773388582904e-06,0.00013526581666791312
0,proper_tags,81, contains,8895,1.0,user,17.0,81,1.0,0.0007367535073818216,0.9992411245258959,2.2019125030411745e-05,1.0284169190227301e-07,2.2019125030411745e-05
0,proper_tags,82, a,261,1.0,user,18.0,82,1.0,0.0005341510466618228,0.9994652717625994,5.720832459445913e-07,5.1074928931586495e-09,5.720832459445913e-07
0,proper_tags,83, different,2647,1.0,user,19.0,83,1.0,0.0014877401297462942,0.9984914559392256,2.0799400881258604e-05,4.530146759138771e-09,2.0799400881258604e-05
0,proper_tags,84, number,2086,1.0,user,20.0,84,1.0,0.0026926212427031636,0.9971792499553587,0.00012786238702104538,2.664149170001927e-07,0.00012786238702104538
0,proper_tags,85, of,328,1.0,user,21.0,85,1.0,0.003788979428471499,0.9958514135569186,0.0003530244636260201,6.582550983671045e-06,0.0003530244636260201
0,proper_tags,86, tokens,20290,1.0,user,22.0,86,1.0,0.0053606859143533366,0.9902884164519079,0.0043416116809245975,9.285952814293075e-06,0.0043416116809245975
0,proper_tags,87,",",11,1.0,user,23.0,87,1.0,0.001650248482357743,0.9983056487814609,4.354767694150026e-05,5.550592397506938e-07,4.354767694150026e-05
0,proper_tags,88, and,326,1.0,user,24.0,88,1.0,0.0010934537365127103,0.9989009896793459,5.545085153295419e-06,1.1498988000978319e-08,5.545085153295419e-06
0,proper_tags,89, I,357,1.0,user,25.0,89,1.0,3.3471518330097795e-05,0.9998570162054635,0.00010951223959828019,3.6607909640411345e-11,0.00010951223959828019
0,proper_tags,90, have,679,1.0,user,26.0,90,1.0,0.012278453471604944,0.9871255197007424,0.000595834994888706,1.9183276401272539e-07,0.000595834994888706
0,proper_tags,91, role,5430,1.0,user,27.0,91,1.0,0.08178253812740847,0.87653011032143,0.041287022663050114,0.0004003288881113649,0.041287022663050114
0,proper_tags,92, probabilities,100033,1.0,user,28.0,92,1.0,0.01770120486491212,0.9710402864042154,0.011216926851598972,4.158187927348257e-05,0.011216926851598972
0,proper_tags,93, at,540,1.0,user,29.0,93,1.0,0.004502565522856979,0.9952090098843372,0.0002856148609958424,2.8097318100005213e-06,0.0002856148609958424
0,proper_tags,94, every,1753,1.0,user,30.0,94,1.0,0.003425927232783034,0.9955079651591255,0.0010582142789025393,7.893329188966082e-06,0.0010582142789025393
0,proper_tags,95, position,4010,1.0,user,31.0,95,1.0,0.0015513736930570486,0.9978781657728694,0.0005677970989836437,2.663435089901998e-06,0.0005677970989836437
0,proper_tags,96,.,13,1.0,user,32.0,96,1.0,0.0007675247724677523,0.9990772073324905,0.0001549624202565694,3.054747850298048e-07,0.0001549624202565694
0,proper_tags,97, How,3253,1.0,user,33.0,97,1.0,0.013639456114716583,0.9838551104407938,0.002504847705620634,5.85738868888763e-07,0.002504847705620634
0,proper_tags,98, should,1757,1.0,user,34.0,98,1.0,2.4731331283371125e-05,0.9996974523803157,0.0002778151333902184,1.1550107191322944e-09,0.0002778151333902184
0,proper_tags,99, I,357,1.0,user,35.0,99,1.0,0.0012539823964662488,0.9987378561049063,8.091173519328993e-06,7.032510801099238e-08,8.091173519328993e-06
0,proper_tags,100, aggregate,37989,1.0,user,36.0,100,1.0,0.0007352555125544119,0.998884090910393,0.00034948346799879,3.1170109053867826e-05,0.00034948346799879
0,proper_tags,101, them,1373,1.0,user,37.0,101,1.0,0.0008318910931259125,0.9989403981560125,0.00021634396063117131,1.136679023040221e-05,0.00021634396063117131
0,proper_tags,102, without,2935,1.0,user,38.0,102,1.0,1.6346390521202303e-05,0.9999796509514355,3.995636612480239e-06,7.021430678340511e-09,3.995636612480239e-06
0,proper_tags,103, letting,31328,1.0,user,39.0,103,1.0,0.0021252567358756914,0.9974277865251849,0.0003842917400731072,6.266499886619799e-05,0.0003842917400731072
0,proper_tags,104, a,261,1.0,user,40.0,104,1.0,0.06139054914340479,0.9245644688286956,0.010612114389913425,0.0034328676379863587,0.010612114389913425
0,proper_tags,105, few,3120,1.0,user,41.0,105,1.0,0.08659463493276622,0.5581481867745076,0.24799285096882953,0.10726432732389668,0.24799285096882953
0,proper_tags,106, long,1701,1.0,user,42.0,106,1.0,0.008558851175539658,0.9881014287226434,0.0017820470228953778,0.0015576730789216104,0.0017820470228953778
0,proper_tags,107, conversations,31594,1.0,user,43.0,107,1.0,0.0030544813578911576,0.995503848985068,0.0005207869514441874,0.0009208827055967179,0.0005207869514441874
0,proper_tags,108, dominate,77297,1.0,user,44.0,108,1.0,0.01602368312417961,0.9568840608234319,0.016294935750099417,0.010797320302289136,0.016294935750099417
0,proper_tags,109, the,290,1.0,user,45.0,109,1.0,0.002508575529448872,0.9928974024479827,0.0018278245933601985,0.0027661974292081813,0.0018278245933601985
0,proper_tags,110, result,1534,1.0,user,46.0,110,1.0,0.003066671477890425,0.9920051476552334,0.004073547104945821,0.0008546337619305136,0.004073547104945821
0,proper_tags,111,?,30,1.0,user,47.0,111,1.0,0.0018470676564498886,0.9977995860533609,0.0003494996508322578,3.846639356949373e-06,0.0003494996508322578
0,proper_tags,112,<|end|>,200007,,,,112,,0.0005719838389175273,0.9948733579259024,0.004554155111163933,5.031240160391343e-07,0.004554155111163933
0,proper_tags,113,<|start|>,200006,,,,113,,0.0007133297022268094,0.9986732839386623,0.0005627126485642076,5.067371054674012e-05,0.0005627126485642076
0,proper_tags,114,assistant,173781,,,,114,,0.005140927901801437,0.42322017009151786,0.5651786882731247,0.006460213733556006,0.5651786882731247
0,proper_tags,115,<|channel|>,200005,,,,115,,0.00045639493868124606,0.8980861099663363,0.1014535477287188,3.94736626354323e-06,0.1014535477287188
0,proper_tags,116,analysis,35644,,,,116,,0.00026403392869557595,0.0048775098320008835,0.9907115307384422,0.004146925500861365,0.9907115307384422
0,proper_tags,117,<|message|>,200008,,,,117,,1.0275486510794548e-06,0.0002765542021509275,0.9971044596334279,0.0026179586157702153,0.9971044596334279
0,proper_tags,118,The,976,2.0,cot,1.0,118,2.0,1.5574871948271825e-09,8.268013560646936e-09,0.9993250156629748,0.0006749745115242905,0.9993250156629748
0,proper_tags,119, user,1825,2.0,cot,2.0,119,2.0,7.824718907034718e-08,2.932882739873459e-06,0.9998566375968441,0.00014035127322713274,0.9998566375968441
0,proper_tags,120, needs,4414,2.0,cot,3.0,120,2.0,6.534692002759918e-08,3.4487616257223327e-06,0.9975822485979716,0.002414237293482586,0.9975822485979716
0,proper_tags,121, an,448,2.0,cot,4.0,121,2.0,2.26129674945985e-07,4.966807834602675e-05,0.9981763925464785,0.0017737132455006102,0.9981763925464785
0,proper_tags,122, aggregation,93321,2.0,cot,5.0,122,2.0,0.0008925537850337362,0.30127091923437876,0.5327508386648919,0.16508568831569553,0.5327508386648919
0,proper_tags,123, rule,10652,2.0,cot,6.0,123,2.0,2.8155671010713384e-05,0.001704584934010533,0.5936409061110365,0.40462635328394225,0.5936409061110365
0,proper_tags,124, that,484,2.0,cot,7.0,124,2.0,2.8012756712976857e-08,2.2047746600718843e-06,0.8423214439343938,0.15767632327818937,0.8423214439343938
0,proper_tags,125, matches,15248,2.0,cot,8.0,125,2.0,5.058377358536638e-06,1.4649320074774534e-05,0.9819390777097785,0.01804121459278811,0.9819390777097785
0,proper_tags,126, a,261,2.0,cot,9.0,126,2.0,8.322914120317308e-05,0.00021171853484756026,0.7147138407632053,0.28499121156074386,0.7147138407632053
0,proper_tags,127, conversation,15681,2.0,cot,10.0,127,2.0,0.004140564168379543,0.2641858364200856,0.1686791156252335,0.5629944837863013,0.1686791156252335
0,proper_tags,128,-level,19231,2.0,cot,11.0,128,2.0,0.0005107345721534958,0.004884420308941856,0.10305321250945286,0.8915516326094517,0.10305321250945286
0,proper_tags,129, question,4928,2.0,cot,12.0,129,2.0,2.175210870211967e-05,0.0001945071636261638,0.9306333256548166,0.06915041507285512,0.9306333256548166
0,proper_tags,130,.,13,2.0,cot,13.0,130,2.0,1.3669336078819704e-08,2.9911769386913684e-08,0.9988277925359141,0.0011721638829803305,0.9988277925359141
0,proper_tags,131, Pool,27585,2.0,cot,14.0,131,2.0,9.979711236332889e-06,1.3386224739700855e-05,0.024784360111928427,0.9751922739520956,0.024784360111928427
0,proper_tags,132,ing,289,2.0,cot,15.0,132,2.0,4.0181992697578253e-05,0.00022638168029624116,0.05915554833820807,0.9405778879887982,0.05915554833820807
0,proper_tags,133, all,722,2.0,cot,16.0,133,2.0,0.0003766237522428747,0.002979720287681791,0.3449277194292402,0.6517159365308351,0.3449277194292402
0,proper_tags,134, tokens,20290,2.0,cot,17.0,134,2.0,0.0017747605862633077,0.033608875780792566,0.2779522488031635,0.6866641148297807,0.2779522488031635
0,proper_tags,135, gives,8967,2.0,cot,18.0,135,2.0,2.2235111078203e-05,0.00012226550944409643,0.806270822691342,0.19358467668813575,0.806270822691342
0,proper_tags,136, longer,7411,2.0,cot,19.0,136,2.0,0.0003696706061955296,0.0004347305049993681,0.09655366365438628,0.9026419352344188,0.09655366365438628
0,proper_tags,137, conversations,31594,2.0,cot,20.0,137,2.0,0.00015019362712185135,0.0005689383453286712,0.06627764541844937,0.9330032226091002,0.06627764541844937
0,proper_tags,138, more,945,2.0,cot,21.0,138,2.0,0.00020072956476742222,2.55294452352198e-05,0.3779510076657681,0.6218227333242292,0.3779510076657681
0,proper_tags,139, influence,16044,2.0,cot,22.0,139,2.0,4.04578808730978e-06,3.7962637713047395e-06,0.019191601314034044,0.9808005566341073,0.019191601314034044
0,proper_tags,140,",",11,2.0,cot,23.0,140,2.0,0.0029098003551058203,0.003208842718914282,0.623224525943694,0.3706568309822858,0.623224525943694
0,proper_tags,141, which,1118,2.0,cot,24.0,141,2.0,1.1286365490572783e-06,6.580761054559495e-06,0.7241662517923261,0.27582603881007023,0.7241662517923261
0,proper_tags,142, may,1340,2.0,cot,25.0,142,2.0,1.6331891993538795e-05,1.312810918941667e-05,0.4402461539952792,0.5597243860035379,0.4402461539952792
0,proper_tags,143, be,413,2.0,cot,26.0,143,2.0,6.814694544306462e-05,0.00037213779928137224,0.9734107075002975,0.026149007754978044,0.9734107075002975
0,proper_tags,144, appropriate,11081,2.0,cot,27.0,144,2.0,4.209865391451505e-05,0.0001659300955133615,0.9776404032483359,0.022151568002236163,0.9776404032483359
0,proper_tags,145, for,395,2.0,cot,28.0,145,2.0,2.199127558489079e-05,2.4805312438998685e-05,0.525986184217459,0.4739670191945171,0.525986184217459
0,proper_tags,146, a,261,2.0,cot,29.0,146,2.0,0.00019061608549615213,0.0016588836272565539,0.5349188932788888,0.4632316070083586,0.5349188932788888
0,proper_tags,147, token,6602,2.0,cot,30.0,147,2.0,0.01719740925376748,0.09516558033189938,0.4238902480529596,0.46374676236137347,0.4238902480529596
0,proper_tags,148,-weight,24650,2.0,cot,31.0,148,2.0,0.000934480057387588,0.003067854857730352,0.23332033777894517,0.762677327305937,0.23332033777894517
0,proper_tags,149,ed,295,2.0,cot,32.0,149,2.0,8.330179029195356e-05,0.00037237858427087276,0.6182615872611057,0.3812827323643316,0.6182615872611057
0,proper_tags,150, estim,11039,2.0,cot,33.0,150,2.0,7.262628091242958e-05,0.0006967471695642493,0.022863444958929793,0.9763671815905935,0.022863444958929793
0,proper_tags,151,and,427,2.0,cot,34.0,151,2.0,0.00013473769646881552,9.866104589620342e-06,0.05000006842550019,0.9498553277734413,0.05000006842550019
0,proper_tags,152, but,889,2.0,cot,35.0,152,2.0,3.9633078489445213e-05,4.519632274113611e-05,0.9959294792483763,0.0039856913503930665,0.9959294792483763
0,proper_tags,153, not,625,2.0,cot,36.0,153,2.0,2.962341423288866e-06,1.4981499604238349e-05,0.9871768233464985,0.012805232812473989,0.9871768233464985
0,proper_tags,154, for,395,2.0,cot,37.0,154,2.0,0.0002318762236623304,0.00012387721808895544,0.9207662431421814,0.07887800341606736,0.9207662431421814
0,proper_tags,155, an,448,2.0,cot,38.0,155,2.0,0.0001406360541543058,0.002300958782400548,0.9355364100437867,0.06202199511965854,0.9355364100437867
0,proper_tags,156, average,7848,2.0,cot,39.0,156,2.0,0.0009767960217859362,0.00011888445930878066,0.015972703884605526,0.9829316156342996,0.015972703884605526
0,proper_tags,157, conversation,15681,2.0,cot,40.0,157,2.0,0.001370334273962712,0.0003370971657173933,0.005434924956492507,0.9928576436038273,0.005434924956492507
0,proper_tags,158,.,13,2.0,cot,41.0,158,2.0,2.974913507784964e-06,3.124647977523239e-07,0.29802882471160713,0.7019678879100874,0.29802882471160713
0,proper_tags,159, I,357,2.0,cot,42.0,159,2.0,8.048517452152514e-10,1.0045994496822095e-09,0.9408762082327398,0.059123789957808925,0.9408762082327398
0,proper_tags,160, should,1757,2.0,cot,43.0,160,2.0,6.522043931318876e-10,2.7842488391524274e-10,0.9956758186318734,0.004324180437497212,0.9956758186318734
0,proper_tags,161, recommend,7013,2.0,cot,44.0,161,2.0,2.69765857925518e-09,1.1551376192884788e-09,0.9940125304467373,0.0059874657004662995,0.9940125304467373
0,proper_tags,162, computing,34349,2.0,cot,45.0,162,2.0,1.5596320456285408e-08,5.247649275332151e-10,0.003236350527186113,0.9967636333517285,0.003236350527186113
0,proper_tags,163, a,261,2.0,cot,46.0,163,2.0,5.0640205140032094e-05,5.989763018771265e-06,0.005522539450652092,0.994420830581189,0.005522539450652092
0,proper_tags,164, specified,10185,2.0,cot,47.0,164,2.0,2.809413902078743e-09,2.824869772202891e-10,0.023795540650182023,0.9762044562579172,0.023795540650182023
0,proper_tags,165, passage,26368,2.0,cot,48.0,165,2.0,5.359035814822381e-05,2.27421925402274e-05,0.0743150132651922,0.9256086541841192,0.0743150132651922
0,proper_tags,166, statistic,80778,2.0,cot,49.0,166,2.0,2.6428949572672433e-08,1.2977630181836608e-09,0.00019704034205644827,0.999802931931231,0.00019704034205644827
0,proper_tags,167, within,3518,2.0,cot,50.0,167,2.0,8.778752506910157e-07,1.1379240972964583e-07,0.0042789969294856145,0.995720011402854,0.0042789969294856145
0,proper_tags,168, each,2454,2.0,cot,51.0,168,2.0,6.14702845619619e-06,1.506365103171766e-06,0.009913389222209272,0.9900789573842315,0.009913389222209272
0,proper_tags,169, conversation,15681,2.0,cot,52.0,169,2.0,6.953305148605179e-05,3.0055446005663424e-05,0.007402695963425021,0.9924977155390834,0.007402695963425021
0,proper_tags,170, and,326,2.0,cot,53.0,170,2.0,6.47046740532449e-07,8.445106022986182e-08,0.0055889945182458186,0.9944102739839534,0.0055889945182458186
0,proper_tags,171, then,1815,2.0,cot,54.0,171,2.0,6.363117608341352e-07,6.506066793887941e-09,0.009661675130450121,0.9903376820517223,0.009661675130450121
0,proper_tags,172, averaging,89652,2.0,cot,55.0,172,2.0,5.721878804177023e-07,4.322234503733322e-09,0.006979810172490637,0.9930196133173945,0.006979810172490637
0,proper_tags,173, across,5251,2.0,cot,56.0,173,2.0,2.0716053846645865e-06,1.0711583264914751e-07,0.01802808721835986,0.9819697340604229,0.01802808721835986
0,proper_tags,174, independent,13313,2.0,cot,57.0,174,2.0,4.382686706813481e-06,5.901151563092446e-07,0.037818268439475715,0.9621767587586612,0.037818268439475715
0,proper_tags,175, conversations,31594,2.0,cot,58.0,175,2.0,4.029739902525813e-05,8.211526879980978e-06,0.00684665237556934,0.9931048386985254,0.00684665237556934
0,proper_tags,176,.,13,2.0,cot,59.0,176,2.0,3.656127581400418e-06,3.796021509324159e-08,0.6605655421483745,0.3394307637638289,0.6605655421483745
0,proper_tags,177, The,623,2.0,cot,60.0,177,2.0,5.362140786006798e-12,1.6001666439191592e-12,0.9998472582822195,0.00015274171081833677,0.9998472582822195
0,proper_tags,178, relevant,12331,2.0,cot,61.0,178,2.0,2.4399450663062587e-09,1.462217885565842e-10,0.9661869011736934,0.03381309624013963,0.9661869011736934
0,proper_tags,179, spans,78545,2.0,cot,62.0,179,2.0,3.772791119318714e-06,8.23959282793178e-07,0.11118336951058977,0.8888120337390082,0.11118336951058977
0,proper_tags,180, must,2804,2.0,cot,63.0,180,2.0,2.0664921564516984e-08,2.341529353341557e-08,0.729972155118466,0.2700278008013189,0.729972155118466
0,proper_tags,181, be,413,2.0,cot,64.0,181,2.0,2.995895343207218e-06,4.683529239934417e-07,0.00383194508745162,0.9961645906642812,0.00383194508745162
0,proper_tags,182, defined,9113,2.0,cot,65.0,182,2.0,2.8632189233095017e-06,6.55999952520835e-07,0.3933091394807327,0.6066873413003915,0.3933091394807327
0,proper_tags,183, consistently,31454,2.0,cot,66.0,183,2.0,9.601470194311433e-07,1.0966202011712132e-06,0.11406843191163094,0.8859295113211486,0.11406843191163094
0,proper_tags,184,.,13,2.0,cot,67.0,184,2.0,4.64102259566765e-08,7.47682568989879e-09,0.8591349934324117,0.1408649526805366,0.8591349934324117
0,proper_tags,185, Re,907,2.0,cot,68.0,185,2.0,4.192278889728583e-09,3.3611537098253596e-10,0.09275950519780861,0.9072404902737972,0.09275950519780861
0,proper_tags,186,peated,73561,2.0,cot,69.0,186,2.0,3.1275450875558204e-05,2.9215526855810712e-05,0.20918455575970563,0.7907549532625631,0.20918455575970563
0,proper_tags,187, conditions,6409,2.0,cot,70.0,187,2.0,8.948860019404624e-06,1.0662055326449731e-05,0.8996682053415609,0.10031218374309334,0.8996682053415609
0,proper_tags,188, from,591,2.0,cot,71.0,188,2.0,1.178999830631254e-06,1.112569499788282e-06,0.9740416921324967,0.025956016298172815,0.9740416921324967
0,proper_tags,189, one,1001,2.0,cot,72.0,189,2.0,5.333578328063687e-05,5.288030369503051e-05,0.03189549804956358,0.9679982858634607,0.03189549804956358
0,proper_tags,190, conversation,15681,2.0,cot,73.0,190,2.0,6.422312231913255e-05,4.2869843676655616e-05,0.1192678019986325,0.8806251050353718,0.1192678019986325
0,proper_tags,191, should,1757,2.0,cot,74.0,191,2.0,0.0001234289526452701,0.0003758749511004282,0.8795438960578459,0.11995680003840847,0.8795438960578459
0,proper_tags,192, remain,12760,2.0,cot,75.0,192,2.0,1.0601941554047508e-06,1.6674987274971897e-07,0.05196241407945501,0.9480363589765168,0.05196241407945501
0,proper_tags,193, paired,51892,2.0,cot,76.0,193,2.0,4.064398209090385e-05,6.17582269622819e-05,0.807195599289712,0.1927019985012349,0.807195599289712
0,proper_tags,194, in,306,2.0,cot,77.0,194,2.0,6.132960051767583e-06,4.674329770573986e-06,0.8082157026183521,0.19177349009182554,0.8082157026183521
0,proper_tags,195, the,290,2.0,cot,78.0,195,2.0,0.00027026026497030804,0.002686028373806333,0.24624353910907212,0.7508001722521512,0.24624353910907212
0,proper_tags,196, comparison,19211,2.0,cot,79.0,196,2.0,0.00022422558734113264,7.926537191330531e-05,0.3988321806007506,0.6008643284399949,0.3988321806007506
0,proper_tags,197,.,13,2.0,cot,80.0,197,2.0,4.5112174921667635e-06,2.466393292533397e-07,0.9604904018267566,0.03950484031642205,0.9604904018267566
0,proper_tags,198, I,357,2.0,cot,81.0,198,2.0,9.065217235829123e-11,1.2075385913271613e-11,0.9998254982291965,0.00017450166807579453,0.9998254982291965
0,proper_tags,199, also,1217,2.0,cot,82.0,199,2.0,4.3475377172325835e-09,1.1455563279930596e-09,0.9305612825409978,0.06943871196590826,0.9305612825409978
0,proper_tags,200, need,1309,2.0,cot,83.0,200,2.0,1.0700569849367984e-10,3.3212843252253666e-11,0.9849883307293719,0.0150116691304097,0.9849883307293719
0,proper_tags,201, to,316,2.0,cot,84.0,201,2.0,3.6238047581569565e-05,9.993118663849038e-06,0.5165870488499781,0.48336671998377656,0.5165870488499781
0,proper_tags,202, explain,16644,2.0,cot,85.0,202,2.0,7.933509478558309e-10,2.8982901158195377e-10,0.994874365605168,0.005125633311652071,0.994874365605168
0,proper_tags,203, that,484,2.0,cot,86.0,203,2.0,1.5902750467181184e-08,2.4841102208325872e-09,0.4929128888635269,0.5070870927496125,0.4929128888635269
0,proper_tags,204, a,261,2.0,cot,87.0,204,2.0,3.0985004445882923e-06,2.178888075387465e-07,0.722103006361381,0.27789367724936676,0.722103006361381
0,proper_tags,205, token,6602,2.0,cot,88.0,205,2.0,9.865098224350658e-05,5.9353418244015876e-05,0.051895431472173716,0.9479465641273388,0.051895431472173716
0,proper_tags,206,-level,19231,2.0,cot,89.0,206,2.0,8.515925264725184e-05,1.9653082396188766e-05,0.21566737575832828,0.7842278119066283,0.21566737575832828
0,proper_tags,207, graph,7465,2.0,cot,90.0,207,2.0,8.848219529502675e-06,6.000918558204381e-06,0.09090025818406794,0.9090848926778443,0.09090025818406794
0,proper_tags,208, and,326,2.0,cot,91.0,208,2.0,3.043812095763549e-06,5.422691719708051e-07,0.9124906003052997,0.08750581361343268,0.9124906003052997
0,proper_tags,209, a,261,2.0,cot,92.0,209,2.0,1.023866405924105e-06,2.1249761587895894e-08,0.4130216165294748,0.5869773383543577,0.4130216165294748
0,proper_tags,210, conversation,15681,2.0,cot,93.0,210,2.0,4.400722393394124e-06,1.0957911543172376e-06,0.0072527717865671784,0.9927417316998851,0.0072527717865671784
0,proper_tags,211,-level,19231,2.0,cot,94.0,211,2.0,8.515567810832623e-06,4.6762589472845246e-07,0.20809411390636265,0.7918969028999319,0.20809411390636265
0,proper_tags,212, summary,18522,2.0,cot,95.0,212,2.0,1.9097509843841415e-07,1.703037146242146e-08,0.0010766005807763797,0.9989231914137536,0.0010766005807763797
0,proper_tags,213, answer,6052,2.0,cot,96.0,213,2.0,4.2204492941285785e-06,1.647569858322427e-07,0.8362535977634274,0.16374201703029267,0.8362535977634274
0,proper_tags,214, different,2647,2.0,cot,97.0,214,2.0,1.3055320793702572e-05,1.7706545531591251e-06,0.1231062650628936,0.8768789089617596,0.1231062650628936
0,proper_tags,215, questions,5359,2.0,cot,98.0,215,2.0,1.204723535184323e-06,3.963239291965676e-08,0.006097998028161518,0.9939007576159105,0.006097998028161518
0,proper_tags,216, and,326,2.0,cot,99.0,216,2.0,5.913785071928947e-08,3.671483504714574e-09,0.3377563793891216,0.6622435578015442,0.3377563793891216
0,proper_tags,217, can,665,2.0,cot,100.0,217,2.0,1.2188110908287284e-05,3.0241542619422413e-07,0.09900865591941387,0.9009788535542517,0.09900865591941387
0,proper_tags,218, both,2973,2.0,cot,101.0,218,2.0,0.00025391396078267123,6.903157229125537e-05,0.4144886747352176,0.5851883797317085,0.4144886747352176
0,proper_tags,219, be,413,2.0,cot,102.0,219,2.0,0.0004480430611199774,0.00011667547253788979,0.4219713277933028,0.5774639536730393,0.4219713277933028
0,proper_tags,220, useful,8316,2.0,cot,103.0,220,2.0,4.040566432979701e-06,3.7995694613434914e-06,0.13761540341121067,0.862376756452895,0.13761540341121067
0,proper_tags,221, when,1261,2.0,cot,104.0,221,2.0,1.0610477226792406e-06,2.2464594462268083e-07,0.031878879202041466,0.9681198351042912,0.031878879202041466
0,proper_tags,222, labeled,55089,2.0,cot,105.0,222,2.0,6.910493728499739e-05,2.855753532924894e-05,0.020643833933622905,0.9792585035937629,0.020643833933622905
0,proper_tags,223, clearly,15603,2.0,cot,106.0,223,2.0,4.641840511899429e-05,5.0865490589635264e-06,0.4592459210561075,0.5407025739897144,0.4592459210561075
0,proper_tags,224,.,13,2.0,cot,107.0,224,2.0,5.668989764135826e-08,4.825160636737942e-09,0.8646517620916335,0.13534817639330823,0.8646517620916335
0,proper_tags,225,<|end|>,200007,,,,225,,7.779008737810567e-08,2.6720637766226276e-09,0.957319109528627,0.04268081000922185,0.957319109528627
0,proper_tags,226,<|start|>,200006,,,,226,,7.041155014318063e-06,9.098596233621962e-06,0.9044746965981552,0.09550916365059701,0.9044746965981552
0,proper_tags,227,assistant,173781,,,,227,,3.1152130560844753e-07,2.4963675153674765e-07,0.85117008591204,0.14882935292990265,0.85117008591204
0,proper_tags,228,<|channel|>,200005,,,,228,,1.5309313638782504e-07,2.5155275613706142e-08,0.9937548973932475,0.006244924358340387,0.9937548973932475
0,proper_tags,229,final,17196,,,,229,,1.0065052919438825e-06,2.1505256986027838e-07,0.9353141119830016,0.06468466645913648,0.9353141119830016
0,proper_tags,230,<|message|>,200008,,,,230,,2.704667766485354e-10,6.825238760960433e-10,0.002826971480559116,0.9971730275664501,0.002826971480559116
0,proper_tags,231,Define,55292,3.0,assistant,1.0,231,3.0,4.490668505964946e-12,6.090582677195545e-13,5.835848895651015e-05,0.9999416415059438,5.835848895651015e-05
0,proper_tags,232, the,290,3.0,assistant,2.0,232,3.0,8.69101073511278e-10,2.387477908880379e-11,9.626042203530441e-05,0.9999037386849889,9.626042203530441e-05
0,proper_tags,233, passage,26368,3.0,assistant,3.0,233,3.0,3.4311428881127556e-09,1.8849292929934937e-10,0.00012093736018515504,0.9998790590201789,0.00012093736018515504
0,proper_tags,234, you,481,3.0,assistant,4.0,234,3.0,8.298638162187208e-09,1.0048679157702842e-09,0.0007142007559515919,0.9992857899405423,0.0007142007559515919
0,proper_tags,235, want,1682,3.0,assistant,5.0,235,3.0,1.93445828343086e-08,5.72087254666692e-09,0.0009430980619159143,0.9990568768726287,0.0009430980619159143
0,proper_tags,236, to,316,3.0,assistant,6.0,236,3.0,5.435776398523262e-07,2.7253645895325595e-07,0.003009397145657614,0.9969897867402436,0.003009397145657614
0,proper_tags,237, measure,9714,3.0,assistant,7.0,237,3.0,4.576214327178799e-09,4.716511811887149e-10,9.073298397548686e-05,0.9999092619681591,9.073298397548686e-05
0,proper_tags,238, in,306,3.0,assistant,8.0,238,3.0,6.837388314618737e-10,3.3344489511581306e-11,8.062234675384522e-05,0.9999193769361627,8.062234675384522e-05
0,proper_tags,239, each,2454,3.0,assistant,9.0,239,3.0,9.487200319493922e-11,6.487059763126097e-12,1.0122096705309988e-05,0.9999898778019357,1.0122096705309988e-05
0,proper_tags,240, conversation,15681,3.0,assistant,10.0,240,3.0,2.524393527609659e-08,1.8605087145046062e-08,9.610942837144805e-05,0.9999038467226061,9.610942837144805e-05
0,proper_tags,241,",",11,3.0,assistant,11.0,241,3.0,4.171867617010462e-12,5.48396243993063e-13,2.6362388717959055e-05,0.9999736376065618,2.6362388717959055e-05
0,proper_tags,242, compute,23864,3.0,assistant,12.0,242,3.0,1.6159105024478207e-12,1.0330954391899642e-12,1.1328187803116734e-05,0.9999886718095479,1.1328187803116734e-05
0,proper_tags,243, its,1617,3.0,assistant,13.0,243,3.0,1.41408124411709e-09,3.571384051744426e-10,1.6550222963843273e-05,0.9999834480058165,1.6550222963843273e-05
0,proper_tags,244, mean,4774,3.0,assistant,14.0,244,3.0,1.734556702434325e-11,5.232113919549962e-13,1.9870369274989947e-06,0.9999980129452037,1.9870369274989947e-06
0,proper_tags,245, score,8429,3.0,assistant,15.0,245,3.0,9.008824472220321e-10,3.368146443392604e-10,1.0585934629811535e-05,0.9999894128276732,1.0585934629811535e-05
0,proper_tags,246,",",11,3.0,assistant,16.0,246,3.0,7.101149513984332e-11,6.354738495878472e-12,1.1285665048635058e-05,0.9999887142575852,1.1285665048635058e-05
0,proper_tags,247, and,326,3.0,assistant,17.0,247,3.0,9.343001319110311e-14,6.581786790534117e-15,7.273223483903326e-06,0.9999927267764162,7.273223483903326e-06
0,proper_tags,248, then,1815,3.0,assistant,18.0,248,3.0,2.6646225421967273e-11,4.259187005513275e-13,3.0756605309908128e-06,0.9999969243123968,3.0756605309908128e-06
0,proper_tags,249, average,7848,3.0,assistant,19.0,249,3.0,7.605436110754833e-12,1.0972288311730795e-13,1.7450434827711473e-06,0.9999982549488021,1.7450434827711473e-06
0,proper_tags,250, those,2617,3.0,assistant,20.0,250,3.0,1.5148532202318678e-12,1.1191132133286602e-14,1.757580576288304e-07,0.9999998242404162,1.757580576288304e-07
0,proper_tags,251, conversation,15681,3.0,assistant,21.0,251,3.0,2.8467858431016926e-10,3.360595186725133e-11,2.0185226868135258e-06,0.9999979811590286,2.0185226868135258e-06
0,proper_tags,252,-level,19231,3.0,assistant,22.0,252,3.0,5.662765030953553e-12,6.90456145270132e-13,1.8136660650425858e-06,0.9999981863275818,1.8136660650425858e-06
0,proper_tags,253, means,4748,3.0,assistant,23.0,253,3.0,9.542450205403856e-12,1.2159406505488653e-13,1.1835744881474229e-06,0.9999988164158478,1.1835744881474229e-06
0,proper_tags,254, with,483,3.0,assistant,24.0,254,3.0,8.029620035874636e-10,5.2126921462910575e-12,4.0150945886559725e-05,0.9999598482459389,4.0150945886559725e-05
0,proper_tags,255, equal,12629,3.0,assistant,25.0,255,3.0,8.350933354128186e-10,1.344667888010857e-11,3.231078055414355e-05,0.999967688370906,3.231078055414355e-05
0,proper_tags,256, weight,6049,3.0,assistant,26.0,256,3.0,3.2634121683490763e-10,8.536794585068021e-12,3.324305379449617e-05,0.9999667566113274,3.324305379449617e-05
0,proper_tags,257,.,13,3.0,assistant,27.0,257,3.0,4.0106108663718467e-13,6.844049969216233e-15,1.4810651817250018e-05,0.9999851893477748,1.4810651817250018e-05
0,proper_tags,258, For,2214,3.0,assistant,28.0,258,3.0,1.1610376777840539e-15,7.439737570027135e-18,8.18582606475447e-06,0.999991814173934,8.18582606475447e-06
0,proper_tags,259, a,261,3.0,assistant,29.0,259,3.0,4.74533938204541e-11,6.164770101882527e-13,0.00010486596893172009,0.9998951339829983,0.00010486596893172009
0,proper_tags,260, comparison,19211,3.0,assistant,30.0,260,3.0,6.171610823900059e-07,3.180525628063934e-08,0.003570712422778758,0.9964286386108825,0.003570712422778758
0,proper_tags,261, between,2870,3.0,assistant,31.0,261,3.0,4.05885660118265e-07,1.1422541799773788e-08,0.003388468047434953,0.9966111146443631,0.003388468047434953
0,proper_tags,262, conditions,6409,3.0,assistant,32.0,262,3.0,2.545526408102703e-08,1.154612413214438e-08,0.00035389243550661365,0.9996460705631052,0.00035389243550661365
0,proper_tags,263,",",11,3.0,assistant,33.0,263,3.0,6.584718662494142e-09,1.7295979332682544e-10,0.0003720291005057545,0.9996279641418159,0.0003720291005057545
0,proper_tags,264, compute,23864,3.0,assistant,34.0,264,3.0,4.258178597488257e-09,3.1003867655606253e-10,0.0002423021309284577,0.9997576933008543,0.0002423021309284577
0,proper_tags,265, the,290,3.0,assistant,35.0,265,3.0,1.5602597520335018e-07,6.832867368427659e-09,0.0013612888471907132,0.9986385482939666,0.0013612888471907132
0,proper_tags,266, paired,51892,3.0,assistant,36.0,266,3.0,4.188274227722366e-07,3.784499537768809e-07,0.00105659061207906,0.9989426121105444,0.00105659061207906
0,proper_tags,267, difference,9809,3.0,assistant,37.0,267,3.0,1.4832164129193154e-07,8.26871296325735e-08,0.0006727190777375482,0.9993270499134915,0.0006727190777375482
0,proper_tags,268, within,3518,3.0,assistant,38.0,268,3.0,9.404092308554353e-09,3.548604329686632e-09,0.00017016902266246564,0.9998298180246409,0.00017016902266246564
0,proper_tags,269, each,2454,3.0,assistant,39.0,269,3.0,6.651690175587314e-09,2.0797692702922863e-09,0.0006066640532097514,0.9993933272153308,0.0006066640532097514
0,proper_tags,270, conversation,15681,3.0,assistant,40.0,270,3.0,1.1844937757394439e-08,5.713275555273256e-09,0.00023000086137287077,0.9997699815804137,0.00023000086137287077
0,proper_tags,271, before,2254,3.0,assistant,41.0,271,3.0,3.919751583620315e-11,6.815858514059928e-12,4.713307637012917e-05,0.9999528668776165,4.713307637012917e-05
0,proper_tags,272, averaging,89652,3.0,assistant,42.0,272,3.0,1.7617921186853204e-09,5.231431556384051e-10,4.0834523435022366e-05,0.9999591631916297,4.0834523435022366e-05
0,proper_tags,273,.,13,3.0,assistant,43.0,273,3.0,3.789931626838025e-13,3.897698072205031e-15,5.107564210229154e-06,0.999994892435407,5.107564210229154e-06
0,proper_tags,274, Report,12208,3.0,assistant,44.0,274,3.0,5.964041014822639e-11,1.4267107816077168e-12,1.829342926669889e-05,0.9999817065096661,1.829342926669889e-05
0,proper_tags,275, both,2973,3.0,assistant,45.0,275,3.0,7.877866569854019e-10,6.890884439624255e-11,4.4744142842022096e-05,0.9999552550004625,4.4744142842022096e-05
0,proper_tags,276, the,290,3.0,assistant,46.0,276,3.0,9.41488634497958e-10,2.5155288667563794e-11,1.0266574400416443e-05,0.9999897324589557,1.0266574400416443e-05
0,proper_tags,277, number,2086,3.0,assistant,47.0,277,3.0,3.0435993654371065e-08,3.194204137929707e-09,5.8638110265399e-05,0.9999413282595369,5.8638110265399e-05
0,proper_tags,278, of,328,3.0,assistant,48.0,278,3.0,1.4306747236909356e-08,1.07700238705284e-09,5.6379928434342275e-05,0.999943604687816,5.6379928434342275e-05
0,proper_tags,279, independent,13313,3.0,assistant,49.0,279,3.0,2.3959005313380007e-09,1.3357280481199683e-10,2.061139736199627e-05,0.9999793860731647,2.061139736199627e-05
0,proper_tags,280, conversations,31594,3.0,assistant,50.0,280,3.0,1.1817695751621036e-09,5.407109584525565e-10,2.4288295677046112e-05,0.9999757099818425,2.4288295677046112e-05
0,proper_tags,281, and,326,3.0,assistant,51.0,281,3.0,1.7650754851749326e-10,6.0208148778813795e-12,3.5080364899587356e-05,0.9999649194525722,3.5080364899587356e-05
0,proper_tags,282, the,290,3.0,assistant,52.0,282,3.0,1.3546252740834981e-10,2.1613017033845564e-12,1.1629122177070442e-05,0.9999883707401992,1.1629122177070442e-05
0,proper_tags,283, number,2086,3.0,assistant,53.0,283,3.0,8.666205488537461e-14,4.66717591371269e-16,1.7952829374791206e-05,0.999982047170538,1.7952829374791206e-05
0,proper_tags,284, of,328,3.0,assistant,54.0,284,3.0,1.662088581506588e-07,7.024947638572156e-09,0.00023675205887870824,0.9997630747073154,0.00023675205887870824
0,proper_tags,285, tokens,20290,3.0,assistant,55.0,285,3.0,3.4676354099614925e-09,3.228331657508436e-10,2.3704829557968598e-05,0.9999762913799736,2.3704829557968598e-05
0,proper_tags,286, contributing,44404,3.0,assistant,56.0,286,3.0,1.4912785953416369e-10,9.454174765196182e-12,1.2281458315452096e-05,0.9999877183831025,1.2281458315452096e-05
0,proper_tags,287, to,316,3.0,assistant,57.0,287,3.0,5.949263514541758e-11,5.273091061572671e-12,6.916543577575661e-06,0.9999930833916567,6.916543577575661e-06
0,proper_tags,288, the,290,3.0,assistant,58.0,288,3.0,2.5565251167519742e-09,1.6458340519960102e-10,0.00011588622851352721,0.999884111050378,0.00011588622851352721
0,proper_tags,289, passage,26368,3.0,assistant,59.0,289,3.0,6.085912013136659e-10,1.2543384737896508e-11,6.256095249805594e-06,0.9999937432836156,6.256095249805594e-06
0,proper_tags,290, means,4748,3.0,assistant,60.0,290,3.0,2.170340456702501e-11,6.847218134234418e-13,3.233426580827826e-06,0.999996766551031,3.233426580827826e-06
0,proper_tags,291,.,13,3.0,assistant,61.0,291,3.0,3.213648006553033e-13,7.351546705616554e-16,9.733975512886187e-06,0.999990266024165,9.733975512886187e-06
0,proper_tags,292, Keep,16835,3.0,assistant,62.0,292,3.0,8.101670826654323e-12,1.9844675361569013e-13,1.17463042479819e-05,0.9999882536874519,1.17463042479819e-05
0,proper_tags,293, the,290,3.0,assistant,63.0,293,3.0,4.344084826449187e-10,1.3702724731358026e-11,5.6079172894978075e-05,0.9999439203789938,5.6079172894978075e-05
0,proper_tags,294, token,6602,3.0,assistant,64.0,294,3.0,2.1445526315936837e-08,1.7015000619405678e-09,0.0001570069915786323,0.999842969861395,0.0001570069915786323
0,proper_tags,295,-level,19231,3.0,assistant,65.0,295,3.0,9.263084089394326e-09,1.8414702801458324e-10,3.6217612345741945e-05,0.999963772940423,3.6217612345741945e-05
0,proper_tags,296, trace,21523,3.0,assistant,66.0,296,3.0,3.653436195757536e-08,1.614443160616423e-09,0.00116698203404794,0.998832979817147,0.00116698203404794
0,proper_tags,297, as,472,3.0,assistant,67.0,297,3.0,2.5958971441141385e-09,3.442293779174775e-11,0.00016560605369045207,0.9998343913159895,0.00016560605369045207
0,proper_tags,298, an,448,3.0,assistant,68.0,298,3.0,6.93946420428873e-08,4.2988847492663295e-09,0.0007954175281916306,0.9992045087782816,0.0007954175281916306
0,proper_tags,299, illustration,55575,3.0,assistant,69.0,299,3.0,5.852811918096842e-08,6.518020310999787e-09,0.001714029824234799,0.9982859051296257,0.001714029824234799
0,proper_tags,300, of,328,3.0,assistant,70.0,300,3.0,2.8476253025566396e-07,3.129887831873067e-08,0.0021358622989747756,0.9978638216396166,0.0021358622989747756
0,proper_tags,301, local,2698,3.0,assistant,71.0,301,3.0,1.4683171303387466e-06,1.7249522306275722e-06,0.0011455775786409304,0.9988512291519982,0.0011455775786409304
0,proper_tags,302, variation,35930,3.0,assistant,72.0,302,3.0,3.551289522236661e-07,1.6520935162825906e-07,0.00039357118836523357,0.9996059084733309,0.00039357118836523357
0,proper_tags,303,",",11,3.0,assistant,73.0,303,3.0,4.3750943172663754e-10,2.6936162687133003e-11,3.684770930599997e-05,0.9999631518262485,3.684770930599997e-05
0,proper_tags,304, and,326,3.0,assistant,74.0,304,3.0,6.921252613157814e-12,2.580843328210828e-13,1.2021505910555526e-05,0.99998797848691,1.2021505910555526e-05
0,proper_tags,305, label,4208,3.0,assistant,75.0,305,3.0,2.3086530083418818e-08,1.4444113992446358e-09,0.0005120239055178441,0.9994879515635408,0.0005120239055178441
0,proper_tags,306, the,290,3.0,assistant,76.0,306,3.0,1.7563589669811598e-08,6.048179887132955e-10,0.00014122479651212098,0.9998587570350803,0.00014122479651212098
0,proper_tags,307, aggregate,37989,3.0,assistant,77.0,307,3.0,7.892149680098527e-11,1.992092915996142e-12,7.941508392685581e-07,0.9999992057682472,7.941508392685581e-07
0,proper_tags,308, chart,15292,3.0,assistant,78.0,308,3.0,2.80567746905877e-09,2.504608137461072e-10,1.5576854980396534e-05,0.9999844200888812,1.5576854980396534e-05
0,proper_tags,309, as,472,3.0,assistant,79.0,309,3.0,1.988205196769199e-08,5.903403810895485e-10,0.0006395498215181147,0.9993604297060894,0.0006395498215181147
0,proper_tags,310, an,448,3.0,assistant,80.0,310,3.0,6.607705690771804e-09,5.697765667797513e-10,2.2462962589422002e-05,0.9999775298599283,2.2462962589422002e-05
0,proper_tags,311, average,7848,3.0,assistant,81.0,311,3.0,3.8332627772652664e-10,2.256274482195511e-12,9.987773979345971e-08,0.9999998997366778,9.987773979345971e-08
0,proper_tags,312, across,5251,3.0,assistant,82.0,312,3.0,1.2470098208844753e-09,6.285565373568411e-12,2.778678353842553e-06,0.9999972200683507,2.778678353842553e-06
0,proper_tags,313, conversations,31594,3.0,assistant,83.0,313,3.0,2.8886954312673607e-10,1.900045771160103e-11,1.0805937136981828e-06,0.9999989190984164,1.0805937136981828e-06
0,proper_tags,314,.,13,3.0,assistant,84.0,314,3.0,1.8701173124784655e-14,1.2370059936890725e-17,3.6558657404970765e-06,0.9999963441342409,3.6558657404970765e-06
0,proper_tags,315, If,1843,3.0,assistant,85.0,315,3.0,4.4474067891681235e-13,1.868072371136862e-16,2.6246349446826822e-06,0.9999973753646103,2.6246349446826822e-06
0,proper_tags,316, you,481,3.0,assistant,86.0,316,3.0,1.4008724663388667e-12,1.5152433270519316e-14,2.0320887024456292e-05,0.9999796791115595,2.0320887024456292e-05
0,proper_tags,317, also,1217,3.0,assistant,87.0,317,3.0,4.977666810479816e-11,1.1197420731867775e-12,8.192015218753712e-06,0.999991807933885,8.192015218753712e-06
0,proper_tags,318, show,2356,3.0,assistant,88.0,318,3.0,5.5481831234462964e-08,2.658153524834289e-09,0.00024099267885082244,0.9997589491811645,0.00024099267885082244
0,proper_tags,319, a,261,3.0,assistant,89.0,319,3.0,1.6371251874674146e-08,1.811223703960618e-10,0.0001735209507732278,0.9998264624968526,0.0001735209507732278
0,proper_tags,320, pooled,157971,3.0,assistant,90.0,320,3.0,1.0853277567707907e-08,1.7696157726501458e-10,2.0471543749772758e-05,0.9999795174260111,2.0471543749772758e-05
0,proper_tags,321, token,6602,3.0,assistant,91.0,321,3.0,4.083913604139915e-06,2.1282813049745745e-07,0.0012301271510633655,0.9987655761072021,0.0012301271510633655
0,proper_tags,322, average,7848,3.0,assistant,92.0,322,3.0,3.463261042053847e-08,4.050042902951948e-10,4.78248518298574e-05,0.9999521401105554,4.78248518298574e-05
0,proper_tags,323,",",11,3.0,assistant,93.0,323,3.0,4.391603670808042e-08,2.0157773638503705e-11,0.0003580381284486706,0.999641917935357,0.0003580381284486706
0,proper_tags,324, identify,11410,3.0,assistant,94.0,324,3.0,9.85859600776058e-09,4.643151563334478e-11,9.722701310393564e-05,0.9999027630818685,9.722701310393564e-05
0,proper_tags,325, it,480,3.0,assistant,95.0,325,3.0,1.8160770173904712e-07,1.7023395774750257e-09,9.346286867996492e-05,0.9999063538212787,9.346286867996492e-05
0,proper_tags,326, separately,37741,3.0,assistant,96.0,326,3.0,1.6705263457136565e-08,6.833284850440832e-10,0.0002082261422011142,0.9997917564692069,0.0002082261422011142
0,proper_tags,327,:,25,3.0,assistant,97.0,327,3.0,6.129932783326035e-11,9.950444938918428e-14,2.0317813259228165e-05,0.9999796821253419,2.0317813259228165e-05
0,proper_tags,328, it,480,3.0,assistant,98.0,328,3.0,1.270425643536577e-07,1.6676615641623939e-09,5.8551164803513944e-05,0.9999413201249706,5.8551164803513944e-05
0,proper_tags,329, answers,14716,3.0,assistant,99.0,329,3.0,6.337934971374562e-09,2.155760474592394e-11,1.1458128791636765e-05,0.9999885355117157,1.1458128791636765e-05
0,proper_tags,330, what,1412,3.0,assistant,100.0,330,3.0,1.3528954195986392e-07,1.3768657936636846e-09,1.1765647233079767e-05,0.9999880976863592,1.1765647233079767e-05
0,proper_tags,331, happens,13367,3.0,assistant,101.0,331,3.0,2.4590451478047563e-08,6.73296444886287e-10,2.497363170199042e-05,0.9999750011045502,2.497363170199042e-05
0,proper_tags,332, to,316,3.0,assistant,102.0,332,3.0,2.1174856682901517e-06,2.5792445011603885e-08,0.00028674715173876013,0.999711109570148,0.00028674715173876013
0,proper_tags,333, an,448,3.0,assistant,103.0,333,3.0,1.1840416338675033e-05,1.1125429393588694e-07,0.00011552683214353366,0.9998725214972238,0.00011552683214353366
0,proper_tags,334, average,7848,3.0,assistant,104.0,334,3.0,2.018145903386341e-06,6.695428944769429e-09,3.0407414355723414e-05,0.999967567744312,3.0407414355723414e-05
0,proper_tags,335, included,7360,3.0,assistant,105.0,335,3.0,1.684693074950903e-06,1.5261293184482265e-08,3.321643343079e-05,0.9999650836122012,3.321643343079e-05
0,proper_tags,336, token,6602,3.0,assistant,106.0,336,3.0,8.694348299289718e-07,4.46793504431115e-09,4.876482006139168e-05,0.9999503612771736,4.876482006139168e-05
0,proper_tags,337, and,326,3.0,assistant,107.0,337,3.0,3.780204533010109e-09,1.2462395073815434e-11,4.904105023851705e-05,0.9999509551570945,4.904105023851705e-05
0,proper_tags,338, therefore,12880,3.0,assistant,108.0,338,3.0,1.857247042804511e-09,1.0251164167251712e-12,2.2735544410778507e-05,0.999977262597317,2.2735544410778507e-05
0,proper_tags,339, gives,8967,3.0,assistant,109.0,339,3.0,3.5472626472659813e-10,1.5058382751589934e-12,1.7021239223735592e-06,0.9999982975198455,1.7021239223735592e-06
0,proper_tags,340, longer,7411,3.0,assistant,110.0,340,3.0,9.271793009978684e-10,1.9755300598293872e-11,4.513818881381246e-07,0.9999995476711773,4.513818881381246e-07
0,proper_tags,341, passages,69047,3.0,assistant,111.0,341,3.0,8.83628897801777e-09,1.2446250790231506e-09,3.101107008906226e-05,0.9999689788489968,3.101107008906226e-05
0,proper_tags,342, more,945,3.0,assistant,112.0,342,3.0,2.040918667288842e-10,3.4903817614061876e-13,4.331655536573676e-07,0.9999995666300054,4.331655536573676e-07
0,proper_tags,343, weight,6049,3.0,assistant,113.0,343,3.0,2.2640588459449987e-09,8.157203042880104e-12,1.4978049135165863e-06,0.9999984999228704,1.4978049135165863e-06
0,proper_tags,344,.,13,3.0,assistant,114.0,344,3.0,5.975767389816916e-14,1.1744121655331473e-17,1.4284909774205203e-06,0.9999985715089628,1.4284909774205203e-06
0,proper_tags,345,<|end|>,200007,,,,345,,2.959880818512075e-11,1.7962295024205088e-13,1.798944689869512e-05,0.9999820105233228,1.798944689869512e-05
0,proper_tags,346,<|start|>,200006,,,,346,,5.39107607593337e-07,6.506323385903763e-08,0.005807589833405904,0.9941918059957527,0.005807589833405904
0,proper_tags,347,user,1428,,,,347,,3.730856747265319e-08,5.0275104389009786e-08,0.009926741771476025,0.9900731706448521,0.009926741771476025
0,proper_tags,348,<|message|>,200008,,,,348,,7.895364893976068e-06,0.00034568793119482417,0.1687603324227388,0.8308860842811724,0.1687603324227388
0,proper_tags,349,That,7924,4.0,user,1.0,349,4.0,3.194684448663563e-06,5.5140130912788406e-05,0.45780190582408065,0.5421397593605579,0.45780190582408065
0,proper_tags,350, makes,4787,4.0,user,2.0,350,4.0,0.00030010677242114844,0.0009892826521688772,0.3370216553088952,0.6616889552665147,0.3370216553088952
0,proper_tags,351, sense,8512,4.0,user,3.0,351,4.0,0.00013989462703476835,0.0038399007308454014,0.02453392628716223,0.9714862783549577,0.02453392628716223
0,proper_tags,352,.,13,4.0,user,4.0,352,4.0,9.657430237578266e-05,0.033487620857013345,0.04189465970395072,0.9245211451366601,0.04189465970395072
0,proper_tags,353, If,1843,4.0,user,5.0,353,4.0,6.944534105307724e-05,0.9442070379815558,0.03921585387740918,0.01650766279998197,0.03921585387740918
0,proper_tags,354, I,357,4.0,user,6.0,354,4.0,0.003263087448328135,0.008166803379966583,0.14753485595564894,0.8410352532160563,0.14753485595564894
0,proper_tags,355, measure,9714,4.0,user,7.0,355,4.0,7.410191303860983e-05,0.09451794128136706,0.0070378178397390145,0.8983701389658553,0.0070378178397390145
0,proper_tags,356, several,4919,4.0,user,8.0,356,4.0,0.00033720040903361103,0.20781434737950064,0.03277568958381237,0.7590727626276534,0.03277568958381237
0,proper_tags,357, layers,22119,4.0,user,9.0,357,4.0,0.00011682716834270781,0.007184995642057767,0.008169712741146199,0.9845284644484533,0.008169712741146199
0,proper_tags,358, and,326,4.0,user,10.0,358,4.0,0.0002974839981117071,0.15020169144906187,0.014415547508248791,0.8350852770445777,0.014415547508248791
0,proper_tags,359, several,4919,4.0,user,11.0,359,4.0,3.7924508574818636e-05,0.003963578689424043,0.012676204287350373,0.9833222925146506,0.012676204287350373
0,proper_tags,360, steering,49066,4.0,user,12.0,360,4.0,0.002653471524976317,0.24476041635652504,0.09939612687779312,0.6531899852407055,0.09939612687779312
0,proper_tags,361, strengths,47860,4.0,user,13.0,361,4.0,2.7468529393836828e-05,8.648062594531575e-05,0.0019198144447529224,0.9979662363999079,0.0019198144447529224
0,proper_tags,362, on,402,4.0,user,14.0,362,4.0,0.0010913125010816452,0.10607956709696091,0.016238733509092492,0.876590386892865,0.016238733509092492
0,proper_tags,363, each,2454,4.0,user,15.0,363,4.0,0.00017536484404688022,0.18002212970495876,0.0034908913535261856,0.8163116140974682,0.0034908913535261856
0,proper_tags,364, conversation,15681,4.0,user,16.0,364,4.0,8.675133855087644e-05,0.018444817212493088,0.0012240970158853635,0.9802443344330706,0.0012240970158853635
0,proper_tags,365,",",11,4.0,user,17.0,365,4.0,0.0008058110889883938,0.721927247762246,0.021441975506566017,0.2558249656421995,0.021441975506566017
0,proper_tags,366, do,621,4.0,user,18.0,366,4.0,0.000666425248114517,0.9878539064971871,0.007819223375871456,0.0036604448788269484,0.007819223375871456
0,proper_tags,367, those,2617,4.0,user,19.0,367,4.0,0.0005667811165137932,0.6694897046845579,0.042210011999829114,0.2877335021990992,0.042210011999829114
0,proper_tags,368, extra,5018,4.0,user,20.0,368,4.0,9.371816331444865e-05,0.990452401862624,0.0026986749344436066,0.006755205039617926,0.0026986749344436066
0,proper_tags,369, measurements,29039,4.0,user,21.0,369,4.0,0.00013475075481986814,0.920888339637556,0.007474118601913201,0.0715027910057109,0.007474118601913201
0,proper_tags,370, increase,7064,4.0,user,22.0,370,4.0,0.0001737108590479613,0.10944362941134456,0.003909137891839852,0.8864735218377676,0.003909137891839852
0,proper_tags,371, the,290,4.0,user,23.0,371,4.0,3.365561388907608e-05,0.005634345644514104,0.002715026754714794,0.9916169719868819,0.002715026754714794
0,proper_tags,372, sample,10176,4.0,user,24.0,372,4.0,1.2871736804676543e-06,4.706277933338802e-05,3.647761285458619e-05,0.9999151724341315,3.647761285458619e-05
0,proper_tags,373, size,2349,4.0,user,25.0,373,4.0,2.3676546309519942e-05,0.011640494126121283,0.0001859229810297084,0.9881499063465395,0.0001859229810297084
0,proper_tags,374,?,30,4.0,user,26.0,374,4.0,0.0008565505923999706,0.8990048759991054,0.0006150160747577299,0.09952355733373694,0.0006150160747577299
0,proper_tags,375, I,357,4.0,user,27.0,375,4.0,0.0022133084513553435,0.42849177252630255,0.24303398803039225,0.32626093099194986,0.24303398803039225
0,proper_tags,376, want,1682,4.0,user,28.0,376,4.0,0.00012782015259525369,0.04212977124274774,0.0050253642443774055,0.9527170443602797,0.0050253642443774055
0,proper_tags,377, the,290,4.0,user,29.0,377,4.0,8.903813192680027e-06,0.010987955414342958,1.8297562939619556e-05,0.9889848432095248,1.8297562939619556e-05
0,proper_tags,378, caption,42602,4.0,user,30.0,378,4.0,0.00013379868614827247,0.0060621010544804925,0.0019395473008653418,0.9918645529585058,0.0019395473008653418
0,proper_tags,379, in,306,4.0,user,31.0,379,4.0,1.0033426225588835e-05,0.9760927135981355,0.002997977366823381,0.020899275608815517,0.002997977366823381
0,proper_tags,380, the,290,4.0,user,32.0,380,4.0,2.9419750712714675e-06,0.0006865339641237015,0.001780094628647928,0.9975304294321571,0.001780094628647928
0,proper_tags,381, M,391,4.0,user,33.0,381,4.0,0.00041713876300675224,0.860416510053858,0.0019470692476663408,0.13721928193546884,0.0019470692476663408
0,proper_tags,382,ATS,42222,4.0,user,34.0,382,4.0,0.00017661373091863177,0.06411162429521038,0.02305854728082894,0.9126532146930421,0.02305854728082894
0,proper_tags,383, report,3019,4.0,user,35.0,383,4.0,0.0005259133027559088,0.35185477477564137,0.01334896838838859,0.6342703435332142,0.01334896838838859
0,proper_tags,384, to,316,4.0,user,36.0,384,4.0,9.14198977233196e-05,0.2672957992448442,0.02335154324504515,0.7092612376123872,0.02335154324504515
0,proper_tags,385, be,413,4.0,user,37.0,385,4.0,1.8929372785319918e-05,0.006755392538370082,0.0003391612030343939,0.9928865168858102,0.0003391612030343939
0,proper_tags,386, precise,31687,4.0,user,38.0,386,4.0,5.4616004329529174e-05,0.0077531333019910794,0.0028851892217377994,0.9893070614719416,0.0028851892217377994
0,proper_tags,387, about,1078,4.0,user,39.0,387,4.0,5.462092312638143e-05,0.02086740543238221,0.0018102250045993972,0.9772677486398921,0.0018102250045993972
0,proper_tags,388, the,290,4.0,user,40.0,388,4.0,1.094798866176668e-05,0.0012959327697182664,0.00034047735860853837,0.9983526418830115,0.00034047735860853837
0,proper_tags,389, uncertainty,44942,4.0,user,41.0,389,4.0,2.4216561776387694e-06,0.0002148082171074121,0.0001868698245432238,0.9995959003021717,0.0001868698245432238
0,proper_tags,390,.,13,4.0,user,42.0,390,4.0,6.112951408447887e-05,0.06570869930899298,0.0022954084768166227,0.9319347627001059,0.0022954084768166227
0,proper_tags,391,<|end|>,200007,,,,391,,1.6127511961153518e-05,0.0026777633271826747,0.0020421053852030394,0.995264003775653,0.0020421053852030394
0,proper_tags,392,<|start|>,200006,,,,392,,6.03783257177284e-06,0.0017566670632842107,0.0001342083468495995,0.9981030867572944,0.0001342083468495995
0,proper_tags,393,assistant,173781,,,,393,,1.523923492147314e-07,0.0007917040661443674,0.059145316524269936,0.9400628270172364,0.059145316524269936
0,proper_tags,394,<|channel|>,200005,,,,394,,5.241275943811765e-06,7.907399114586667e-05,0.033022142318638495,0.9668935424142718,0.033022142318638495
0,proper_tags,395,analysis,35644,,,,395,,1.5737373521039734e-09,2.5915893136576365e-09,0.005244007906473792,0.9947559879281996,0.005244007906473792
0,proper_tags,396,<|message|>,200008,,,,396,,1.5090749602757416e-12,1.7784896794592557e-13,0.0016982048563469754,0.9983017951419662,0.0016982048563469754
0,proper_tags,397,The,976,5.0,cot,1.0,397,5.0,2.5224926428757524e-11,1.7359958208258385e-12,0.06712675815089938,0.9328732418221398,0.06712675815089938
0,proper_tags,398, user,1825,5.0,cot,2.0,398,5.0,1.2681114492848707e-08,6.900362882115147e-09,0.5185426398887916,0.48145734052973094,0.5185426398887916
0,proper_tags,399, is,382,5.0,cot,3.0,399,5.0,2.1630630475114228e-08,7.587739446308869e-08,0.10020354857549557,0.8997963539164794,0.10020354857549557
0,proper_tags,400, asking,16054,5.0,cot,4.0,400,5.0,5.450414570031725e-09,1.9070884181535266e-08,0.2390995632095681,0.7609004122691331,0.2390995632095681
0,proper_tags,401, about,1078,5.0,cot,5.0,401,5.0,2.0157871870494875e-07,1.5515793982064736e-05,0.0907065399273868,0.9092777426999125,0.0907065399273868
0,proper_tags,402, repeated,24161,5.0,cot,6.0,402,5.0,9.872801629195357e-07,6.052990255901619e-05,8.752702148897349e-05,0.999850955795789,8.752702148897349e-05
0,proper_tags,403, measurements,29039,5.0,cot,7.0,403,5.0,1.0815840004544568e-06,0.00021803547760747806,0.00030593611344001084,0.9994749468249521,0.00030593611344001084
0,proper_tags,404, versus,30667,5.0,cot,8.0,404,5.0,2.586881168302783e-07,4.624033029442852e-05,0.015272130978868516,0.9846813700027203,0.015272130978868516
0,proper_tags,405, independent,13313,5.0,cot,9.0,405,5.0,1.0924962095161465e-06,1.0483908637189228e-05,0.0005193137370805227,0.9994691098580727,0.0005193137370805227
0,proper_tags,406, units,13306,5.0,cot,10.0,406,5.0,2.6824818036877416e-07,1.8183616023826406e-06,0.00040478028396292943,0.9995931331062543,0.00040478028396292943
0,proper_tags,407,.,13,5.0,cot,11.0,407,5.0,4.0422598801897885e-08,2.896883892076486e-07,0.06107220442720993,0.9389274654618021,0.06107220442720993
0,proper_tags,408, Layers,168896,5.0,cot,12.0,408,5.0,1.8559371327881996e-05,0.0024339524608752317,0.054779444036710916,0.942768044131086,0.054779444036710916
0,proper_tags,409, and,326,5.0,cot,13.0,409,5.0,7.692309094513846e-07,0.0007251731361314818,0.04794890246163574,0.9513251551713234,0.04794890246163574
0,proper_tags,410, strengths,47860,5.0,cot,14.0,410,5.0,3.824897692551241e-05,0.0014697898428490273,0.02966689211569267,0.9688250690645328,0.02966689211569267
0,proper_tags,411, reveal,26477,5.0,cot,15.0,411,5.0,1.3606598397943612e-07,1.6835801807471845e-05,0.005365108724374375,0.9946179194078343,0.005365108724374375
0,proper_tags,412, a,261,5.0,cot,16.0,412,5.0,5.129862521676484e-06,6.507151593594161e-05,0.0067567391599609,0.9931730594615815,0.0067567391599609
0,proper_tags,413, richer,110657,5.0,cot,17.0,413,5.0,9.104154077996496e-08,1.5224120097791789e-05,0.0027330706558851715,0.9972516141824762,0.0027330706558851715
0,proper_tags,414, response,3322,5.0,cot,18.0,414,5.0,9.602764688161065e-08,3.386344414105367e-07,0.0011448469801566801,0.9988547183577551,0.0011448469801566801
0,proper_tags,415, for,395,5.0,cot,19.0,415,5.0,2.760504872363672e-08,1.1602362592490006e-06,0.003486400371769009,0.9965124117869231,0.003486400371769009
0,proper_tags,416, the,290,5.0,cot,20.0,416,5.0,1.9617406887299606e-08,5.3872296330363154e-08,0.0076652486229493305,0.9923346778873475,0.0076652486229493305
0,proper_tags,417, same,2684,5.0,cot,21.0,417,5.0,7.379862251700374e-06,2.9004929188727736e-05,0.007813076571209073,0.9921505386373505,0.007813076571209073
0,proper_tags,418, underlying,27899,5.0,cot,22.0,418,5.0,1.2766355738499679e-05,0.0001898051040027987,0.0029608341430326446,0.9968365943972262,0.0029608341430326446
0,proper_tags,419, conversation,15681,5.0,cot,23.0,419,5.0,5.025998237782483e-06,3.108748535693816e-05,0.001970025545129982,0.9979938609712753,0.001970025545129982
0,proper_tags,420,",",11,5.0,cot,24.0,420,5.0,7.503829987748805e-07,2.43301776352437e-05,0.0031506308171382405,0.9968242886222277,0.0031506308171382405
0,proper_tags,421, but,889,5.0,cot,25.0,421,5.0,6.133388530572122e-10,1.0435365629088624e-09,0.0038571216770970636,0.9961428766660275,0.0038571216770970636
0,proper_tags,422, they,1023,5.0,cot,26.0,422,5.0,6.237954775676403e-05,0.009790921743889217,0.03510337178677639,0.9550433269215777,0.03510337178677639
0,proper_tags,423, do,621,5.0,cot,27.0,423,5.0,9.208863467302424e-07,3.1657587026056342e-06,4.530617568364878e-05,0.999950607179267,4.530617568364878e-05
0,proper_tags,424, not,625,5.0,cot,28.0,424,5.0,3.1692842950764404e-07,8.915996572045152e-07,0.03753851669898114,0.9624602747729321,0.03753851669898114
0,proper_tags,425, create,2501,5.0,cot,29.0,425,5.0,2.391637518220176e-06,1.322027673853715e-05,0.006176326618476567,0.9938080614672667,0.006176326618476567
0,proper_tags,426, new,620,5.0,cot,30.0,426,5.0,9.537748969454076e-07,3.9677665716972745e-06,0.002486722707943761,0.9975083557505876,0.002486722707943761
0,proper_tags,427, independent,13313,5.0,cot,31.0,427,5.0,2.1482367501692128e-06,8.622093143138931e-06,0.0019087271988726152,0.9980805024712341,0.0019087271988726152
0,proper_tags,428, conversations,31594,5.0,cot,32.0,428,5.0,1.344131774523744e-05,0.000969880332888274,0.003360698736578116,0.9956559796127884,0.003360698736578116
0,proper_tags,429,.,13,5.0,cot,33.0,429,5.0,6.589552015729972e-08,1.2598922393711818e-07,0.006348203412051757,0.9936516047032041,0.006348203412051757
0,proper_tags,430, I,357,5.0,cot,34.0,430,5.0,7.912165151664637e-13,4.969198487967329e-14,0.0004894219285610328,0.9995105780705981,0.0004894219285610328
0,proper_tags,431, should,1757,5.0,cot,35.0,431,5.0,9.498318091427386e-12,2.343259891326904e-13,0.07475281931313324,0.9252471806771341,0.07475281931313324
0,proper_tags,432, recommend,7013,5.0,cot,36.0,432,5.0,2.6542414206518206e-11,6.355519792569715e-12,0.0045295352215869705,0.995470464745515,0.0045295352215869705
0,proper_tags,433, maintaining,26513,5.0,cot,37.0,433,5.0,6.16970781085977e-10,5.730565424849189e-11,5.810579241625495e-05,0.9999418935333073,5.810579241625495e-05
0,proper_tags,434, the,290,5.0,cot,38.0,434,5.0,1.136983453684651e-08,1.2695529110634845e-08,4.0896251183783154e-05,0.9999590796834527,4.0896251183783154e-05
0,proper_tags,435, grouping,97243,5.0,cot,39.0,435,5.0,3.093252537461436e-08,3.822798771727665e-08,0.0003044798193820385,0.9996954510201049,0.0003044798193820385
0,proper_tags,436, when,1261,5.0,cot,40.0,436,5.0,2.768767327651806e-09,8.540463345261486e-10,0.0008703983208378099,0.9991295980563486,0.0008703983208378099
0,proper_tags,437, estimating,127789,5.0,cot,41.0,437,5.0,1.5126692508299678e-10,1.889223176112566e-11,1.828844134482017e-05,0.999981711388496,1.828844134482017e-05
0,proper_tags,438, uncertainty,44942,5.0,cot,42.0,438,5.0,1.5294357953225008e-09,5.537371509117247e-10,3.526357100458953e-05,0.9999647343458224,3.526357100458953e-05
0,proper_tags,439, and,326,5.0,cot,43.0,439,5.0,3.501105838170152e-11,7.905702708914452e-12,0.001173469640102468,0.9988265303169808,0.001173469640102468
0,proper_tags,440, defining,49491,5.0,cot,44.0,440,5.0,6.564007413648215e-10,1.0608322043483628e-11,0.0005060649159922553,0.9994939344169986,0.0005060649159922553
0,proper_tags,441, any,1062,5.0,cot,45.0,441,5.0,2.094970107601691e-09,1.3903239346313001e-10,0.0007283149903213095,0.9992716827756761,0.0007283149903213095
0,proper_tags,442, layer,10261,5.0,cot,46.0,442,5.0,6.932412117235903e-07,2.0662521529923585e-07,0.0011517508104332058,0.9988473493231399,0.0011517508104332058
0,proper_tags,443, or,503,5.0,cot,47.0,443,5.0,1.5515206398279522e-09,3.62662790805255e-11,0.0004009499795503827,0.9995990484326626,0.0004009499795503827
0,proper_tags,444, strength,9386,5.0,cot,48.0,444,5.0,2.0445623561294726e-07,1.006968519931787e-08,0.0014865206631878096,0.9985132648108914,0.0014865206631878096
0,proper_tags,445, selection,8441,5.0,cot,49.0,445,5.0,3.3772096266074693e-07,1.2177401317041354e-07,0.004641653424596611,0.9953578870804276,0.004641653424596611
0,proper_tags,446, before,2254,5.0,cot,50.0,446,5.0,5.3646762886817305e-09,1.4780377562321697e-09,0.0010782353563678175,0.9989217578009182,0.0010782353563678175
0,proper_tags,447, a,261,5.0,cot,51.0,447,5.0,6.759894096687692e-09,1.244812921934761e-08,0.0015351308170662395,0.9984648499749105,0.0015351308170662395
0,proper_tags,448, final,1721,5.0,cot,52.0,448,5.0,6.7113906552465e-10,5.771607905261616e-10,0.0006680399788058574,0.9993319587728944,0.0006680399788058574
0,proper_tags,449, evaluation,21407,5.0,cot,53.0,449,5.0,7.805702422108012e-10,3.4140499729987033e-10,9.888677721376636e-05,0.9999011121008111,9.888677721376636e-05
0,proper_tags,450,.,13,5.0,cot,54.0,450,5.0,5.903701744671695e-11,2.315431552429153e-12,0.014003082859804124,0.9859969170788434,0.014003082859804124
0,proper_tags,451, A,355,5.0,cot,55.0,451,5.0,7.104700707530735e-13,3.946785199381807e-14,0.004431528647157076,0.9955684713520929,0.004431528647157076
0,proper_tags,452, bootstrap,57493,5.0,cot,56.0,452,5.0,4.388833795130112e-08,1.8550568579946783e-08,0.0004031336030554408,0.999596803958038,0.0004031336030554408
0,proper_tags,453, can,665,5.0,cot,57.0,453,5.0,1.4765991134144916e-10,5.7436091825193984e-12,0.0004289988805414002,0.9995710009660551,0.0004289988805414002
0,proper_tags,454, res,694,5.0,cot,58.0,454,5.0,2.390455995530785e-07,2.110562682100261e-07,5.9121641148210815e-05,0.9999404282569839,5.9121641148210815e-05
0,proper_tags,455,ample,2262,5.0,cot,59.0,455,5.0,1.0737766909521511e-06,5.48718941943014e-08,0.003625579279303707,0.9963732920721111,0.003625579279303707
0,proper_tags,456, conversations,31594,5.0,cot,60.0,456,5.0,1.0756030952565888e-06,4.592329680548144e-07,0.0007419605316058866,0.9992565046323307,0.0007419605316058866
0,proper_tags,457, while,2049,5.0,cot,61.0,457,5.0,2.559938814907247e-07,5.0550000856844195e-08,0.0026596715790235606,0.997340021877094,0.0026596715790235606
0,proper_tags,458, carrying,25328,5.0,cot,62.0,458,5.0,2.3502301017947965e-07,3.7573559305414e-08,0.0014973841739140523,0.9985023432295165,0.0014973841739140523
0,proper_tags,459, all,722,5.0,cot,63.0,459,5.0,1.4659488556706786e-07,1.6343158160428653e-07,0.0006472025531839397,0.9993524874203488,0.0006472025531839397
0,proper_tags,460, their,1043,5.0,cot,64.0,460,5.0,1.1753628971183788e-07,1.449619937173232e-07,0.00022208820480202647,0.9997776492969146,0.00022208820480202647
0,proper_tags,461, measurements,29039,5.0,cot,65.0,461,5.0,1.1487425848414171e-06,1.310325597662467e-06,0.0006042051712538784,0.9993933357605636,0.0006042051712538784
0,proper_tags,462, together,4717,5.0,cot,66.0,462,5.0,6.586924394709885e-07,9.901465659880628e-07,0.0011202068015839831,0.9988781443594106,0.0011202068015839831
0,proper_tags,463,.,13,5.0,cot,67.0,463,5.0,4.228625617590724e-11,3.2677335929363504e-13,0.0014188043695474095,0.9985811955878394,0.0014188043695474095
0,proper_tags,464, The,623,5.0,cot,68.0,464,5.0,2.3884280948047115e-12,2.3843528005186954e-14,0.006347887828759603,0.9936521121688281,0.006347887828759603
0,proper_tags,465, answer,6052,5.0,cot,69.0,465,5.0,3.1289889899851556e-10,8.931799552007612e-11,0.20391567712803102,0.7960843224697521,0.20391567712803102
0,proper_tags,466, should,1757,5.0,cot,70.0,466,5.0,2.364379392919663e-11,1.2099540271680608e-12,0.21564878927311862,0.7843512107020277,0.21564878927311862
0,proper_tags,467, also,1217,5.0,cot,71.0,467,5.0,6.110590829451589e-11,9.103500738470844e-13,0.003116925847366661,0.9968830740906172,0.003116925847366661
0,proper_tags,468, mention,8633,5.0,cot,72.0,468,5.0,5.210857622410086e-12,4.947762862902967e-13,0.003429509021845764,0.9965704909724485,0.003429509021845764
0,proper_tags,469, that,484,5.0,cot,73.0,469,5.0,2.4408292062940646e-10,1.4979869906483237e-11,0.0005296441034571337,0.9994703556374801,0.0005296441034571337
0,proper_tags,470, point,2438,5.0,cot,74.0,470,5.0,9.234539092314663e-09,5.070600126105742e-09,0.00041165952529094934,0.9995883261695697,0.00041165952529094934
0,proper_tags,471,wise,7480,5.0,cot,75.0,471,5.0,2.8235858389598604e-07,3.291651922286849e-08,0.009944543170482833,0.9900551415544141,0.009944543170482833
0,proper_tags,472, intervals,49900,5.0,cot,76.0,472,5.0,1.5408530544394536e-07,3.4400436751675894e-08,8.53062640417956e-05,0.999914505250216,8.53062640417956e-05
0,proper_tags,473, at,540,5.0,cot,77.0,473,5.0,1.915833340926273e-08,3.160275837352979e-09,0.001765514271031898,0.9982344634103588,0.001765514271031898
0,proper_tags,474, many,1991,5.0,cot,78.0,474,5.0,1.224037020853196e-07,5.127521352561514e-08,0.0015400168068427542,0.9984598095142417,0.0015400168068427542
0,proper_tags,475, settings,8743,5.0,cot,79.0,475,5.0,3.652707337270524e-07,1.6317562548716348e-07,0.0021439673435842905,0.9978555042100565,0.0021439673435842905
0,proper_tags,476, do,621,5.0,cot,80.0,476,5.0,1.090599944915467e-08,5.333306896494667e-09,9.165190677536039e-05,0.9999083318539184,9.165190677536039e-05
0,proper_tags,477, not,625,5.0,cot,81.0,477,5.0,6.380788848318882e-09,3.9389862368167426e-10,0.00072619994881123,0.9992737932765012,0.00072619994881123
0,proper_tags,478, provide,3587,5.0,cot,82.0,478,5.0,1.2226855202255645e-07,3.416814464047401e-09,0.0023234355198032677,0.9976764387948301,0.0023234355198032677
0,proper_tags,479, simultaneous,102894,5.0,cot,83.0,479,5.0,1.5101753217644962e-07,5.982016495445157e-09,0.0004923659343518546,0.9995074770660994,0.0004923659343518546
0,proper_tags,480, coverage,13422,5.0,cot,84.0,480,5.0,7.157732867135759e-07,2.2444077791825024e-08,0.0011896301591190048,0.9988096316235165,0.0011896301591190048
0,proper_tags,481, for,395,5.0,cot,85.0,481,5.0,6.704678602009655e-09,1.419011365558306e-10,0.0001243997201742896,0.999875593433246,0.0001243997201742896
0,proper_tags,482, the,290,5.0,cot,86.0,482,5.0,9.987292406475705e-09,3.9485189471533453e-10,1.1873740523151847e-05,0.9999881158773326,1.1873740523151847e-05
0,proper_tags,483, whole,6062,5.0,cot,87.0,483,5.0,1.3304964511594534e-07,1.879948462851949e-08,0.0030721449318155203,0.9969277032190549,0.0030721449318155203
0,proper_tags,484, curve,27636,5.0,cot,88.0,484,5.0,5.5730199648201675e-08,3.627806948456246e-08,8.944017902663173e-05,0.9999104678127041,8.944017902663173e-05
0,proper_tags,485,",",11,5.0,cot,89.0,485,5.0,3.882851239975818e-08,2.412859108241187e-09,0.007798104174646314,0.9922018545839821,0.007798104174646314
0,proper_tags,486, without,2935,5.0,cot,90.0,486,5.0,2.4072234461730915e-10,6.772302675798068e-12,0.00098565079369345,0.9990143489588119,0.00098565079369345
0,proper_tags,487, turning,21087,5.0,cot,91.0,487,5.0,4.3648522308456215e-08,1.289019499353214e-09,0.0004514180058230503,0.9995485370566352,0.0004514180058230503
0,proper_tags,488, a,261,5.0,cot,92.0,488,5.0,7.622343934386998e-08,3.7067998797007273e-10,0.00022184618703062476,0.99977807721885,0.00022184618703062476
0,proper_tags,489, simple,4705,5.0,cot,93.0,489,5.0,4.201094203058993e-06,4.904752944326963e-07,0.0014145192955653013,0.9985807891349372,0.0014145192955653013
0,proper_tags,490, caption,42602,5.0,cot,94.0,490,5.0,2.0909424269278712e-05,9.739437432905407e-06,0.001833064838782976,0.9981362862995149,0.001833064838782976
0,proper_tags,491, into,1511,5.0,cot,95.0,491,5.0,2.6473505574955814e-08,2.4061440862430887e-09,0.008352463141187007,0.9916475079791633,0.008352463141187007
0,proper_tags,492, a,261,5.0,cot,96.0,492,5.0,1.4718073040610904e-06,4.689248302179972e-09,0.0022901033697086143,0.997708420133739,0.0022901033697086143
0,proper_tags,493, statistics,21729,5.0,cot,97.0,493,5.0,1.0736016848190008e-06,1.7440139563720207e-08,0.0020037441397027637,0.9979951648184728,0.0020037441397027637
0,proper_tags,494, tutorial,24000,5.0,cot,98.0,494,5.0,2.650128829010413e-09,1.6069650039386494e-10,0.006160268229598366,0.9938397289595764,0.006160268229598366
0,proper_tags,495,.,13,5.0,cot,99.0,495,5.0,5.408762985018512e-13,4.862937444088306e-15,0.003178422373592848,0.9968215776258614,0.003178422373592848
0,proper_tags,496,<|end|>,200007,,,,496,,1.9113152939897028e-11,2.9418381240686773e-14,0.0007664893950255628,0.9992335105858318,0.0007664893950255628
0,proper_tags,497,<|start|>,200006,,,,497,,1.9506977406926767e-09,8.472720903003864e-10,0.036563225070679065,0.963436772131351,0.036563225070679065
0,proper_tags,498,assistant,173781,,,,498,,1.0865743522576595e-09,3.178748608650183e-09,0.007304071870624522,0.9926959238640526,0.007304071870624522
0,proper_tags,499,<|channel|>,200005,,,,499,,2.28432011718531e-11,4.655052241698877e-13,0.0005810459870529842,0.9994189539896382,0.0005810459870529842
0,proper_tags,500,final,17196,,,,500,,4.5054901114692616e-12,2.9058847443045157e-13,0.00020451027798773847,0.9997954897172161,0.00020451027798773847
0,proper_tags,501,<|message|>,200008,,,,501,,2.1124527543071635e-13,5.711701637667304e-14,2.3007652154266558e-06,0.9999976992345163,2.3007652154266558e-06
0,proper_tags,502,The,976,6.0,assistant,1.0,502,6.0,2.9971266556689004e-12,1.7439517959878888e-12,6.649640686429111e-06,0.9999933503545725,6.649640686429111e-06
0,proper_tags,503, independent,13313,6.0,assistant,2.0,503,6.0,3.367845323195906e-10,3.69895390398508e-10,5.027245476136962e-06,0.999994972047844,5.027245476136962e-06
0,proper_tags,504, sample,10176,6.0,assistant,3.0,504,6.0,1.928415270143894e-08,1.125598875008758e-08,9.38814596767741e-05,0.9999060880001818,9.38814596767741e-05
0,proper_tags,505, size,2349,6.0,assistant,4.0,505,6.0,6.37156191006951e-09,5.8758305028174455e-09,1.377526486288449e-05,0.9999862124877448,1.377526486288449e-05
0,proper_tags,506, remains,14777,6.0,assistant,5.0,506,6.0,5.093872908641727e-10,3.9674630714576935e-10,2.9609695982215477e-05,0.9999703893978842,2.9609695982215477e-05
0,proper_tags,507, the,290,6.0,assistant,6.0,507,6.0,1.743156650303618e-08,1.6604073499288995e-08,1.69498347705704e-05,0.9999830161295894,1.69498347705704e-05
0,proper_tags,508, number,2086,6.0,assistant,7.0,508,6.0,2.1384155589554654e-11,2.8963525554170977e-12,9.690097686599895e-07,0.9999990309659508,9.690097686599895e-07
0,proper_tags,509, of,328,6.0,assistant,8.0,509,6.0,4.1267741332646843e-10,1.7790115006034203e-10,3.1113634518474775e-05,0.999968885774903,3.1113634518474775e-05
0,proper_tags,510, conversations,31594,6.0,assistant,9.0,510,6.0,6.989863071768101e-10,7.596738062321428e-10,6.250162937648943e-06,0.9999937483784024,6.250162937648943e-06
0,proper_tags,511,.,13,6.0,assistant,10.0,511,6.0,8.548701982107603e-11,9.720960328909077e-11,1.3449519959405557e-05,0.9999865502973441,1.3449519959405557e-05
0,proper_tags,512, Additional,33202,6.0,assistant,11.0,512,6.0,6.9684877851995e-11,3.8296319092818684e-10,3.212323174351272e-06,0.9999967872241775,3.212323174351272e-06
0,proper_tags,513, layers,22119,6.0,assistant,12.0,513,6.0,1.1038068322758455e-08,2.042485892731641e-07,0.00014280255659487935,0.9998569821567476,0.00014280255659487935
0,proper_tags,514, and,326,6.0,assistant,13.0,514,6.0,2.0602585154487053e-12,3.85315147767164e-11,2.1257037889575044e-07,0.9999997873890293,2.1257037889575044e-07
0,proper_tags,515, strengths,47860,6.0,assistant,14.0,515,6.0,4.931093308919072e-10,7.310029874439053e-10,6.9789677832827186e-06,0.9999930198081044,6.9789677832827186e-06
0,proper_tags,516, are,553,6.0,assistant,15.0,516,6.0,2.401544326487456e-09,1.3387948386496098e-08,2.7495226857390024e-05,0.99997248898365,2.7495226857390024e-05
0,proper_tags,517, repeated,24161,6.0,assistant,16.0,517,6.0,3.542785035830417e-08,1.778804811129065e-08,7.384920310663599e-06,0.9999925618637909,7.384920310663599e-06
0,proper_tags,518, measurements,29039,6.0,assistant,17.0,518,6.0,1.3647641066881684e-09,2.8064551598798576e-09,1.4424208682371487e-06,0.9999985534079124,1.4424208682371487e-06
0,proper_tags,519, of,328,6.0,assistant,18.0,519,6.0,1.1616923071536526e-08,5.175438127158099e-09,8.483953496061504e-05,0.9999151436726783,8.483953496061504e-05
0,proper_tags,520, those,2617,6.0,assistant,19.0,520,6.0,3.3218102686862113e-09,5.667787888314149e-10,1.6341408916600652e-05,0.9999836547024945,1.6341408916600652e-05
0,proper_tags,521, same,2684,6.0,assistant,20.0,521,6.0,7.017364438023867e-10,7.663894326531619e-11,5.116158034490541e-06,0.9999948830635902,5.116158034490541e-06
0,proper_tags,522, units,13306,6.0,assistant,21.0,522,6.0,4.5760968062041033e-10,1.679442120927014e-11,1.6833418152338067e-06,0.9999983161837807,1.6833418152338067e-06
0,proper_tags,523,.,13,6.0,assistant,22.0,523,6.0,4.0160702910787757e-13,1.5436767880889177e-13,7.6639307437451e-06,0.9999923360687003,7.6639307437451e-06
0,proper_tags,524, Keep,16835,6.0,assistant,23.0,524,6.0,1.5796882647465619e-12,4.5065889071944963e-13,4.4754419270665985e-06,0.9999955245560425,4.4754419270665985e-06
0,proper_tags,525, every,1753,6.0,assistant,24.0,525,6.0,2.673154974316919e-09,1.2493764264582679e-08,0.00010746154296912549,0.9998925232901117,0.00010746154296912549
0,proper_tags,526, conversation,15681,6.0,assistant,25.0,526,6.0,3.650154709158594e-10,2.6467129624826337e-10,9.736019692594702e-06,0.9999902633506206,9.736019692594702e-06
0,proper_tags,527,'s,885,6.0,assistant,26.0,527,6.0,3.98582425878752e-10,1.44470358671043e-09,1.547228919097926e-05,0.9999845258675231,1.547228919097926e-05
0,proper_tags,528, measurements,29039,6.0,assistant,27.0,528,6.0,1.8357419952601086e-09,9.870814628158861e-09,1.4673405804623725e-05,0.9999853148876388,1.4673405804623725e-05
0,proper_tags,529, together,4717,6.0,assistant,28.0,529,6.0,3.761050973526511e-11,3.378298109335821e-10,3.1310257536527442e-06,0.9999968685988061,3.1310257536527442e-06
0,proper_tags,530, when,1261,6.0,assistant,29.0,530,6.0,1.6810615456604863e-12,6.102268702113958e-13,4.780771498537725e-06,0.9999952192262103,4.780771498537725e-06
0,proper_tags,531, estimating,127789,6.0,assistant,30.0,531,6.0,3.1174074423127065e-13,5.015872225383491e-14,4.696142772196821e-07,0.9999995303853608,4.696142772196821e-07
0,proper_tags,532, uncertainty,44942,6.0,assistant,31.0,532,6.0,6.456180888567512e-13,1.0847219169976224e-13,1.6053359146304628e-07,0.9999998394656544,1.6053359146304628e-07
0,proper_tags,533,;,26,6.0,assistant,32.0,533,6.0,5.241798787251886e-14,8.789729965561077e-14,1.2725406926508592e-06,0.9999987274591671,1.2725406926508592e-06
0,proper_tags,534, for,395,6.0,assistant,33.0,534,6.0,2.0689042172919048e-12,1.9531613731891105e-13,1.1698925604026533e-05,0.9999883010721318,1.1698925604026533e-05
0,proper_tags,535, example,4994,6.0,assistant,34.0,535,6.0,1.6000594071166956e-13,8.986167191447596e-14,3.5317928635375886e-05,0.9999646820711148,3.5317928635375886e-05
0,proper_tags,536,",",11,6.0,assistant,35.0,536,6.0,2.8444226566403056e-11,1.989640755439561e-11,5.140634686877207e-06,0.9999948593169724,5.140634686877207e-06
0,proper_tags,537, res,694,6.0,assistant,36.0,537,6.0,2.0210812659041865e-13,1.2524599301948589e-14,9.116525276945744e-07,0.9999990883472576,9.116525276945744e-07
0,proper_tags,538,ample,2262,6.0,assistant,37.0,538,6.0,2.2834852639518102e-09,1.041686602673975e-10,2.8863579189032734e-05,0.999971134033157,2.8863579189032734e-05
0,proper_tags,539, conversations,31594,6.0,assistant,38.0,539,6.0,2.0267173273269638e-08,1.4202266090859663e-08,5.3046443379712245e-05,0.9999469190871809,5.3046443379712245e-05
0,proper_tags,540, and,326,6.0,assistant,39.0,540,6.0,1.1149120766184842e-09,2.056634613098782e-10,1.3046925729794025e-05,0.9999869517536946,1.3046925729794025e-05
0,proper_tags,541, carry,9852,6.0,assistant,40.0,541,6.0,1.5849940560178018e-09,2.8606343774004275e-10,1.5177134815832643e-05,0.9999848209941267,1.5177134815832643e-05
0,proper_tags,542, their,1043,6.0,assistant,41.0,542,6.0,4.171297927925064e-09,1.2994189111270383e-09,1.0025240316935276e-05,0.9999899692889662,1.0025240316935276e-05
0,proper_tags,543, full,3149,6.0,assistant,42.0,543,6.0,4.978112148972166e-09,8.976581462995032e-09,2.763135696448214e-05,0.9999723546883419,2.763135696448214e-05
0,proper_tags,544, set,920,6.0,assistant,43.0,544,6.0,4.591950037404766e-10,2.677079567097568e-09,3.927318406742899e-06,0.9999960695453187,3.927318406742899e-06
0,proper_tags,545, of,328,6.0,assistant,44.0,545,6.0,1.1913513776953956e-10,1.986018973223228e-10,3.8105391691379117e-06,0.9999961891430938,3.8105391691379117e-06
0,proper_tags,546, conditions,6409,6.0,assistant,45.0,546,6.0,7.108930348856952e-10,3.272662116406345e-10,2.6932118177504673e-06,0.999997305750023,2.6932118177504673e-06
0,proper_tags,547, through,1819,6.0,assistant,46.0,547,6.0,2.760105182880677e-09,1.7574377730817057e-09,2.009424207304746e-05,0.9999799012403839,2.009424207304746e-05
0,proper_tags,548, each,2454,6.0,assistant,47.0,548,6.0,7.243008711137344e-10,3.739282583073475e-10,2.2097740123476783e-05,0.9999779011616473,2.2097740123476783e-05
0,proper_tags,549, bootstrap,57493,6.0,assistant,48.0,549,6.0,1.4230724943518252e-11,6.50125297645141e-13,5.070464541646626e-07,0.9999994929386651,5.070464541646626e-07
0,proper_tags,550, replicate,86070,6.0,assistant,49.0,550,6.0,1.0622695925388362e-11,2.590272908301682e-13,4.4639799425387086e-07,0.999999553591124,4.4639799425387086e-07
0,proper_tags,551,.,13,6.0,assistant,50.0,551,6.0,7.066271743039033e-14,2.2317491110676733e-15,2.496327969051063e-06,0.9999975036719582,2.496327969051063e-06
0,proper_tags,552, In,730,6.0,assistant,51.0,552,6.0,2.1362295536426593e-12,1.2693473446743019e-14,2.0088709163574935e-06,0.9999979911269347,2.0088709163574935e-06
0,proper_tags,553, the,290,6.0,assistant,52.0,553,6.0,5.2654751602238774e-11,1.960320816379576e-12,2.2920885167867458e-05,0.9999770790602172,2.2920885167867458e-05
0,proper_tags,554, caption,42602,6.0,assistant,53.0,554,6.0,9.15941084646037e-09,1.0410785758229929e-09,3.137954879065407e-05,0.9999686102507198,3.137954879065407e-05
0,proper_tags,555,",",11,6.0,assistant,54.0,555,6.0,7.332407098821919e-11,4.664200572355449e-12,1.0072270672558317e-05,0.9999899276513392,1.0072270672558317e-05
0,proper_tags,556, distinguish,59938,6.0,assistant,55.0,556,6.0,5.634978178991299e-10,7.651948517709924e-11,2.422940127647821e-05,0.9999757699587063,2.422940127647821e-05
0,proper_tags,557, the,290,6.0,assistant,56.0,557,6.0,9.355093549566958e-10,5.544073800110981e-11,5.481843139531308e-06,0.9999945171659103,5.481843139531308e-06
0,proper_tags,558, conversation,15681,6.0,assistant,57.0,558,6.0,6.4883293700385925e-09,2.1666795034171545e-10,2.349103426383057e-06,0.9999976441915764,2.349103426383057e-06
0,proper_tags,559, count,3605,6.0,assistant,58.0,559,6.0,6.168539867630437e-09,4.1944977572119103e-10,3.7947367813127303e-06,0.9999961986752289,3.7947367813127303e-06
0,proper_tags,560, from,591,6.0,assistant,59.0,560,6.0,4.979449748411007e-10,2.1591952176468643e-11,1.2722797982553521e-06,0.9999987272006647,1.2722797982553521e-06
0,proper_tags,561, the,290,6.0,assistant,60.0,561,6.0,2.6355536482373e-09,2.0124488865401107e-10,3.322009076444237e-06,0.999996675154125,3.322009076444237e-06
0,proper_tags,562, number,2086,6.0,assistant,61.0,562,6.0,3.28783508446107e-10,8.601628536477999e-11,7.298426422248466e-07,0.999999269742558,7.298426422248466e-07
0,proper_tags,563, of,328,6.0,assistant,62.0,563,6.0,1.829623012307757e-10,1.1603156035410387e-11,2.7706924397108684e-07,0.9999997227361905,2.7706924397108684e-07
0,proper_tags,564, plotted,155187,6.0,assistant,63.0,564,6.0,2.7249099138693913e-10,4.0041614215883366e-11,3.902456606869735e-06,0.9999960972308605,3.902456606869735e-06
0,proper_tags,565, settings,8743,6.0,assistant,64.0,565,6.0,1.680512343670478e-10,9.061308247245997e-11,1.2527697253957383e-06,0.9999987469716103,1.2527697253957383e-06
0,proper_tags,566,.,13,6.0,assistant,65.0,566,6.0,5.390026318654902e-14,6.957238555786431e-16,2.3721099838553637e-07,0.9999997627889471,2.3721099838553637e-07
0,proper_tags,567, State,5388,6.0,assistant,66.0,567,6.0,3.092948513415705e-11,3.0361822000588227e-13,4.767702407268042e-06,0.9999952322663597,4.767702407268042e-06
0,proper_tags,568, whether,5588,6.0,assistant,67.0,568,6.0,6.606252929317669e-11,5.532225705185549e-13,1.191231680606787e-05,0.9999880876165782,1.191231680606787e-05
0,proper_tags,569, intervals,49900,6.0,assistant,68.0,569,6.0,6.945450949428614e-10,4.751135790309459e-12,5.967670673538747e-07,0.9999994025336364,5.967670673538747e-07
0,proper_tags,570, are,553,6.0,assistant,69.0,570,6.0,2.7454364486187433e-11,1.8699133954878025e-13,5.4661987750660675e-06,0.9999945337735835,5.4661987750660675e-06
0,proper_tags,571, point,2438,6.0,assistant,70.0,571,6.0,4.0732095648935045e-09,1.1435516988087376e-10,1.0029833602627022e-05,0.9999899659788327,1.0029833602627022e-05
0,proper_tags,572,wise,7480,6.0,assistant,71.0,572,6.0,1.0302338602390951e-08,2.892630819857775e-10,3.962902657813993e-05,0.9999603603818202,3.962902657813993e-05
0,proper_tags,573, or,503,6.0,assistant,72.0,573,6.0,1.5561476963028383e-11,5.298826994348561e-13,1.533789256552534e-05,0.9999846620913432,1.533789256552534e-05
0,proper_tags,574, intended,15663,6.0,assistant,73.0,574,6.0,9.931622435203066e-13,2.187926826917168e-15,2.963534903970111e-07,0.9999997036455143,2.963534903970111e-07
0,proper_tags,575, to,316,6.0,assistant,74.0,575,6.0,1.1415952078512013e-09,5.970647644062512e-11,1.0650099831260466e-05,0.9999893486988671,1.0650099831260466e-05
0,proper_tags,576, cover,4321,6.0,assistant,75.0,576,6.0,7.78856736525922e-11,2.7814687055422384e-13,1.9942168302258779e-07,0.9999998005001531,1.9942168302258779e-07
0,proper_tags,577, the,290,6.0,assistant,76.0,577,6.0,4.1398787964318866e-10,9.538173326950584e-13,7.10474518195752e-07,0.99999928911054,7.10474518195752e-07
0,proper_tags,578, entire,6508,6.0,assistant,77.0,578,6.0,6.628691398198998e-11,5.202913176701919e-13,1.5861598184741922e-06,0.9999984137733743,1.5861598184741922e-06
0,proper_tags,579, curve,27636,6.0,assistant,78.0,579,6.0,1.3151469955356542e-10,7.442670532095845e-12,7.482561842632508e-07,0.9999992516048585,7.482561842632508e-07
0,proper_tags,580,.,13,6.0,assistant,79.0,580,6.0,3.543665981436959e-14,1.6106618286723254e-16,9.088815876482535e-08,0.9999999091118057,9.088815876482535e-08
0,proper_tags,581, If,1843,6.0,assistant,80.0,581,6.0,6.424498617327679e-13,3.0488493996490203e-15,1.4298804442664618e-06,0.9999985701189102,1.4298804442664618e-06
0,proper_tags,582, you,481,6.0,assistant,81.0,582,6.0,1.332281105789119e-11,2.1797441509617257e-13,1.2145755474627638e-05,0.9999878542309846,1.2145755474627638e-05
0,proper_tags,583, choose,5655,6.0,assistant,82.0,583,6.0,1.0288351509932857e-11,1.3909192581731144e-13,2.7572504583679377e-05,0.9999724274849888,2.7572504583679377e-05
0,proper_tags,584, a,261,6.0,assistant,83.0,584,6.0,2.579254910646207e-11,1.334135825345233e-13,1.5212239743023696e-05,0.999984787734331,1.5212239743023696e-05
0,proper_tags,585, layer,10261,6.0,assistant,84.0,585,6.0,4.488016070039361e-08,8.90094930045807e-09,5.8772062000832845e-05,0.9999411741568892,5.8772062000832845e-05
0,proper_tags,586, or,503,6.0,assistant,85.0,586,6.0,5.60759012004487e-10,1.3320742344383474e-11,2.1335356904811862e-05,0.9999786640690154,2.1335356904811862e-05
0,proper_tags,587, strength,9386,6.0,assistant,86.0,587,6.0,5.540130259315902e-09,5.176960893531032e-10,1.727110552616211e-05,0.9999827228366475,1.727110552616211e-05
0,proper_tags,588, after,1934,6.0,assistant,87.0,588,6.0,7.638169840900892e-09,1.017855115970099e-10,4.261140305783332e-05,0.9999573808569868,4.261140305783332e-05
0,proper_tags,589, inspecting,192152,6.0,assistant,88.0,589,6.0,4.788294245144073e-10,1.6112897127963773e-11,0.00014234707852061525,0.999857652426537,0.00014234707852061525
0,proper_tags,590, these,1879,6.0,assistant,89.0,590,6.0,7.156958177996485e-10,1.8234846288147233e-11,8.090826754257163e-05,0.9999190909985267,8.090826754257163e-05
0,proper_tags,591, results,4376,6.0,assistant,90.0,591,6.0,4.437100997432102e-11,7.585379000064532e-13,2.8236648983360507e-06,0.9999971762899722,2.8236648983360507e-06
0,proper_tags,592,",",11,6.0,assistant,91.0,592,6.0,5.972297853007035e-09,6.430845104845046e-12,0.00012318744975455022,0.9998768065715167,0.00012318744975455022
0,proper_tags,593, describe,12886,6.0,assistant,92.0,593,6.0,2.732567071929042e-09,3.487035427331558e-11,5.6157470820983164e-05,0.9999438397617416,5.6157470820983164e-05
0,proper_tags,594, that,484,6.0,assistant,93.0,594,6.0,1.2711237053595184e-07,1.1621177202215928e-08,0.00041317720300908386,0.9995866840634431,0.00041317720300908386
0,proper_tags,595, selection,8441,6.0,assistant,94.0,595,6.0,9.864758158236957e-10,2.2260184185421587e-11,6.943373592834592e-06,0.999993055617671,6.943373592834592e-06
0,proper_tags,596, and,326,6.0,assistant,95.0,596,6.0,2.8431508617427757e-10,4.804316259213136e-11,3.222502888903485e-05,0.9999677746387526,3.222502888903485e-05
0,proper_tags,597, use,1199,6.0,assistant,96.0,597,6.0,2.677684624106659e-10,4.284724766971692e-12,3.641196502257758e-05,0.9999635877629242,3.641196502257758e-05
0,proper_tags,598, new,620,6.0,assistant,97.0,598,6.0,2.857500816027603e-10,2.2083027652325997e-11,5.191861894729276e-05,0.9999480810732196,5.191861894729276e-05
0,proper_tags,599, conversations,31594,6.0,assistant,98.0,599,6.0,2.2376076872184468e-08,5.301055004651285e-09,0.0001282978605422097,0.9998716744623259,0.0001282978605422097
0,proper_tags,600, for,395,6.0,assistant,99.0,600,6.0,7.950575684676573e-10,5.4366229206613435e-11,0.00017247213707658195,0.9998275270134996,0.00017247213707658195
0,proper_tags,601, a,261,6.0,assistant,100.0,601,6.0,7.787648207141514e-10,4.023008439608572e-11,0.0002847408069855123,0.9997152583740195,0.0002847408069855123
0,proper_tags,602, later,4849,6.0,assistant,101.0,602,6.0,1.0626305360828618e-09,1.5563590895011065e-10,0.00028449703071521865,0.9997155017510184,0.00028449703071521865
0,proper_tags,603, confirm,7620,6.0,assistant,102.0,603,6.0,7.103411826923342e-10,2.957333812288693e-11,9.611836662347307e-05,0.9999038808934619,9.611836662347307e-05
0,proper_tags,604,atory,7295,6.0,assistant,103.0,604,6.0,9.867407549426652e-10,1.7642145934377432e-10,6.631187331802187e-05,0.9999336869635198,6.631187331802187e-05
0,proper_tags,605, check,2371,6.0,assistant,104.0,605,6.0,7.856755701533469e-10,6.24483609195815e-11,0.00020915483129240492,0.9997908443205836,0.00020915483129240492
0,proper_tags,606,.,13,6.0,assistant,105.0,606,6.0,5.107229343357025e-14,2.6844429788205337e-16,3.1757087242638235e-06,0.9999968242912244,3.1757087242638235e-06
0,proper_tags,607, The,623,6.0,assistant,106.0,607,6.0,2.1549886930113945e-12,1.1007365163226346e-14,5.350474640586052e-06,0.9999946495231935,5.350474640586052e-06
0,proper_tags,608, extra,5018,6.0,assistant,107.0,608,6.0,2.9745446865325584e-12,2.0947507868696316e-12,4.0250527130848656e-07,0.9999995974896593,4.0250527130848656e-07
0,proper_tags,609, measurements,29039,6.0,assistant,108.0,609,6.0,5.3927402623267526e-11,6.566526492655565e-11,1.6568604459980318e-06,0.9999983430199613,1.6568604459980318e-06
0,proper_tags,610, improve,8400,6.0,assistant,109.0,610,6.0,8.99847377206061e-12,8.502341752375668e-13,1.2061524886860893e-06,0.9999987938376627,1.2061524886860893e-06
0,proper_tags,611, detail,10851,6.0,assistant,110.0,611,6.0,9.718273507866294e-11,1.1725056860934743e-10,5.487779233556807e-06,0.999994512006333,5.487779233556807e-06
0,proper_tags,612,",",11,6.0,assistant,111.0,612,6.0,2.430890035447355e-13,1.2791079992326915e-14,1.6005436108454625e-07,0.999999839945383,1.6005436108454625e-07
0,proper_tags,613, while,2049,6.0,assistant,112.0,613,6.0,4.296416209410397e-11,8.384888426381857e-12,4.539338242134525e-06,0.9999954606104089,4.539338242134525e-06
0,proper_tags,614, additional,6623,6.0,assistant,113.0,614,6.0,1.2617250555492015e-09,7.069644955395436e-11,3.350351534723609e-06,0.9999966483160437,3.350351534723609e-06
0,proper_tags,615, independent,13313,6.0,assistant,114.0,615,6.0,9.031209432818108e-09,2.419739233839936e-10,1.029465778178979e-05,0.9999896960690348,1.029465778178979e-05
0,proper_tags,616, conversations,31594,6.0,assistant,115.0,616,6.0,7.731550191998524e-08,1.9968299571731086e-08,8.67367790834273e-05,0.9999131659371152,8.67367790834273e-05
0,proper_tags,617, improve,8400,6.0,assistant,116.0,617,6.0,4.663800541856027e-09,4.98875170200164e-11,0.00010388516755743635,0.9998961101187545,0.00010388516755743635
0,proper_tags,618, the,290,6.0,assistant,117.0,618,6.0,1.883865754349536e-09,2.0383597798343187e-11,9.988617613491401e-06,0.9999900094781371,9.988617613491401e-06
0,proper_tags,619, basis,9571,6.0,assistant,118.0,619,6.0,1.3403381816417813e-10,5.915653871910312e-12,2.1168782754116136e-06,0.999997882981775,2.1168782754116136e-06
0,proper_tags,620, for,395,6.0,assistant,119.0,620,6.0,1.346612801068072e-09,1.1456818421769972e-11,1.5841818784553846e-05,0.9999841568231459,1.5841818784553846e-05
0,proper_tags,621, general,5985,6.0,assistant,120.0,621,6.0,8.211377806537742e-08,4.0780669017577237e-10,7.5410205786896265e-06,0.9999923764578365,7.5410205786896265e-06
0,proper_tags,622,ization,2860,6.0,assistant,121.0,622,6.0,9.892875054396121e-10,1.5625773440543607e-11,4.473203820511132e-06,0.9999955257912663,4.473203820511132e-06
0,proper_tags,623,.,13,6.0,assistant,122.0,623,6.0,1.5457622413480028e-15,5.115116397796639e-18,8.479282680319971e-08,0.9999999152071716,8.479282680319971e-08
0,proper_tags,624,<|return|>,200002,,,,624,,1.5582801848165445e-12,6.564077951568292e-16,1.718097983133159e-07,0.9999998281886429,1.718097983133159e-07
1,basic_no_format,0,<|startoftext|>,199998,,,,625,,0.9995470473076826,0.0004529526919496192,5.252346036230343e-15,3.623344151687733e-13,5.252346036230343e-15
1,basic_no_format,1,You,3575,0.0,system,1.0,626,0.0,0.9431242089981711,0.004181794989070275,0.05268947471496898,4.521297789731323e-06,0.05268947471496898
1,basic_no_format,2, are,553,0.0,system,2.0,627,0.0,0.2834010570187535,0.00024531513570970814,0.7163519703545902,1.6574909467652718e-06,0.7163519703545902
1,basic_no_format,3, Chat,17554,0.0,system,3.0,628,0.0,0.2816778252798946,0.018440848875145112,0.6998656241229274,1.570172203297554e-05,0.6998656241229274
1,basic_no_format,4,GPT,162016,0.0,system,4.0,629,0.0,0.006574479172635797,0.001232248464865391,0.9921929840444678,2.883180311105469e-07,0.9921929840444678
1,basic_no_format,5,",",11,0.0,system,5.0,630,0.0,0.0016436309886880452,0.0001452164113077909,0.998210947194879,2.0540512514207962e-07,0.998210947194879
1,basic_no_format,6, a,261,0.0,system,6.0,631,0.0,0.09351872270638369,0.02357003873506376,0.8829112094247051,2.9133847374524944e-08,0.8829112094247051
1,basic_no_format,7, large,4410,0.0,system,7.0,632,0.0,0.3180771435894564,0.34486013108566155,0.3370626160433492,1.0928153277127645e-07,0.3370626160433492
1,basic_no_format,8, language,6439,0.0,system,8.0,633,0.0,0.7738936940139644,0.162656874282848,0.06344933718640695,9.451678064419146e-08,0.06344933718640695
1,basic_no_format,9, model,2359,0.0,system,9.0,634,0.0,0.027768449778199537,0.007409982219689615,0.9648166440336859,4.923968425021444e-06,0.9648166440336859
1,basic_no_format,10, trained,22203,0.0,system,10.0,635,0.0,0.43535402629467107,0.03473060963870595,0.5299113976987644,3.96636785856286e-06,0.5299113976987644
1,basic_no_format,11, by,656,0.0,system,11.0,636,0.0,0.9680060254641687,0.023761267581730094,0.008232667968626109,3.898547491705226e-08,0.008232667968626109
1,basic_no_format,12, Open,7788,0.0,system,12.0,637,0.0,0.06458094824227459,2.749025338198754e-05,0.9353545996428165,3.6961861526859476e-05,0.9353545996428165
1,basic_no_format,13,AI,17527,0.0,system,13.0,638,0.0,0.6141018792652397,0.007197907083012517,0.3787001741771998,3.947454787411017e-08,0.3787001741771998
1,basic_no_format,14,".
",558,0.0,system,14.0,639,0.0,0.9350209149195147,0.00638067879243375,0.05859838314490259,2.3143149038180154e-08,0.05859838314490259
1,basic_no_format,15,Knowledge,87447,0.0,system,15.0,640,0.0,0.8721605612915228,0.0401858134193374,0.08765235780055652,1.2674885834720044e-06,0.08765235780055652
1,basic_no_format,16, cutoff,100594,0.0,system,16.0,641,0.0,0.1348265901719231,0.09520294797639531,0.7699586085045732,1.1853347108400838e-05,0.7699586085045732
1,basic_no_format,17,:,25,0.0,system,17.0,642,0.0,0.6111698271920021,0.22417181302288736,0.16465834889563744,1.0889473000256902e-08,0.16465834889563744
1,basic_no_format,18, ,220,0.0,system,18.0,643,0.0,0.5084625539860078,0.48856106787932685,0.0028235170678207674,0.00015286106684449209,0.0028235170678207674
1,basic_no_format,19,202,1323,0.0,system,19.0,644,0.0,0.7786676175690685,0.2171615767235679,0.00412791353531529,4.289217204836259e-05,0.00412791353531529
1,basic_no_format,20,4,19,0.0,system,20.0,645,0.0,0.15222759418462953,0.7625754341099215,0.08519035865543408,6.613050015058814e-06,0.08519035865543408
1,basic_no_format,21,-,12,0.0,system,21.0,646,0.0,0.04712387720941535,0.947530675324829,0.005345396819147512,5.0646608060304124e-08,0.005345396819147512
1,basic_no_format,22,06,3218,0.0,system,22.0,647,0.0,0.016129813000504648,0.9828561833168457,0.0010136882170284553,3.1546562113082975e-07,0.0010136882170284553
1,basic_no_format,23,"
",198,0.0,system,23.0,648,0.0,0.03201334896298878,0.26496515178649666,0.703021315671721,1.8357879353192422e-07,0.703021315671721
1,basic_no_format,24,Current,6576,0.0,system,24.0,649,0.0,0.5150977718221345,0.33937885350091496,0.1454257081770941,9.766649985628029e-05,0.1454257081770941
1,basic_no_format,25, date,3521,0.0,system,25.0,650,0.0,0.08216560944823412,0.47708098942288213,0.44074279387303744,1.0607255846311901e-05,0.44074279387303744
1,basic_no_format,26,:,25,0.0,system,26.0,651,0.0,0.01615316026707684,0.933587148143125,0.050257465060268444,2.2265295297199327e-06,0.050257465060268444
1,basic_no_format,27, ,220,0.0,system,27.0,652,0.0,0.16135363081465073,0.8373421482959111,0.0012882584164618939,1.5962472976021786e-05,0.0012882584164618939
1,basic_no_format,28,202,1323,0.0,system,28.0,653,0.0,0.1709465165704114,0.8274169793632736,0.0016358640723113142,6.399940037246144e-07,0.0016358640723113142
1,basic_no_format,29,5,20,0.0,system,29.0,654,0.0,0.017122670117543187,0.9762372662329779,0.006640054636268589,9.013210144776514e-09,0.006640054636268589
1,basic_no_format,30,-,12,0.0,system,30.0,655,0.0,0.13939681849930502,0.8477671218830101,0.012783318816566133,5.274080111878273e-05,0.012783318816566133
1,basic_no_format,31,10,702,0.0,system,31.0,656,0.0,0.006375014566786095,0.9897471554413703,0.0038772737152526745,5.562765909558815e-07,0.0038772737152526745
1,basic_no_format,32,-,12,0.0,system,32.0,657,0.0,0.04136491771255672,0.9585879986091459,4.708097515801125e-05,2.7031394737517663e-09,4.708097515801125e-05
1,basic_no_format,33,01,2290,0.0,system,33.0,658,0.0,0.022347634238632102,0.9756738982378285,0.001978458056621169,9.466918250575912e-09,0.001978458056621169
1,basic_no_format,34,"

",279,0.0,system,34.0,659,0.0,0.0006636441315241759,0.040240337893933525,0.9590955801752277,4.3779931473487055e-07,0.9590955801752277
1,basic_no_format,35,Reason,30377,0.0,system,35.0,660,0.0,0.24300807385423237,0.3117498518291334,0.44523317305169985,8.90126493443236e-06,0.44523317305169985
1,basic_no_format,36,ing,289,0.0,system,36.0,661,0.0,0.03385423429033285,0.9444603107334086,0.021685055246096555,3.997301619845617e-07,0.021685055246096555
1,basic_no_format,37,:,25,0.0,system,37.0,662,0.0,0.02284412905892727,0.7215450859903833,0.2556107645170572,2.0433632357888504e-08,0.2556107645170572
1,basic_no_format,38, medium,14093,0.0,system,38.0,663,0.0,0.10277917119291942,0.4547106013183644,0.44250926634599175,9.611427244907027e-07,0.44250926634599175
1,basic_no_format,39,"

",279,0.0,system,39.0,664,0.0,0.02586025767719565,0.8164530720888771,0.15768660528902798,6.494489911260731e-08,0.15768660528902798
1,basic_no_format,40,#,2,0.0,system,40.0,665,0.0,0.03482890065229099,0.05780795962348297,0.9073609340189153,2.205705310629232e-06,0.9073609340189153
1,basic_no_format,41, Valid,13888,0.0,system,41.0,666,0.0,0.062492047585079945,0.13603450535082418,0.8014717012541952,1.745809900769715e-06,0.8014717012541952
1,basic_no_format,42, channels,18403,0.0,system,42.0,667,0.0,0.004564210133401699,0.054847844622328244,0.9403207163412771,0.00026722890299302703,0.9403207163412771
1,basic_no_format,43,:,25,0.0,system,43.0,668,0.0,0.004983796193656081,0.09800162481240347,0.8970020493686588,1.2529625281520436e-05,0.8970020493686588
1,basic_no_format,44, analysis,8450,0.0,system,44.0,669,0.0,0.00011816745073670371,0.0007419744717120077,0.999136024887368,3.83319018326605e-06,0.999136024887368
1,basic_no_format,45,",",11,0.0,system,45.0,670,0.0,0.00045754880290203864,0.00033839435992297196,0.999182542450046,2.1514387129051503e-05,0.999182542450046
1,basic_no_format,46, commentary,49159,0.0,system,46.0,671,0.0,0.020550192315864725,0.001437744557964317,0.9780030140659376,9.04906023343394e-06,0.9780030140659376
1,basic_no_format,47,",",11,0.0,system,47.0,672,0.0,0.014320874283812806,0.9854641894385728,0.00021492463711915986,1.1640495265953853e-08,0.00021492463711915986
1,basic_no_format,48, final,1721,0.0,system,48.0,673,0.0,0.0008095757933573084,1.2872610269147025e-05,0.9991360563771592,4.14952192142335e-05,0.9991360563771592
1,basic_no_format,49,.,13,0.0,system,49.0,674,0.0,0.002320928396050081,0.0003209322957177302,0.9971801933082407,0.0001779459999915032,0.9971801933082407
1,basic_no_format,50, Channel,21030,0.0,system,50.0,675,0.0,0.05758050226291328,0.7588874923917257,0.1829476689863976,0.0005843363589633376,0.1829476689863976
1,basic_no_format,51, must,2804,0.0,system,51.0,676,0.0,0.11917810121196473,0.5569830783182623,0.3238075456820734,3.127478769951323e-05,0.3238075456820734
1,basic_no_format,52, be,413,0.0,system,52.0,677,0.0,0.002623320987172561,0.31986838021628755,0.6775082674996585,3.12968811944015e-08,0.6775082674996585
1,basic_no_format,53, included,7360,0.0,system,53.0,678,0.0,0.009726439656506741,0.030303558713127347,0.9588577392898255,0.0011122623405404673,0.9588577392898255
1,basic_no_format,54, for,395,0.0,system,54.0,679,0.0,0.00038516820501633905,0.0004775260720701571,0.9990153750475698,0.00012193067534384377,0.9990153750475698
1,basic_no_format,55, every,1753,0.0,system,55.0,680,0.0,0.002447911902587036,0.25587337141526895,0.7416737587219165,4.957960227479922e-06,0.7416737587219165
1,basic_no_format,56, message,3176,0.0,system,56.0,681,0.0,0.001678759640539343,0.00039224949271239406,0.997835334450495,9.365641625320877e-05,0.997835334450495
1,basic_no_format,57,".
",558,0.0,system,57.0,682,0.0,6.625076817206879e-05,0.0005193997816314978,0.9993469427266106,6.740672358582408e-05,0.9993469427266106
1,basic_no_format,58,Hello,13225,1.0,user,1.0,683,1.0,0.010301082073961979,0.8138034196272849,0.17589130748176046,4.190816992742489e-06,0.17589130748176046
1,basic_no_format,59,!,0,1.0,user,2.0,684,1.0,0.14252549683336865,0.68829919190266,0.16915838598577831,1.6925278193012173e-05,0.16915838598577831
1,basic_no_format,60, I'm,5477,1.0,user,3.0,685,1.0,0.012259293260396624,0.06595820836410346,0.9217459782809141,3.6520094585886327e-05,0.9217459782809141
1,basic_no_format,61, preparing,27673,1.0,user,4.0,686,1.0,0.03199929199805857,0.9571222770376269,0.01087725995646454,1.1710078500715287e-06,0.01087725995646454
1,basic_no_format,62, a,261,1.0,user,5.0,687,1.0,0.0005189498629033077,0.35916689934029367,0.6403139618364937,1.88960309422767e-07,0.6403139618364937
1,basic_no_format,63, M,391,1.0,user,6.0,688,1.0,0.0025432679556831148,0.9967288894631465,0.0007278362961602727,6.285010299954536e-09,0.0007278362961602727
1,basic_no_format,64,ATS,42222,1.0,user,7.0,689,1.0,0.0016169902778450413,0.9982823717115406,0.00010039637205491096,2.4163855953337225e-07,0.00010039637205491096
1,basic_no_format,65, figure,11310,1.0,user,8.0,690,1.0,0.0018422769976945011,0.997507052964798,0.0006488338330245648,1.8362044828719849e-06,0.0006488338330245648
1,basic_no_format,66, to,316,1.0,user,9.0,691,1.0,0.0021406048255044547,0.9977952263699166,6.414246712965298e-05,2.6337449560938064e-08,6.414246712965298e-05
1,basic_no_format,67, discuss,5381,1.0,user,10.0,692,1.0,0.013187639013291303,0.9839486066811559,0.0028368620726858074,2.6892232866976393e-05,0.0028368620726858074
1,basic_no_format,68, with,483,1.0,user,11.0,693,1.0,0.000809129886197618,0.9986765790148868,0.0005142176660093902,7.343290608918648e-08,0.0005142176660093902
1,basic_no_format,69, Ne,4475,1.0,user,12.0,694,1.0,0.0006668344190582454,0.999294965760358,3.818455188454822e-05,1.5268699239339346e-08,3.818455188454822e-05
1,basic_no_format,70,el,296,1.0,user,13.0,695,1.0,0.0010653473811022105,0.99887977216375,5.486208890101936e-05,1.8366246590912382e-08,5.486208890101936e-05
1,basic_no_format,71,.,13,1.0,user,14.0,696,1.0,0.002306568031311109,0.9975986575147683,9.476701912357787e-05,7.434796886379519e-09,9.476701912357787e-05
1,basic_no_format,72, Each,11555,1.0,user,15.0,697,1.0,0.0004820220032839542,0.9990254535852473,0.0004925228353992109,1.5760694132905871e-09,0.0004925228353992109
1,basic_no_format,73, conversation,15681,1.0,user,16.0,698,1.0,0.0028084788049429444,0.9941319952910921,0.0030228928396291506,3.663306433582616e-05,0.0030228928396291506
1,basic_no_format,74, contains,8895,1.0,user,17.0,699,1.0,0.002488492810783164,0.9968532162245274,0.0006498961035694887,8.394861120069995e-06,0.0006498961035694887
1,basic_no_format,75, a,261,1.0,user,18.0,700,1.0,0.023660654862479976,0.9763353648338365,3.814930892213845e-06,1.653727913301056e-07,3.814930892213845e-06
1,basic_no_format,76, different,2647,1.0,user,19.0,701,1.0,0.013472005469362065,0.9858106845629291,0.0007171997557603483,1.1021194847389452e-07,0.0007171997557603483
1,basic_no_format,77, number,2086,1.0,user,20.0,702,1.0,0.026454413455817446,0.9715139453176019,0.0020278813906137883,3.7598359669458307e-06,0.0020278813906137883
1,basic_no_format,78, of,328,1.0,user,21.0,703,1.0,0.04824461144182664,0.9484373665273614,0.0032270622809268193,9.095974988520956e-05,0.0032270622809268193
1,basic_no_format,79, tokens,20290,1.0,user,22.0,704,1.0,0.012870464779814185,0.9244298596859355,0.06265290419744109,4.677133680915235e-05,0.06265290419744109
1,basic_no_format,80,",",11,1.0,user,23.0,705,1.0,0.0008230118206502035,0.9989607485536054,0.00021377296056520137,2.4666651790978412e-06,0.00021377296056520137
1,basic_no_format,81, and,326,1.0,user,24.0,706,1.0,0.017880156699303377,0.9810268786984986,0.0010924285185891552,5.360836090159104e-07,0.0010924285185891552
1,basic_no_format,82, I,357,1.0,user,25.0,707,1.0,0.00033006194923739364,0.8851497848956481,0.11451988261784946,2.7053726505277705e-07,0.11451988261784946
1,basic_no_format,83, have,679,1.0,user,26.0,708,1.0,0.05533267621436511,0.9404860392865395,0.004181181333479115,1.0316561620663853e-07,0.004181181333479115
1,basic_no_format,84, role,5430,1.0,user,27.0,709,1.0,0.016519286186081193,0.11437194104911566,0.8680512378208645,0.001057534943938741,0.8680512378208645
1,basic_no_format,85, probabilities,100033,1.0,user,28.0,710,1.0,0.1970286224686173,0.29273957224143277,0.5071220726809065,0.0031097326090434112,0.5071220726809065
1,basic_no_format,86, at,540,1.0,user,29.0,711,1.0,0.047914981877082,0.9440091332532281,0.008051050051177048,2.483481851284589e-05,0.008051050051177048
1,basic_no_format,87, every,1753,1.0,user,30.0,712,1.0,0.029104615160332036,0.911703788289115,0.059040608465816366,0.00015098808473652868,0.059040608465816366
1,basic_no_format,88, position,4010,1.0,user,31.0,713,1.0,0.014995522535426627,0.9677682214305658,0.017165174329036713,7.108170497064564e-05,0.017165174329036713
1,basic_no_format,89,.,13,1.0,user,32.0,714,1.0,0.006314975268898733,0.9923506779451476,0.0013330156208143087,1.3311651394491345e-06,0.0013330156208143087
1,basic_no_format,90, How,3253,1.0,user,33.0,715,1.0,0.16195615141414424,0.7865096265790513,0.051530696040581074,3.5259662232408464e-06,0.051530696040581074
1,basic_no_format,91, should,1757,1.0,user,34.0,716,1.0,0.0010751005630022649,0.9902875902816094,0.008637292178159705,1.6977228725866367e-08,0.008637292178159705
1,basic_no_format,92, I,357,1.0,user,35.0,717,1.0,0.037869915407656426,0.9618834371550451,0.00024517737846696866,1.470058831669942e-06,0.00024517737846696866
1,basic_no_format,93, aggregate,37989,1.0,user,36.0,718,1.0,0.005277499004354167,0.9933028683310342,0.0013978092117281917,2.1823452883618364e-05,0.0013978092117281917
1,basic_no_format,94, them,1373,1.0,user,37.0,719,1.0,0.005334796613663202,0.9921366527696215,0.002460807293430546,6.774332328485758e-05,0.002460807293430546
1,basic_no_format,95, without,2935,1.0,user,38.0,720,1.0,0.00021516573331409824,0.9997191520698963,6.563024109917064e-05,5.195569063411969e-08,6.563024109917064e-05
1,basic_no_format,96, letting,31328,1.0,user,39.0,721,1.0,0.0071592898314195505,0.9919223280632077,0.000891757795927213,2.6624309445447986e-05,0.000891757795927213
1,basic_no_format,97, a,261,1.0,user,40.0,722,1.0,0.025603953744352995,0.972552692319371,0.00113917754761762,0.0007041763886584277,0.00113917754761762
1,basic_no_format,98, few,3120,1.0,user,41.0,723,1.0,0.09409558177895772,0.4257086377793502,0.4222493212008724,0.05794645924081983,0.4222493212008724
1,basic_no_format,99, long,1701,1.0,user,42.0,724,1.0,0.008636544515196985,0.9882448647750287,0.0027981342686893974,0.0003204564410851488,0.0027981342686893974
1,basic_no_format,100, conversations,31594,1.0,user,43.0,725,1.0,0.014005210553993997,0.9803822977620695,0.0030532797292825435,0.0025592119546539185,0.0030532797292825435
1,basic_no_format,101, dominate,77297,1.0,user,44.0,726,1.0,0.018541913622113382,0.9504878098564653,0.02492464465517132,0.006045631866249984,0.02492464465517132
1,basic_no_format,102, the,290,1.0,user,45.0,727,1.0,0.02289015618557684,0.8778138122881317,0.052957777258149964,0.046338254268141414,0.052957777258149964
1,basic_no_format,103, result,1534,1.0,user,46.0,728,1.0,0.005708271456088305,0.987572153862263,0.005395222868879572,0.0013243518127689568,0.005395222868879572
1,basic_no_format,104,"?
",3901,1.0,user,47.0,729,1.0,0.008538117114946104,0.5901330586046202,0.40125265492606577,7.616935436790864e-05,0.40125265492606577
1,basic_no_format,105,The,976,2.0,cot,1.0,730,2.0,2.939621900504303e-06,0.00023024098162411727,0.9997578324529542,8.986943521137713e-06,0.9997578324529542
1,basic_no_format,106, user,1825,2.0,cot,2.0,731,2.0,4.723469355475372e-07,4.16529744690533e-05,0.999954817157923,3.0575206724225877e-06,0.999954817157923
1,basic_no_format,107, needs,4414,2.0,cot,3.0,732,2.0,8.267560018806438e-08,2.6140149992514977e-05,0.9999689540628056,4.823111601628308e-06,0.9999689540628056
1,basic_no_format,108, an,448,2.0,cot,4.0,733,2.0,8.835453725095723e-07,0.0002620596638153129,0.9996784659296007,5.859086121133e-05,0.9996784659296007
1,basic_no_format,109, aggregation,93321,2.0,cot,5.0,734,2.0,0.0018925716484652863,0.6803197705693812,0.31219019508770723,0.005597462694446288,0.31219019508770723
1,basic_no_format,110, rule,10652,2.0,cot,6.0,735,2.0,0.00017661780683717642,0.01153393167499353,0.9511905797611173,0.03709887075705197,0.9511905797611173
1,basic_no_format,111, that,484,2.0,cot,7.0,736,2.0,7.3601395727681315e-09,2.3066653276986425e-06,0.999990810969703,6.875004829728892e-06,0.999990810969703
1,basic_no_format,112, matches,15248,2.0,cot,8.0,737,2.0,1.010155204466647e-05,9.728153431816406e-05,0.9996975764166397,0.00019504049699758957,0.9996975764166397
1,basic_no_format,113, a,261,2.0,cot,9.0,738,2.0,0.000415651534285269,0.0005486961217868147,0.7989465172707123,0.20008913507321563,0.7989465172707123
1,basic_no_format,114, conversation,15681,2.0,cot,10.0,739,2.0,0.016005563093838732,0.822443534743636,0.10179952035549018,0.059751381807035195,0.10179952035549018
1,basic_no_format,115,-level,19231,2.0,cot,11.0,740,2.0,0.004674475344038506,0.06699927642396444,0.7219651659626065,0.20636108226939068,0.7219651659626065
1,basic_no_format,116, question,4928,2.0,cot,12.0,741,2.0,0.00016273968254961268,0.0036186426095646137,0.9880288461475489,0.008189771560336982,0.9880288461475489
1,basic_no_format,117,.,13,2.0,cot,13.0,742,2.0,2.484187793457222e-06,0.00010855178311749634,0.9996617057517173,0.00022725827737169954,0.9996617057517173
1,basic_no_format,118, Pool,27585,2.0,cot,14.0,743,2.0,0.0008081139060011583,0.002194189665760599,0.305705997446786,0.6912916989814522,0.305705997446786
1,basic_no_format,119,ing,289,2.0,cot,15.0,744,2.0,0.002073981000323178,0.033678460873194475,0.3884923308667999,0.5757552272596824,0.3884923308667999
1,basic_no_format,120, all,722,2.0,cot,16.0,745,2.0,0.003784118224682038,0.07464818926317315,0.8958203122291888,0.02574738028295608,0.8958203122291888
1,basic_no_format,121, tokens,20290,2.0,cot,17.0,746,2.0,0.008568904758759509,0.45509795436652245,0.49745600842899357,0.03887713244572441,0.49745600842899357
1,basic_no_format,122, gives,8967,2.0,cot,18.0,747,2.0,0.00029194718413463004,0.0033966853328878848,0.9552847002947524,0.041026667188225084,0.9552847002947524
1,basic_no_format,123, longer,7411,2.0,cot,19.0,748,2.0,0.011568324197899703,0.025124350593804565,0.5934117511417105,0.3698955740665853,0.5934117511417105
1,basic_no_format,124, conversations,31594,2.0,cot,20.0,749,2.0,0.0027926580617262334,0.037086361178547925,0.3153544136405116,0.6447665671192142,0.3153544136405116
1,basic_no_format,125, more,945,2.0,cot,21.0,750,2.0,0.005431821473653305,0.0024844436264267167,0.7964587111884639,0.195625023711456,0.7964587111884639
1,basic_no_format,126, influence,16044,2.0,cot,22.0,751,2.0,0.0003337319850540034,0.000695142367935446,0.18268834632313494,0.8162827793238756,0.18268834632313494
1,basic_no_format,127,",",11,2.0,cot,23.0,752,2.0,0.19353941418848106,0.3007762221154955,0.3851960340474154,0.12048832964860799,0.3851960340474154
1,basic_no_format,128, which,1118,2.0,cot,24.0,753,2.0,2.3058002549086896e-05,0.002712011216457885,0.9968901051789912,0.0003748256020018502,0.9968901051789912
1,basic_no_format,129, may,1340,2.0,cot,25.0,754,2.0,0.00021461109445419454,0.0007584582907868069,0.5672693125376094,0.43175761807714974,0.5672693125376094
1,basic_no_format,130, be,413,2.0,cot,26.0,755,2.0,0.006782011790810351,0.4150683711115482,0.5777295156220895,0.00042010147555199067,0.5777295156220895
1,basic_no_format,131, appropriate,11081,2.0,cot,27.0,756,2.0,0.0006019880079570418,0.00735959014721119,0.9912509107056828,0.0007875111391488587,0.9912509107056828
1,basic_no_format,132, for,395,2.0,cot,28.0,757,2.0,0.00025570261922125545,0.001172390846543756,0.9341315281281163,0.06444037840611853,0.9341315281281163
1,basic_no_format,133, a,261,2.0,cot,29.0,758,2.0,0.012428395717948479,0.7429480200340495,0.232490376694941,0.012133207553061008,0.232490376694941
1,basic_no_format,134, token,6602,2.0,cot,30.0,759,2.0,0.031083977791430552,0.80436374479284,0.13957881646697834,0.02497346094875091,0.13957881646697834
1,basic_no_format,135,-weight,24650,2.0,cot,31.0,760,2.0,0.025554336508468563,0.2566342295748541,0.6227676840451684,0.0950437498715089,0.6227676840451684
1,basic_no_format,136,ed,295,2.0,cot,32.0,761,2.0,0.0015715710083691972,0.0281256225625764,0.9620691028570041,0.008233703572050272,0.9620691028570041
1,basic_no_format,137, estim,11039,2.0,cot,33.0,762,2.0,0.008478388143954603,0.21218900476268682,0.49390441500475063,0.2854281920886079,0.49390441500475063
1,basic_no_format,138,and,427,2.0,cot,34.0,763,2.0,0.00433304129375665,0.0014700312117667796,0.19583799475927868,0.798358932735198,0.19583799475927868
1,basic_no_format,139, but,889,2.0,cot,35.0,764,2.0,0.01661300206175645,0.23736248077294728,0.7425259268732534,0.0034985902920429725,0.7425259268732534
1,basic_no_format,140, not,625,2.0,cot,36.0,765,2.0,0.0003103506595014646,0.007127357619633632,0.9908804907406552,0.0016818009802098321,0.9908804907406552
1,basic_no_format,141, for,395,2.0,cot,37.0,766,2.0,0.005165120199528558,0.011267377325932398,0.9692766311600423,0.014290871314496734,0.9692766311600423
1,basic_no_format,142, an,448,2.0,cot,38.0,767,2.0,0.0011091100637466466,0.2650787848742264,0.7337679594931145,4.4145568912611626e-05,0.7337679594931145
1,basic_no_format,143, average,7848,2.0,cot,39.0,768,2.0,0.043366786002476176,0.04076537649285038,0.1005971791689944,0.815270658335679,0.1005971791689944
1,basic_no_format,144, conversation,15681,2.0,cot,40.0,769,2.0,0.07454887910782923,0.07805439170322274,0.050066821036584885,0.797329908152363,0.050066821036584885
1,basic_no_format,145,.,13,2.0,cot,41.0,770,2.0,0.03207409965359948,0.005649638230120855,0.493598292524901,0.46867796959137875,0.493598292524901
1,basic_no_format,146, I,357,2.0,cot,42.0,771,2.0,5.182440331632078e-06,0.00010829812870563415,0.999802534945264,8.398448569881506e-05,0.999802534945264
1,basic_no_format,147, should,1757,2.0,cot,43.0,772,2.0,5.616237092039809e-08,1.2488861943294316e-06,0.9999026715380703,9.602341336425572e-05,0.9999026715380703
1,basic_no_format,148, recommend,7013,2.0,cot,44.0,773,2.0,3.4022645699743926e-08,2.8659976368606783e-06,0.9999954772289043,1.6227508131941752e-06,0.9999954772289043
1,basic_no_format,149, computing,34349,2.0,cot,45.0,774,2.0,2.5667069940366504e-05,1.643737404115127e-05,0.8836410148445715,0.11631688071144698,0.8836410148445715
1,basic_no_format,150, a,261,2.0,cot,46.0,775,2.0,0.019353958209209637,0.021512787028198588,0.08376167736165761,0.8753715774009341,0.08376167736165761
1,basic_no_format,151, specified,10185,2.0,cot,47.0,776,2.0,6.911318076962912e-07,1.455032379342615e-06,0.932266567403672,0.06773128643214103,0.932266567403672
1,basic_no_format,152, passage,26368,2.0,cot,48.0,777,2.0,0.004111657423488312,0.0102289297956077,0.5206102834252598,0.46504912935564413,0.5206102834252598
1,basic_no_format,153, statistic,80778,2.0,cot,49.0,778,2.0,8.381188501574149e-06,5.019860036275448e-06,0.010479244791649174,0.989507354159813,0.010479244791649174
1,basic_no_format,154, within,3518,2.0,cot,50.0,779,2.0,0.0006473429951102384,0.0020392346075538016,0.5096014325197727,0.4877119898775632,0.5096014325197727
1,basic_no_format,155, each,2454,2.0,cot,51.0,780,2.0,0.003421422267283801,0.004240942260515233,0.5025969127450024,0.4897407227271985,0.5025969127450024
1,basic_no_format,156, conversation,15681,2.0,cot,52.0,781,2.0,0.026134605559177876,0.06295773707167546,0.20328646747716292,0.7076211898919837,0.20328646747716292
1,basic_no_format,157, and,326,2.0,cot,53.0,782,2.0,0.0012157010058123283,0.010418613051663264,0.17190520348380903,0.8164604824587153,0.17190520348380903
1,basic_no_format,158, then,1815,2.0,cot,54.0,783,2.0,0.0018374934664561425,7.903780501902408e-05,0.1333280053130116,0.8647554634155132,0.1333280053130116
1,basic_no_format,159, averaging,89652,2.0,cot,55.0,784,2.0,0.0002534665034293842,1.4392708211001319e-05,0.07941438450958775,0.9203177562787719,0.07941438450958775
1,basic_no_format,160, across,5251,2.0,cot,56.0,785,2.0,0.0010005960312053717,0.0004494757109103887,0.6389195099584649,0.3596304182994194,0.6389195099584649
1,basic_no_format,161, independent,13313,2.0,cot,57.0,786,2.0,0.0009506787441149361,0.0010671699330423124,0.8437145683498328,0.15426758297300996,0.8437145683498328
1,basic_no_format,162, conversations,31594,2.0,cot,58.0,787,2.0,0.008042478461025387,0.005587507725971662,0.0955782001146307,0.8907918136983722,0.0955782001146307
1,basic_no_format,163,.,13,2.0,cot,59.0,788,2.0,0.0024068769391031534,0.001015781818170912,0.9825445973579805,0.014032743884745595,0.9825445973579805
1,basic_no_format,164, The,623,2.0,cot,60.0,789,2.0,4.6399620614663017e-07,2.5533137840866052e-05,0.9999722626131679,1.7402527852357424e-06,0.9999722626131679
1,basic_no_format,165, relevant,12331,2.0,cot,61.0,790,2.0,1.73365583666313e-06,2.7520506816696465e-06,0.9973249442026475,0.0026705700908342487,0.9973249442026475
1,basic_no_format,166, spans,78545,2.0,cot,62.0,791,2.0,0.0003975338850248299,0.0008969690568920545,0.6297234667722632,0.36898203028582,0.6297234667722632
1,basic_no_format,167, must,2804,2.0,cot,63.0,792,2.0,6.989174645698161e-06,1.2493415321438608e-05,0.9955043175466426,0.0044761998633902475,0.9955043175466426
1,basic_no_format,168, be,413,2.0,cot,64.0,793,2.0,0.004942383122533901,0.004376386890913158,0.22806256337388167,0.7626186666126713,0.22806256337388167
1,basic_no_format,169, defined,9113,2.0,cot,65.0,794,2.0,0.00023550308500212881,0.0006571157134687626,0.9825409523726201,0.0165664288289091,0.9825409523726201
1,basic_no_format,170, consistently,31454,2.0,cot,66.0,795,2.0,0.00013499754318319098,0.002939786042230163,0.9546769820353167,0.042248234379270076,0.9546769820353167
1,basic_no_format,171,.,13,2.0,cot,67.0,796,2.0,0.00013902563285597057,0.00033774010105963516,0.980559704608858,0.01896352965722643,0.980559704608858
1,basic_no_format,172, Re,907,2.0,cot,68.0,797,2.0,1.3271306710834805e-05,1.872174263717481e-05,0.9993768219303666,0.0005911850202852559,0.9993768219303666
1,basic_no_format,173,peated,73561,2.0,cot,69.0,798,2.0,0.0014317878894134744,0.009466511341812825,0.9642514105729408,0.0248502901958329,0.9642514105729408
1,basic_no_format,174, conditions,6409,2.0,cot,70.0,799,2.0,0.0001840964350049286,0.0009076004730400856,0.9795739709841662,0.01933433210778893,0.9795739709841662
1,basic_no_format,175, from,591,2.0,cot,71.0,800,2.0,0.00036714225303258646,0.006306214766695622,0.9880142990532778,0.005312343926994225,0.9880142990532778
1,basic_no_format,176, one,1001,2.0,cot,72.0,801,2.0,0.011264105626083105,0.09257465235745614,0.29816164318056587,0.5979995988358948,0.29816164318056587
1,basic_no_format,177, conversation,15681,2.0,cot,73.0,802,2.0,0.015261796848046039,0.03951918832025771,0.5638695438712517,0.3813494709604446,0.5638695438712517
1,basic_no_format,178, should,1757,2.0,cot,74.0,803,2.0,0.011752255791422106,0.15731268830688244,0.8042307777205471,0.026704278181148438,0.8042307777205471
1,basic_no_format,179, remain,12760,2.0,cot,75.0,804,2.0,0.00010962717127742348,0.00042009603000305886,0.9251205888626622,0.07434968793605724,0.9251205888626622
1,basic_no_format,180, paired,51892,2.0,cot,76.0,805,2.0,0.0013861834597259045,0.014514363212846073,0.9705780094820822,0.013521443845345878,0.9705780094820822
1,basic_no_format,181, in,306,2.0,cot,77.0,806,2.0,0.0018035645540324682,0.032066568763152746,0.960225639358892,0.00590422732392273,0.960225639358892
1,basic_no_format,182, the,290,2.0,cot,78.0,807,2.0,0.0075347725125090945,0.23069810908127314,0.7157424211288755,0.046024697277342236,0.7157424211288755
1,basic_no_format,183, comparison,19211,2.0,cot,79.0,808,2.0,0.003727540405060671,0.010627412293361484,0.90225073499417,0.0833943123074078,0.90225073499417
1,basic_no_format,184,.,13,2.0,cot,80.0,809,2.0,0.0018219684779040575,0.0023735757472953625,0.9929453083297238,0.002859147445076752,0.9929453083297238
1,basic_no_format,185, I,357,2.0,cot,81.0,810,2.0,8.27322960782938e-06,0.00015020827919357086,0.9998240651189929,1.7453372205663304e-05,0.9998240651189929
1,basic_no_format,186, also,1217,2.0,cot,82.0,811,2.0,1.3502633964446813e-05,7.605470006860155e-05,0.9997981207571046,0.00011232190886222465,0.9997981207571046
1,basic_no_format,187, need,1309,2.0,cot,83.0,812,2.0,5.083788226160975e-08,1.067020165678377e-06,0.9999877335923161,1.1148549635868319e-05,0.9999877335923161
1,basic_no_format,188, to,316,2.0,cot,84.0,813,2.0,5.597750753435689e-05,0.000362898030597912,0.999439926839942,0.00014119762192565905,0.999439926839942
1,basic_no_format,189, explain,16644,2.0,cot,85.0,814,2.0,1.8059321312661704e-07,9.822381847491598e-06,0.9999846340717524,5.362953186927594e-06,0.9999846340717524
1,basic_no_format,190, that,484,2.0,cot,86.0,815,2.0,1.730238535375895e-07,2.1728172307126675e-06,0.9990081099825742,0.0009895441763415806,0.9990081099825742
1,basic_no_format,191, a,261,2.0,cot,87.0,816,2.0,0.005978555761315317,0.0565854840005466,0.9353923734250331,0.0020435868131049363,0.9353923734250331
1,basic_no_format,192, token,6602,2.0,cot,88.0,817,2.0,0.010155804955024321,0.06218833416245436,0.7358824170486561,0.19177344383386521,0.7358824170486561
1,basic_no_format,193,-level,19231,2.0,cot,89.0,818,2.0,0.0040979499213133095,0.006831007944818235,0.8382948006635331,0.15077624147033536,0.8382948006635331
1,basic_no_format,194, graph,7465,2.0,cot,90.0,819,2.0,0.0004427445677706304,0.003235026009067552,0.5651407893362604,0.4311814400869014,0.5651407893362604
1,basic_no_format,195, and,326,2.0,cot,91.0,820,2.0,0.0001192464782932634,0.0004590202806512397,0.991980984606097,0.007440748634958423,0.991980984606097
1,basic_no_format,196, a,261,2.0,cot,92.0,821,2.0,0.00022129523927027527,0.00011418641441979657,0.9660780542613613,0.03358646408494854,0.9660780542613613
1,basic_no_format,197, conversation,15681,2.0,cot,93.0,822,2.0,0.0020356449734431578,0.005135421394945354,0.07082656125028293,0.9220023723813286,0.07082656125028293
1,basic_no_format,198,-level,19231,2.0,cot,94.0,823,2.0,0.000743785780256868,0.0003626627585085161,0.8847765290225353,0.11411702243869927,0.8847765290225353
1,basic_no_format,199, summary,18522,2.0,cot,95.0,824,2.0,6.565127821576358e-05,5.4150464272912244e-05,0.019905859068320497,0.9799743391891909,0.019905859068320497
1,basic_no_format,200, answer,6052,2.0,cot,96.0,825,2.0,0.0004182955696930481,0.00023135499735783415,0.9732174864908733,0.026132862942075886,0.9732174864908733
1,basic_no_format,201, different,2647,2.0,cot,97.0,826,2.0,0.0016936947516847521,0.0021966400588089275,0.8577191038273541,0.13839056136215233,0.8577191038273541
1,basic_no_format,202, questions,5359,2.0,cot,98.0,827,2.0,0.0023209281522402264,0.0005516114017218537,0.4834522532771083,0.5136752071689297,0.4834522532771083
1,basic_no_format,203, and,326,2.0,cot,99.0,828,2.0,0.00030006413786455046,0.0005602970549694607,0.7539865684855663,0.24515307032159964,0.7539865684855663
1,basic_no_format,204, can,665,2.0,cot,100.0,829,2.0,0.005555905494697981,0.003413716827023883,0.7638987338777491,0.22713164380052905,0.7638987338777491
1,basic_no_format,205, both,2973,2.0,cot,101.0,830,2.0,0.011278184897693388,0.07792690392213142,0.879726460527822,0.03106845065235317,0.879726460527822
1,basic_no_format,206, be,413,2.0,cot,102.0,831,2.0,0.000661864151465338,0.0024753134801918635,0.306255269974645,0.6906075523936979,0.306255269974645
1,basic_no_format,207, useful,8316,2.0,cot,103.0,832,2.0,0.0012493044867573594,0.016028107362649997,0.9004171360409737,0.08230545210961888,0.9004171360409737
1,basic_no_format,208, when,1261,2.0,cot,104.0,833,2.0,0.0007488869360327169,0.008121243177557145,0.7987419224745802,0.19238794741182985,0.7987419224745802
1,basic_no_format,209, labeled,55089,2.0,cot,105.0,834,2.0,0.005994387953967793,0.030035758221285163,0.2753969070641187,0.6885729467606283,0.2753969070641187
1,basic_no_format,210, clearly,15603,2.0,cot,106.0,835,2.0,0.0024499703383194966,0.002937909581762272,0.9735931030910686,0.02101901698884943,0.9735931030910686
1,basic_no_format,211,".
",558,2.0,cot,107.0,836,2.0,2.5359501979183507e-05,0.00028296923346890685,0.999612031593488,7.963967106403221e-05,0.999612031593488
1,basic_no_format,212,Define,55292,3.0,assistant,1.0,837,3.0,6.694230479044405e-07,2.1017322816070108e-05,0.9999533911432593,2.492211087681688e-05,0.9999533911432593
1,basic_no_format,213, the,290,3.0,assistant,2.0,838,3.0,1.370605503247589e-06,0.00020413349500739904,0.9996856337315588,0.00010886216793049467,0.9996856337315588
1,basic_no_format,214, passage,26368,3.0,assistant,3.0,839,3.0,0.004486582206164361,0.002961056056986089,0.5486683830405353,0.44388397869631424,0.5486683830405353
1,basic_no_format,215, you,481,3.0,assistant,4.0,840,3.0,0.0005200866163037895,0.0008996196281896073,0.9755341589830953,0.023046134772411412,0.9755341589830953
1,basic_no_format,216, want,1682,3.0,assistant,5.0,841,3.0,0.00035219489103808425,0.0031232366415028766,0.995738244926736,0.0007863235407230976,0.995738244926736
1,basic_no_format,217, to,316,3.0,assistant,6.0,842,3.0,0.01887759018455094,0.024694686720000247,0.9507051884195584,0.005722534675890481,0.9507051884195584
1,basic_no_format,218, measure,9714,3.0,assistant,7.0,843,3.0,0.004728315490722109,0.01010126406795074,0.3207183283026252,0.6644520921387019,0.3207183283026252
1,basic_no_format,219, in,306,3.0,assistant,8.0,844,3.0,0.011826150026162208,0.12923969830933502,0.3168086975202759,0.5421254541442269,0.3168086975202759
1,basic_no_format,220, each,2454,3.0,assistant,9.0,845,3.0,0.0021675469501306653,0.002468281702047052,0.19111191243511141,0.8042522589127109,0.19111191243511141
1,basic_no_format,221, conversation,15681,3.0,assistant,10.0,846,3.0,0.04225788201154638,0.604619072230706,0.30161223237306384,0.05151081338468383,0.30161223237306384
1,basic_no_format,222,",",11,3.0,assistant,11.0,847,3.0,0.0001115701178827686,5.481356243358145e-05,0.9110648361732272,0.08876878014645645,0.9110648361732272
1,basic_no_format,223, compute,23864,3.0,assistant,12.0,848,3.0,1.0161419959753132e-05,2.5081892296641888e-05,0.9022334031797103,0.09773135350803316,0.9022334031797103
1,basic_no_format,224, its,1617,3.0,assistant,13.0,849,3.0,0.0001050470170709095,9.011364551746951e-05,0.06959506935024229,0.9302097699871693,0.06959506935024229
1,basic_no_format,225, mean,4774,3.0,assistant,14.0,850,3.0,5.869638089941783e-05,3.8187596153058693e-05,0.11578675027427533,0.8841163657486721,0.11578675027427533
1,basic_no_format,226, score,8429,3.0,assistant,15.0,851,3.0,0.00017585923878939372,0.0009214629098499756,0.15293201303181095,0.8459706648195497,0.15293201303181095
1,basic_no_format,227,",",11,3.0,assistant,16.0,852,3.0,0.0009665775203600438,0.001298086431784772,0.23676967926533268,0.7609656567825226,0.23676967926533268
1,basic_no_format,228, and,326,3.0,assistant,17.0,853,3.0,5.296848972092066e-06,9.24540651439236e-05,0.9962010749226591,0.0037011741632247542,0.9962010749226591
1,basic_no_format,229, then,1815,3.0,assistant,18.0,854,3.0,0.00022960395033409887,1.1991309020918025e-05,0.03463039906959112,0.965128005671054,0.03463039906959112
1,basic_no_format,230, average,7848,3.0,assistant,19.0,855,3.0,4.460358458759055e-05,1.5995905088968963e-06,0.04170113575452405,0.9582526610703795,0.04170113575452405
1,basic_no_format,231, those,2617,3.0,assistant,20.0,856,3.0,3.12134839691405e-05,9.824766426793855e-08,0.005494599892286779,0.9944740883760799,0.005494599892286779
1,basic_no_format,232, conversation,15681,3.0,assistant,21.0,857,3.0,0.00033050601570337875,4.49961216264537e-05,0.011803200263780424,0.9878212975988898,0.011803200263780424
1,basic_no_format,233,-level,19231,3.0,assistant,22.0,858,3.0,7.152664328347028e-05,5.3097307235331594e-05,0.06906329832702297,0.9308120777224581,0.06906329832702297
1,basic_no_format,234, means,4748,3.0,assistant,23.0,859,3.0,3.9026696319370486e-05,5.484877462418248e-06,0.024512888261371654,0.9754426001648465,0.024512888261371654
1,basic_no_format,235, with,483,3.0,assistant,24.0,860,3.0,0.0016919088779570029,0.0002187984264239541,0.13668116606945768,0.8614081266261615,0.13668116606945768
1,basic_no_format,236, equal,12629,3.0,assistant,25.0,861,3.0,0.0007505466542030105,0.00018970597403883654,0.3951402967087766,0.6039194506629815,0.3951402967087766
1,basic_no_format,237, weight,6049,3.0,assistant,26.0,862,3.0,0.00016891278619725244,3.4441335075798675e-05,0.1375123935407017,0.8622842523380253,0.1375123935407017
1,basic_no_format,238,.,13,3.0,assistant,27.0,863,3.0,0.001117167046296671,0.00019201250482307937,0.7894390042272081,0.20925181622167224,0.7894390042272081
1,basic_no_format,239, For,2214,3.0,assistant,28.0,864,3.0,5.887777742704639e-07,1.1993615045876422e-05,0.9997981592617518,0.00018925834542789019,0.9997981592617518
1,basic_no_format,240, a,261,3.0,assistant,29.0,865,3.0,4.614272446844082e-06,2.094948142810641e-06,0.9495092930729236,0.050483997706486865,0.9495092930729236
1,basic_no_format,241, comparison,19211,3.0,assistant,30.0,866,3.0,0.008376793489048039,0.006476577832995265,0.9133951964854425,0.0717514321925142,0.9133951964854425
1,basic_no_format,242, between,2870,3.0,assistant,31.0,867,3.0,0.005708704134063258,0.002774110949405556,0.9415170724670834,0.050000112449447694,0.9415170724670834
1,basic_no_format,243, conditions,6409,3.0,assistant,32.0,868,3.0,0.002546474802710069,0.01886007641419046,0.4042553193434956,0.5743381294396038,0.4042553193434956
1,basic_no_format,244,",",11,3.0,assistant,33.0,869,3.0,0.011414917275520032,0.00395172477219633,0.9246299043505944,0.06000345360168932,0.9246299043505944
1,basic_no_format,245, compute,23864,3.0,assistant,34.0,870,3.0,0.0004981282980825365,0.0002320407501100106,0.9952946442427927,0.003975186709014786,0.9952946442427927
1,basic_no_format,246, the,290,3.0,assistant,35.0,871,3.0,0.005012900401560695,0.03196407219019901,0.9231376755822375,0.03988535182600299,0.9231376755822375
1,basic_no_format,247, paired,51892,3.0,assistant,36.0,872,3.0,0.025273427453807052,0.28396640174902216,0.6406566128184566,0.05010355797871401,0.6406566128184566
1,basic_no_format,248, difference,9809,3.0,assistant,37.0,873,3.0,0.009160849579467143,0.15233742980868398,0.6225655773314767,0.21593614328037225,0.6225655773314767
1,basic_no_format,249, within,3518,3.0,assistant,38.0,874,3.0,0.0028668000751042692,0.03248996241826333,0.8488014522479833,0.11584178525864906,0.8488014522479833
1,basic_no_format,250, each,2454,3.0,assistant,39.0,875,3.0,0.0011584619525122847,0.00634082117231429,0.9603302987610858,0.03217041811408769,0.9603302987610858
1,basic_no_format,251, conversation,15681,3.0,assistant,40.0,876,3.0,0.013592463699865205,0.016303227542120872,0.6845193215926993,0.28558498716531455,0.6845193215926993
1,basic_no_format,252, before,2254,3.0,assistant,41.0,877,3.0,0.0019573069526957272,0.011743108525056625,0.6261001069336711,0.3601994775885765,0.6261001069336711
1,basic_no_format,253, averaging,89652,3.0,assistant,42.0,878,3.0,0.015178704980267584,0.0325590643000308,0.528921624800185,0.4233406059195167,0.528921624800185
1,basic_no_format,254,.,13,3.0,assistant,43.0,879,3.0,0.00233522867227024,0.0036870997708252137,0.9703558135268001,0.02362185803010431,0.9703558135268001
1,basic_no_format,255, Report,12208,3.0,assistant,44.0,880,3.0,0.00016592080509535937,4.326743615088641e-05,0.354291377479049,0.6454994342797048,0.354291377479049
1,basic_no_format,256, both,2973,3.0,assistant,45.0,881,3.0,0.0011596726375794621,0.0019074995858019523,0.8199111964854514,0.17702163129116727,0.8199111964854514
1,basic_no_format,257, the,290,3.0,assistant,46.0,882,3.0,0.00037437251328743706,0.0003145662406214919,0.8450141937288203,0.15429686751727092,0.8450141937288203
1,basic_no_format,258, number,2086,3.0,assistant,47.0,883,3.0,0.0164611793896062,0.03568613543929926,0.5010522512631606,0.44680043390793406,0.5010522512631606
1,basic_no_format,259, of,328,3.0,assistant,48.0,884,3.0,0.006562569631243427,0.006183393311376791,0.5742658742118215,0.4129881628455583,0.5742658742118215
1,basic_no_format,260, independent,13313,3.0,assistant,49.0,885,3.0,0.0030825256337109522,0.002235309302032319,0.3317334682724541,0.6629486967918027,0.3317334682724541
1,basic_no_format,261, conversations,31594,3.0,assistant,50.0,886,3.0,0.0016543244433881005,0.01069045690414795,0.04514311433006257,0.9425121043224014,0.04514311433006257
1,basic_no_format,262, and,326,3.0,assistant,51.0,887,3.0,0.010349505379246634,0.0032076633358430616,0.7642415754693169,0.22220125581559336,0.7642415754693169
1,basic_no_format,263, the,290,3.0,assistant,52.0,888,3.0,0.00025300634395660924,0.00028509100236131645,0.9631011771835913,0.03636072547009061,0.9631011771835913
1,basic_no_format,264, number,2086,3.0,assistant,53.0,889,3.0,6.9658407324736196e-06,0.0010771205472014183,0.9989027477408028,1.3165871263319339e-05,0.9989027477408028
1,basic_no_format,265, of,328,3.0,assistant,54.0,890,3.0,0.03408216937127668,0.15677302063134183,0.6319194502214236,0.17722535977595802,0.6319194502214236
1,basic_no_format,266, tokens,20290,3.0,assistant,55.0,891,3.0,0.007592417594762989,0.04804019791630113,0.2669215448821429,0.677445839606793,0.2669215448821429
1,basic_no_format,267, contributing,44404,3.0,assistant,56.0,892,3.0,0.0023414286978774806,0.008335497101625917,0.5472401421970476,0.4420829320034489,0.5472401421970476
1,basic_no_format,268, to,316,3.0,assistant,57.0,893,3.0,0.0016943273490757004,0.0038515362278226913,0.6623321583307966,0.3321219780923051,0.6623321583307966
1,basic_no_format,269, the,290,3.0,assistant,58.0,894,3.0,0.08343362786368626,0.4182464107643586,0.29283274023980843,0.2054872211321468,0.29283274023980843
1,basic_no_format,270, passage,26368,3.0,assistant,59.0,895,3.0,0.0009541371105524703,0.0008571243417070866,0.13861888544453277,0.8595698531032077,0.13861888544453277
1,basic_no_format,271, means,4748,3.0,assistant,60.0,896,3.0,0.010601047290764765,0.028239488763721017,0.5329774913176426,0.42818197262787167,0.5329774913176426
1,basic_no_format,272,.,13,3.0,assistant,61.0,897,3.0,0.0024381458235201462,0.0029400003151247027,0.9896821717432136,0.004939682118141496,0.9896821717432136
1,basic_no_format,273, Keep,16835,3.0,assistant,62.0,898,3.0,3.6878344878892766e-05,2.9291370708879868e-05,0.9914335375167025,0.008500292767709715,0.9914335375167025
1,basic_no_format,274, the,290,3.0,assistant,63.0,899,3.0,0.003663310102722642,0.00022593145852175183,0.7733832499242493,0.2227275085145062,0.7733832499242493
1,basic_no_format,275, token,6602,3.0,assistant,64.0,900,3.0,0.0035326367316997425,0.008090293719930185,0.3921720483658115,0.5962050211825586,0.3921720483658115
1,basic_no_format,276,-level,19231,3.0,assistant,65.0,901,3.0,0.001980608513930851,0.0005711282970947807,0.5952341514917333,0.40221411169724103,0.5952341514917333
1,basic_no_format,277, trace,21523,3.0,assistant,66.0,902,3.0,0.0006894163501191878,0.0006781702832654674,0.9327015639527362,0.06593084941387908,0.9327015639527362
1,basic_no_format,278, as,472,3.0,assistant,67.0,903,3.0,0.0009871833165899307,0.0006603035416837107,0.9128225544544096,0.08552995868731676,0.9128225544544096
1,basic_no_format,279, an,448,3.0,assistant,68.0,904,3.0,0.00010254040280602408,0.0009827169921095406,0.8929253463606092,0.10598939624447541,0.8929253463606092
1,basic_no_format,280, illustration,55575,3.0,assistant,69.0,905,3.0,0.001004012039542883,0.0037493607173614846,0.9763432176796536,0.018903409563442018,0.9763432176796536
1,basic_no_format,281, of,328,3.0,assistant,70.0,906,3.0,0.02526228338098101,0.006714388278300777,0.9087926854744725,0.05923064286624569,0.9087926854744725
1,basic_no_format,282, local,2698,3.0,assistant,71.0,907,3.0,0.011315803081741647,0.07995961848683975,0.8834652944127431,0.025259284018675606,0.8834652944127431
1,basic_no_format,283, variation,35930,3.0,assistant,72.0,908,3.0,0.01068083374862938,0.06382578403023671,0.8392702895983604,0.08622309262277346,0.8392702895983604
1,basic_no_format,284,",",11,3.0,assistant,73.0,909,3.0,0.012025796413769567,0.012295426123250372,0.8242615415389356,0.15141723592404455,0.8242615415389356
1,basic_no_format,285, and,326,3.0,assistant,74.0,910,3.0,0.000202021664895446,0.0005834102265111598,0.9902991679977312,0.008915400110862049,0.9902991679977312
1,basic_no_format,286, label,4208,3.0,assistant,75.0,911,3.0,0.0004204676531314489,0.003964185065711763,0.9836322339710014,0.011983113310155235,0.9836322339710014
1,basic_no_format,287, the,290,3.0,assistant,76.0,912,3.0,0.021095358365028054,0.22673606083923184,0.665939218160679,0.0862293626350611,0.665939218160679
1,basic_no_format,288, aggregate,37989,3.0,assistant,77.0,913,3.0,0.0005287770195799808,0.0009236894578146432,0.05343105806993132,0.9451164754526741,0.05343105806993132
1,basic_no_format,289, chart,15292,3.0,assistant,78.0,914,3.0,0.0010499390094495377,0.010384268167732084,0.35603991141660213,0.6325258814062162,0.35603991141660213
1,basic_no_format,290, as,472,3.0,assistant,79.0,915,3.0,0.0018999020755902645,0.0009668807541793337,0.9867006467351481,0.010432570435082361,0.9867006467351481
1,basic_no_format,291, an,448,3.0,assistant,80.0,916,3.0,0.0012102373372153935,0.05049989920660125,0.9359548884073083,0.012334975048875103,0.9359548884073083
1,basic_no_format,292, average,7848,3.0,assistant,81.0,917,3.0,0.014893370373170489,0.003530424841126207,0.06518848587772143,0.9163877189079819,0.06518848587772143
1,basic_no_format,293, across,5251,3.0,assistant,82.0,918,3.0,0.04287381655962748,0.006255119896686554,0.5333413049324418,0.41752975861124425,0.5333413049324418
1,basic_no_format,294, conversations,31594,3.0,assistant,83.0,919,3.0,4.804690596839735e-05,7.605855876519527e-05,0.0026796079158157775,0.9971962866194506,0.0026796079158157775
1,basic_no_format,295,.,13,3.0,assistant,84.0,920,3.0,0.0012969598609499822,0.001394542677702812,0.7942922814897704,0.20301621597157693,0.7942922814897704
1,basic_no_format,296, If,1843,3.0,assistant,85.0,921,3.0,9.782332267904838e-06,1.7399465477108613e-05,0.9867420102900206,0.013230807912234386,0.9867420102900206
1,basic_no_format,297, you,481,3.0,assistant,86.0,922,3.0,6.014705545753036e-07,1.1141798119489026e-06,0.9909329472121918,0.009065337137441776,0.9909329472121918
1,basic_no_format,298, also,1217,3.0,assistant,87.0,923,3.0,2.5889652401067155e-05,5.336278487481161e-05,0.7094767474044532,0.29044400015827093,0.7094767474044532
1,basic_no_format,299, show,2356,3.0,assistant,88.0,924,3.0,0.006829782012412371,0.008154885507193612,0.6873329454028971,0.29768238707749684,0.6873329454028971
1,basic_no_format,300, a,261,3.0,assistant,89.0,925,3.0,0.0007961333501319566,0.0013726070023333654,0.6890488769008385,0.3087823827466963,0.6890488769008385
1,basic_no_format,301, pooled,157971,3.0,assistant,90.0,926,3.0,0.039745940854593084,0.013715495671480036,0.47984543545671904,0.4666931280172078,0.47984543545671904
1,basic_no_format,302, token,6602,3.0,assistant,91.0,927,3.0,0.1473216817083456,0.16021157485814227,0.4607210820253645,0.23174566140814756,0.4607210820253645
1,basic_no_format,303, average,7848,3.0,assistant,92.0,928,3.0,0.04761863527341254,0.010226060815736094,0.3149314326080607,0.6272238713027907,0.3149314326080607
1,basic_no_format,304,",",11,3.0,assistant,93.0,929,3.0,0.020310790767420393,0.001618666027367246,0.7314671583084226,0.24660338489678973,0.7314671583084226
1,basic_no_format,305, identify,11410,3.0,assistant,94.0,930,3.0,0.0023966806057217193,0.0006074673072675966,0.9454058036600761,0.051590048426934404,0.9454058036600761
1,basic_no_format,306, it,480,3.0,assistant,95.0,931,3.0,0.032593751673251355,0.045487960082143244,0.5363059455675022,0.38561234267710315,0.5363059455675022
1,basic_no_format,307, separately,37741,3.0,assistant,96.0,932,3.0,0.0034615247355457572,0.00439934856748697,0.9602711371273951,0.03186798956957215,0.9602711371273951
1,basic_no_format,308,:,25,3.0,assistant,97.0,933,3.0,0.00041607045674837663,0.0008331743892945373,0.9066825211860989,0.09206823396785803,0.9066825211860989
1,basic_no_format,309, it,480,3.0,assistant,98.0,934,3.0,0.06641484383379002,0.02376271550132222,0.22311898827966198,0.6867034523852259,0.22311898827966198
1,basic_no_format,310, answers,14716,3.0,assistant,99.0,935,3.0,0.021548917146844516,0.0030246647703404566,0.5175030759107798,0.45792334217203523,0.5175030759107798
1,basic_no_format,311, what,1412,3.0,assistant,100.0,936,3.0,0.017341240830693862,0.0010733222672799692,0.05891022339036119,0.922675213511665,0.05891022339036119
1,basic_no_format,312, happens,13367,3.0,assistant,101.0,937,3.0,0.015717804679668,0.003102942244133031,0.25645779368187516,0.7247214593943238,0.25645779368187516
1,basic_no_format,313, to,316,3.0,assistant,102.0,938,3.0,0.15859179853703673,0.021245877109993944,0.3688970289788885,0.45126529537408083,0.3688970289788885
1,basic_no_format,314, an,448,3.0,assistant,103.0,939,3.0,0.17188575054289962,0.07595286748904075,0.32541185316245314,0.4267495288056064,0.32541185316245314
1,basic_no_format,315, average,7848,3.0,assistant,104.0,940,3.0,0.4739230597946788,0.01017323650959176,0.07776400814217475,0.43813969555355453,0.07776400814217475
1,basic_no_format,316, included,7360,3.0,assistant,105.0,941,3.0,0.5756284351834186,0.08818221468849784,0.09497303631813635,0.24121631380994732,0.09497303631813635
1,basic_no_format,317, token,6602,3.0,assistant,106.0,942,3.0,0.28732533302655927,0.04242156367118787,0.16874873694529394,0.5015043663569588,0.16874873694529394
1,basic_no_format,318, and,326,3.0,assistant,107.0,943,3.0,0.301231747615803,0.003725512136377917,0.285884662934334,0.40915807731348514,0.285884662934334
1,basic_no_format,319, therefore,12880,3.0,assistant,108.0,944,3.0,0.023358259197546197,0.0009902879368484517,0.7625593699733554,0.21309208289224987,0.7625593699733554
1,basic_no_format,320, gives,8967,3.0,assistant,109.0,945,3.0,0.001759555615008002,0.00011391720788017598,0.43448771260986474,0.5636388145672471,0.43448771260986474
1,basic_no_format,321, longer,7411,3.0,assistant,110.0,946,3.0,0.005082945499324812,0.0014291842301590268,0.0730198456890631,0.9204680245814529,0.0730198456890631
1,basic_no_format,322, passages,69047,3.0,assistant,111.0,947,3.0,0.0027916197999744183,0.003856813515255175,0.041044873201891825,0.9523066934828786,0.041044873201891825
1,basic_no_format,323, more,945,3.0,assistant,112.0,948,3.0,0.0028831596647298768,9.008772727414251e-05,0.0723196647476105,0.9247070878603856,0.0723196647476105
1,basic_no_format,324, weight,6049,3.0,assistant,113.0,949,3.0,0.02071875072931772,0.0021387326838335245,0.054655829440771006,0.9224866871460778,0.054655829440771006
1,basic_no_format,325,".
",558,3.0,assistant,114.0,950,3.0,2.0295045417839104e-05,6.787796000029909e-05,0.9980200125492096,0.0018918144453722002,0.9980200125492096
1,basic_no_format,326,That,7924,4.0,user,1.0,951,4.0,7.583797940663815e-09,1.3114599130028242e-06,0.999905567271692,9.311368459727464e-05,0.999905567271692
1,basic_no_format,327, makes,4787,4.0,user,2.0,952,4.0,3.978360430585963e-06,2.0639587618396724e-05,0.9987367524278215,0.0012386296241294788,0.9987367524278215
1,basic_no_format,328, sense,8512,4.0,user,3.0,953,4.0,9.922661872077857e-07,2.5191410424189575e-05,0.9952461040965125,0.004727712226876089,0.9952461040965125
1,basic_no_format,329,.,13,4.0,user,4.0,954,4.0,7.94440537415667e-06,0.003227479306285848,0.9935074909106929,0.0032570853776472384,0.9935074909106929
1,basic_no_format,330, If,1843,4.0,user,5.0,955,4.0,7.216604549267782e-05,0.03970718565767305,0.9459908161617708,0.014229832135063519,0.9459908161617708
1,basic_no_format,331, I,357,4.0,user,6.0,956,4.0,7.819695541521539e-05,0.033876182380468446,0.928041767565251,0.038003853098865115,0.928041767565251
1,basic_no_format,332, measure,9714,4.0,user,7.0,957,4.0,0.0015261642405933048,0.2758780806836393,0.6309492123862429,0.09164654268952435,0.6309492123862429
1,basic_no_format,333, several,4919,4.0,user,8.0,958,4.0,0.0016389626400640195,0.5862633976600964,0.3945665393422865,0.01753110035755313,0.3945665393422865
1,basic_no_format,334, layers,22119,4.0,user,9.0,959,4.0,0.002218815449041604,0.06384535883691793,0.5959152377560631,0.3380205879579773,0.5959152377560631
1,basic_no_format,335, and,326,4.0,user,10.0,960,4.0,0.001915962716983816,0.1942064631196613,0.7516889669014218,0.052188607261932994,0.7516889669014218
1,basic_no_format,336, several,4919,4.0,user,11.0,961,4.0,0.00019144504112987383,0.01018567744556802,0.75315626727069,0.23646661024261217,0.75315626727069
1,basic_no_format,337, steering,49066,4.0,user,12.0,962,4.0,0.010236124144729282,0.4888102454600326,0.48500900830478816,0.015944622090449955,0.48500900830478816
1,basic_no_format,338, strengths,47860,4.0,user,13.0,963,4.0,0.0035128629458648646,0.00444430454634244,0.4438236891489896,0.5482191433588031,0.4438236891489896
1,basic_no_format,339, on,402,4.0,user,14.0,964,4.0,0.009031373432957812,0.37891945271940725,0.43126417213261914,0.18078500171501594,0.43126417213261914
1,basic_no_format,340, each,2454,4.0,user,15.0,965,4.0,0.0026805573449613937,0.861725854797894,0.05571672439915239,0.0798768634579921,0.05571672439915239
1,basic_no_format,341, conversation,15681,4.0,user,16.0,966,4.0,0.005151139709412473,0.7934146533841224,0.032025722864215726,0.1694084840422496,0.032025722864215726
1,basic_no_format,342,",",11,4.0,user,17.0,967,4.0,0.002434337495622478,0.7293938866059367,0.25133691314803996,0.01683486275040085,0.25133691314803996
1,basic_no_format,343, do,621,4.0,user,18.0,968,4.0,0.001087705948461853,0.858438075374536,0.1404167279547147,5.749072228739137e-05,0.1404167279547147
1,basic_no_format,344, those,2617,4.0,user,19.0,969,4.0,0.0007663522186115207,0.959081598288764,0.0387267286021049,0.0014253208905196043,0.0387267286021049
1,basic_no_format,345, extra,5018,4.0,user,20.0,970,4.0,7.216499915943232e-05,0.9979256726516614,0.0019963642301783252,5.798119000911565e-06,0.0019963642301783252
1,basic_no_format,346, measurements,29039,4.0,user,21.0,971,4.0,0.0001070222019866339,0.997778230637977,0.0019721170970052834,0.00014263006303092828,0.0019721170970052834
1,basic_no_format,347, increase,7064,4.0,user,22.0,972,4.0,0.0018172076070461735,0.974099148951575,0.01855733391928465,0.005526309522094023,0.01855733391928465
1,basic_no_format,348, the,290,4.0,user,23.0,973,4.0,0.0026006132709333113,0.39865671979988815,0.22446787292871953,0.374274794000459,0.22446787292871953
1,basic_no_format,349, sample,10176,4.0,user,24.0,974,4.0,0.0023208721282343735,0.07878854317653307,0.009875665306418514,0.9090149193888141,0.009875665306418514
1,basic_no_format,350, size,2349,4.0,user,25.0,975,4.0,0.0027802305198892517,0.9290457394593229,0.0034761812924276685,0.06469784872836011,0.0034761812924276685
1,basic_no_format,351,?,30,4.0,user,26.0,976,4.0,0.003247797071587331,0.9934411018825245,0.002597182242898905,0.000713918802989345,0.002597182242898905
1,basic_no_format,352, I,357,4.0,user,27.0,977,4.0,0.0009086632796351378,0.18004094155300088,0.8181075408135442,0.0009428543538197351,0.8181075408135442
1,basic_no_format,353, want,1682,4.0,user,28.0,978,4.0,0.002544466748323846,0.6997770058505601,0.22287464988994332,0.07480387751117257,0.22287464988994332
1,basic_no_format,354, the,290,4.0,user,29.0,979,4.0,0.0002909394214157457,0.967109490854037,0.0013851838997301024,0.031214385824817413,0.0013851838997301024
1,basic_no_format,355, caption,42602,4.0,user,30.0,980,4.0,0.012317312695404996,0.4243589382068257,0.09143655251858576,0.47188719657918343,0.09143655251858576
1,basic_no_format,356, in,306,4.0,user,31.0,981,4.0,2.52861422898465e-05,0.9932216953040136,0.005810314889912017,0.0009427036637844198,0.005810314889912017
1,basic_no_format,357, the,290,4.0,user,32.0,982,4.0,0.000931225445640032,0.8754419658743604,0.05335009806227087,0.07027671061772868,0.05335009806227087
1,basic_no_format,358, M,391,4.0,user,33.0,983,4.0,6.938173669026309e-05,0.997976402527847,0.0017048054796376267,0.0002494102558250125,0.0017048054796376267
1,basic_no_format,359,ATS,42222,4.0,user,34.0,984,4.0,0.0017005689568539276,0.9657925495588395,0.029680501154460276,0.002826380329846251,0.029680501154460276
1,basic_no_format,360, report,3019,4.0,user,35.0,985,4.0,0.0015444279112579338,0.9860448451348611,0.009622562627158715,0.002788164326722213,0.009622562627158715
1,basic_no_format,361, to,316,4.0,user,36.0,986,4.0,0.00037858212555961726,0.9628542322203762,0.025617127736474628,0.011150057917589521,0.025617127736474628
1,basic_no_format,362, be,413,4.0,user,37.0,987,4.0,0.003430747372352492,0.6625564454871937,0.035237326458525835,0.2987754806819279,0.035237326458525835
1,basic_no_format,363, precise,31687,4.0,user,38.0,988,4.0,0.0018140133351896369,0.9160288125344923,0.031454621857037735,0.05070255227328028,0.031454621857037735
1,basic_no_format,364, about,1078,4.0,user,39.0,989,4.0,0.000909110854579086,0.9210624950837216,0.017153530543916246,0.06087486351778299,0.017153530543916246
1,basic_no_format,365, the,290,4.0,user,40.0,990,4.0,0.0009442063182627863,0.8093589035959772,0.06841803209472647,0.12127885799103372,0.06841803209472647
1,basic_no_format,366, uncertainty,44942,4.0,user,41.0,991,4.0,0.0014080332537696925,0.2948726633831632,0.033884390943356164,0.6698349124197109,0.033884390943356164
1,basic_no_format,367,".
",558,4.0,user,42.0,992,4.0,0.004009652106780986,0.4673741779646178,0.3252137543519947,0.20340241557660663,0.3252137543519947
1,basic_no_format,368,The,976,5.0,cot,1.0,993,5.0,1.5198635624861286e-08,2.0997264917791174e-05,0.9992008754569892,0.000778112079457255,0.9992008754569892
1,basic_no_format,369, user,1825,5.0,cot,2.0,994,5.0,2.75896530322439e-08,4.379196463466379e-06,0.9999893191946029,6.27401928065973e-06,0.9999893191946029
1,basic_no_format,370, is,382,5.0,cot,3.0,995,5.0,9.378350089392115e-09,1.8553427157577844e-06,0.9998371420962856,0.00016099318264852796,0.9998371420962856
1,basic_no_format,371, asking,16054,5.0,cot,4.0,996,5.0,1.1835615914203054e-07,9.260354374104925e-05,0.9998848926613098,2.2385438790135106e-05,0.9998848926613098
1,basic_no_format,372, about,1078,5.0,cot,5.0,997,5.0,2.2224664571074064e-06,0.0014810728460160477,0.9980809649853815,0.00043573970214548627,0.9980809649853815
1,basic_no_format,373, repeated,24161,5.0,cot,6.0,998,5.0,0.001872420802424489,0.6009576662845665,0.1333458469374699,0.2638240659755392,0.1333458469374699
1,basic_no_format,374, measurements,29039,5.0,cot,7.0,999,5.0,0.0011442007830185048,0.7356378205395406,0.06734707810131223,0.19587090057612855,0.06734707810131223
1,basic_no_format,375, versus,30667,5.0,cot,8.0,1000,5.0,3.660546424842148e-05,0.0054530114864734,0.9524684259545999,0.04204195709467836,0.9524684259545999
1,basic_no_format,376, independent,13313,5.0,cot,9.0,1001,5.0,0.004226713273401888,0.2288142745810839,0.29548566252547004,0.4714733496200443,0.29548566252547004
1,basic_no_format,377, units,13306,5.0,cot,10.0,1002,5.0,0.001252224895531686,0.03294028356203585,0.4388684627901012,0.5269390287523312,0.4388684627901012
1,basic_no_format,378,.,13,5.0,cot,11.0,1003,5.0,4.8494424501022604e-05,0.0038861041668613737,0.9902560259454686,0.005809375463169072,0.9902560259454686
1,basic_no_format,379, Layers,168896,5.0,cot,12.0,1004,5.0,0.0007071189085189719,0.19306469044642416,0.7259284920797483,0.08029969856530852,0.7259284920797483
1,basic_no_format,380, and,326,5.0,cot,13.0,1005,5.0,8.127916539197375e-05,0.44464517751650073,0.548584313045864,0.00668923027224344,0.548584313045864
1,basic_no_format,381, strengths,47860,5.0,cot,14.0,1006,5.0,0.0024787215564347925,0.23087013986259655,0.6649713810892804,0.10167975749168824,0.6649713810892804
1,basic_no_format,382, reveal,26477,5.0,cot,15.0,1007,5.0,3.1503803760227076e-05,0.033887086529359116,0.8135328583050139,0.15254855136186662,0.8135328583050139
1,basic_no_format,383, a,261,5.0,cot,16.0,1008,5.0,0.0005001731785867015,0.06088428925751281,0.8124037401204796,0.12621179744342098,0.8124037401204796
1,basic_no_format,384, richer,110657,5.0,cot,17.0,1009,5.0,5.930261813211134e-05,0.04554708741396131,0.6469289915747297,0.3074646183931768,0.6469289915747297
1,basic_no_format,385, response,3322,5.0,cot,18.0,1010,5.0,0.00015750672680117428,0.0019532572227912715,0.32402520725348055,0.673864028796927,0.32402520725348055
1,basic_no_format,386, for,395,5.0,cot,19.0,1011,5.0,1.017971720745467e-05,0.0025093718540386274,0.4764525527848036,0.5210278956439504,0.4764525527848036
1,basic_no_format,387, the,290,5.0,cot,20.0,1012,5.0,0.00021679154218402652,0.0032461345329281286,0.6695022409956323,0.32703483292925556,0.6695022409956323
1,basic_no_format,388, same,2684,5.0,cot,21.0,1013,5.0,0.0035413172029777206,0.0532121330563691,0.6908809401072592,0.2523656096333941,0.6908809401072592
1,basic_no_format,389, underlying,27899,5.0,cot,22.0,1014,5.0,0.006136880609192479,0.2054345179455385,0.3813034014514386,0.40712519999383046,0.3813034014514386
1,basic_no_format,390, conversation,15681,5.0,cot,23.0,1015,5.0,0.007774313055364001,0.1060059765067709,0.3455944824768482,0.5406252279610168,0.3455944824768482
1,basic_no_format,391,",",11,5.0,cot,24.0,1016,5.0,0.004455013149266416,0.8473990775128034,0.0886323850687011,0.05951352426922912,0.0886323850687011
1,basic_no_format,392, but,889,5.0,cot,25.0,1017,5.0,5.374166729282114e-06,8.374857569646825e-05,0.9820785454156333,0.01783233184194086,0.9820785454156333
1,basic_no_format,393, they,1023,5.0,cot,26.0,1018,5.0,0.0012710486383497072,0.8702047141935858,0.11535565945210052,0.013168577715963933,0.11535565945210052
1,basic_no_format,394, do,621,5.0,cot,27.0,1019,5.0,5.6595749494235226e-05,0.013577213623342889,0.9492895277963703,0.03707666283079268,0.9492895277963703
1,basic_no_format,395, not,625,5.0,cot,28.0,1020,5.0,0.00018148137559248346,0.008228614707403699,0.9663026691735872,0.02528723474341666,0.9663026691735872
1,basic_no_format,396, create,2501,5.0,cot,29.0,1021,5.0,0.0022865308188899577,0.09884794309167795,0.6788461886744245,0.22001933741500762,0.6788461886744245
1,basic_no_format,397, new,620,5.0,cot,30.0,1022,5.0,0.0011269768137169012,0.03650299372811033,0.43203693236639645,0.5303330970917763,0.43203693236639645
1,basic_no_format,398, independent,13313,5.0,cot,31.0,1023,5.0,0.012694775351336219,0.24854473303891442,0.33501022364130617,0.4037502679684432,0.33501022364130617
1,basic_no_format,399, conversations,31594,5.0,cot,32.0,1024,5.0,0.002861501220721421,0.8908630140358301,0.030536502853455865,0.07573898188999281,0.030536502853455865
1,basic_no_format,400,.,13,5.0,cot,33.0,1025,5.0,0.004115176347222102,0.08746953531637187,0.7755089628460293,0.13290632549037681,0.7755089628460293
1,basic_no_format,401, I,357,5.0,cot,34.0,1026,5.0,1.143875980069408e-06,0.0001275951179789827,0.964658830654645,0.035212430351395985,0.964658830654645
1,basic_no_format,402, should,1757,5.0,cot,35.0,1027,5.0,1.5288654870217131e-09,4.825435383797722e-08,0.9999614647663182,3.848545046247816e-05,0.9999614647663182
1,basic_no_format,403, recommend,7013,5.0,cot,36.0,1028,5.0,4.095158634767978e-08,1.1896718840115524e-06,0.9997477820852219,0.00025098729130790346,0.9997477820852219
1,basic_no_format,404, maintaining,26513,5.0,cot,37.0,1029,5.0,9.77011002353738e-06,2.501751561799757e-05,0.11021125256728363,0.8897539598070748,0.11021125256728363
1,basic_no_format,405, the,290,5.0,cot,38.0,1030,5.0,0.027088214164805675,0.18681627719704091,0.5737169053803463,0.21237860325780716,0.5737169053803463
1,basic_no_format,406, grouping,97243,5.0,cot,39.0,1031,5.0,0.0005347788149214704,0.005681086855393517,0.27970679591775527,0.7140773384119298,0.27970679591775527
1,basic_no_format,407, when,1261,5.0,cot,40.0,1032,5.0,0.00013547680851369308,0.0006376467850623575,0.45309184361441307,0.5461350327920109,0.45309184361441307
1,basic_no_format,408, estimating,127789,5.0,cot,41.0,1033,5.0,3.801495473686883e-05,7.600348937227064e-05,0.06857767147432316,0.9313083100815676,0.06857767147432316
1,basic_no_format,409, uncertainty,44942,5.0,cot,42.0,1034,5.0,0.0005261891981605651,0.003251839894324217,0.18640559328411385,0.8098163776234013,0.18640559328411385
1,basic_no_format,410, and,326,5.0,cot,43.0,1035,5.0,4.540963632071479e-05,0.00019326466568957195,0.653915423151575,0.3458459025464147,0.653915423151575
1,basic_no_format,411, defining,49491,5.0,cot,44.0,1036,5.0,2.918132102383203e-05,7.310183192832778e-05,0.7083741796736152,0.2915235371734326,0.7083741796736152
1,basic_no_format,412, any,1062,5.0,cot,45.0,1037,5.0,7.417002315274691e-05,0.00024187923194527111,0.6593648268787726,0.3403191238661294,0.6593648268787726
1,basic_no_format,413, layer,10261,5.0,cot,46.0,1038,5.0,0.010860058691753927,0.07815346493620937,0.6494569805080321,0.26152949586400465,0.6494569805080321
1,basic_no_format,414, or,503,5.0,cot,47.0,1039,5.0,0.0003040637607826609,0.00024979115894143523,0.8247003034153653,0.17474584166491072,0.8247003034153653
1,basic_no_format,415, strength,9386,5.0,cot,48.0,1040,5.0,0.003111041020944835,0.0013879215279471245,0.8109680339007546,0.18453300355035346,0.8109680339007546
1,basic_no_format,416, selection,8441,5.0,cot,49.0,1041,5.0,0.002433986686982475,0.008169226444164193,0.5489604432439433,0.4404363436249099,0.5489604432439433
1,basic_no_format,417, before,2254,5.0,cot,50.0,1042,5.0,0.0002747487323214264,0.00042568837640084107,0.8693086340788628,0.12999092881241497,0.8693086340788628
1,basic_no_format,418, a,261,5.0,cot,51.0,1043,5.0,0.001147911622059099,0.08006733648230557,0.5416757048806328,0.37710904701500253,0.5416757048806328
1,basic_no_format,419, final,1721,5.0,cot,52.0,1044,5.0,9.382217833396534e-05,0.0016815002931374109,0.5945934969200294,0.40363118060849934,0.5945934969200294
1,basic_no_format,420, evaluation,21407,5.0,cot,53.0,1045,5.0,7.065612739448253e-05,0.0002132074854233928,0.12544273918967966,0.8742733971975025,0.12544273918967966
1,basic_no_format,421,.,13,5.0,cot,54.0,1046,5.0,4.864740048110738e-05,0.00011574733540956273,0.7183507181283426,0.28148488713576675,0.7183507181283426
1,basic_no_format,422, A,355,5.0,cot,55.0,1047,5.0,1.2053075395184499e-06,7.497271078647676e-06,0.8518901364466787,0.14810116097470324,0.8518901364466787
1,basic_no_format,423, bootstrap,57493,5.0,cot,56.0,1048,5.0,0.0028411758797868424,0.05088707086969509,0.6414792702864444,0.3047924829640737,0.6414792702864444
1,basic_no_format,424, can,665,5.0,cot,57.0,1049,5.0,0.0001849600653572282,0.0001545448160299611,0.8416049987060751,0.1580554964125377,0.8416049987060751
1,basic_no_format,425, res,694,5.0,cot,58.0,1050,5.0,0.011759090996819073,0.0788113661158126,0.11264990294736536,0.796779639940003,0.11264990294736536
1,basic_no_format,426,ample,2262,5.0,cot,59.0,1051,5.0,0.005670997189921762,0.012352508493528818,0.633833051502736,0.3481434428138135,0.633833051502736
1,basic_no_format,427, conversations,31594,5.0,cot,60.0,1052,5.0,0.00811976799152467,0.019114681502860636,0.14805362626933724,0.8247119242362774,0.14805362626933724
1,basic_no_format,428, while,2049,5.0,cot,61.0,1053,5.0,0.010261315926088952,0.021978572276081576,0.19739443699140763,0.7703656748064218,0.19739443699140763
1,basic_no_format,429, carrying,25328,5.0,cot,62.0,1054,5.0,0.0013165663713423116,0.010165922488370957,0.3635637140210338,0.6249537971192529,0.3635637140210338
1,basic_no_format,430, all,722,5.0,cot,63.0,1055,5.0,0.0037777138770989115,0.2617814173101152,0.33375526510589504,0.4006856037068909,0.33375526510589504
1,basic_no_format,431, their,1043,5.0,cot,64.0,1056,5.0,0.005924237548913432,0.21389888973026427,0.1552803065450833,0.624896566175739,0.1552803065450833
1,basic_no_format,432, measurements,29039,5.0,cot,65.0,1057,5.0,0.019237235003097007,0.7073929423873717,0.13761685684445552,0.1357529657650757,0.13761685684445552
1,basic_no_format,433, together,4717,5.0,cot,66.0,1058,5.0,0.020311760516382043,0.6480680876489688,0.19963608047467782,0.13198407135997145,0.19963608047467782
1,basic_no_format,434,.,13,5.0,cot,67.0,1059,5.0,0.0005215901016351308,0.001016113588780375,0.9659232747018871,0.03253902160769737,0.9659232747018871
1,basic_no_format,435, The,623,5.0,cot,68.0,1060,5.0,5.64405470678319e-06,3.4285662903786586e-05,0.9554062172082208,0.04455385307416857,0.9554062172082208
1,basic_no_format,436, answer,6052,5.0,cot,69.0,1061,5.0,3.0547245247892375e-06,0.0003175304584374505,0.9994756069548234,0.0002038078622144224,0.9994756069548234
1,basic_no_format,437, should,1757,5.0,cot,70.0,1062,5.0,5.6302609308565026e-08,1.1439194859593855e-06,0.999848413627106,0.00015038615079870048,0.999848413627106
1,basic_no_format,438, also,1217,5.0,cot,71.0,1063,5.0,1.5154200147528187e-05,9.690247064950284e-05,0.9922864141321658,0.007601529197037268,0.9922864141321658
1,basic_no_format,439, mention,8633,5.0,cot,72.0,1064,5.0,2.781109137310558e-07,1.926565890076359e-05,0.9992990323916201,0.0006814238385652583,0.9992990323916201
1,basic_no_format,440, that,484,5.0,cot,73.0,1065,5.0,2.4923789902432832e-05,0.00024150826181681655,0.9744507680356492,0.025282799912631382,0.9744507680356492
1,basic_no_format,441, point,2438,5.0,cot,74.0,1066,5.0,0.0002911836220989249,0.001349887836991545,0.24981293763725237,0.7485459909036573,0.24981293763725237
1,basic_no_format,442,wise,7480,5.0,cot,75.0,1067,5.0,0.0003773095274382695,0.0005664664362991397,0.8674539539319533,0.13160227010430933,0.8674539539319533
1,basic_no_format,443, intervals,49900,5.0,cot,76.0,1068,5.0,0.0014230951224700522,0.00502015977665156,0.044220971026604466,0.949335774074274,0.044220971026604466
1,basic_no_format,444, at,540,5.0,cot,77.0,1069,5.0,0.0006906106195271145,0.004280566206290015,0.542722235841749,0.4523065873324339,0.542722235841749
1,basic_no_format,445, many,1991,5.0,cot,78.0,1070,5.0,0.0005615835633176504,0.017042762617422557,0.8378444285084042,0.1445512253108555,0.8378444285084042
1,basic_no_format,446, settings,8743,5.0,cot,79.0,1071,5.0,0.0017431489880944241,0.027462520721996387,0.683217432649166,0.2875768976407431,0.683217432649166
1,basic_no_format,447, do,621,5.0,cot,80.0,1072,5.0,8.743979655630138e-05,0.0029946174807626647,0.05672158406648629,0.9401963586561948,0.05672158406648629
1,basic_no_format,448, not,625,5.0,cot,81.0,1073,5.0,0.00024425348789129854,0.0009921864843304672,0.34611810102422047,0.6526454590035577,0.34611810102422047
1,basic_no_format,449, provide,3587,5.0,cot,82.0,1074,5.0,0.00025376005351369874,0.0002511489170297751,0.26895207072828553,0.7305430203011711,0.26895207072828553
1,basic_no_format,450, simultaneous,102894,5.0,cot,83.0,1075,5.0,0.0025302081676099736,0.0014570620768656487,0.34101012197132974,0.6550026077841946,0.34101012197132974
1,basic_no_format,451, coverage,13422,5.0,cot,84.0,1076,5.0,0.008104603629393128,0.002781271375467388,0.4265122497854094,0.56260187520973,0.4265122497854094
1,basic_no_format,452, for,395,5.0,cot,85.0,1077,5.0,0.0007786497373086328,0.0006961857618145149,0.4942260868158451,0.5042990776850318,0.4942260868158451
1,basic_no_format,453, the,290,5.0,cot,86.0,1078,5.0,0.0016115400565027435,0.011326524166126924,0.11327643116912652,0.8737855046082439,0.11327643116912652
1,basic_no_format,454, whole,6062,5.0,cot,87.0,1079,5.0,0.0007293789402310438,0.0034984058617542053,0.7712046511457306,0.2245675640522842,0.7712046511457306
1,basic_no_format,455, curve,27636,5.0,cot,88.0,1080,5.0,0.001533344918722334,0.011763188218606594,0.13609866835225853,0.8506047985104126,0.13609866835225853
1,basic_no_format,456,",",11,5.0,cot,89.0,1081,5.0,0.005863249781132005,0.047953003408560395,0.6240872593867468,0.32209648742356073,0.6240872593867468
1,basic_no_format,457, without,2935,5.0,cot,90.0,1082,5.0,3.381946066760305e-05,0.00012103783674384138,0.5077190389338534,0.49212610376873506,0.5077190389338534
1,basic_no_format,458, turning,21087,5.0,cot,91.0,1083,5.0,0.00040292534116543883,0.001497166159451995,0.7267950126031208,0.2713048958962617,0.7267950126031208
1,basic_no_format,459, a,261,5.0,cot,92.0,1084,5.0,0.0008050222793217446,0.0006022212453505213,0.19872697104354134,0.7998657854317864,0.19872697104354134
1,basic_no_format,460, simple,4705,5.0,cot,93.0,1085,5.0,0.03262785061561594,0.12167406643343619,0.6909197320881342,0.15477835086281372,0.6909197320881342
1,basic_no_format,461, caption,42602,5.0,cot,94.0,1086,5.0,0.06616980130637967,0.6395691745064256,0.17324700059263462,0.12101402359456004,0.17324700059263462
1,basic_no_format,462, into,1511,5.0,cot,95.0,1087,5.0,0.000772257456955253,0.011119317043355458,0.9348951202398361,0.053213305259853134,0.9348951202398361
1,basic_no_format,463, a,261,5.0,cot,96.0,1088,5.0,0.014115587057856534,0.4789700640152167,0.49108773105673964,0.01582661787018727,0.49108773105673964
1,basic_no_format,464, statistics,21729,5.0,cot,97.0,1089,5.0,0.0022341172716329434,0.0004656135613664288,0.30611552367943157,0.6911847454875691,0.30611552367943157
1,basic_no_format,465, tutorial,24000,5.0,cot,98.0,1090,5.0,0.00011027322760283642,0.00011493841734019333,0.859445205410904,0.14032958294415293,0.859445205410904
1,basic_no_format,466,".
",558,5.0,cot,99.0,1091,5.0,1.187560799012296e-05,1.838547798615168e-05,0.9884311459228012,0.011538592991222467,0.9884311459228012
1,basic_no_format,467,The,976,6.0,assistant,1.0,1092,6.0,1.521776208941404e-07,4.99783745959223e-05,0.9984786322411918,0.0014712372065913773,0.9984786322411918
1,basic_no_format,468, independent,13313,6.0,assistant,2.0,1093,6.0,0.0013816839482006375,0.02846465567782779,0.49130979408683,0.4788438662871416,0.49130979408683
1,basic_no_format,469, sample,10176,6.0,assistant,3.0,1094,6.0,0.006774150511977476,0.04064575788407619,0.33178250666472653,0.6207975849392198,0.33178250666472653
1,basic_no_format,470, size,2349,6.0,assistant,4.0,1095,6.0,0.026297412801233138,0.4542565360338228,0.22335582802204515,0.29609022314289896,0.22335582802204515
1,basic_no_format,471, remains,14777,6.0,assistant,5.0,1096,6.0,1.425872154631468e-06,1.2238531918538928e-05,0.9783106547529598,0.02167568084296716,0.9783106547529598
1,basic_no_format,472, the,290,6.0,assistant,6.0,1097,6.0,0.03202703831198173,0.24109401783995538,0.7107345934863264,0.016144350361736337,0.7107345934863264
1,basic_no_format,473, number,2086,6.0,assistant,7.0,1098,6.0,0.00012382824370846203,0.0011025077633313315,0.992917714796082,0.005855949196878224,0.992917714796082
1,basic_no_format,474, of,328,6.0,assistant,8.0,1099,6.0,0.0010783779520284345,0.01151084903447419,0.8998639317541851,0.08754684125931239,0.8998639317541851
1,basic_no_format,475, conversations,31594,6.0,assistant,9.0,1100,6.0,0.0022937432024419274,0.014636015832964528,0.07477823752837895,0.9082920034362146,0.07477823752837895
1,basic_no_format,476,.,13,6.0,assistant,10.0,1101,6.0,0.010160066750348593,0.02906724817760817,0.5453016245845698,0.4154710604874734,0.5453016245845698
1,basic_no_format,477, Additional,33202,6.0,assistant,11.0,1102,6.0,0.0008363944933678912,0.08968290459569533,0.5491615868882348,0.360319114022702,0.5491615868882348
1,basic_no_format,478, layers,22119,6.0,assistant,12.0,1103,6.0,0.001658672795613303,0.8940783634227162,0.08266058005127855,0.021602383730391927,0.08266058005127855
1,basic_no_format,479, and,326,6.0,assistant,13.0,1104,6.0,0.0026250231224269373,0.7867248257150385,0.0907881797882176,0.11986197137431688,0.0907881797882176
1,basic_no_format,480, strengths,47860,6.0,assistant,14.0,1105,6.0,0.0008521483612620868,0.015473071659295679,0.61970098077677,0.3639737992026723,0.61970098077677
1,basic_no_format,481, are,553,6.0,assistant,15.0,1106,6.0,0.0031223510537310606,0.2501063856951822,0.6776324690048341,0.06913879424625267,0.6776324690048341
1,basic_no_format,482, repeated,24161,6.0,assistant,16.0,1107,6.0,0.033601354242518686,0.1344745017009125,0.23544816688714604,0.5964759771694228,0.23544816688714604
1,basic_no_format,483, measurements,29039,6.0,assistant,17.0,1108,6.0,0.018321813039803854,0.354075578620363,0.03009299530911534,0.5975096130307177,0.03009299530911534
1,basic_no_format,484, of,328,6.0,assistant,18.0,1109,6.0,0.0006025181252081471,0.0006756454276677044,0.5516448313334504,0.4470770051136737,0.5516448313334504
1,basic_no_format,485, those,2617,6.0,assistant,19.0,1110,6.0,0.001368542646919661,0.000990972752157579,0.108531326952733,0.8891091576481898,0.108531326952733
1,basic_no_format,486, same,2684,6.0,assistant,20.0,1111,6.0,0.0020806658276979213,0.0012018281032255666,0.10351987892684424,0.8931976271422324,0.10351987892684424
1,basic_no_format,487, units,13306,6.0,assistant,21.0,1112,6.0,0.005194538339340171,0.0008388026979232699,0.20305148271345191,0.7909151762492846,0.20305148271345191
1,basic_no_format,488,.,13,6.0,assistant,22.0,1113,6.0,0.0006082010764251466,0.0008521362724000045,0.47123145109431397,0.5273082115568609,0.47123145109431397
1,basic_no_format,489, Keep,16835,6.0,assistant,23.0,1114,6.0,2.535472706059685e-06,5.598228815187967e-05,0.9983700338071427,0.00157144843199949,0.9983700338071427
1,basic_no_format,490, every,1753,6.0,assistant,24.0,1115,6.0,0.0004442905258455958,0.020435943326390895,0.7598669918379479,0.2192527743098156,0.7598669918379479
1,basic_no_format,491, conversation,15681,6.0,assistant,25.0,1116,6.0,0.0001325742996129198,0.0001540690305244543,0.04124180408639667,0.9584715525834661,0.04124180408639667
1,basic_no_format,492,'s,885,6.0,assistant,26.0,1117,6.0,0.0002524560436959462,0.001955914245146937,0.11129107830563831,0.8865005514055189,0.11129107830563831
1,basic_no_format,493, measurements,29039,6.0,assistant,27.0,1118,6.0,0.0021525477783114833,0.09315640437635404,0.09282621355706096,0.8118648342882735,0.09282621355706096
1,basic_no_format,494, together,4717,6.0,assistant,28.0,1119,6.0,0.0014119377919543756,0.09702367068598529,0.26541203775209243,0.636152353769968,0.26541203775209243
1,basic_no_format,495, when,1261,6.0,assistant,29.0,1120,6.0,1.610860593206603e-05,7.383931394876286e-05,0.31061024467380804,0.6892998074063111,0.31061024467380804
1,basic_no_format,496, estimating,127789,6.0,assistant,30.0,1121,6.0,8.829917734524773e-05,0.0009086766116380629,0.29218329935583026,0.7068197248551865,0.29218329935583026
1,basic_no_format,497, uncertainty,44942,6.0,assistant,31.0,1122,6.0,0.00012549812854429403,0.0002931485514576329,0.1253847439218147,0.8741966093981834,0.1253847439218147
1,basic_no_format,498,;,26,6.0,assistant,32.0,1123,6.0,7.23263104319335e-06,0.00013483320467259653,0.9930588959497868,0.006799038214497488,0.9930588959497868
1,basic_no_format,499, for,395,6.0,assistant,33.0,1124,6.0,9.567798146995739e-05,0.0003000518148416776,0.9932749535880221,0.006329316615666219,0.9932749535880221
1,basic_no_format,500, example,4994,6.0,assistant,34.0,1125,6.0,1.9696306054426523e-06,1.9582215369580402e-05,0.9880177374124116,0.01196071074161333,0.9880177374124116
1,basic_no_format,501,",",11,6.0,assistant,35.0,1126,6.0,0.007861913339541504,0.27651342423544395,0.08979385969134002,0.6258308027336745,0.08979385969134002
1,basic_no_format,502, res,694,6.0,assistant,36.0,1127,6.0,0.0002518991358225287,0.00015625478705806275,0.3694549672047873,0.630136878872332,0.3694549672047873
1,basic_no_format,503,ample,2262,6.0,assistant,37.0,1128,6.0,0.0010716854445938686,0.00043847006514912773,0.21765927208333422,0.7808305724069228,0.21765927208333422
1,basic_no_format,504, conversations,31594,6.0,assistant,38.0,1129,6.0,0.009318718322724694,0.02476344554763618,0.37475479275691587,0.5911630433727233,0.37475479275691587
1,basic_no_format,505, and,326,6.0,assistant,39.0,1130,6.0,0.003249985472847415,0.004877586413600328,0.881382877367454,0.11048955074609818,0.881382877367454
1,basic_no_format,506, carry,9852,6.0,assistant,40.0,1131,6.0,0.005270257667623859,0.042603006208241506,0.4944556201022346,0.4576711160219,0.4944556201022346
1,basic_no_format,507, their,1043,6.0,assistant,41.0,1132,6.0,0.012361723625392554,0.053956139078296446,0.09688649916823656,0.8367956381280744,0.09688649916823656
1,basic_no_format,508, full,3149,6.0,assistant,42.0,1133,6.0,0.01301245198453196,0.39361460904043544,0.377867042689513,0.21550589628551955,0.377867042689513
1,basic_no_format,509, set,920,6.0,assistant,43.0,1134,6.0,0.0033601733794081496,0.6770062364397672,0.053732651243284205,0.2659009389375406,0.053732651243284205
1,basic_no_format,510, of,328,6.0,assistant,44.0,1135,6.0,2.820984655224776e-06,0.002116942947337479,0.043695098402772366,0.9541851376652348,0.043695098402772366
1,basic_no_format,511, conditions,6409,6.0,assistant,45.0,1136,6.0,0.0013001053324423544,0.01459222659789044,0.039164726689554424,0.9449429413801129,0.039164726689554424
1,basic_no_format,512, through,1819,6.0,assistant,46.0,1137,6.0,0.010612269278311121,0.10600002210625263,0.21841232876196975,0.6649753798534666,0.21841232876196975
1,basic_no_format,513, each,2454,6.0,assistant,47.0,1138,6.0,0.0035516362590969175,0.025880055147922937,0.5523027126267204,0.4182655959662599,0.5523027126267204
1,basic_no_format,514, bootstrap,57493,6.0,assistant,48.0,1139,6.0,0.00039705284137591426,0.0014202686599423147,0.2783050940582235,0.7198775844404584,0.2783050940582235
1,basic_no_format,515, replicate,86070,6.0,assistant,49.0,1140,6.0,0.0024591967094980583,0.003603269372816233,0.11448860695053932,0.8794489269671464,0.11448860695053932
1,basic_no_format,516,.,13,6.0,assistant,50.0,1141,6.0,0.0005337014202574223,0.0020627852346110777,0.9736084623272292,0.02379505101790225,0.9736084623272292
1,basic_no_format,517, In,730,6.0,assistant,51.0,1142,6.0,5.39187842560912e-06,0.0006360022238271806,0.9937408065604729,0.005617799337274386,0.9937408065604729
1,basic_no_format,518, the,290,6.0,assistant,52.0,1143,6.0,0.001478728173951608,0.003172257436625117,0.7598174656593516,0.23553154873007176,0.7598174656593516
1,basic_no_format,519, caption,42602,6.0,assistant,53.0,1144,6.0,0.011415956934771198,0.025585312242101036,0.3752905768816069,0.5877081539415209,0.3752905768816069
1,basic_no_format,520,",",11,6.0,assistant,54.0,1145,6.0,0.0038128277019033427,0.0025236065031359763,0.6226893026865181,0.37097426310844256,0.6226893026865181
1,basic_no_format,521, distinguish,59938,6.0,assistant,55.0,1146,6.0,0.0012569854600524486,0.003728382484736807,0.9089085486909575,0.08610608336425325,0.9089085486909575
1,basic_no_format,522, the,290,6.0,assistant,56.0,1147,6.0,0.009972461342392795,0.03889339496472476,0.28044038761235524,0.6706937560805273,0.28044038761235524
1,basic_no_format,523, conversation,15681,6.0,assistant,57.0,1148,6.0,0.0002775054397201139,8.185653376074408e-05,0.002972109620498889,0.9966685284060204,0.002972109620498889
1,basic_no_format,524, count,3605,6.0,assistant,58.0,1149,6.0,0.001612509236797095,0.0024539547919522754,0.016367458152204896,0.9795660778190457,0.016367458152204896
1,basic_no_format,525, from,591,6.0,assistant,59.0,1150,6.0,0.002071844954374661,0.0015283234257432235,0.20380190670123355,0.7925979249186484,0.20380190670123355
1,basic_no_format,526, the,290,6.0,assistant,60.0,1151,6.0,0.0010352599369988053,0.012344985706396477,0.5837068327264663,0.4029129216301385,0.5837068327264663
1,basic_no_format,527, number,2086,6.0,assistant,61.0,1152,6.0,0.0016250319022911718,0.3279006414790577,0.6236137456061058,0.04686058101254528,0.6236137456061058
1,basic_no_format,528, of,328,6.0,assistant,62.0,1153,6.0,0.0034134862354077973,0.016947348647237154,0.02116392348796958,0.9584752416293854,0.02116392348796958
1,basic_no_format,529, plotted,155187,6.0,assistant,63.0,1154,6.0,0.0009466360364377778,0.012014330347578598,0.13139847275075503,0.8556405608652285,0.13139847275075503
1,basic_no_format,530, settings,8743,6.0,assistant,64.0,1155,6.0,0.00017338030703210042,0.011328392791371393,0.031114311087499413,0.9573839158140971,0.031114311087499413
1,basic_no_format,531,.,13,6.0,assistant,65.0,1156,6.0,0.001232084604696432,0.0005591272329917219,0.17499820023513254,0.8232105879271794,0.17499820023513254
1,basic_no_format,532, State,5388,6.0,assistant,66.0,1157,6.0,0.00010140060633594834,3.086710208724532e-05,0.9599784343864093,0.03988929790516767,0.9599784343864093
1,basic_no_format,533, whether,5588,6.0,assistant,67.0,1158,6.0,0.0004933222251058442,0.00019980072400168646,0.7013737254484818,0.29793315160241063,0.7013737254484818
1,basic_no_format,534, intervals,49900,6.0,assistant,68.0,1159,6.0,0.00013676192965520693,5.3918479946300714e-05,0.01347415957776041,0.9863351600126382,0.01347415957776041
1,basic_no_format,535, are,553,6.0,assistant,69.0,1160,6.0,0.0009501610408119785,0.00029501818095319066,0.894127146661429,0.1046276741168059,0.894127146661429
1,basic_no_format,536, point,2438,6.0,assistant,70.0,1161,6.0,0.004741601909671724,0.01921603930388865,0.7403638958482139,0.23567846293822559,0.7403638958482139
1,basic_no_format,537,wise,7480,6.0,assistant,71.0,1162,6.0,0.004567954195674377,0.003745243607596686,0.7021295346476863,0.2895572675490427,0.7021295346476863
1,basic_no_format,538, or,503,6.0,assistant,72.0,1163,6.0,0.000324510231449091,4.195862371432762e-05,0.967230538400908,0.03240299274392849,0.967230538400908
1,basic_no_format,539, intended,15663,6.0,assistant,73.0,1164,6.0,2.7727472693408796e-05,1.2062657480987258e-06,0.08235284364718798,0.9176182226143704,0.08235284364718798
1,basic_no_format,540, to,316,6.0,assistant,74.0,1165,6.0,0.0036780725325816542,0.0016583601470951356,0.22213655641720997,0.7725270109031132,0.22213655641720997
1,basic_no_format,541, cover,4321,6.0,assistant,75.0,1166,6.0,0.0004522750927538182,1.1994576249400514e-05,0.013483739510839378,0.9860519908201574,0.013483739510839378
1,basic_no_format,542, the,290,6.0,assistant,76.0,1167,6.0,0.0011447413878965128,0.007501811118939719,0.04766532377362693,0.9436881237195368,0.04766532377362693
1,basic_no_format,543, entire,6508,6.0,assistant,77.0,1168,6.0,0.0003302361003532633,0.00022721542454945683,0.24723726443628147,0.7522052840388158,0.24723726443628147
1,basic_no_format,544, curve,27636,6.0,assistant,78.0,1169,6.0,9.478446972180821e-05,0.00019660198884866498,0.017465585380520555,0.9822430281609089,0.017465585380520555
1,basic_no_format,545,.,13,6.0,assistant,79.0,1170,6.0,0.001384889305637424,0.0009619770884336081,0.8978299025465353,0.09982323105939374,0.8978299025465353
1,basic_no_format,546, If,1843,6.0,assistant,80.0,1171,6.0,0.00018643398994036865,0.0006627811445807496,0.9379551051687938,0.06119567969668506,0.9379551051687938
1,basic_no_format,547, you,481,6.0,assistant,81.0,1172,6.0,0.0002977025497948855,0.0020731218773247626,0.9966524328536821,0.0009767427191980935,0.9966524328536821
1,basic_no_format,548, choose,5655,6.0,assistant,82.0,1173,6.0,5.756597666916213e-05,3.089895284412229e-05,0.7905713000262409,0.20934023504424581,0.7905713000262409
1,basic_no_format,549, a,261,6.0,assistant,83.0,1174,6.0,0.0019684951088477787,0.0019564709472275807,0.5812303731230726,0.41484466082085214,0.5812303731230726
1,basic_no_format,550, layer,10261,6.0,assistant,84.0,1175,6.0,0.009945107493671295,0.32459487493944494,0.34006275235830974,0.3253972652085739,0.34006275235830974
1,basic_no_format,551, or,503,6.0,assistant,85.0,1176,6.0,0.003983841047625369,0.0027259178897935587,0.5872182557575802,0.4060719853050009,0.5872182557575802
1,basic_no_format,552, strength,9386,6.0,assistant,86.0,1177,6.0,0.0014225720796900167,0.002220585270695587,0.1448899792526139,0.8514668633970005,0.1448899792526139
1,basic_no_format,553, after,1934,6.0,assistant,87.0,1178,6.0,0.009390877673634855,0.0019210962012667014,0.2498184763319439,0.7388695497931547,0.2498184763319439
1,basic_no_format,554, inspecting,192152,6.0,assistant,88.0,1179,6.0,0.00018547567999786945,0.00017156368396435934,0.7413539893606973,0.2582889712753405,0.7413539893606973
1,basic_no_format,555, these,1879,6.0,assistant,89.0,1180,6.0,0.0005236482388815148,0.0005090721658253993,0.6582948860984228,0.3406723934968703,0.6582948860984228
1,basic_no_format,556, results,4376,6.0,assistant,90.0,1181,6.0,0.0009647766758818919,0.002661003825123445,0.20871698783009646,0.7876572316688982,0.20871698783009646
1,basic_no_format,557,",",11,6.0,assistant,91.0,1182,6.0,0.005160667989955974,3.313791133837611e-05,0.3276717735352741,0.6671344205634315,0.3276717735352741
1,basic_no_format,558, describe,12886,6.0,assistant,92.0,1183,6.0,0.002967120491083933,0.0011936810515173035,0.43727536974239606,0.5585638287150027,0.43727536974239606
1,basic_no_format,559, that,484,6.0,assistant,93.0,1184,6.0,0.005432681610788061,0.0011343272302996228,0.15631640331037536,0.8371165878485369,0.15631640331037536
1,basic_no_format,560, selection,8441,6.0,assistant,94.0,1185,6.0,3.654762721260306e-05,6.878530584776506e-06,0.011719195092863203,0.9882373787493394,0.011719195092863203
1,basic_no_format,561, and,326,6.0,assistant,95.0,1186,6.0,0.001357286509512763,0.00028095146814773985,0.2413749194408192,0.7569868425815203,0.2413749194408192
1,basic_no_format,562, use,1199,6.0,assistant,96.0,1187,6.0,0.0004125638228167139,0.00010165543402879083,0.7789381620433735,0.22054761869978093,0.7789381620433735
1,basic_no_format,563, new,620,6.0,assistant,97.0,1188,6.0,3.409815766253227e-05,0.00014620920266808518,0.7599189877659929,0.2399007048736766,0.7599189877659929
1,basic_no_format,564, conversations,31594,6.0,assistant,98.0,1189,6.0,0.012696727617951266,0.03621083169812524,0.8704615942243336,0.08063084645958986,0.8704615942243336
1,basic_no_format,565, for,395,6.0,assistant,99.0,1190,6.0,0.0009705556705646812,0.0006827049210869625,0.9148177783932818,0.08352896101506636,0.9148177783932818
1,basic_no_format,566, a,261,6.0,assistant,100.0,1191,6.0,0.0009181771776687277,0.0013863792314616425,0.24730607660156856,0.7503893669893011,0.24730607660156856
1,basic_no_format,567, later,4849,6.0,assistant,101.0,1192,6.0,8.16668152567082e-05,0.0006186311555064632,0.9599642251257826,0.03933547690345434,0.9599642251257826
1,basic_no_format,568, confirm,7620,6.0,assistant,102.0,1193,6.0,0.00022505957923105928,0.00023635268767169086,0.888319266245876,0.11121932148722145,0.888319266245876
1,basic_no_format,569,atory,7295,6.0,assistant,103.0,1194,6.0,0.00018616358867228349,0.0019317057401473312,0.8378164436770515,0.16006568699412885,0.8378164436770515
1,basic_no_format,570, check,2371,6.0,assistant,104.0,1195,6.0,0.0004169687571307531,0.002695586222736826,0.9816824789982329,0.015204966021899427,0.9816824789982329
1,basic_no_format,571,.,13,6.0,assistant,105.0,1196,6.0,0.0001281755790783001,2.071784360013795e-05,0.959063394957683,0.040787711619638754,0.959063394957683
1,basic_no_format,572, The,623,6.0,assistant,106.0,1197,6.0,2.0823738191876906e-05,0.0008038327168857165,0.6866779213354525,0.3124974222094701,0.6866779213354525
1,basic_no_format,573, extra,5018,6.0,assistant,107.0,1198,6.0,0.0006306394707379262,0.005566251887417099,0.2992148630673748,0.6945882455744702,0.2992148630673748
1,basic_no_format,574, measurements,29039,6.0,assistant,108.0,1199,6.0,0.006984906684694018,0.5530656908916645,0.22378007815802745,0.2161693242656142,0.22378007815802745
1,basic_no_format,575, improve,8400,6.0,assistant,109.0,1200,6.0,3.046318493101909e-05,1.1289170800206908e-05,0.2516731222313058,0.748285125412963,0.2516731222313058
1,basic_no_format,576, detail,10851,6.0,assistant,110.0,1201,6.0,0.0002444748496493028,0.003097142840386718,0.19024713101554483,0.806411251294419,0.19024713101554483
1,basic_no_format,577,",",11,6.0,assistant,111.0,1202,6.0,0.03648744430412828,0.34663281017684555,0.5863853135838623,0.030494431935163855,0.5863853135838623
1,basic_no_format,578, while,2049,6.0,assistant,112.0,1203,6.0,0.00013571439346747173,0.00020253501193866043,0.8307511084371988,0.16891064215739507,0.8307511084371988
1,basic_no_format,579, additional,6623,6.0,assistant,113.0,1204,6.0,0.011259313211655799,0.0779981403381667,0.7814579851902607,0.12928456125991677,0.7814579851902607
1,basic_no_format,580, independent,13313,6.0,assistant,114.0,1205,6.0,0.05066220160309766,0.03226777689524072,0.6945934106052782,0.2224766108963835,0.6945934106052782
1,basic_no_format,581, conversations,31594,6.0,assistant,115.0,1206,6.0,0.037754782856234244,0.10022488770416654,0.7409568301169416,0.12106349932265757,0.7409568301169416
1,basic_no_format,582, improve,8400,6.0,assistant,116.0,1207,6.0,0.002772645237308081,0.0015084249680466962,0.7453773104621978,0.2503416193324473,0.7453773104621978
1,basic_no_format,583, the,290,6.0,assistant,117.0,1208,6.0,0.008228877701101405,0.08347166014207129,0.6564850749399597,0.25181438721686766,0.6564850749399597
1,basic_no_format,584, basis,9571,6.0,assistant,118.0,1209,6.0,0.004922436629937585,0.004357922654160488,0.23646543585142074,0.7542542048644812,0.23646543585142074
1,basic_no_format,585, for,395,6.0,assistant,119.0,1210,6.0,0.014117002838719504,0.0065301866213176045,0.38560275163924584,0.5937500589007171,0.38560275163924584
1,basic_no_format,586, general,5985,6.0,assistant,120.0,1211,6.0,0.026789525527193058,0.005459106213243661,0.16643958032385803,0.8013117879357052,0.16643958032385803
1,basic_no_format,587,ization,2860,6.0,assistant,121.0,1212,6.0,0.004820175401497483,0.0021842457187459213,0.1917188584364796,0.801276720443277,0.1917188584364796
1,basic_no_format,588,.,13,6.0,assistant,122.0,1213,6.0,8.572195115306224e-05,3.825914300394625e-05,0.9504653787769872,0.04941064012885582,0.9504653787769872
2,everything_in_user_tags,0,<|startoftext|>,199998,,,,1214,,0.9995470473076826,0.0004529526919496192,5.252346036230343e-15,3.623344151687733e-13,5.252346036230343e-15
2,everything_in_user_tags,1,<|start|>,200006,,,,1215,,0.6874085590990429,0.0013926320564438262,0.303261435778836,0.007937373065677296,0.303261435778836
2,everything_in_user_tags,2,user,1428,,,,1216,,0.030737031088379975,0.00044842477223378603,0.9687012620392409,0.00011328210014532025,0.9687012620392409
2,everything_in_user_tags,3,<|message|>,200008,,,,1217,,0.006094157529782949,0.005693955027712875,0.9882106875891534,1.199853350869876e-06,0.9882106875891534
2,everything_in_user_tags,4,You,3575,0.0,system,1.0,1218,0.0,0.013262203603819649,0.9491264268726521,0.03761136760770186,1.915826478620769e-09,0.03761136760770186
2,everything_in_user_tags,5, are,553,0.0,system,2.0,1219,0.0,0.0044298826002478605,0.6658622386407799,0.3297077516294831,1.2712948906533867e-07,0.3297077516294831
2,everything_in_user_tags,6, Chat,17554,0.0,system,3.0,1220,0.0,0.05482562434085858,0.14778708175275015,0.7973629799550268,2.4313951364503204e-05,0.7973629799550268
2,everything_in_user_tags,7,GPT,162016,0.0,system,4.0,1221,0.0,0.0032017086836650375,0.44794058034752593,0.5488576460716261,6.489718290186291e-08,0.5488576460716261
2,everything_in_user_tags,8,",",11,0.0,system,5.0,1222,0.0,0.0038911664743729877,0.7758245306244284,0.22028426628477846,3.661642015825033e-08,0.22028426628477846
2,everything_in_user_tags,9, a,261,0.0,system,6.0,1223,0.0,0.0005647624811790492,0.999281607357551,0.00015363001882756554,1.4244250364670033e-10,0.00015363001882756554
2,everything_in_user_tags,10, large,4410,0.0,system,7.0,1224,0.0,0.0021039793564535526,0.9953577083715145,0.002538295597639599,1.6674392384685628e-08,0.002538295597639599
2,everything_in_user_tags,11, language,6439,0.0,system,8.0,1225,0.0,0.5649502383794112,0.36627531045843914,0.06717506547260736,0.001599385689542333,0.06717506547260736
2,everything_in_user_tags,12, model,2359,0.0,system,9.0,1226,0.0,0.001953328113302296,0.9767993972057688,0.021247209981965297,6.469896354022466e-08,0.021247209981965297
2,everything_in_user_tags,13, trained,22203,0.0,system,10.0,1227,0.0,0.029490874656182303,0.9637180675614879,0.006791029424346353,2.8357983395412453e-08,0.006791029424346353
2,everything_in_user_tags,14, by,656,0.0,system,11.0,1228,0.0,0.41002589836921305,0.5872021855711891,0.0027719047672629025,1.1292334972672736e-08,0.0027719047672629025
2,everything_in_user_tags,15, Open,7788,0.0,system,12.0,1229,0.0,0.009343012895196508,4.817460482856764e-05,0.9903239484850914,0.00028486401488351143,0.9903239484850914
2,everything_in_user_tags,16,AI,17527,0.0,system,13.0,1230,0.0,0.4585481676020239,0.22335735857807565,0.3180943384826501,1.3533725048180803e-07,0.3180943384826501
2,everything_in_user_tags,17,".
",558,0.0,system,14.0,1231,0.0,0.04515701524460714,0.9212757663714359,0.03356721718125815,1.2026986553244878e-09,0.03356721718125815
2,everything_in_user_tags,18,Knowledge,87447,0.0,system,15.0,1232,0.0,0.03575207400509593,0.9569808511319349,0.007266387369482103,6.874934870472729e-07,0.007266387369482103
2,everything_in_user_tags,19, cutoff,100594,0.0,system,16.0,1233,0.0,0.003224741483044083,0.9749054151031876,0.021869502154671597,3.4125909660703863e-07,0.021869502154671597
2,everything_in_user_tags,20,:,25,0.0,system,17.0,1234,0.0,0.027543894417725305,0.971451612024453,0.001004491388759355,2.169062563820954e-09,0.001004491388759355
2,everything_in_user_tags,21, ,220,0.0,system,18.0,1235,0.0,0.3473610039116708,0.652456609788447,0.000179044687209423,3.34161267287366e-06,0.000179044687209423
2,everything_in_user_tags,22,202,1323,0.0,system,19.0,1236,0.0,0.09061360586289298,0.9090269000345265,0.00035943643072651715,5.7671853986251955e-08,0.00035943643072651715
2,everything_in_user_tags,23,4,19,0.0,system,20.0,1237,0.0,0.00222257614063727,0.9969624952495749,0.0008148998798948577,2.8729893041828636e-08,0.0008148998798948577
2,everything_in_user_tags,24,-,12,0.0,system,21.0,1238,0.0,0.00125035196777958,0.9985090804979806,0.00024056669106433203,8.431754198593909e-10,0.00024056669106433203
2,everything_in_user_tags,25,06,3218,0.0,system,22.0,1239,0.0,0.000840795963391094,0.9991043909632649,5.480491616269052e-05,8.15718128922384e-09,5.480491616269052e-05
2,everything_in_user_tags,26,"
",198,0.0,system,23.0,1240,0.0,0.0004342631195525592,0.9860530842464083,0.013512639147766731,1.3486272397602978e-08,0.013512639147766731
2,everything_in_user_tags,27,Current,6576,0.0,system,24.0,1241,0.0,0.009428135901670843,0.9841763050915929,0.006391071149331544,4.487857404627811e-06,0.006391071149331544
2,everything_in_user_tags,28, date,3521,0.0,system,25.0,1242,0.0,0.012773920198759375,0.8757339160218842,0.11147977527423318,1.238850512324558e-05,0.11147977527423318
2,everything_in_user_tags,29,:,25,0.0,system,26.0,1243,0.0,0.0003057981116225394,0.9945439043421945,0.005149753096001905,5.444501811068388e-07,0.005149753096001905
2,everything_in_user_tags,30, ,220,0.0,system,27.0,1244,0.0,0.1530924453553022,0.8427794199421587,0.004097188049159024,3.094665338014942e-05,0.004097188049159024
2,everything_in_user_tags,31,202,1323,0.0,system,28.0,1245,0.0,0.3210035145317659,0.6766399911357387,0.0023553273039174476,1.1670285779490392e-06,0.0023553273039174476
2,everything_in_user_tags,32,5,20,0.0,system,29.0,1246,0.0,0.0025013398133173007,0.994735593090244,0.002763063546727565,3.549711341381432e-09,0.002763063546727565
2,everything_in_user_tags,33,-,12,0.0,system,30.0,1247,0.0,0.007217619267817751,0.991825621848697,0.0009566881057145583,7.077777053214312e-08,0.0009566881057145583
2,everything_in_user_tags,34,10,702,0.0,system,31.0,1248,0.0,0.0006603864085351369,0.9983354815240099,0.0010040671194055336,6.494804948348909e-08,0.0010040671194055336
2,everything_in_user_tags,35,-,12,0.0,system,32.0,1249,0.0,0.017971519587592875,0.9819142634126745,0.0001141937709783005,2.3228754176955112e-08,0.0001141937709783005
2,everything_in_user_tags,36,01,2290,0.0,system,33.0,1250,0.0,0.0013173849855139773,0.9981811912231049,0.0005014207172918753,3.074089149981868e-09,0.0005014207172918753
2,everything_in_user_tags,37,"

",279,0.0,system,34.0,1251,0.0,5.164373151715732e-05,0.1904938486612821,0.8094544456008701,6.200633056890096e-08,0.8094544456008701
2,everything_in_user_tags,38,Reason,30377,0.0,system,35.0,1252,0.0,0.0336821118367909,0.9251114245915184,0.0412058842804473,5.792912433766901e-07,0.0412058842804473
2,everything_in_user_tags,39,ing,289,0.0,system,36.0,1253,0.0,0.011605952810379207,0.9867643282772058,0.0016296523826774384,6.652973754739053e-08,0.0016296523826774384
2,everything_in_user_tags,40,:,25,0.0,system,37.0,1254,0.0,0.004142526127206657,0.9663515423886829,0.02950585333357493,7.815053546678342e-08,0.02950585333357493
2,everything_in_user_tags,41, medium,14093,0.0,system,38.0,1255,0.0,0.018965416270887228,0.9209577464614744,0.060076641385008914,1.9588262952819038e-07,0.060076641385008914
2,everything_in_user_tags,42,"

",279,0.0,system,39.0,1256,0.0,0.006989919163932373,0.8654236947175769,0.12758622731683175,1.5880165910105834e-07,0.12758622731683175
2,everything_in_user_tags,43,#,2,0.0,system,40.0,1257,0.0,0.008507098591343815,0.21376786525049796,0.7777209908785456,4.045279612640843e-06,0.7777209908785456
2,everything_in_user_tags,44, Valid,13888,0.0,system,41.0,1258,0.0,0.02959240845115962,0.5820130433603278,0.3883902338558609,4.314332651743899e-06,0.3883902338558609
2,everything_in_user_tags,45, channels,18403,0.0,system,42.0,1259,0.0,0.005691808805217205,0.40253308081519695,0.5916659915557441,0.0001091188238417678,0.5916659915557441
2,everything_in_user_tags,46,:,25,0.0,system,43.0,1260,0.0,0.0032246808577115265,0.4325824893176148,0.564187397105942,5.432718731645879e-06,0.564187397105942
2,everything_in_user_tags,47, analysis,8450,0.0,system,44.0,1261,0.0,0.0002668165786062848,0.0023148156163449595,0.9974103643655854,8.003439463273112e-06,0.9974103643655854
2,everything_in_user_tags,48,",",11,0.0,system,45.0,1262,0.0,0.0003669249383800952,0.0015327475742641626,0.9980816436325676,1.8683854788258405e-05,0.9980816436325676
2,everything_in_user_tags,49, commentary,49159,0.0,system,46.0,1263,0.0,0.02039697214690265,0.005533091641780129,0.9740647274812102,5.208730107075485e-06,0.9740647274812102
2,everything_in_user_tags,50,",",11,0.0,system,47.0,1264,0.0,0.0096764082409471,0.9617220148121437,0.028601576559092012,3.87817225539231e-10,0.028601576559092012
2,everything_in_user_tags,51, final,1721,0.0,system,48.0,1265,0.0,0.0012372687407113182,4.2631849783289084e-05,0.9986662546474068,5.384476209866638e-05,0.9986662546474068
2,everything_in_user_tags,52,.,13,0.0,system,49.0,1266,0.0,0.0009317788667442178,0.0007325706417543802,0.9982522925470496,8.335794445166387e-05,0.9982522925470496
2,everything_in_user_tags,53, Channel,21030,0.0,system,50.0,1267,0.0,0.027572091712301593,0.6991666765793785,0.2729379258857966,0.00032330582252342906,0.2729379258857966
2,everything_in_user_tags,54, must,2804,0.0,system,51.0,1268,0.0,0.046112840316963694,0.8017596004932827,0.15211237554281215,1.518364694151126e-05,0.15211237554281215
2,everything_in_user_tags,55, be,413,0.0,system,52.0,1269,0.0,0.00044621193692085575,0.9305885864874245,0.06896520077049034,8.051643243121361e-10,0.06896520077049034
2,everything_in_user_tags,56, included,7360,0.0,system,53.0,1270,0.0,0.005783295942354413,0.1267508821099642,0.8661922806252126,0.0012735413224687973,0.8661922806252126
2,everything_in_user_tags,57, for,395,0.0,system,54.0,1271,0.0,0.00019374833816434122,0.0009532035457300017,0.9987246923801208,0.0001283557359847226,0.9987246923801208
2,everything_in_user_tags,58, every,1753,0.0,system,55.0,1272,0.0,0.0009117764014680543,0.6324434346173634,0.36664125793781915,3.5310433496144984e-06,0.36664125793781915
2,everything_in_user_tags,59, message,3176,0.0,system,56.0,1273,0.0,0.00124279632391181,0.0014300477238870604,0.9972211317478312,0.00010602420436990617,0.9972211317478312
2,everything_in_user_tags,60,".
",558,0.0,system,57.0,1274,0.0,2.8789965579111535e-05,0.0009970146442751134,0.9989388779568276,3.53174333183429e-05,0.9989388779568276
2,everything_in_user_tags,61,Hello,13225,1.0,user,1.0,1275,1.0,0.0011614657801709343,0.959409090642607,0.03942888528679154,5.582904302393932e-07,0.03942888528679154
2,everything_in_user_tags,62,!,0,1.0,user,2.0,1276,1.0,0.007480594562532557,0.9722626736552243,0.020254974127333687,1.7576549092952e-06,0.020254974127333687
2,everything_in_user_tags,63, I'm,5477,1.0,user,3.0,1277,1.0,0.003052076374484284,0.5522568195034843,0.44466710010358673,2.4004018444776e-05,0.44466710010358673
2,everything_in_user_tags,64, preparing,27673,1.0,user,4.0,1278,1.0,0.005807975214626058,0.9925129890748775,0.001678857362916021,1.783475804894488e-07,0.001678857362916021
2,everything_in_user_tags,65, a,261,1.0,user,5.0,1279,1.0,0.0003297426988330131,0.387486963746315,0.6121824564216916,8.371331602828279e-07,0.6121824564216916
2,everything_in_user_tags,66, M,391,1.0,user,6.0,1280,1.0,0.00046260537253606763,0.9994352009746856,0.00010219314110396253,5.116742859385819e-10,0.00010219314110396253
2,everything_in_user_tags,67,ATS,42222,1.0,user,7.0,1281,1.0,0.0006176822587980898,0.9993495435422475,3.274506838539533e-05,2.91305690234967e-08,3.274506838539533e-05
2,everything_in_user_tags,68, figure,11310,1.0,user,8.0,1282,1.0,0.0004945753323442755,0.9993023848216507,0.00020247990052024467,5.599454847591749e-07,0.00020247990052024467
2,everything_in_user_tags,69, to,316,1.0,user,9.0,1283,1.0,0.0011252756571728886,0.9988538749260791,2.0835820518020847e-05,1.3596229872142713e-08,2.0835820518020847e-05
2,everything_in_user_tags,70, discuss,5381,1.0,user,10.0,1284,1.0,0.0022897990913882723,0.9974094090703041,0.00029911644785129813,1.675390456277841e-06,0.00029911644785129813
2,everything_in_user_tags,71, with,483,1.0,user,11.0,1285,1.0,0.0002839179213154926,0.9995750952779554,0.0001409734328933823,1.3367835774790827e-08,0.0001409734328933823
2,everything_in_user_tags,72, Ne,4475,1.0,user,12.0,1286,1.0,0.00020965384553463855,0.9997777230432915,1.2620494426285537e-05,2.616747630343165e-09,1.2620494426285537e-05
2,everything_in_user_tags,73,el,296,1.0,user,13.0,1287,1.0,0.0002703302630456488,0.9997230376609667,6.630935107209121e-06,1.1408802953389115e-09,6.630935107209121e-06
2,everything_in_user_tags,74,.,13,1.0,user,14.0,1288,1.0,0.0006844510650523557,0.9993062693506582,9.279371418664645e-06,2.128707288953074e-10,9.279371418664645e-06
2,everything_in_user_tags,75, Each,11555,1.0,user,15.0,1289,1.0,8.261220840491969e-05,0.9998665033184657,5.088410833110915e-05,3.647982199863741e-10,5.088410833110915e-05
2,everything_in_user_tags,76, conversation,15681,1.0,user,16.0,1290,1.0,0.000702178472523402,0.9980272786584758,0.0012639101667849479,6.632702215689437e-06,0.0012639101667849479
2,everything_in_user_tags,77, contains,8895,1.0,user,17.0,1291,1.0,0.0004837871015022023,0.9993261255221415,0.00018862830181143921,1.4590745448992736e-06,0.00018862830181143921
2,everything_in_user_tags,78, a,261,1.0,user,18.0,1292,1.0,0.005462647096855096,0.9945364698810891,8.559056595478341e-07,2.711639612962789e-08,8.559056595478341e-07
2,everything_in_user_tags,79, different,2647,1.0,user,19.0,1293,1.0,0.003181139164082791,0.9966798909650125,0.00013895586262577408,1.4008278740530947e-08,0.00013895586262577408
2,everything_in_user_tags,80, number,2086,1.0,user,20.0,1294,1.0,0.01625729656945102,0.982671346187134,0.0010707371419717102,6.201014433369427e-07,0.0010707371419717102
2,everything_in_user_tags,81, of,328,1.0,user,21.0,1295,1.0,0.01110464395486954,0.9883711527449329,0.0005156236884319627,8.579611765686685e-06,0.0005156236884319627
2,everything_in_user_tags,82, tokens,20290,1.0,user,22.0,1296,1.0,0.006175508680543076,0.9558460841827463,0.03796261521929881,1.579191741180559e-05,0.03796261521929881
2,everything_in_user_tags,83,",",11,1.0,user,23.0,1297,1.0,0.0001858733550466019,0.9997967514010712,1.7256288208402865e-05,1.1895567377781318e-07,1.7256288208402865e-05
2,everything_in_user_tags,84, and,326,1.0,user,24.0,1298,1.0,0.003977650188330442,0.9958198395483265,0.00020246990285966378,4.036048333224198e-08,0.00020246990285966378
2,everything_in_user_tags,85, I,357,1.0,user,25.0,1299,1.0,0.00018198723108872527,0.9548477471346131,0.04497018724971376,7.838458456920656e-08,0.04497018724971376
2,everything_in_user_tags,86, have,679,1.0,user,26.0,1300,1.0,0.022441546465736862,0.975600045506394,0.0019583612134157075,4.681445344158723e-08,0.0019583612134157075
2,everything_in_user_tags,87, role,5430,1.0,user,27.0,1301,1.0,0.02340250120184625,0.33300308319451316,0.6428437458885995,0.0007506697150411319,0.6428437458885995
2,everything_in_user_tags,88, probabilities,100033,1.0,user,28.0,1302,1.0,0.15335848939396693,0.5398610967200209,0.3051762987090493,0.00160411517696289,0.3051762987090493
2,everything_in_user_tags,89, at,540,1.0,user,29.0,1303,1.0,0.027849744125543422,0.9690596835780063,0.0030811960854051296,9.376211045147268e-06,0.0030811960854051296
2,everything_in_user_tags,90, every,1753,1.0,user,30.0,1304,1.0,0.014633000357922945,0.9750417613169414,0.010291731436070307,3.350688906524117e-05,0.010291731436070307
2,everything_in_user_tags,91, position,4010,1.0,user,31.0,1305,1.0,0.008029509728497329,0.9831033859611241,0.008833266974526358,3.383733585221456e-05,0.008833266974526358
2,everything_in_user_tags,92,.,13,1.0,user,32.0,1306,1.0,0.0025261670819309127,0.9966258427629857,0.0008473502079386895,6.399471445548035e-07,0.0008473502079386895
2,everything_in_user_tags,93, How,3253,1.0,user,33.0,1307,1.0,0.04556191688504109,0.9410084285468627,0.01342946740554351,1.8716255249272688e-07,0.01342946740554351
2,everything_in_user_tags,94, should,1757,1.0,user,34.0,1308,1.0,0.00044452557623455847,0.9964295036631574,0.0031259662788177284,4.4817902601523005e-09,0.0031259662788177284
2,everything_in_user_tags,95, I,357,1.0,user,35.0,1309,1.0,0.01681265121908436,0.9831256991144321,6.11148221507993e-05,5.34844332822358e-07,6.11148221507993e-05
2,everything_in_user_tags,96, aggregate,37989,1.0,user,36.0,1310,1.0,0.003179214306870328,0.9961766897348886,0.0006295185141934866,1.4577444047704105e-05,0.0006295185141934866
2,everything_in_user_tags,97, them,1373,1.0,user,37.0,1311,1.0,0.0019434684365476698,0.9969136320266238,0.0011230712678934678,1.9828268935228322e-05,0.0011230712678934678
2,everything_in_user_tags,98, without,2935,1.0,user,38.0,1312,1.0,0.000148531122718527,0.9998133443339052,3.8100090467411616e-05,2.4452908857202962e-08,3.8100090467411616e-05
2,everything_in_user_tags,99, letting,31328,1.0,user,39.0,1313,1.0,0.0053210908439851375,0.9940128841619936,0.0006384895474533686,2.7535446567890278e-05,0.0006384895474533686
2,everything_in_user_tags,100, a,261,1.0,user,40.0,1314,1.0,0.012385572788730386,0.987105046935539,0.0003864634902705055,0.00012291678545988532,0.0003864634902705055
2,everything_in_user_tags,101, few,3120,1.0,user,41.0,1315,1.0,0.08490282532477694,0.4746885532819471,0.4025003993481266,0.03790822204514945,0.4025003993481266
2,everything_in_user_tags,102, long,1701,1.0,user,42.0,1316,1.0,0.008034242312265051,0.9895949851849426,0.002166997861014408,0.00020377464177805403,0.002166997861014408
2,everything_in_user_tags,103, conversations,31594,1.0,user,43.0,1317,1.0,0.009219404882475756,0.9885965165641585,0.0010709131373551005,0.0011131654160107195,0.0010709131373551005
2,everything_in_user_tags,104, dominate,77297,1.0,user,44.0,1318,1.0,0.014172073056180588,0.9641142411370431,0.018062121563862218,0.003651564242914047,0.018062121563862218
2,everything_in_user_tags,105, the,290,1.0,user,45.0,1319,1.0,0.013679073255619633,0.9610739061726867,0.015061771473172518,0.010185249098521067,0.015061771473172518
2,everything_in_user_tags,106, result,1534,1.0,user,46.0,1320,1.0,0.004319989607342235,0.9906114640451353,0.004147936159612914,0.0009206101879094462,0.004147936159612914
2,everything_in_user_tags,107,"?
",3901,1.0,user,47.0,1321,1.0,0.00961473078898872,0.8284717672086286,0.16187449828253653,3.900371984630426e-05,0.16187449828253653
2,everything_in_user_tags,108,The,976,2.0,cot,1.0,1322,2.0,3.4249948276264387e-06,0.00023647159261374118,0.9997555764627287,4.5269498299411095e-06,0.9997555764627287
2,everything_in_user_tags,109, user,1825,2.0,cot,2.0,1323,2.0,8.760885972812709e-07,0.00010088407285353647,0.9998905273900672,7.712448481906616e-06,0.9998905273900672
2,everything_in_user_tags,110, needs,4414,2.0,cot,3.0,1324,2.0,8.188797637027764e-08,2.493819646395844e-05,0.9999701336530913,4.8462624684828e-06,0.9999701336530913
2,everything_in_user_tags,111, an,448,2.0,cot,4.0,1325,2.0,5.67395377581304e-07,0.0002599459049163261,0.9996899399993123,4.954670039360097e-05,0.9996899399993123
2,everything_in_user_tags,112, aggregation,93321,2.0,cot,5.0,1326,2.0,0.001554435545742202,0.7876460004408191,0.20679726982904678,0.004002294184391801,0.20679726982904678
2,everything_in_user_tags,113, rule,10652,2.0,cot,6.0,1327,2.0,0.00015650704549247238,0.01308907145654081,0.9573198778002359,0.029434543697730638,0.9573198778002359
2,everything_in_user_tags,114, that,484,2.0,cot,7.0,1328,2.0,5.658865241417082e-09,2.2774349221563693e-06,0.9999950724467274,2.6444594852408036e-06,0.9999950724467274
2,everything_in_user_tags,115, matches,15248,2.0,cot,8.0,1329,2.0,8.78662333818427e-06,8.940356584988156e-05,0.9997497764800849,0.00015203333072688965,0.9997497764800849
2,everything_in_user_tags,116, a,261,2.0,cot,9.0,1330,2.0,0.0010543043281125981,0.0028603016652915263,0.8087761890944815,0.18730920491211436,0.8087761890944815
2,everything_in_user_tags,117, conversation,15681,2.0,cot,10.0,1331,2.0,0.018567459872307606,0.8391902395155979,0.08134197609708846,0.06090032451500608,0.08134197609708846
2,everything_in_user_tags,118,-level,19231,2.0,cot,11.0,1332,2.0,0.004477281903423825,0.07054701081931447,0.7450603963770833,0.17991531090017837,0.7450603963770833
2,everything_in_user_tags,119, question,4928,2.0,cot,12.0,1333,2.0,0.0001876487773139057,0.004016169079981327,0.9907358936718761,0.005060288470828604,0.9907358936718761
2,everything_in_user_tags,120,.,13,2.0,cot,13.0,1334,2.0,2.6187688960022206e-06,0.00011453890544810143,0.9996177435883952,0.0002650987372607904,0.9996177435883952
2,everything_in_user_tags,121, Pool,27585,2.0,cot,14.0,1335,2.0,0.0007319714649145171,0.002738293220889557,0.372220576440471,0.624309158873725,0.372220576440471
2,everything_in_user_tags,122,ing,289,2.0,cot,15.0,1336,2.0,0.002118027781352685,0.02861150136813028,0.49701550052002413,0.472254970330493,0.49701550052002413
2,everything_in_user_tags,123, all,722,2.0,cot,16.0,1337,2.0,0.003877137427033622,0.06912968024516077,0.9050396784633021,0.02195350386450343,0.9050396784633021
2,everything_in_user_tags,124, tokens,20290,2.0,cot,17.0,1338,2.0,0.010098037382377209,0.4463870841826448,0.5130563184609117,0.030458559974066365,0.5130563184609117
2,everything_in_user_tags,125, gives,8967,2.0,cot,18.0,1339,2.0,0.00036726467516516256,0.004384554860930991,0.966950614380869,0.028297566083034634,0.966950614380869
2,everything_in_user_tags,126, longer,7411,2.0,cot,19.0,1340,2.0,0.012206834438488263,0.02245683889224353,0.5632268094211788,0.40210951724808935,0.5632268094211788
2,everything_in_user_tags,127, conversations,31594,2.0,cot,20.0,1341,2.0,0.004885926664902323,0.041596786998699696,0.31537178150238754,0.6381455048340104,0.31537178150238754
2,everything_in_user_tags,128, more,945,2.0,cot,21.0,1342,2.0,0.00697607540281685,0.003135034591115142,0.8491636636068228,0.1407252263992452,0.8491636636068228
2,everything_in_user_tags,129, influence,16044,2.0,cot,22.0,1343,2.0,0.0006086838037235778,0.001383341822765451,0.19708035562537093,0.80092761874814,0.19708035562537093
2,everything_in_user_tags,130,",",11,2.0,cot,23.0,1344,2.0,0.2035444888829269,0.44729655543281016,0.2953495443212588,0.053809411363004135,0.2953495443212588
2,everything_in_user_tags,131, which,1118,2.0,cot,24.0,1345,2.0,2.6288604492690817e-05,0.00280082600250623,0.9969023385794002,0.00027054681360081935,0.9969023385794002
2,everything_in_user_tags,132, may,1340,2.0,cot,25.0,1346,2.0,0.0003183360526719028,0.0012935590722360228,0.6313143382590068,0.3670737666160851,0.6313143382590068
2,everything_in_user_tags,133, be,413,2.0,cot,26.0,1347,2.0,0.006061921110594158,0.6012561957210787,0.3923864111596491,0.0002954720086781562,0.3923864111596491
2,everything_in_user_tags,134, appropriate,11081,2.0,cot,27.0,1348,2.0,0.0006944246840753002,0.008403468157772678,0.9902493530380901,0.0006527541200617976,0.9902493530380901
2,everything_in_user_tags,135, for,395,2.0,cot,28.0,1349,2.0,0.00030239444731843684,0.001666285249564602,0.9455044136570484,0.05252690664606863,0.9455044136570484
2,everything_in_user_tags,136, a,261,2.0,cot,29.0,1350,2.0,0.010991295598679634,0.8504935418791557,0.13251581346029206,0.005999349061872421,0.13251581346029206
2,everything_in_user_tags,137, token,6602,2.0,cot,30.0,1351,2.0,0.03557773329513023,0.7892592111104303,0.15074999433306135,0.024413061261378117,0.15074999433306135
2,everything_in_user_tags,138,-weight,24650,2.0,cot,31.0,1352,2.0,0.02705677336253883,0.307125992039825,0.6181406899687916,0.04767654462884464,0.6181406899687916
2,everything_in_user_tags,139,ed,295,2.0,cot,32.0,1353,2.0,0.0018859961719462246,0.03275462529648436,0.9570907071164706,0.008268671415098806,0.9570907071164706
2,everything_in_user_tags,140, estim,11039,2.0,cot,33.0,1354,2.0,0.007659460842283499,0.21880524818233127,0.5703677040121052,0.20316758696328002,0.5703677040121052
2,everything_in_user_tags,141,and,427,2.0,cot,34.0,1355,2.0,0.004948809563893428,0.0017518454554815348,0.24501706159142336,0.7482822833892017,0.24501706159142336
2,everything_in_user_tags,142, but,889,2.0,cot,35.0,1356,2.0,0.017037175724279895,0.22971994144469204,0.7501450083844026,0.0030978744466255916,0.7501450083844026
2,everything_in_user_tags,143, not,625,2.0,cot,36.0,1357,2.0,0.0002574407585166125,0.004886572490736467,0.9933338059539483,0.0015221807967986491,0.9933338059539483
2,everything_in_user_tags,144, for,395,2.0,cot,37.0,1358,2.0,0.005143854270291977,0.008083043122466577,0.9763086252616537,0.010464477345587605,0.9763086252616537
2,everything_in_user_tags,145, an,448,2.0,cot,38.0,1359,2.0,0.0006223699477423564,0.12229943948281513,0.8769894534108476,8.873715859498189e-05,0.8769894534108476
2,everything_in_user_tags,146, average,7848,2.0,cot,39.0,1360,2.0,0.03394186993722352,0.032264471034027055,0.10986672635345478,0.8239269326752946,0.10986672635345478
2,everything_in_user_tags,147, conversation,15681,2.0,cot,40.0,1361,2.0,0.10806635812546307,0.15335412271212087,0.06218823012171822,0.6763912890406978,0.06218823012171822
2,everything_in_user_tags,148,.,13,2.0,cot,41.0,1362,2.0,0.035016897235615796,0.006245254121202965,0.5037945316640723,0.45494331697910895,0.5037945316640723
2,everything_in_user_tags,149, I,357,2.0,cot,42.0,1363,2.0,3.681413368669658e-06,6.661850889759029e-05,0.999872903363102,5.6796714631729704e-05,0.999872903363102
2,everything_in_user_tags,150, should,1757,2.0,cot,43.0,1364,2.0,4.9601489571852115e-08,1.587889977382307e-06,0.9999131177271174,8.524478141551316e-05,0.9999131177271174
2,everything_in_user_tags,151, recommend,7013,2.0,cot,44.0,1365,2.0,5.042011710576392e-08,4.3048740207109845e-06,0.9999943056158872,1.3390899749337438e-06,0.9999943056158872
2,everything_in_user_tags,152, computing,34349,2.0,cot,45.0,1366,2.0,2.631496714423511e-05,2.4186505122660247e-05,0.8551159629108454,0.14483353561688786,0.8551159629108454
2,everything_in_user_tags,153, a,261,2.0,cot,46.0,1367,2.0,0.01974481780271837,0.018412535476839815,0.07972797636761225,0.8821146703528295,0.07972797636761225
2,everything_in_user_tags,154, specified,10185,2.0,cot,47.0,1368,2.0,7.06211952752421e-07,1.7383188706240085e-06,0.9387659254053742,0.061231630063802556,0.9387659254053742
2,everything_in_user_tags,155, passage,26368,2.0,cot,48.0,1369,2.0,0.004996715707809743,0.013158137158061125,0.5942463066750882,0.387598840459041,0.5942463066750882
2,everything_in_user_tags,156, statistic,80778,2.0,cot,49.0,1370,2.0,9.786875798505103e-06,6.185948766115038e-06,0.011671811587070096,0.9883122155883654,0.011671811587070096
2,everything_in_user_tags,157, within,3518,2.0,cot,50.0,1371,2.0,0.0006893745622027189,0.0028130784847904097,0.44476489766590865,0.5517326492870982,0.44476489766590865
2,everything_in_user_tags,158, each,2454,2.0,cot,51.0,1372,2.0,0.004743792206753007,0.0055191990554184335,0.48457771689793055,0.5051592918398979,0.48457771689793055
2,everything_in_user_tags,159, conversation,15681,2.0,cot,52.0,1373,2.0,0.024341298183841932,0.05754747779486882,0.19204105132757107,0.7260701726937182,0.19204105132757107
2,everything_in_user_tags,160, and,326,2.0,cot,53.0,1374,2.0,0.002309123555935432,0.02962722301076081,0.278141599083767,0.6899220543495368,0.278141599083767
2,everything_in_user_tags,161, then,1815,2.0,cot,54.0,1375,2.0,0.002366894211795167,0.00011437308204701768,0.1618945374029209,0.835624195303237,0.1618945374029209
2,everything_in_user_tags,162, averaging,89652,2.0,cot,55.0,1376,2.0,0.0003487523275622451,2.1116550347822828e-05,0.1056102916404326,0.8940198394816573,0.1056102916404326
2,everything_in_user_tags,163, across,5251,2.0,cot,56.0,1377,2.0,0.0011194787799024984,0.0005617578296546658,0.6974768568024919,0.30084190658795085,0.6974768568024919
2,everything_in_user_tags,164, independent,13313,2.0,cot,57.0,1378,2.0,0.0010795804409440243,0.0014012118743380291,0.8572598931998217,0.1402593144848962,0.8572598931998217
2,everything_in_user_tags,165, conversations,31594,2.0,cot,58.0,1379,2.0,0.019961117925661832,0.01587048367655561,0.19463179940730305,0.7695365989904795,0.19463179940730305
2,everything_in_user_tags,166,.,13,2.0,cot,59.0,1380,2.0,0.003362466857886048,0.0017123331237377506,0.9822751401724757,0.012650059845900391,0.9822751401724757
2,everything_in_user_tags,167, The,623,2.0,cot,60.0,1381,2.0,5.32234029573262e-07,2.507211369123335e-05,0.9999729738875734,1.4217647056253706e-06,0.9999729738875734
2,everything_in_user_tags,168, relevant,12331,2.0,cot,61.0,1382,2.0,2.389351722684272e-06,5.598609385357909e-06,0.9991041821446215,0.0008878298942703079,0.9991041821446215
2,everything_in_user_tags,169, spans,78545,2.0,cot,62.0,1383,2.0,0.000616421136569016,0.0016742385879500402,0.6892579119290173,0.3084514283464636,0.6892579119290173
2,everything_in_user_tags,170, must,2804,2.0,cot,63.0,1384,2.0,6.668351706287188e-06,1.5770744028933136e-05,0.9977596528011887,0.002217908103076117,0.9977596528011887
2,everything_in_user_tags,171, be,413,2.0,cot,64.0,1385,2.0,0.014430464202546534,0.02381214215223704,0.37443342527882867,0.5873239683663878,0.37443342527882867
2,everything_in_user_tags,172, defined,9113,2.0,cot,65.0,1386,2.0,0.0003288393783763231,0.001194088506035684,0.9819393432689633,0.016537728846624793,0.9819393432689633
2,everything_in_user_tags,173, consistently,31454,2.0,cot,66.0,1387,2.0,0.00020433182582272236,0.0036981956647271236,0.9516168990065302,0.04448057350291993,0.9516168990065302
2,everything_in_user_tags,174,.,13,2.0,cot,67.0,1388,2.0,0.00019128391956328873,0.0004973104419757291,0.9821020009514225,0.01720940468703855,0.9821020009514225
2,everything_in_user_tags,175, Re,907,2.0,cot,68.0,1389,2.0,1.6432993583256138e-05,2.0800077569143346e-05,0.9996570710809759,0.0003056958478717218,0.9996570710809759
2,everything_in_user_tags,176,peated,73561,2.0,cot,69.0,1390,2.0,0.001485788807832787,0.010075046314269963,0.9618305287009857,0.026608636176911532,0.9618305287009857
2,everything_in_user_tags,177, conditions,6409,2.0,cot,70.0,1391,2.0,0.00020416207345686163,0.0011705428951324936,0.979583801631392,0.019041493400018657,0.979583801631392
2,everything_in_user_tags,178, from,591,2.0,cot,71.0,1392,2.0,0.00026377808636435056,0.005708249889434701,0.990619996885756,0.0034079751384450507,0.990619996885756
2,everything_in_user_tags,179, one,1001,2.0,cot,72.0,1393,2.0,0.017683613797228655,0.14269768138257324,0.3372279081835117,0.5023907966366863,0.3372279081835117
2,everything_in_user_tags,180, conversation,15681,2.0,cot,73.0,1394,2.0,0.01831522954818346,0.06320889064113917,0.6370421206594342,0.2814337591512432,0.6370421206594342
2,everything_in_user_tags,181, should,1757,2.0,cot,74.0,1395,2.0,0.012494357651608211,0.24948257160169948,0.7204006781131516,0.017622392633540828,0.7204006781131516
2,everything_in_user_tags,182, remain,12760,2.0,cot,75.0,1396,2.0,0.0001174575672796868,0.0004972781558094868,0.928584786275983,0.070800478000928,0.928584786275983
2,everything_in_user_tags,183, paired,51892,2.0,cot,76.0,1397,2.0,0.0011587654746740787,0.010602175137100446,0.9751281904853422,0.013110868902883373,0.9751281904853422
2,everything_in_user_tags,184, in,306,2.0,cot,77.0,1398,2.0,0.0019693822900884294,0.04224471587063111,0.9507912908404852,0.004994610998795254,0.9507912908404852
2,everything_in_user_tags,185, the,290,2.0,cot,78.0,1399,2.0,0.007874067587608648,0.45702372191858665,0.5189859356056677,0.016116274888136772,0.5189859356056677
2,everything_in_user_tags,186, comparison,19211,2.0,cot,79.0,1400,2.0,0.003995942077864508,0.011378476209836938,0.9228797780209016,0.061745803691396955,0.9228797780209016
2,everything_in_user_tags,187,.,13,2.0,cot,80.0,1401,2.0,0.0023423588924677942,0.003958306861231323,0.9902255886623681,0.003473745583932908,0.9902255886623681
2,everything_in_user_tags,188, I,357,2.0,cot,81.0,1402,2.0,1.1117477891101914e-05,0.0003468700333481357,0.999630436517011,1.1575971749838745e-05,0.999630436517011
2,everything_in_user_tags,189, also,1217,2.0,cot,82.0,1403,2.0,2.0902879691147574e-05,7.030636002961752e-05,0.9998638685637717,4.492219650737183e-05,0.9998638685637717
2,everything_in_user_tags,190, need,1309,2.0,cot,83.0,1404,2.0,5.980151120594675e-08,1.4566376360084105e-06,0.9999918875721625,6.595988690395913e-06,0.9999918875721625
2,everything_in_user_tags,191, to,316,2.0,cot,84.0,1405,2.0,8.200995213099356e-05,0.000742233992100102,0.9991510980295747,2.465802619416478e-05,0.9991510980295747
2,everything_in_user_tags,192, explain,16644,2.0,cot,85.0,1406,2.0,2.56413134415334e-07,1.5708617680508717e-05,0.9999804539097686,3.581059416635209e-06,0.9999804539097686
2,everything_in_user_tags,193, that,484,2.0,cot,86.0,1407,2.0,1.522179922763466e-07,1.731712118132619e-06,0.9988153904958633,0.0011827255740263034,0.9988153904958633
2,everything_in_user_tags,194, a,261,2.0,cot,87.0,1408,2.0,0.007557047986702777,0.10436185740907827,0.8866240336292098,0.0014570609750090594,0.8866240336292098
2,everything_in_user_tags,195, token,6602,2.0,cot,88.0,1409,2.0,0.012533667760283713,0.08977791141598884,0.762805329726371,0.13488309109735638,0.762805329726371
2,everything_in_user_tags,196,-level,19231,2.0,cot,89.0,1410,2.0,0.004745076634362797,0.008740691558120201,0.869488200997911,0.11702603080960605,0.869488200997911
2,everything_in_user_tags,197, graph,7465,2.0,cot,90.0,1411,2.0,0.00039110906898673744,0.0027516823301311968,0.6423167736382448,0.35454043496263726,0.6423167736382448
2,everything_in_user_tags,198, and,326,2.0,cot,91.0,1412,2.0,0.00021488016564151385,0.0007114924192813474,0.9895247488267269,0.00954887858835011,0.9895247488267269
2,everything_in_user_tags,199, a,261,2.0,cot,92.0,1413,2.0,0.0006555754902260472,0.0005444065173622131,0.9846321939628854,0.014167824029526295,0.9846321939628854
2,everything_in_user_tags,200, conversation,15681,2.0,cot,93.0,1414,2.0,0.002815781716999005,0.010136051937415694,0.11818895608714208,0.8688592102584433,0.11818895608714208
2,everything_in_user_tags,201,-level,19231,2.0,cot,94.0,1415,2.0,0.0006964577625565725,0.0004051923147518462,0.90448057173038,0.09441777819231148,0.90448057173038
2,everything_in_user_tags,202, summary,18522,2.0,cot,95.0,1416,2.0,0.00018152314113817415,0.0002584904324212599,0.0481883192259389,0.9513716672005017,0.0481883192259389
2,everything_in_user_tags,203, answer,6052,2.0,cot,96.0,1417,2.0,0.0005384594469204663,0.0002588428601551312,0.9715147556005135,0.027687942092410957,0.9715147556005135
2,everything_in_user_tags,204, different,2647,2.0,cot,97.0,1418,2.0,0.0015592384883346304,0.002729239838368876,0.8828750358401078,0.11283648583318864,0.8828750358401078
2,everything_in_user_tags,205, questions,5359,2.0,cot,98.0,1419,2.0,0.0017940858000432315,0.000493462062293351,0.4897343575513941,0.5079780945862693,0.4897343575513941
2,everything_in_user_tags,206, and,326,2.0,cot,99.0,1420,2.0,0.0003905541870378265,0.0011140432277930757,0.7972101680244525,0.2012852345607166,0.7972101680244525
2,everything_in_user_tags,207, can,665,2.0,cot,100.0,1421,2.0,0.007144730516495132,0.006050598030684594,0.7139443048445616,0.27286036660825863,0.7139443048445616
2,everything_in_user_tags,208, both,2973,2.0,cot,101.0,1422,2.0,0.011154881797355222,0.08454710528698689,0.8699346226885148,0.03436339022714314,0.8699346226885148
2,everything_in_user_tags,209, be,413,2.0,cot,102.0,1423,2.0,0.0008895127505153295,0.0031592948393460323,0.3668640054077453,0.6290871870023934,0.3668640054077453
2,everything_in_user_tags,210, useful,8316,2.0,cot,103.0,1424,2.0,0.0012195459029711287,0.019248893247807087,0.8958322105580988,0.08369935029112283,0.8958322105580988
2,everything_in_user_tags,211, when,1261,2.0,cot,104.0,1425,2.0,0.0009220512231543361,0.013406539027882665,0.7494305117052366,0.23624089804372642,0.7494305117052366
2,everything_in_user_tags,212, labeled,55089,2.0,cot,105.0,1426,2.0,0.009254635838947346,0.045697504164728474,0.31497550166084354,0.6300723583354806,0.31497550166084354
2,everything_in_user_tags,213, clearly,15603,2.0,cot,106.0,1427,2.0,0.0022700746638317872,0.0032419723837468686,0.9748226332540826,0.01966531969833873,0.9748226332540826
2,everything_in_user_tags,214,".
",558,2.0,cot,107.0,1428,2.0,2.8504325825212334e-05,0.00039511291313855027,0.9995282277851785,4.815497585788618e-05,0.9995282277851785
2,everything_in_user_tags,215,Define,55292,3.0,assistant,1.0,1429,3.0,6.067875139372779e-07,2.3095822461430146e-05,0.9999431628025295,3.31345874951451e-05,0.9999431628025295
2,everything_in_user_tags,216, the,290,3.0,assistant,2.0,1430,3.0,1.2632239325585134e-06,0.0003412955467685093,0.9995814133487654,7.60278805334558e-05,0.9995814133487654
2,everything_in_user_tags,217, passage,26368,3.0,assistant,3.0,1431,3.0,0.006019602936501633,0.004731397378765239,0.5633559450072279,0.42589305467750516,0.5633559450072279
2,everything_in_user_tags,218, you,481,3.0,assistant,4.0,1432,3.0,0.000668346320631071,0.000932731160179768,0.9714249584338273,0.026973964085362033,0.9714249584338273
2,everything_in_user_tags,219, want,1682,3.0,assistant,5.0,1433,3.0,0.00043721474575378653,0.003110952392171401,0.9957535717415407,0.000698261120534192,0.9957535717415407
2,everything_in_user_tags,220, to,316,3.0,assistant,6.0,1434,3.0,0.02255866421666769,0.03937404820622487,0.9346923613994573,0.0033749261776500525,0.9346923613994573
2,everything_in_user_tags,221, measure,9714,3.0,assistant,7.0,1435,3.0,0.006277046430916662,0.015610051382948895,0.3716775152751228,0.6064353869110116,0.3716775152751228
2,everything_in_user_tags,222, in,306,3.0,assistant,8.0,1436,3.0,0.010833019777064704,0.08618960640245396,0.3143146244311533,0.5886627493893279,0.3143146244311533
2,everything_in_user_tags,223, each,2454,3.0,assistant,9.0,1437,3.0,0.0026636415760085156,0.0031779905123710326,0.20771680041310384,0.7864415674985166,0.20771680041310384
2,everything_in_user_tags,224, conversation,15681,3.0,assistant,10.0,1438,3.0,0.03414662138485856,0.695632774753145,0.2394113853554195,0.030809218506577106,0.2394113853554195
2,everything_in_user_tags,225,",",11,3.0,assistant,11.0,1439,3.0,0.00011919638555324451,5.654986923439987e-05,0.9025253011832698,0.09729895256194257,0.9025253011832698
2,everything_in_user_tags,226, compute,23864,3.0,assistant,12.0,1440,3.0,1.1193332233451123e-05,2.440566783098444e-05,0.9156907276205252,0.08427367337941032,0.9156907276205252
2,everything_in_user_tags,227, its,1617,3.0,assistant,13.0,1441,3.0,0.00013738775134203673,0.00014013332190468454,0.0643615281018737,0.9353609508248797,0.0643615281018737
2,everything_in_user_tags,228, mean,4774,3.0,assistant,14.0,1442,3.0,8.82525384997297e-05,5.662032738499352e-05,0.14729528320985733,0.8525598439242581,0.14729528320985733
2,everything_in_user_tags,229, score,8429,3.0,assistant,15.0,1443,3.0,0.00027062514565312653,0.00109804442435734,0.22115947813782916,0.7774718522921604,0.22115947813782916
2,everything_in_user_tags,230,",",11,3.0,assistant,16.0,1444,3.0,0.0013691284866831615,0.0012805198158703404,0.2687036431437806,0.7286467085536659,0.2687036431437806
2,everything_in_user_tags,231, and,326,3.0,assistant,17.0,1445,3.0,4.984525237157571e-06,9.785664759123745e-05,0.9961443452847777,0.003752813542394087,0.9961443452847777
2,everything_in_user_tags,232, then,1815,3.0,assistant,18.0,1446,3.0,0.0003865977176505914,2.154552141279942e-05,0.06986071989854487,0.9297311368623918,0.06986071989854487
2,everything_in_user_tags,233, average,7848,3.0,assistant,19.0,1447,3.0,7.02180173242206e-05,2.452795520545503e-06,0.061652215341134964,0.9382751138460201,0.061652215341134964
2,everything_in_user_tags,234, those,2617,3.0,assistant,20.0,1448,3.0,3.0548890582568384e-05,1.3913685963272104e-07,0.006347172912822529,0.9936221390597353,0.006347172912822529
2,everything_in_user_tags,235, conversation,15681,3.0,assistant,21.0,1449,3.0,0.00040586006793633036,5.316722510297105e-05,0.0157088353846523,0.9838321373223085,0.0157088353846523
2,everything_in_user_tags,236,-level,19231,3.0,assistant,22.0,1450,3.0,8.795987222169201e-05,6.668528675335521e-05,0.08453865690293276,0.9153066979380923,0.08453865690293276
2,everything_in_user_tags,237, means,4748,3.0,assistant,23.0,1451,3.0,5.095351613965379e-05,7.827454337594983e-06,0.03529061757713153,0.9646506014523912,0.03529061757713153
2,everything_in_user_tags,238, with,483,3.0,assistant,24.0,1452,3.0,0.0024368215876375285,0.0003596295281254804,0.16065167002003505,0.8365518788642019,0.16065167002003505
2,everything_in_user_tags,239, equal,12629,3.0,assistant,25.0,1453,3.0,0.0008409129285407848,0.00022981083024806336,0.4492130321527757,0.5497162440884354,0.4492130321527757
2,everything_in_user_tags,240, weight,6049,3.0,assistant,26.0,1454,3.0,0.000178765579673838,3.835123713228175e-05,0.149552779353475,0.8502301038297189,0.149552779353475
2,everything_in_user_tags,241,.,13,3.0,assistant,27.0,1455,3.0,0.0013946630362256238,0.0002369501977855605,0.7705437158769087,0.22782467088907998,0.7705437158769087
2,everything_in_user_tags,242, For,2214,3.0,assistant,28.0,1456,3.0,5.551991157114714e-07,1.0817417209365952e-05,0.9996870387820802,0.0003015886015948725,0.9996870387820802
2,everything_in_user_tags,243, a,261,3.0,assistant,29.0,1457,3.0,5.112847107812066e-06,1.924269182573754e-06,0.9192422762715108,0.08075068661219889,0.9192422762715108
2,everything_in_user_tags,244, comparison,19211,3.0,assistant,30.0,1458,3.0,0.007534336272205737,0.004990762808855246,0.8981933308469875,0.08928157007195155,0.8981933308469875
2,everything_in_user_tags,245, between,2870,3.0,assistant,31.0,1459,3.0,0.006914857643635384,0.00291591218690417,0.9087633161094346,0.08140591406002581,0.9087633161094346
2,everything_in_user_tags,246, conditions,6409,3.0,assistant,32.0,1460,3.0,0.002764887834850173,0.018414235249770084,0.3745119006927477,0.6043089762226319,0.3745119006927477
2,everything_in_user_tags,247,",",11,3.0,assistant,33.0,1461,3.0,0.011784396333580811,0.003454363809973152,0.9143211876132563,0.07044005224318957,0.9143211876132563
2,everything_in_user_tags,248, compute,23864,3.0,assistant,34.0,1462,3.0,0.0005024252177917728,0.00020439561883768778,0.992745075625056,0.006548103538314572,0.992745075625056
2,everything_in_user_tags,249, the,290,3.0,assistant,35.0,1463,3.0,0.008576200748943557,0.1498200907031081,0.8029041182370863,0.03869959031086216,0.8029041182370863
2,everything_in_user_tags,250, paired,51892,3.0,assistant,36.0,1464,3.0,0.028133843636776318,0.2797880303174735,0.6430130436560185,0.0490650823897317,0.6430130436560185
2,everything_in_user_tags,251, difference,9809,3.0,assistant,37.0,1465,3.0,0.010296163472533747,0.13169916152656722,0.633299891369983,0.22470478363091617,0.633299891369983
2,everything_in_user_tags,252, within,3518,3.0,assistant,38.0,1466,3.0,0.0033216653185491963,0.026509001947145228,0.7924983634242652,0.17767096931004037,0.7924983634242652
2,everything_in_user_tags,253, each,2454,3.0,assistant,39.0,1467,3.0,0.001355107420224269,0.007153688340948186,0.9588616304459506,0.03262957379287695,0.9588616304459506
2,everything_in_user_tags,254, conversation,15681,3.0,assistant,40.0,1468,3.0,0.015957893315874567,0.023844312995070113,0.7227261358859369,0.23747165780311835,0.7227261358859369
2,everything_in_user_tags,255, before,2254,3.0,assistant,41.0,1469,3.0,0.0034667148352938806,0.017491419882060457,0.7242257918253354,0.25481607345731017,0.7242257918253354
2,everything_in_user_tags,256, averaging,89652,3.0,assistant,42.0,1470,3.0,0.013439426156610505,0.02279156973858577,0.5444313640861408,0.419337640018663,0.5444313640861408
2,everything_in_user_tags,257,.,13,3.0,assistant,43.0,1471,3.0,0.0021078378039902017,0.0032306486436496674,0.9424289039437417,0.0522326096086185,0.9424289039437417
2,everything_in_user_tags,258, Report,12208,3.0,assistant,44.0,1472,3.0,0.0001921736805841054,4.365001341251746e-05,0.3183912112039998,0.6813729651020035,0.3183912112039998
2,everything_in_user_tags,259, both,2973,3.0,assistant,45.0,1473,3.0,0.0013280293502401662,0.002478537294628838,0.8224456878446753,0.17374774551045566,0.8224456878446753
2,everything_in_user_tags,260, the,290,3.0,assistant,46.0,1474,3.0,0.0007002769975863317,0.0004848075869192493,0.774119443227974,0.22469547218752042,0.774119443227974
2,everything_in_user_tags,261, number,2086,3.0,assistant,47.0,1475,3.0,0.022517481620585953,0.05250324558901664,0.4967527533907325,0.42822651939966494,0.4967527533907325
2,everything_in_user_tags,262, of,328,3.0,assistant,48.0,1476,3.0,0.008384208187618649,0.007986512956889976,0.5608385953058139,0.4227906835496774,0.5608385953058139
2,everything_in_user_tags,263, independent,13313,3.0,assistant,49.0,1477,3.0,0.004312793103912791,0.0029771902935370417,0.3838442203986211,0.608865796203929,0.3838442203986211
2,everything_in_user_tags,264, conversations,31594,3.0,assistant,50.0,1478,3.0,0.0020063910066606796,0.016978921128661763,0.05018001109278459,0.930834676771893,0.05018001109278459
2,everything_in_user_tags,265, and,326,3.0,assistant,51.0,1479,3.0,0.011640396098623378,0.0039461268371318485,0.7539958761442768,0.23041760091996785,0.7539958761442768
2,everything_in_user_tags,266, the,290,3.0,assistant,52.0,1480,3.0,0.0004286492444580016,0.00047666626586730234,0.9618140775894315,0.03728060690024308,0.9618140775894315
2,everything_in_user_tags,267, number,2086,3.0,assistant,53.0,1481,3.0,3.912929381106355e-06,0.0012005722216728864,0.9987844551467895,1.105970215644872e-05,0.9987844551467895
2,everything_in_user_tags,268, of,328,3.0,assistant,54.0,1482,3.0,0.040277571046683704,0.1815904518793352,0.5925859817162906,0.18554599535769056,0.5925859817162906
2,everything_in_user_tags,269, tokens,20290,3.0,assistant,55.0,1483,3.0,0.008736081296914385,0.06429888082012238,0.28618867670792225,0.640776361175041,0.28618867670792225
2,everything_in_user_tags,270, contributing,44404,3.0,assistant,56.0,1484,3.0,0.003072123141972957,0.008459430331676843,0.5436953184347859,0.4447731280915644,0.5436953184347859
2,everything_in_user_tags,271, to,316,3.0,assistant,57.0,1485,3.0,0.0020206161614748563,0.004583583311742845,0.6645617937417413,0.328834006785041,0.6645617937417413
2,everything_in_user_tags,272, the,290,3.0,assistant,58.0,1486,3.0,0.07116640020613707,0.31345945762214317,0.30080786884326366,0.314566273328456,0.30080786884326366
2,everything_in_user_tags,273, passage,26368,3.0,assistant,59.0,1487,3.0,0.0007361481304180813,0.0009152675744895016,0.1263455214944171,0.8720030628006752,0.1263455214944171
2,everything_in_user_tags,274, means,4748,3.0,assistant,60.0,1488,3.0,0.010751169816582827,0.02558895570568615,0.6152568106051347,0.3484030638725964,0.6152568106051347
2,everything_in_user_tags,275,.,13,3.0,assistant,61.0,1489,3.0,0.002602465003716595,0.003040436648256385,0.9894312921113053,0.00492580623672163,0.9894312921113053
2,everything_in_user_tags,276, Keep,16835,3.0,assistant,62.0,1490,3.0,5.27860713087867e-05,2.7598303084277984e-05,0.9737882140634074,0.02613140156219955,0.9737882140634074
2,everything_in_user_tags,277, the,290,3.0,assistant,63.0,1491,3.0,0.005592885003409645,0.0003728215111714238,0.7748827226531863,0.21915157083223266,0.7748827226531863
2,everything_in_user_tags,278, token,6602,3.0,assistant,64.0,1492,3.0,0.004205534981711266,0.009084546896298791,0.37151938178894434,0.6151905363330455,0.37151938178894434
2,everything_in_user_tags,279,-level,19231,3.0,assistant,65.0,1493,3.0,0.0029512832750437936,0.0014688645237749644,0.679129526996172,0.31645032520500915,0.679129526996172
2,everything_in_user_tags,280, trace,21523,3.0,assistant,66.0,1494,3.0,0.0002920495952344266,0.00047609262260038906,0.9108587554623557,0.0883731023198094,0.9108587554623557
2,everything_in_user_tags,281, as,472,3.0,assistant,67.0,1495,3.0,0.0012736671589762528,0.0008149478806701572,0.9225789994890721,0.07533238547128167,0.9225789994890721
2,everything_in_user_tags,282, an,448,3.0,assistant,68.0,1496,3.0,0.00010981768498454563,0.0007708094662833156,0.7054387250554853,0.2936806477932468,0.7054387250554853
2,everything_in_user_tags,283, illustration,55575,3.0,assistant,69.0,1497,3.0,0.0009269111588498634,0.003854595855397946,0.9795220189567307,0.01569647402902135,0.9795220189567307
2,everything_in_user_tags,284, of,328,3.0,assistant,70.0,1498,3.0,0.01602167159025397,0.004273573681281416,0.9105414230746898,0.0691633316537749,0.9105414230746898
2,everything_in_user_tags,285, local,2698,3.0,assistant,71.0,1499,3.0,0.013578145172823254,0.09208416935236156,0.8642378804121846,0.030099805062630495,0.8642378804121846
2,everything_in_user_tags,286, variation,35930,3.0,assistant,72.0,1500,3.0,0.018602352317082717,0.11565355916273724,0.7542750895157208,0.1114689990044594,0.7542750895157208
2,everything_in_user_tags,287,",",11,3.0,assistant,73.0,1501,3.0,0.013036485976495302,0.01851667302919613,0.8354845272105814,0.13296231378372714,0.8354845272105814
2,everything_in_user_tags,288, and,326,3.0,assistant,74.0,1502,3.0,0.0002362641457886576,0.000649698275855095,0.9844857630933509,0.014628274485005357,0.9844857630933509
2,everything_in_user_tags,289, label,4208,3.0,assistant,75.0,1503,3.0,0.0006051914166303192,0.0019823346022813664,0.986257390868107,0.011155083112981159,0.986257390868107
2,everything_in_user_tags,290, the,290,3.0,assistant,76.0,1504,3.0,0.023713791905112892,0.3372319356419642,0.5909419323735997,0.04811234007932322,0.5909419323735997
2,everything_in_user_tags,291, aggregate,37989,3.0,assistant,77.0,1505,3.0,0.00041766065945109376,0.0007309107983881431,0.04643422972958113,0.9524171988125797,0.04643422972958113
2,everything_in_user_tags,292, chart,15292,3.0,assistant,78.0,1506,3.0,0.0014314511602514153,0.013871323162129273,0.405298410880524,0.5793988147970953,0.405298410880524
2,everything_in_user_tags,293, as,472,3.0,assistant,79.0,1507,3.0,0.002727728192277126,0.0012885689273910742,0.9843003749304271,0.011683327949904529,0.9843003749304271
2,everything_in_user_tags,294, an,448,3.0,assistant,80.0,1508,3.0,0.0012085386703588052,0.07140894767518485,0.9177298181746997,0.009652695479756621,0.9177298181746997
2,everything_in_user_tags,295, average,7848,3.0,assistant,81.0,1509,3.0,0.012736612119663638,0.0027718114184480595,0.04820122996055324,0.936290346501335,0.04820122996055324
2,everything_in_user_tags,296, across,5251,3.0,assistant,82.0,1510,3.0,0.04566237510666839,0.006993801488265776,0.45206244290611264,0.49528138049895326,0.45206244290611264
2,everything_in_user_tags,297, conversations,31594,3.0,assistant,83.0,1511,3.0,5.930157796280331e-05,0.0001273019561900883,0.0033581843084288508,0.9964552121574182,0.0033581843084288508
2,everything_in_user_tags,298,.,13,3.0,assistant,84.0,1512,3.0,0.002134748413317063,0.002582680687209375,0.752993057215935,0.24228951368353857,0.752993057215935
2,everything_in_user_tags,299, If,1843,3.0,assistant,85.0,1513,3.0,6.9519409823800155e-06,1.0474049669432804e-05,0.9784837655992465,0.021498808410101697,0.9784837655992465
2,everything_in_user_tags,300, you,481,3.0,assistant,86.0,1514,3.0,3.6907019301285496e-07,8.512618437367593e-07,0.9907406489565368,0.009258130711426405,0.9907406489565368
2,everything_in_user_tags,301, also,1217,3.0,assistant,87.0,1515,3.0,2.1565851998894007e-05,2.8939924830794603e-05,0.559309200813202,0.44064029340996835,0.559309200813202
2,everything_in_user_tags,302, show,2356,3.0,assistant,88.0,1516,3.0,0.007473310867833052,0.008519300182149043,0.6239844915252605,0.3600228974247575,0.6239844915252605
2,everything_in_user_tags,303, a,261,3.0,assistant,89.0,1517,3.0,0.00044191899967379716,0.0024451335481931696,0.43171593406063236,0.5653970133915007,0.43171593406063236
2,everything_in_user_tags,304, pooled,157971,3.0,assistant,90.0,1518,3.0,0.04576593435146413,0.015565306533876796,0.46133333308500024,0.47733542602965895,0.46133333308500024
2,everything_in_user_tags,305, token,6602,3.0,assistant,91.0,1519,3.0,0.16014294385338437,0.24106362711033422,0.4160598212876177,0.18273360774866376,0.4160598212876177
2,everything_in_user_tags,306, average,7848,3.0,assistant,92.0,1520,3.0,0.04818678921474914,0.009938210678293717,0.2905152498313621,0.6513597502755951,0.2905152498313621
2,everything_in_user_tags,307,",",11,3.0,assistant,93.0,1521,3.0,0.026398059814505645,0.0021638857536525127,0.7080596245560451,0.2633784298757967,0.7080596245560451
2,everything_in_user_tags,308, identify,11410,3.0,assistant,94.0,1522,3.0,0.002860036803389584,0.0005442690987838273,0.9150862909173632,0.0815094031804633,0.9150862909173632
2,everything_in_user_tags,309, it,480,3.0,assistant,95.0,1523,3.0,0.04568035433622565,0.05337871955286646,0.5222326823146521,0.3787082437962558,0.5222326823146521
2,everything_in_user_tags,310, separately,37741,3.0,assistant,96.0,1524,3.0,0.004508374469845578,0.005948915594128734,0.9556684012581268,0.033874308677899014,0.9556684012581268
2,everything_in_user_tags,311,:,25,3.0,assistant,97.0,1525,3.0,0.0006494173317982467,0.0012172353237964065,0.886238552477175,0.11189479486723027,0.886238552477175
2,everything_in_user_tags,312, it,480,3.0,assistant,98.0,1526,3.0,0.12743664675438182,0.061316286457054205,0.32040619799844894,0.490840868790115,0.32040619799844894
2,everything_in_user_tags,313, answers,14716,3.0,assistant,99.0,1527,3.0,0.01927286845627061,0.0024590411742407632,0.4729948622399652,0.5052732281295235,0.4729948622399652
2,everything_in_user_tags,314, what,1412,3.0,assistant,100.0,1528,3.0,0.019306505985394688,0.0013874257460262092,0.0517750475300585,0.9275310207385207,0.0517750475300585
2,everything_in_user_tags,315, happens,13367,3.0,assistant,101.0,1529,3.0,0.01388486354260188,0.0026421583967851476,0.20693919099473856,0.7765337870658744,0.20693919099473856
2,everything_in_user_tags,316, to,316,3.0,assistant,102.0,1530,3.0,0.13893983357631665,0.01943747250843153,0.30476994000245783,0.536852753912794,0.30476994000245783
2,everything_in_user_tags,317, an,448,3.0,assistant,103.0,1531,3.0,0.11288707134748924,0.0768146053378539,0.2985767368540625,0.5117215864605944,0.2985767368540625
2,everything_in_user_tags,318, average,7848,3.0,assistant,104.0,1532,3.0,0.43102592255865085,0.010272058791019386,0.07213621305209726,0.4865658055982325,0.07213621305209726
2,everything_in_user_tags,319, included,7360,3.0,assistant,105.0,1533,3.0,0.6150747076464487,0.11962863702895779,0.08825332885119211,0.1770433264734015,0.08825332885119211
2,everything_in_user_tags,320, token,6602,3.0,assistant,106.0,1534,3.0,0.33396494306212304,0.04887147953905806,0.14804296831241584,0.4691206090864031,0.14804296831241584
2,everything_in_user_tags,321, and,326,3.0,assistant,107.0,1535,3.0,0.3865578083281284,0.003761067134994681,0.21683459199925714,0.39284653253761964,0.21683459199925714
2,everything_in_user_tags,322, therefore,12880,3.0,assistant,108.0,1536,3.0,0.03122625143827557,0.001257424149715658,0.7147188633136816,0.2527974610983273,0.7147188633136816
2,everything_in_user_tags,323, gives,8967,3.0,assistant,109.0,1537,3.0,0.0015351586647605405,8.950709237064756e-05,0.3819578289381906,0.6164175053046783,0.3819578289381906
2,everything_in_user_tags,324, longer,7411,3.0,assistant,110.0,1538,3.0,0.0062940962533795585,0.0013321040198442174,0.07698411309500995,0.9153896866317662,0.07698411309500995
2,everything_in_user_tags,325, passages,69047,3.0,assistant,111.0,1539,3.0,0.0036626367856933996,0.0056908336091603656,0.03623373518875602,0.9544127944163903,0.03623373518875602
2,everything_in_user_tags,326, more,945,3.0,assistant,112.0,1540,3.0,0.00382521805427956,0.0001365255292419869,0.08185565831079471,0.9141825981056837,0.08185565831079471
2,everything_in_user_tags,327, weight,6049,3.0,assistant,113.0,1541,3.0,0.023059413611452084,0.0023187932498749046,0.05217411008706856,0.9224476830516045,0.05217411008706856
2,everything_in_user_tags,328,".
",558,3.0,assistant,114.0,1542,3.0,1.2817850675488162e-05,4.9200381310007505e-05,0.997052251681212,0.0028857300868025894,0.997052251681212
2,everything_in_user_tags,329,That,7924,4.0,user,1.0,1543,4.0,4.230482596573057e-09,7.248348946157249e-07,0.9997745423142231,0.00022472862039952984,0.9997745423142231
2,everything_in_user_tags,330, makes,4787,4.0,user,2.0,1544,4.0,4.184618707458585e-06,2.700560090347096e-05,0.9979426222809679,0.002026187499421106,0.9979426222809679
2,everything_in_user_tags,331, sense,8512,4.0,user,3.0,1545,4.0,1.1602886124856236e-06,2.8702252999618428e-05,0.9891785804114384,0.010791557046949592,0.9891785804114384
2,everything_in_user_tags,332,.,13,4.0,user,4.0,1546,4.0,9.642276736882606e-06,0.005591899436773012,0.9881334064724987,0.006265051813991319,0.9881334064724987
2,everything_in_user_tags,333, If,1843,4.0,user,5.0,1547,4.0,5.6397750304721276e-05,0.031840317441047865,0.943300943394401,0.024802341414246455,0.943300943394401
2,everything_in_user_tags,334, I,357,4.0,user,6.0,1548,4.0,3.8820058415708364e-05,0.013332911641811532,0.9374304345300843,0.049197833769688344,0.9374304345300843
2,everything_in_user_tags,335, measure,9714,4.0,user,7.0,1549,4.0,0.001334482920980597,0.17624112456117327,0.6367127947994794,0.18571159771836673,0.6367127947994794
2,everything_in_user_tags,336, several,4919,4.0,user,8.0,1550,4.0,0.0020034920394116154,0.6087953678907598,0.3689723282537087,0.02022881181611982,0.3689723282537087
2,everything_in_user_tags,337, layers,22119,4.0,user,9.0,1551,4.0,0.001995291539163075,0.06203426561683392,0.6019883711097361,0.3339820717342668,0.6019883711097361
2,everything_in_user_tags,338, and,326,4.0,user,10.0,1552,4.0,0.002084838156828532,0.19614491309097062,0.7390800485604286,0.06269020019177228,0.7390800485604286
2,everything_in_user_tags,339, several,4919,4.0,user,11.0,1553,4.0,0.00022181524966091368,0.010135291857109485,0.7512132097386257,0.23842968315460394,0.7512132097386257
2,everything_in_user_tags,340, steering,49066,4.0,user,12.0,1554,4.0,0.017550183163721148,0.30091895617830544,0.6670043751601015,0.014526485497871977,0.6670043751601015
2,everything_in_user_tags,341, strengths,47860,4.0,user,13.0,1555,4.0,0.0019423337590372448,0.002050106155442609,0.46861355496129015,0.52739400512423,0.46861355496129015
2,everything_in_user_tags,342, on,402,4.0,user,14.0,1556,4.0,0.007279286709166535,0.2720399064821496,0.4811280901657249,0.23955271664295902,0.4811280901657249
2,everything_in_user_tags,343, each,2454,4.0,user,15.0,1557,4.0,0.003963515812829177,0.7710291662277202,0.07879130804069266,0.1462160099187581,0.07879130804069266
2,everything_in_user_tags,344, conversation,15681,4.0,user,16.0,1558,4.0,0.005743954275171301,0.7431834539677663,0.032355045456920736,0.21871754630014167,0.032355045456920736
2,everything_in_user_tags,345,",",11,4.0,user,17.0,1559,4.0,0.002168752556248693,0.6939791567246973,0.2857397762229775,0.0181123144960766,0.2857397762229775
2,everything_in_user_tags,346, do,621,4.0,user,18.0,1560,4.0,0.00095854574383817,0.8618615694569822,0.13710544545683448,7.443934234516258e-05,0.13710544545683448
2,everything_in_user_tags,347, those,2617,4.0,user,19.0,1561,4.0,0.0006477445303581087,0.9779561278284036,0.02049557967671644,0.0009005479645219841,0.02049557967671644
2,everything_in_user_tags,348, extra,5018,4.0,user,20.0,1562,4.0,7.875608423972574e-05,0.9979484767279497,0.0019634360510152045,9.331136795489168e-06,0.0019634360510152045
2,everything_in_user_tags,349, measurements,29039,4.0,user,21.0,1563,4.0,0.00010006497647852693,0.997784267484882,0.001969800502640796,0.00014586703599860174,0.001969800502640796
2,everything_in_user_tags,350, increase,7064,4.0,user,22.0,1564,4.0,0.0016259719568390775,0.9767049681392845,0.017304371899960532,0.0043646880039159685,0.017304371899960532
2,everything_in_user_tags,351, the,290,4.0,user,23.0,1565,4.0,0.002489956089550632,0.527089633169111,0.28100507922964274,0.18941533151169562,0.28100507922964274
2,everything_in_user_tags,352, sample,10176,4.0,user,24.0,1566,4.0,0.0019984468991500774,0.06639187987584153,0.009828109320367559,0.9217815639046408,0.009828109320367559
2,everything_in_user_tags,353, size,2349,4.0,user,25.0,1567,4.0,0.0027354282023023084,0.929737252528508,0.0029590376343787373,0.06456828163481088,0.0029590376343787373
2,everything_in_user_tags,354,?,30,4.0,user,26.0,1568,4.0,0.0040027459831747225,0.9924107153879619,0.002821125571398572,0.0007654130574646636,0.002821125571398572
2,everything_in_user_tags,355, I,357,4.0,user,27.0,1569,4.0,0.0005650823145841243,0.11506917771242459,0.8836946871660624,0.0006710528069288264,0.8836946871660624
2,everything_in_user_tags,356, want,1682,4.0,user,28.0,1570,4.0,0.0021047267885701874,0.7222964253952466,0.1945964633886941,0.081002384427489,0.1945964633886941
2,everything_in_user_tags,357, the,290,4.0,user,29.0,1571,4.0,0.0002967045992686837,0.956340164462485,0.0011301314321630904,0.042232999506083085,0.0011301314321630904
2,everything_in_user_tags,358, caption,42602,4.0,user,30.0,1572,4.0,0.009793162332127205,0.42612055638607577,0.08617192485789367,0.4779143564239035,0.08617192485789367
2,everything_in_user_tags,359, in,306,4.0,user,31.0,1573,4.0,5.627970311550862e-05,0.9803507269360601,0.01343125505865118,0.0061617383021733,0.01343125505865118
2,everything_in_user_tags,360, the,290,4.0,user,32.0,1574,4.0,0.0008437463477956128,0.9320889189871615,0.02693960256678923,0.04012773209825344,0.02693960256678923
2,everything_in_user_tags,361, M,391,4.0,user,33.0,1575,4.0,8.88384458389453e-05,0.9986567152425951,0.0010991112313725425,0.00015533508019325757,0.0010991112313725425
2,everything_in_user_tags,362,ATS,42222,4.0,user,34.0,1576,4.0,0.0017396747626955008,0.9626437526582539,0.0316967967357094,0.003919775843341272,0.0316967967357094
2,everything_in_user_tags,363, report,3019,4.0,user,35.0,1577,4.0,0.0013199962419218293,0.9859016190277067,0.010163290075605283,0.002615094654766315,0.010163290075605283
2,everything_in_user_tags,364, to,316,4.0,user,36.0,1578,4.0,0.00029393000261809256,0.9706432158722288,0.021855964164401248,0.007206889960751941,0.021855964164401248
2,everything_in_user_tags,365, be,413,4.0,user,37.0,1579,4.0,0.005737073025222236,0.772983851436091,0.008080355417362236,0.21319872012132432,0.008080355417362236
2,everything_in_user_tags,366, precise,31687,4.0,user,38.0,1580,4.0,0.0016673881543498863,0.9225169029517737,0.031905866359173966,0.043909842534702564,0.031905866359173966
2,everything_in_user_tags,367, about,1078,4.0,user,39.0,1581,4.0,0.000744146255481607,0.9288976119494345,0.016506643887408384,0.053851597907675644,0.016506643887408384
2,everything_in_user_tags,368, the,290,4.0,user,40.0,1582,4.0,0.0021169466429578157,0.8067154487699104,0.041626782941478695,0.14954082164565302,0.041626782941478695
2,everything_in_user_tags,369, uncertainty,44942,4.0,user,41.0,1583,4.0,0.0014559663575766778,0.31434539678555923,0.03353194256309372,0.6506666942937703,0.03353194256309372
2,everything_in_user_tags,370,".
",558,4.0,user,42.0,1584,4.0,0.003812721880251751,0.46286955266865365,0.32466654451067334,0.2086511809404213,0.32466654451067334
2,everything_in_user_tags,371,The,976,5.0,cot,1.0,1585,5.0,2.1883584505769155e-08,2.0036732169379456e-05,0.9986088578397617,0.001371083544484428,0.9986088578397617
2,everything_in_user_tags,372, user,1825,5.0,cot,2.0,1586,5.0,2.788355869135456e-08,3.030193198422414e-06,0.9999893290681914,7.612855051515196e-06,0.9999893290681914
2,everything_in_user_tags,373, is,382,5.0,cot,3.0,1587,5.0,9.109781229350327e-09,1.2561764589146328e-06,0.9997964020595461,0.0002023326542135853,0.9997964020595461
2,everything_in_user_tags,374, asking,16054,5.0,cot,4.0,1588,5.0,1.3816868189673412e-07,7.890554748324147e-05,0.9998796329619671,4.1323321867828686e-05,0.9998796329619671
2,everything_in_user_tags,375, about,1078,5.0,cot,5.0,1589,5.0,4.091973215686111e-06,0.002403318890738708,0.996979175545141,0.000613413590904538,0.996979175545141
2,everything_in_user_tags,376, repeated,24161,5.0,cot,6.0,1590,5.0,0.0022141684641385807,0.6085390895345157,0.12245322872653984,0.266793513274806,0.12245322872653984
2,everything_in_user_tags,377, measurements,29039,5.0,cot,7.0,1591,5.0,0.001226620639094024,0.6977890544667203,0.06486107183996428,0.23612325305422116,0.06486107183996428
2,everything_in_user_tags,378, versus,30667,5.0,cot,8.0,1592,5.0,4.2100387335755226e-05,0.005956667174578342,0.933735028188901,0.06026620424918487,0.933735028188901
2,everything_in_user_tags,379, independent,13313,5.0,cot,9.0,1593,5.0,0.003912628092104004,0.18049023350118096,0.2716492494555916,0.5439478889511233,0.2716492494555916
2,everything_in_user_tags,380, units,13306,5.0,cot,10.0,1594,5.0,0.0011595616932144844,0.025392784191423445,0.4003391742787213,0.5731084798366407,0.4003391742787213
2,everything_in_user_tags,381,.,13,5.0,cot,11.0,1595,5.0,4.0843197359829205e-05,0.003044061341973063,0.986565669385204,0.010349426075463299,0.986565669385204
2,everything_in_user_tags,382, Layers,168896,5.0,cot,12.0,1596,5.0,0.0007009775725124862,0.24461277186983815,0.6846002487841261,0.07008600177352334,0.6846002487841261
2,everything_in_user_tags,383, and,326,5.0,cot,13.0,1597,5.0,8.843592472493522e-05,0.355283931480995,0.634288939871305,0.010338692722975114,0.634288939871305
2,everything_in_user_tags,384, strengths,47860,5.0,cot,14.0,1598,5.0,0.002631078734048641,0.1924481878661427,0.6814897686156624,0.12343096478414634,0.6814897686156624
2,everything_in_user_tags,385, reveal,26477,5.0,cot,15.0,1599,5.0,3.198746493335554e-05,0.029647018484374305,0.8109388951423001,0.15938209890839206,0.8109388951423001
2,everything_in_user_tags,386, a,261,5.0,cot,16.0,1600,5.0,0.00037633258360758,0.04526771464031877,0.8323950075223019,0.12196094525377174,0.8323950075223019
2,everything_in_user_tags,387, richer,110657,5.0,cot,17.0,1601,5.0,6.542675333606294e-05,0.04545526437738336,0.6374825636515417,0.316996745217739,0.6374825636515417
2,everything_in_user_tags,388, response,3322,5.0,cot,18.0,1602,5.0,0.00013431356584261758,0.0014024133959093018,0.3408610889351006,0.6576021841031474,0.3408610889351006
2,everything_in_user_tags,389, for,395,5.0,cot,19.0,1603,5.0,9.804189320986844e-06,0.0021263488779627734,0.4488551388807679,0.5490087080519483,0.4488551388807679
2,everything_in_user_tags,390, the,290,5.0,cot,20.0,1604,5.0,0.00026625437807813114,0.004406438403110032,0.608248961983139,0.3870783452356729,0.608248961983139
2,everything_in_user_tags,391, same,2684,5.0,cot,21.0,1605,5.0,0.003432273335926023,0.04950057344347114,0.6847979241636484,0.26226922905695454,0.6847979241636484
2,everything_in_user_tags,392, underlying,27899,5.0,cot,22.0,1606,5.0,0.00630670823210736,0.17299042747537235,0.3635706733897844,0.457132190902736,0.3635706733897844
2,everything_in_user_tags,393, conversation,15681,5.0,cot,23.0,1607,5.0,0.0075731430447858305,0.10871085171024486,0.3268295113329127,0.5568864939120567,0.3268295113329127
2,everything_in_user_tags,394,",",11,5.0,cot,24.0,1608,5.0,0.004428346856883798,0.8612411225659249,0.0849057633939615,0.04942476718322983,0.0849057633939615
2,everything_in_user_tags,395, but,889,5.0,cot,25.0,1609,5.0,1.3764946493184229e-05,0.00010573218347687648,0.894843600728127,0.1050369021419028,0.894843600728127
2,everything_in_user_tags,396, they,1023,5.0,cot,26.0,1610,5.0,0.0016850834420607753,0.7527993518067055,0.187646563692316,0.057869001058917645,0.187646563692316
2,everything_in_user_tags,397, do,621,5.0,cot,27.0,1611,5.0,4.267629362310647e-05,0.011623426951029338,0.9493214398016112,0.03901245695373638,0.9493214398016112
2,everything_in_user_tags,398, not,625,5.0,cot,28.0,1612,5.0,0.00018225434575306398,0.007931689116251478,0.9619513149106551,0.029934741627340406,0.9619513149106551
2,everything_in_user_tags,399, create,2501,5.0,cot,29.0,1613,5.0,0.0021236491963084127,0.07884420751986414,0.6995087485603605,0.21952339472346694,0.6995087485603605
2,everything_in_user_tags,400, new,620,5.0,cot,30.0,1614,5.0,0.0013492621989242162,0.037523602958792875,0.4395674430604326,0.5215596917818504,0.4395674430604326
2,everything_in_user_tags,401, independent,13313,5.0,cot,31.0,1615,5.0,0.01360650071010901,0.2780050859979909,0.29425430413607184,0.41413410915582816,0.29425430413607184
2,everything_in_user_tags,402, conversations,31594,5.0,cot,32.0,1616,5.0,0.00263087715806655,0.8973160574641666,0.03143554545293663,0.06861751992483012,0.03143554545293663
2,everything_in_user_tags,403,.,13,5.0,cot,33.0,1617,5.0,0.003915530848898265,0.09020852520902081,0.7530716922615179,0.15280425168056302,0.7530716922615179
2,everything_in_user_tags,404, I,357,5.0,cot,34.0,1618,5.0,1.0865495411956889e-06,7.73995072473296e-05,0.9506047490085474,0.0493167649346641,0.9506047490085474
2,everything_in_user_tags,405, should,1757,5.0,cot,35.0,1619,5.0,1.0813562778672387e-09,3.3420604515137207e-08,0.9999514852107974,4.848028724162875e-05,0.9999514852107974
2,everything_in_user_tags,406, recommend,7013,5.0,cot,36.0,1620,5.0,4.633476225602599e-08,1.4905985767748362e-06,0.9997317548968,0.0002667081698608982,0.9997317548968
2,everything_in_user_tags,407, maintaining,26513,5.0,cot,37.0,1621,5.0,1.4542500830111211e-05,3.330730715465441e-05,0.11047485649373417,0.8894772936982811,0.11047485649373417
2,everything_in_user_tags,408, the,290,5.0,cot,38.0,1622,5.0,0.03135399480993441,0.23686626816200257,0.47368143374683436,0.25809830328122857,0.47368143374683436
2,everything_in_user_tags,409, grouping,97243,5.0,cot,39.0,1623,5.0,0.0006037323629075845,0.006792404725346463,0.2453994955472411,0.7472043673645049,0.2453994955472411
2,everything_in_user_tags,410, when,1261,5.0,cot,40.0,1624,5.0,0.00015088525776154569,0.0006486855412895988,0.4035554951449449,0.5956449340560039,0.4035554951449449
2,everything_in_user_tags,411, estimating,127789,5.0,cot,41.0,1625,5.0,3.8607469962609523e-05,8.262815288804503e-05,0.06256396952912083,0.9373147948480286,0.06256396952912083
2,everything_in_user_tags,412, uncertainty,44942,5.0,cot,42.0,1626,5.0,0.0004888464668530304,0.0027717004599281123,0.1670824361335922,0.8296570169396267,0.1670824361335922
2,everything_in_user_tags,413, and,326,5.0,cot,43.0,1627,5.0,4.858103293380143e-05,0.00018732591388346653,0.6184540678823728,0.38131002517080986,0.6184540678823728
2,everything_in_user_tags,414, defining,49491,5.0,cot,44.0,1628,5.0,3.4312273550259314e-05,8.091997078276195e-05,0.6746500876678778,0.32523468008778905,0.6746500876678778
2,everything_in_user_tags,415, any,1062,5.0,cot,45.0,1629,5.0,8.878041431952164e-05,0.00030202870641460203,0.6482421487341048,0.3513670421451611,0.6482421487341048
2,everything_in_user_tags,416, layer,10261,5.0,cot,46.0,1630,5.0,0.010883168838881055,0.0788143259917681,0.6390330816910633,0.2712694234782876,0.6390330816910633
2,everything_in_user_tags,417, or,503,5.0,cot,47.0,1631,5.0,0.0005688286633226835,0.00043438724306249954,0.8515410405882463,0.1474557435053685,0.8515410405882463
2,everything_in_user_tags,418, strength,9386,5.0,cot,48.0,1632,5.0,0.0032622754570885105,0.0018305303051652998,0.7792481757333449,0.21565901850440117,0.7792481757333449
2,everything_in_user_tags,419, selection,8441,5.0,cot,49.0,1633,5.0,0.0030518523041035543,0.009610087207082651,0.5639001612111758,0.423437899277638,0.5639001612111758
2,everything_in_user_tags,420, before,2254,5.0,cot,50.0,1634,5.0,0.0003465307588692431,0.00048468490650565275,0.8715260077376813,0.12764277659694392,0.8715260077376813
2,everything_in_user_tags,421, a,261,5.0,cot,51.0,1635,5.0,0.0011924114988039979,0.08651602928851529,0.5279463898846777,0.38434516932800317,0.5279463898846777
2,everything_in_user_tags,422, final,1721,5.0,cot,52.0,1636,5.0,9.886825371768937e-05,0.0016303274008168632,0.6123756763508477,0.3858951279946178,0.6123756763508477
2,everything_in_user_tags,423, evaluation,21407,5.0,cot,53.0,1637,5.0,7.516108771596159e-05,0.0002721028436843653,0.12510315608905143,0.8745495799795482,0.12510315608905143
2,everything_in_user_tags,424,.,13,5.0,cot,54.0,1638,5.0,4.000858470646677e-05,7.402281685468741e-05,0.6871557940153918,0.3127301745830471,0.6871557940153918
2,everything_in_user_tags,425, A,355,5.0,cot,55.0,1639,5.0,1.5692372011314626e-06,7.392215614820216e-06,0.835260849486537,0.164730189060647,0.835260849486537
2,everything_in_user_tags,426, bootstrap,57493,5.0,cot,56.0,1640,5.0,0.0030160616609604058,0.0510859665044246,0.5944479999519394,0.3514499718826757,0.5944479999519394
2,everything_in_user_tags,427, can,665,5.0,cot,57.0,1641,5.0,0.00019731930483600136,0.00013104783364893699,0.809311406977306,0.19036022588420912,0.809311406977306
2,everything_in_user_tags,428, res,694,5.0,cot,58.0,1642,5.0,0.03221421599559734,0.268531533706646,0.1866021565139662,0.5126520937837904,0.1866021565139662
2,everything_in_user_tags,429,ample,2262,5.0,cot,59.0,1643,5.0,0.006768773980520645,0.01222997335804088,0.6173908279057223,0.3636104247557162,0.6173908279057223
2,everything_in_user_tags,430, conversations,31594,5.0,cot,60.0,1644,5.0,0.006874529766375215,0.015666364749147215,0.14307043695926397,0.8343886685252137,0.14307043695926397
2,everything_in_user_tags,431, while,2049,5.0,cot,61.0,1645,5.0,0.011879015754684174,0.024735691145810042,0.1908649604971429,0.7725203326023627,0.1908649604971429
2,everything_in_user_tags,432, carrying,25328,5.0,cot,62.0,1646,5.0,0.0013068136603535485,0.0094869954656669,0.34947327341551404,0.6397329174584654,0.34947327341551404
2,everything_in_user_tags,433, all,722,5.0,cot,63.0,1647,5.0,0.00394541255476584,0.23743686570196634,0.29769324586975265,0.4609244758735151,0.29769324586975265
2,everything_in_user_tags,434, their,1043,5.0,cot,64.0,1648,5.0,0.005004138833347442,0.18273202396739618,0.11683738201192458,0.6954264551873318,0.11683738201192458
2,everything_in_user_tags,435, measurements,29039,5.0,cot,65.0,1649,5.0,0.01816919924670299,0.6633558418991569,0.1399578384463243,0.1785171204078159,0.1399578384463243
2,everything_in_user_tags,436, together,4717,5.0,cot,66.0,1650,5.0,0.021111884748833038,0.6417837299717384,0.18327310952923462,0.15383127575019392,0.18327310952923462
2,everything_in_user_tags,437,.,13,5.0,cot,67.0,1651,5.0,0.0005662110799357801,0.0011826018500872319,0.9626690645453263,0.03558212252465063,0.9626690645453263
2,everything_in_user_tags,438, The,623,5.0,cot,68.0,1652,5.0,8.566157747404805e-06,3.8987311437725176e-05,0.9315831866846126,0.06836925984620222,0.9315831866846126
2,everything_in_user_tags,439, answer,6052,5.0,cot,69.0,1653,5.0,5.212957888942626e-06,0.000385500996684729,0.9992949499423888,0.00031433610303755957,0.9992949499423888
2,everything_in_user_tags,440, should,1757,5.0,cot,70.0,1654,5.0,6.140294211977116e-08,1.5318844059957844e-06,0.9997969984449219,0.00020140826773018802,0.9997969984449219
2,everything_in_user_tags,441, also,1217,5.0,cot,71.0,1655,5.0,1.2540521108705136e-05,4.592396899400157e-05,0.991778828520857,0.008162706989040308,0.991778828520857
2,everything_in_user_tags,442, mention,8633,5.0,cot,72.0,1656,5.0,3.7632565761489785e-07,2.4569249071548828e-05,0.9989658985549629,0.0010091558703079913,0.9989658985549629
2,everything_in_user_tags,443, that,484,5.0,cot,73.0,1657,5.0,3.5757937034764915e-05,0.0002877021401252195,0.9713126488655053,0.028363891057334837,0.9713126488655053
2,everything_in_user_tags,444, point,2438,5.0,cot,74.0,1658,5.0,0.0002516697318574441,0.0012806505110492207,0.2295712642976303,0.768896415459463,0.2295712642976303
2,everything_in_user_tags,445,wise,7480,5.0,cot,75.0,1659,5.0,0.00041264656282642904,0.0006374456517843923,0.8639896901887468,0.13496021759664226,0.8639896901887468
2,everything_in_user_tags,446, intervals,49900,5.0,cot,76.0,1660,5.0,0.0011807689736079983,0.004222401382531625,0.03577508762643912,0.9588217420174213,0.03577508762643912
2,everything_in_user_tags,447, at,540,5.0,cot,77.0,1661,5.0,0.0007478585358764116,0.0047660044970765205,0.5163502615358818,0.47813587543116526,0.5163502615358818
2,everything_in_user_tags,448, many,1991,5.0,cot,78.0,1662,5.0,0.0007124644205471733,0.021117773620475067,0.8210485750611182,0.15712118689785945,0.8210485750611182
2,everything_in_user_tags,449, settings,8743,5.0,cot,79.0,1663,5.0,0.0018302636758813435,0.027413937030959085,0.6523416237404184,0.3184141755527412,0.6523416237404184
2,everything_in_user_tags,450, do,621,5.0,cot,80.0,1664,5.0,0.00010863882170212764,0.003895663818380117,0.06369531744455285,0.9323003799153649,0.06369531744455285
2,everything_in_user_tags,451, not,625,5.0,cot,81.0,1665,5.0,0.000277832430629963,0.0009641532202644883,0.3269161221151159,0.6718418922339896,0.3269161221151159
2,everything_in_user_tags,452, provide,3587,5.0,cot,82.0,1666,5.0,0.000296321916583795,0.00029821585173511956,0.24581271306606065,0.7535927491656204,0.24581271306606065
2,everything_in_user_tags,453, simultaneous,102894,5.0,cot,83.0,1667,5.0,0.0006649319533921064,0.00035852531244545053,0.22330060693401627,0.7756759358001463,0.22330060693401627
2,everything_in_user_tags,454, coverage,13422,5.0,cot,84.0,1668,5.0,0.008129107717842313,0.00304337091450646,0.38103850644253917,0.6077890149251121,0.38103850644253917
2,everything_in_user_tags,455, for,395,5.0,cot,85.0,1669,5.0,0.0007548617328359255,0.000849792870480711,0.4664757496329219,0.5319195957637615,0.4664757496329219
2,everything_in_user_tags,456, the,290,5.0,cot,86.0,1670,5.0,0.001158118531724369,0.008449486994924532,0.08394384394449776,0.9064485505288533,0.08394384394449776
2,everything_in_user_tags,457, whole,6062,5.0,cot,87.0,1671,5.0,0.0007946891662959387,0.0034288219902784377,0.7738515668196573,0.22192492202376837,0.7738515668196573
2,everything_in_user_tags,458, curve,27636,5.0,cot,88.0,1672,5.0,0.0016008398865869566,0.011487092588757587,0.14238785474330143,0.8445242127813539,0.14238785474330143
2,everything_in_user_tags,459,",",11,5.0,cot,89.0,1673,5.0,0.005940757846539448,0.045414266337621106,0.6113476851409805,0.33729729067485903,0.6113476851409805
2,everything_in_user_tags,460, without,2935,5.0,cot,90.0,1674,5.0,3.387634679539639e-05,0.00011402215078236955,0.4689727154321542,0.5308793860702681,0.4689727154321542
2,everything_in_user_tags,461, turning,21087,5.0,cot,91.0,1675,5.0,0.001150303291557233,0.0014800667171290776,0.682753130100262,0.3146164998910518,0.682753130100262
2,everything_in_user_tags,462, a,261,5.0,cot,92.0,1676,5.0,0.0006955530746896844,0.0003865571334412485,0.14425002482857247,0.8546678649632965,0.14425002482857247
2,everything_in_user_tags,463, simple,4705,5.0,cot,93.0,1677,5.0,0.030805665143125518,0.10321087070927976,0.5771711258025629,0.2888123383450317,0.5771711258025629
2,everything_in_user_tags,464, caption,42602,5.0,cot,94.0,1678,5.0,0.07740226900361774,0.6760731870115425,0.14014693298696948,0.10637761099787034,0.14014693298696948
2,everything_in_user_tags,465, into,1511,5.0,cot,95.0,1679,5.0,0.0010071629341842595,0.01268911673305996,0.898945340370872,0.08735837996188382,0.898945340370872
2,everything_in_user_tags,466, a,261,5.0,cot,96.0,1680,5.0,0.017968695337452576,0.6897482373092657,0.2816424101237606,0.010640657229521127,0.2816424101237606
2,everything_in_user_tags,467, statistics,21729,5.0,cot,97.0,1681,5.0,0.0017872620064006627,0.0002733202630991486,0.21131809229919238,0.7866213254313078,0.21131809229919238
2,everything_in_user_tags,468, tutorial,24000,5.0,cot,98.0,1682,5.0,0.0001268906161639223,0.00013042425784470622,0.7967613587738732,0.2029813263521181,0.7967613587738732
2,everything_in_user_tags,469,".
",558,5.0,cot,99.0,1683,5.0,1.550284952533761e-05,2.4358063135353638e-05,0.9845644989224209,0.015395640164918348,0.9845644989224209
2,everything_in_user_tags,470,The,976,6.0,assistant,1.0,1684,6.0,1.322410184729471e-07,4.573363165731019e-05,0.9973316343729794,0.0026224997543447147,0.9973316343729794
2,everything_in_user_tags,471, independent,13313,6.0,assistant,2.0,1685,6.0,0.0008130165087496894,0.008909434382116868,0.3960907676902289,0.5941867814189047,0.3960907676902289
2,everything_in_user_tags,472, sample,10176,6.0,assistant,3.0,1686,6.0,0.007797980563058422,0.03950724001689328,0.32069223002137226,0.6320025493986761,0.32069223002137226
2,everything_in_user_tags,473, size,2349,6.0,assistant,4.0,1687,6.0,0.028529537946673764,0.4230124385019627,0.22818536784541996,0.3202726557059436,0.22818536784541996
2,everything_in_user_tags,474, remains,14777,6.0,assistant,5.0,1688,6.0,9.886205231518516e-07,1.0830411174234847e-05,0.9766781105649858,0.023310070403316827,0.9766781105649858
2,everything_in_user_tags,475, the,290,6.0,assistant,6.0,1689,6.0,0.029830312008229266,0.17238119441420766,0.782883185501061,0.014905308076502232,0.782883185501061
2,everything_in_user_tags,476, number,2086,6.0,assistant,7.0,1690,6.0,5.177716996365662e-05,0.0009346802106282083,0.991595291652593,0.007418250966815186,0.991595291652593
2,everything_in_user_tags,477, of,328,6.0,assistant,8.0,1691,6.0,0.0014315706083797399,0.010842265003726485,0.8800499769670761,0.1076761874208177,0.8800499769670761
2,everything_in_user_tags,478, conversations,31594,6.0,assistant,9.0,1692,6.0,0.002170680153262557,0.012008708849761726,0.05573410137332464,0.930086509623651,0.05573410137332464
2,everything_in_user_tags,479,.,13,6.0,assistant,10.0,1693,6.0,0.013377371990718367,0.03508510904320986,0.5290065830852008,0.4225309358808711,0.5290065830852008
2,everything_in_user_tags,480, Additional,33202,6.0,assistant,11.0,1694,6.0,0.0008174131495517753,0.07698667398559417,0.5127142542584956,0.40948165860635855,0.5127142542584956
2,everything_in_user_tags,481, layers,22119,6.0,assistant,12.0,1695,6.0,0.0029156888062195274,0.8324954175077818,0.12311494323255132,0.04147395045344749,0.12311494323255132
2,everything_in_user_tags,482, and,326,6.0,assistant,13.0,1696,6.0,0.0025289142525103123,0.8068801603155689,0.07474431482403526,0.11584661060788558,0.07474431482403526
2,everything_in_user_tags,483, strengths,47860,6.0,assistant,14.0,1697,6.0,0.0007270639361291424,0.014759555893662736,0.5724870223387303,0.4120263578314779,0.5724870223387303
2,everything_in_user_tags,484, are,553,6.0,assistant,15.0,1698,6.0,0.003478435524291614,0.26781779222797447,0.6293332184293885,0.09937055381834538,0.6293332184293885
2,everything_in_user_tags,485, repeated,24161,6.0,assistant,16.0,1699,6.0,0.039325980304472694,0.15398396016212493,0.236519643674303,0.5701704158590993,0.236519643674303
2,everything_in_user_tags,486, measurements,29039,6.0,assistant,17.0,1700,6.0,0.018505835088164786,0.3098052973411998,0.03144940955575204,0.6402394580148834,0.03144940955575204
2,everything_in_user_tags,487, of,328,6.0,assistant,18.0,1701,6.0,0.0006763589795836197,0.000626251992353134,0.5157174225396488,0.48297996648841446,0.5157174225396488
2,everything_in_user_tags,488, those,2617,6.0,assistant,19.0,1702,6.0,0.0022410353677076596,0.001312387671485762,0.06525626281561664,0.9311903141451898,0.06525626281561664
2,everything_in_user_tags,489, same,2684,6.0,assistant,20.0,1703,6.0,0.0025651816472727143,0.0013773039517585499,0.09919918959219326,0.8968583248087755,0.09919918959219326
2,everything_in_user_tags,490, units,13306,6.0,assistant,21.0,1704,6.0,0.005397321415839224,0.0008437136564700201,0.1841254072468411,0.8096335576808498,0.1841254072468411
2,everything_in_user_tags,491,.,13,6.0,assistant,22.0,1705,6.0,0.0008102700338568509,0.0008945542873152403,0.4459070211389435,0.5523881545398844,0.4459070211389435
2,everything_in_user_tags,492, Keep,16835,6.0,assistant,23.0,1706,6.0,2.3035615470333306e-06,5.834713976189026e-05,0.9985163104386082,0.001423038860082827,0.9985163104386082
2,everything_in_user_tags,493, every,1753,6.0,assistant,24.0,1707,6.0,0.0005362853169913283,0.021280809799717214,0.7095473536874982,0.2686355511957933,0.7095473536874982
2,everything_in_user_tags,494, conversation,15681,6.0,assistant,25.0,1708,6.0,0.00010221550188502107,0.00010423368140562712,0.03183582667262107,0.9679577241440884,0.03183582667262107
2,everything_in_user_tags,495,'s,885,6.0,assistant,26.0,1709,6.0,0.0002204521922541834,0.0016570652099673474,0.09262757298223011,0.9054949096155483,0.09262757298223011
2,everything_in_user_tags,496, measurements,29039,6.0,assistant,27.0,1710,6.0,0.002063271859425905,0.0679816594721763,0.0832349423247628,0.846720126343635,0.0832349423247628
2,everything_in_user_tags,497, together,4717,6.0,assistant,28.0,1711,6.0,0.0015371834279890987,0.14986930080794036,0.22072371271190286,0.6278698030521677,0.22072371271190286
2,everything_in_user_tags,498, when,1261,6.0,assistant,29.0,1712,6.0,2.1162610027557472e-05,8.867951330032257e-05,0.26321579217409197,0.7366743657025802,0.26321579217409197
2,everything_in_user_tags,499, estimating,127789,6.0,assistant,30.0,1713,6.0,8.407346305308784e-05,0.0007565533042182496,0.261394830569379,0.7377645426633497,0.261394830569379
2,everything_in_user_tags,500, uncertainty,44942,6.0,assistant,31.0,1714,6.0,0.00010907324114514773,0.00026489707720399623,0.1080415478936973,0.8915844817879535,0.1080415478936973
2,everything_in_user_tags,501,;,26,6.0,assistant,32.0,1715,6.0,7.626026474312979e-06,0.00015515598787949959,0.9912240622880274,0.008613155697618778,0.9912240622880274
2,everything_in_user_tags,502, for,395,6.0,assistant,33.0,1716,6.0,0.00023147821340877768,0.0006623393085778016,0.9935294982090112,0.005576684269002231,0.9935294982090112
2,everything_in_user_tags,503, example,4994,6.0,assistant,34.0,1717,6.0,2.7087861054542486e-06,2.4655363072809868e-05,0.9859163830978241,0.01405625275299751,0.9859163830978241
2,everything_in_user_tags,504,",",11,6.0,assistant,35.0,1718,6.0,0.003952349009608666,0.11300728446653338,0.07880696714599367,0.8042333993778643,0.07880696714599367
2,everything_in_user_tags,505, res,694,6.0,assistant,36.0,1719,6.0,0.00024700301487333957,0.00020996486114097888,0.2607874390488074,0.7387555930751782,0.2607874390488074
2,everything_in_user_tags,506,ample,2262,6.0,assistant,37.0,1720,6.0,0.001007550103471818,0.0003722703121507387,0.1972948246935664,0.8013253548908109,0.1972948246935664
2,everything_in_user_tags,507, conversations,31594,6.0,assistant,38.0,1721,6.0,0.008831380441159936,0.023431118358734605,0.333561080821568,0.6341764203785375,0.333561080821568
2,everything_in_user_tags,508, and,326,6.0,assistant,39.0,1722,6.0,0.003278064197518296,0.004798687815573994,0.8788307611230085,0.1130924868638991,0.8788307611230085
2,everything_in_user_tags,509, carry,9852,6.0,assistant,40.0,1723,6.0,0.004771134353975341,0.031811604847735944,0.44579090018455647,0.5176263606137322,0.44579090018455647
2,everything_in_user_tags,510, their,1043,6.0,assistant,41.0,1724,6.0,0.011357950425521408,0.04542776001861773,0.08878784284189142,0.8544264467139694,0.08878784284189142
2,everything_in_user_tags,511, full,3149,6.0,assistant,42.0,1725,6.0,0.011181054001839106,0.37808818578497755,0.3644207792595356,0.2463099809536478,0.3644207792595356
2,everything_in_user_tags,512, set,920,6.0,assistant,43.0,1726,6.0,0.0028887442615966622,0.43558559081755394,0.028700373590285197,0.5328252913305643,0.028700373590285197
2,everything_in_user_tags,513, of,328,6.0,assistant,44.0,1727,6.0,3.404254436967429e-06,0.002428443654802206,0.03752923080152806,0.9600389212892328,0.03752923080152806
2,everything_in_user_tags,514, conditions,6409,6.0,assistant,45.0,1728,6.0,0.00144860097037641,0.015158252819897543,0.03593734945833785,0.9474557967513881,0.03593734945833785
2,everything_in_user_tags,515, through,1819,6.0,assistant,46.0,1729,6.0,0.010773896986427493,0.10003375781986366,0.20238276293056395,0.6868095822631448,0.20238276293056395
2,everything_in_user_tags,516, each,2454,6.0,assistant,47.0,1730,6.0,0.0035492335035475007,0.022823703513866138,0.5491189152318972,0.4245081477506893,0.5491189152318972
2,everything_in_user_tags,517, bootstrap,57493,6.0,assistant,48.0,1731,6.0,0.0003969793005170506,0.0013912284310768016,0.2627624875523837,0.7354493047160224,0.2627624875523837
2,everything_in_user_tags,518, replicate,86070,6.0,assistant,49.0,1732,6.0,0.002276916168006473,0.0033223901019013512,0.10328390522857875,0.8911167885015134,0.10328390522857875
2,everything_in_user_tags,519,.,13,6.0,assistant,50.0,1733,6.0,0.0005858885593995502,0.0023482704221666558,0.9686991147222157,0.028366726296218267,0.9686991147222157
2,everything_in_user_tags,520, In,730,6.0,assistant,51.0,1734,6.0,5.7797726225520284e-06,0.0006370752839687966,0.990187176311459,0.00916996863194961,0.990187176311459
2,everything_in_user_tags,521, the,290,6.0,assistant,52.0,1735,6.0,0.0011702936382419521,0.0038842993478380946,0.8046585230422656,0.19028688397165433,0.8046585230422656
2,everything_in_user_tags,522, caption,42602,6.0,assistant,53.0,1736,6.0,0.012317923805575755,0.03587434030615529,0.3903861416328712,0.5614215942553978,0.3903861416328712
2,everything_in_user_tags,523,",",11,6.0,assistant,54.0,1737,6.0,0.004836568100807518,0.0029894100992731414,0.5906442922418663,0.40152972955805305,0.5906442922418663
2,everything_in_user_tags,524, distinguish,59938,6.0,assistant,55.0,1738,6.0,0.0013387737366404636,0.004272683658050469,0.8959323757672425,0.0984561668380667,0.8959323757672425
2,everything_in_user_tags,525, the,290,6.0,assistant,56.0,1739,6.0,0.009182469084813889,0.040970637702419224,0.2491047086254832,0.7007421845872838,0.2491047086254832
2,everything_in_user_tags,526, conversation,15681,6.0,assistant,57.0,1740,6.0,0.00019299327486665475,8.402707584890112e-05,0.0024410639859519293,0.9972819156633326,0.0024410639859519293
2,everything_in_user_tags,527, count,3605,6.0,assistant,58.0,1741,6.0,0.0016914132268585928,0.002450051714000372,0.014325617287577214,0.9815329177715638,0.014325617287577214
2,everything_in_user_tags,528, from,591,6.0,assistant,59.0,1742,6.0,0.0020828925667073918,0.0014582089324708261,0.18819263974013598,0.8082662587606858,0.18819263974013598
2,everything_in_user_tags,529, the,290,6.0,assistant,60.0,1743,6.0,0.0014008650767883281,0.022640939179685838,0.630296539756938,0.34566165598658777,0.630296539756938
2,everything_in_user_tags,530, number,2086,6.0,assistant,61.0,1744,6.0,0.0014175592121054741,0.33295446203307927,0.6093426752789886,0.056285303475826706,0.6093426752789886
2,everything_in_user_tags,531, of,328,6.0,assistant,62.0,1745,6.0,0.003818826733260145,0.020223388963969132,0.02679374324841693,0.9491640410543538,0.02679374324841693
2,everything_in_user_tags,532, plotted,155187,6.0,assistant,63.0,1746,6.0,0.001013826127428407,0.012918137274967165,0.12707909524472447,0.85898894135288,0.12707909524472447
2,everything_in_user_tags,533, settings,8743,6.0,assistant,64.0,1747,6.0,0.00023121297411005673,0.01915090787328609,0.03450338822837015,0.9461144909242337,0.03450338822837015
2,everything_in_user_tags,534,.,13,6.0,assistant,65.0,1748,6.0,0.0014903177205014303,0.0007020717078514731,0.16494618876964742,0.8328614218019996,0.16494618876964742
2,everything_in_user_tags,535, State,5388,6.0,assistant,66.0,1749,6.0,0.00016263930259795864,6.510620987920125e-05,0.9660107626730031,0.03376149181451964,0.9660107626730031
2,everything_in_user_tags,536, whether,5588,6.0,assistant,67.0,1750,6.0,0.0005404275318855204,0.00022669162969516255,0.6511152418003829,0.3481176390380363,0.6511152418003829
2,everything_in_user_tags,537, intervals,49900,6.0,assistant,68.0,1751,6.0,0.00012976431439352582,4.63886096557075e-05,0.010789918759880938,0.9890339283160698,0.010789918759880938
2,everything_in_user_tags,538, are,553,6.0,assistant,69.0,1752,6.0,0.0010303393985677484,0.0002949622887610238,0.8772766093294416,0.12139808898322968,0.8772766093294416
2,everything_in_user_tags,539, point,2438,6.0,assistant,70.0,1753,6.0,0.004492131885085402,0.01815130564977252,0.7008265960811826,0.27652996638395955,0.7008265960811826
2,everything_in_user_tags,540,wise,7480,6.0,assistant,71.0,1754,6.0,0.004020159435219411,0.0037437369428958743,0.6287308232973517,0.36350528032453283,0.6287308232973517
2,everything_in_user_tags,541, or,503,6.0,assistant,72.0,1755,6.0,0.00037068977480263357,4.439754810972868e-05,0.9602728561654432,0.039312056511644405,0.9602728561654432
2,everything_in_user_tags,542, intended,15663,6.0,assistant,73.0,1756,6.0,2.2227376053000164e-05,9.074416031268072e-07,0.06248268210415468,0.9374941830781891,0.06248268210415468
2,everything_in_user_tags,543, to,316,6.0,assistant,74.0,1757,6.0,0.004982062222928364,0.003614061231233548,0.29404200338121134,0.6973618731646267,0.29404200338121134
2,everything_in_user_tags,544, cover,4321,6.0,assistant,75.0,1758,6.0,0.00033325139071098994,1.0380568244343431e-05,0.011749522753037898,0.9879068452880068,0.011749522753037898
2,everything_in_user_tags,545, the,290,6.0,assistant,76.0,1759,6.0,0.0007630104070919831,0.0042274726722070066,0.02963425998670429,0.9653752569339967,0.02963425998670429
2,everything_in_user_tags,546, entire,6508,6.0,assistant,77.0,1760,6.0,0.00028926213061145604,0.0001652566402443253,0.1889254345503736,0.8106200466787705,0.1889254345503736
2,everything_in_user_tags,547, curve,27636,6.0,assistant,78.0,1761,6.0,9.774315825056013e-05,0.0001901865808029076,0.015372018072038383,0.9843400521889082,0.015372018072038383
2,everything_in_user_tags,548,.,13,6.0,assistant,79.0,1762,6.0,0.0014000329410841861,0.0009346954757463298,0.8912407607211031,0.10642451086206622,0.8912407607211031
2,everything_in_user_tags,549, If,1843,6.0,assistant,80.0,1763,6.0,0.0002532902794597689,0.000974971767565246,0.916555299354942,0.08221643859803308,0.916555299354942
2,everything_in_user_tags,550, you,481,6.0,assistant,81.0,1764,6.0,0.00018901245312775498,0.003955312396216706,0.9955131222936974,0.0003425528569582633,0.9955131222936974
2,everything_in_user_tags,551, choose,5655,6.0,assistant,82.0,1765,6.0,6.20088253207024e-05,2.9149320759128444e-05,0.7842541866430675,0.21565465521085275,0.7842541866430675
2,everything_in_user_tags,552, a,261,6.0,assistant,83.0,1766,6.0,0.0006631342159263743,0.002063371801522682,0.5497210182617351,0.44755247572081575,0.5497210182617351
2,everything_in_user_tags,553, layer,10261,6.0,assistant,84.0,1767,6.0,0.010186613533090071,0.33529271287382456,0.34680690151674143,0.30771377207634387,0.34680690151674143
2,everything_in_user_tags,554, or,503,6.0,assistant,85.0,1768,6.0,0.004263662403045311,0.002940279055100409,0.5944471996082775,0.39834885893357674,0.5944471996082775
2,everything_in_user_tags,555, strength,9386,6.0,assistant,86.0,1769,6.0,0.00147154281266786,0.0038933879667711387,0.16099026152654558,0.8336448076940155,0.16099026152654558
2,everything_in_user_tags,556, after,1934,6.0,assistant,87.0,1770,6.0,0.011652602199809676,0.002248668464623443,0.2638804816003712,0.7222182477351957,0.2638804816003712
2,everything_in_user_tags,557, inspecting,192152,6.0,assistant,88.0,1771,6.0,0.00016869108141981035,0.00016966924020855176,0.7365362760843148,0.2631253635940568,0.7365362760843148
2,everything_in_user_tags,558, these,1879,6.0,assistant,89.0,1772,6.0,0.000561287565856895,0.0004814373836156814,0.654577461087696,0.3443798139628315,0.654577461087696
2,everything_in_user_tags,559, results,4376,6.0,assistant,90.0,1773,6.0,0.0010528139072028431,0.0027345697617958452,0.20399379010008759,0.7922188262309138,0.20399379010008759
2,everything_in_user_tags,560,",",11,6.0,assistant,91.0,1774,6.0,0.006366125314704252,4.138978741672113e-05,0.3651455031467638,0.6284469817511152,0.3651455031467638
2,everything_in_user_tags,561, describe,12886,6.0,assistant,92.0,1775,6.0,0.0030584305851764364,0.0015180911242020129,0.41627009598274517,0.5791533823078763,0.41627009598274517
2,everything_in_user_tags,562, that,484,6.0,assistant,93.0,1776,6.0,0.003124857049690617,0.0007278523398757578,0.12338453898077377,0.8727627516296599,0.12338453898077377
2,everything_in_user_tags,563, selection,8441,6.0,assistant,94.0,1777,6.0,3.457482431995936e-05,7.038185916278128e-06,0.011595439489549192,0.9883629475002146,0.011595439489549192
2,everything_in_user_tags,564, and,326,6.0,assistant,95.0,1778,6.0,0.0010172385799575917,0.00022806081205608428,0.190223364136579,0.8085313364714074,0.190223364136579
2,everything_in_user_tags,565, use,1199,6.0,assistant,96.0,1779,6.0,0.00038766193630814964,9.75110970962392e-05,0.7631375765862461,0.23637725038034943,0.7631375765862461
2,everything_in_user_tags,566, new,620,6.0,assistant,97.0,1780,6.0,4.1168736762914915e-05,0.00018021634562189273,0.7884529068026787,0.21132570811493662,0.7884529068026787
2,everything_in_user_tags,567, conversations,31594,6.0,assistant,98.0,1781,6.0,0.012668662410074258,0.035745423287382255,0.8758514638790588,0.07573445042348466,0.8758514638790588
2,everything_in_user_tags,568, for,395,6.0,assistant,99.0,1782,6.0,0.0010639068807294875,0.0006623127972448743,0.9317047933978555,0.06656898692417025,0.9317047933978555
2,everything_in_user_tags,569, a,261,6.0,assistant,100.0,1783,6.0,0.0009395762668388022,0.0021080168549634398,0.2623060281299084,0.7346463787482894,0.2623060281299084
2,everything_in_user_tags,570, later,4849,6.0,assistant,101.0,1784,6.0,8.159940149133081e-05,0.0006166975419124823,0.9598904300936953,0.039411272962901006,0.9598904300936953
2,everything_in_user_tags,571, confirm,7620,6.0,assistant,102.0,1785,6.0,0.00019965860308839568,0.00022665647532975938,0.8934317593158496,0.10614192560573224,0.8934317593158496
2,everything_in_user_tags,572,atory,7295,6.0,assistant,103.0,1786,6.0,0.00021740526009792017,0.0021610963875794095,0.8486222391028764,0.14899925924944626,0.8486222391028764
2,everything_in_user_tags,573, check,2371,6.0,assistant,104.0,1787,6.0,0.0004684181178857376,0.0026431106148357636,0.9799936615758883,0.016894809691390206,0.9799936615758883
2,everything_in_user_tags,574,.,13,6.0,assistant,105.0,1788,6.0,0.00018805095226730512,2.7514435978527024e-05,0.9446548228190743,0.055129611792679785,0.9446548228190743
2,everything_in_user_tags,575, The,623,6.0,assistant,106.0,1789,6.0,1.9542831358551293e-05,0.0007562646055829361,0.5369163658582973,0.4623078267047613,0.5369163658582973
2,everything_in_user_tags,576, extra,5018,6.0,assistant,107.0,1790,6.0,0.000519246664517009,0.003644726474015876,0.24577578870640937,0.7500602381550577,0.24577578870640937
2,everything_in_user_tags,577, measurements,29039,6.0,assistant,108.0,1791,6.0,0.007175312685063257,0.4571663621656644,0.23652165821810545,0.2991366669311669,0.23652165821810545
2,everything_in_user_tags,578, improve,8400,6.0,assistant,109.0,1792,6.0,3.395964096719614e-05,1.223304463770712e-05,0.2374133850186563,0.7625404222957387,0.2374133850186563
2,everything_in_user_tags,579, detail,10851,6.0,assistant,110.0,1793,6.0,0.00023307221778979444,0.0029452199790790208,0.17001044713150815,0.826811260671623,0.17001044713150815
2,everything_in_user_tags,580,",",11,6.0,assistant,111.0,1794,6.0,0.03402815061910274,0.27376958519340766,0.6502153978470778,0.04198686634041167,0.6502153978470778
2,everything_in_user_tags,581, while,2049,6.0,assistant,112.0,1795,6.0,0.0001456830986994169,0.00019354136412729796,0.768554001581771,0.23110677395540216,0.768554001581771
2,everything_in_user_tags,582, additional,6623,6.0,assistant,113.0,1796,6.0,0.011268649470553256,0.07416527246519533,0.7506279929926952,0.16393808507155627,0.7506279929926952
2,everything_in_user_tags,583, independent,13313,6.0,assistant,114.0,1797,6.0,0.06345441550391029,0.03754874749477497,0.6426912878058608,0.2563055491954539,0.6426912878058608
2,everything_in_user_tags,584, conversations,31594,6.0,assistant,115.0,1798,6.0,0.03177473915709303,0.07032043864976241,0.756322929849549,0.14158189234359547,0.756322929849549
2,everything_in_user_tags,585, improve,8400,6.0,assistant,116.0,1799,6.0,0.002722350770719065,0.0011472821948250121,0.723510564391589,0.2726198026428669,0.723510564391589
2,everything_in_user_tags,586, the,290,6.0,assistant,117.0,1800,6.0,0.02801694067662138,0.4348712813835188,0.42381705066447695,0.11329472727538276,0.42381705066447695
2,everything_in_user_tags,587, basis,9571,6.0,assistant,118.0,1801,6.0,0.005824381415207511,0.004533202144319101,0.2232653328916034,0.76637708354887,0.2232653328916034
2,everything_in_user_tags,588, for,395,6.0,assistant,119.0,1802,6.0,0.014747898783303327,0.007919595994292128,0.3675028819651859,0.6098296232572187,0.3675028819651859
2,everything_in_user_tags,589, general,5985,6.0,assistant,120.0,1803,6.0,0.030066206407463693,0.0054457450244127445,0.1666984102583685,0.7977896383097551,0.1666984102583685
2,everything_in_user_tags,590,ization,2860,6.0,assistant,121.0,1804,6.0,0.006298980727666078,0.0029173176114280414,0.20938806967582907,0.7813956319850768,0.20938806967582907
2,everything_in_user_tags,591,.,13,6.0,assistant,122.0,1805,6.0,0.00012264631285768016,4.90529314004142e-05,0.9411176496689962,0.058710651086745676,0.9411176496689962
2,everything_in_user_tags,592,<|end|>,200007,,,,1806,,0.0005973102266688727,0.05054513829207008,0.948745615103603,0.00011193637765794525,0.948745615103603
