sample_ix,display_token_ix,base_message_type,seg_ix,offset_fraction,edited_role,sign,p_system,p_user,p_cot,p_assistant,p_tool
978,1,user,2,0.01,user,-1,0.0008083411595853495,0.14051279483656542,0.01706328205274609,6.108195485311955e-06,0.8416094737556179
979,2,user,2,0.01,user,-1,0.0006940475137401686,0.9767997612614194,0.00014438997038266325,5.1759209094459345e-08,0.022361749495248658
980,3,user,2,0.01,user,-1,0.0014245242673211421,0.19566599528899284,0.007144099576318402,2.0687346725559007e-06,0.795763312132695
981,4,user,2,0.01,user,-1,0.00789826240664577,0.7331087340388395,0.006429323148492834,4.684028184667958e-05,0.2525168401241752
982,5,user,2,0.01,user,-1,0.0015227637180309094,0.9825646659116871,0.00048575340118746043,7.113944869059421e-06,0.015419703024225422
983,6,user,2,0.01,user,-1,0.05237964049213767,0.9008576749458995,0.004175205389698101,1.8750315976812046e-05,0.04256872885628808
984,7,user,2,0.01,user,-1,0.0022909461041812056,0.9784775065746595,0.0008438239895392885,1.4281346740554096e-05,0.018373441984879377
985,8,user,2,0.01,user,-1,0.00017716689366911178,0.9972295906548662,1.5840462013403037e-05,3.094292927933834e-08,0.0025773710465217003
986,9,user,2,0.01,user,-1,0.003904698333921999,0.8882692342704885,0.0037227681449913176,1.8995742551514014e-05,0.10408430350804664
987,10,user,2,0.01,user,-1,0.0011695862268395257,0.8375983697810973,0.010860640326151845,0.00016673294968907584,0.15020467071622234
988,11,user,2,0.01,user,-1,0.0008409852637655361,0.9950844656777132,0.00010726346715668614,2.3841429317440313e-09,0.003967283207221758
989,12,user,2,0.01,user,-1,0.00022100425420104055,0.8695392935612198,0.006456436680744725,3.028191396236542e-08,0.12378323522192032
990,13,user,2,0.01,user,-1,0.026902782297347737,0.9671260540444824,0.0008013880422850827,6.09693723609399e-08,0.005169714646512398
991,14,user,2,0.01,user,-1,0.0004917911566241609,0.9989900199528211,8.356116657853205e-05,2.1889951398243912e-07,0.00043440882446237007
992,15,user,2,0.01,user,-1,0.026749581651817664,0.9411278714778998,0.007171229654259595,8.284392066770216e-05,0.02486847329535546
993,16,user,2,0.01,user,-1,0.001544364905379424,0.9276208815439236,0.013054535431587962,3.7946562314666787e-06,0.05777642346287755
994,17,user,2,0.01,user,-1,0.0020534938914971287,0.6453906545497871,0.04913716506356693,3.6002442204281046e-06,0.3034150862509285
995,18,user,2,0.01,user,-1,0.0012910705823072084,0.8839850358692463,0.0493609129740574,1.883918057979104e-06,0.06536109665633143
996,19,user,2,0.01,user,-1,0.001216229880161164,0.7811522296406983,0.023755743004229977,6.65080208518475e-07,0.19387513239470214
997,20,user,2,0.01,user,-1,0.0015935658433257035,0.972445527249373,0.010375788267760866,3.8031092469864507e-07,0.015584738328615661
998,21,user,2,0.01,user,-1,0.022289772051966212,0.8841433717323807,0.02094232484730071,4.7864188378925395e-05,0.07257666717997331
999,22,user,2,0.01,user,-1,0.007923558732142757,0.9067553206375223,0.02909206808970285,2.645429889196268e-05,0.0562025982417401
1000,23,user,2,0.01,user,-1,0.02366931021549749,0.8209679871790974,0.012357763984732156,5.181648706497218e-05,0.14295312213360803
1001,24,user,2,0.01,user,-1,0.002136892695335761,0.9524260131356512,0.005959463966924103,0.00017346073086129592,0.039304169471227654
1002,25,user,2,0.01,user,-1,3.329643253554928e-05,0.9995927171536332,9.541085778947836e-06,2.0802944930369194e-07,0.00036423729860290776
1003,26,user,2,0.01,user,-1,0.0005602706717504637,0.9732828946492235,0.010916238179963856,5.19094150349896e-07,0.015240077404911968
1004,27,user,2,0.01,user,-1,0.001379852035856407,0.5456400967392254,0.3900265692764727,2.6316907005999724e-06,0.06295085025774486
1005,28,user,2,0.01,user,-1,0.0022193409557852753,0.8976394156333799,0.007735101086413784,0.00011538326859837565,0.09229075905582265
1006,29,user,2,0.01,user,-1,0.002478668344858999,0.9538573088933319,0.005862559579884892,0.03638656210370015,0.0014149010782242065
1007,30,user,2,0.01,user,-1,0.00959570726416258,0.9681028807739535,0.00228683954488021,0.001434942742384632,0.018579629674619305
1008,31,user,2,0.01,user,-1,0.0009013784983511183,0.9958742073450872,0.000673492282240966,0.0009868795649798383,0.0015640423093409924
1009,32,user,2,0.01,user,-1,0.0026809258346227076,0.9933545071026064,0.00036037899921779527,0.0006713342431953914,0.00293285382035786
1010,33,user,2,0.01,user,-1,0.0013019500325686104,0.9576205897900183,0.006559401864987802,1.9221277140643094e-05,0.03449883703528449
1011,34,user,2,0.01,user,-1,0.0025568690785152713,0.9415189968609768,0.001145541873588589,7.041368356441937e-05,0.05470817850335472
1012,35,user,2,0.01,user,-1,0.0003854671448623544,0.979979963711373,0.010025524976652432,1.617025362694049e-05,0.009592873913485343
1013,36,user,2,0.01,user,-1,0.00018466509316813088,0.971206960642607,0.004229855947717395,2.3827097508010497e-06,0.024376135606756662
1014,37,user,2,0.01,user,-1,0.0007839512430752004,0.8268610808810324,0.0008424001967953364,2.013415690833516e-05,0.1714924335221887
1015,38,user,2,0.01,user,-1,0.00013085261393667975,0.9936465334279256,9.01616267005677e-05,9.690237770087922e-06,0.006122762093667185
1016,39,user,2,0.01,user,-1,7.254173900509897e-05,0.9980218371509826,0.00014084475150376858,3.441217590798474e-05,0.00173036418260086
1017,40,user,2,0.01,user,-1,0.0003559585173629943,0.9982713907196649,0.0005000606196948625,4.09083397863365e-05,0.0008316818034908447
1018,41,user,2,0.01,user,-1,2.9102544906849545e-05,0.9950748338614221,0.0030008629806428737,1.0916942076320402e-06,0.0018941089188202107
1019,42,user,2,0.01,user,-1,0.0002139719427577859,0.9613383058646413,0.0030896966538892794,0.00010088580772706327,0.0352571397309845
1020,43,user,2,0.01,user,-1,0.00022173246815558993,0.9858737244794524,0.0004049794968023518,3.1817090713184276e-05,0.013467746464876315
1021,44,user,2,0.01,user,-1,0.00031125120810786267,0.9755984658450435,0.0013544645853031528,9.017530390098208e-05,0.022645643057644497
1023,45,cot,3,0.01,user,-1,7.230335261908735e-09,1.0548438469209184e-06,0.9783162804910216,2.6113211241581e-05,0.021656544223554345
1024,46,cot,3,0.01,user,-1,2.8843699542960563e-08,9.130626426490579e-06,0.9222073087662147,4.257306648674038e-06,0.07777927445701042
1025,47,cot,3,0.01,user,-1,1.7435201108603517e-09,3.013578466631559e-07,0.9427503748913045,2.1848058353064602e-06,0.05724713720149338
1026,48,cot,3,0.01,user,-1,1.2920637622246583e-07,3.116475054274976e-05,0.9683955576055274,0.0004757561705316074,0.03109739226702216
1027,49,cot,3,0.01,user,-1,1.8783784071276254e-06,0.0019441729104463755,0.48797369986327294,5.2252103946401454e-05,0.5100279967439272
1028,50,cot,3,0.01,user,-1,1.2646674500924123e-07,2.2805296131927915e-05,0.38740733186120074,6.935514455663017e-06,0.6125628008614666
1029,51,cot,3,0.01,user,-1,4.795201424459963e-07,0.00012848881161053462,0.8780953697783125,0.00013402517765150697,0.121641636712283
1030,52,cot,3,0.01,user,-1,1.6563468803472432e-07,1.4118840745925901e-05,0.90922563437048,0.0004942626420617111,0.09026581851202445
1031,53,cot,3,0.01,user,-1,7.662768519694821e-11,5.766958828712812e-09,0.9956853994738867,1.537515719713698e-05,0.0042992195253296886
1032,54,cot,3,0.01,user,-1,1.2168609791426733e-07,1.2847891595696454e-05,0.9576646568634802,0.00010780038204028324,0.042214573176786
1033,55,cot,3,0.01,user,-1,4.751910701761657e-05,0.007290918323056481,0.40452392547647387,0.0004866613709058831,0.5876509757225461
1034,56,cot,3,0.01,user,-1,9.46968038638653e-06,0.012609083967442047,0.7203299893276942,0.00013543422846827528,0.26691602279600907
1035,57,cot,3,0.01,user,-1,2.5519307878425663e-05,0.360617909091312,0.18992798006138106,0.0003257099593637465,0.4491028815800648
1036,58,cot,3,0.01,user,-1,1.1457802713327162e-07,0.00041870843911907254,0.909624892029974,2.41027500562136e-05,0.08993218220282356
1037,59,cot,3,0.01,user,-1,6.450491865401948e-05,0.010751564031823108,0.835932469173257,0.13281124319338758,0.020440218682878195
1038,60,cot,3,0.01,user,-1,6.712475320950292e-07,0.0007656213435161732,0.8743164054597582,0.00019448014842986534,0.12472282180076369
1039,61,cot,3,0.01,user,-1,0.00011667261794761454,0.5237271096263632,0.3462513905859557,0.0754230103694418,0.054481816800291676
1040,62,cot,3,0.01,user,-1,4.873318612017951e-06,0.002014343102395716,0.9458041729605153,0.0010690223141931678,0.05110758830428373
1041,63,cot,3,0.01,user,-1,5.1700427016292026e-05,0.06422467678112904,0.5008244612779933,0.22158859433656625,0.21331056717729516
1042,64,cot,3,0.01,user,-1,1.911838950725863e-06,0.000983459337921683,0.8803481925582483,2.3949006513431457e-05,0.1186424872583659
1043,65,cot,3,0.01,user,-1,4.964407216303909e-07,0.00017563589710870367,0.8159734066027934,0.0006839608287223538,0.1831665002306539
1044,66,cot,3,0.01,user,-1,1.8172166841739324e-06,0.000253611714754183,0.6008376194661812,0.005910296234482366,0.3929966553678982
1045,67,cot,3,0.01,user,-1,4.324527181602347e-05,0.006963596856307712,0.6510628107042207,0.007091636949520286,0.3348387102181353
1046,68,cot,3,0.01,user,-1,1.474195253176899e-11,5.186476256288825e-09,0.9994855994157311,1.3167703553815917e-05,0.0005012276794968231
1047,69,cot,3,0.01,user,-1,1.6165153191776076e-10,7.064521218288694e-10,0.9937249434877173,0.0005312076981989171,0.0057438479459801925
1048,70,cot,3,0.01,user,-1,7.767615771873062e-09,3.820491708361925e-07,0.9505384755769496,5.318650265560409e-06,0.04945581595599825
1049,71,cot,3,0.01,user,-1,2.9312711450583907e-07,5.717711229163583e-05,0.8540175053182651,6.124236032696902e-06,0.145918900206296
1050,72,cot,3,0.01,user,-1,1.0376951941630514e-07,0.0002609737179824854,0.9126463874620693,0.0001317993420666017,0.08696073570836234
1051,73,cot,3,0.01,user,-1,1.8839091645403294e-10,2.0133181388367422e-07,0.9981898021297121,1.5637089962453234e-05,0.0017943592601206424
1052,74,cot,3,0.01,user,-1,4.105693511898336e-11,1.6608036692048593e-08,0.9277697404831202,1.686157623939172e-05,0.07221338129154674
1053,75,cot,3,0.01,user,-1,5.013994664539712e-09,7.378654954579955e-08,0.6195465649039148,8.607960641355538e-05,0.3803672766891275
1054,76,cot,3,0.01,user,-1,4.7233581282452136e-07,3.2773957402861633e-05,0.9520265209041813,0.00025322462290785255,0.04768700817969519
1055,77,cot,3,0.01,user,-1,9.273902926531434e-08,1.3389611378229295e-06,0.8377785336817614,2.0721710286356787e-05,0.16219931290778533
1056,78,cot,3,0.01,user,-1,8.58953992043289e-08,2.2494885654418803e-05,0.9779607470617584,0.0001921686486610411,0.021824503508527028
1057,79,cot,3,0.01,user,-1,4.084566923562574e-06,6.87459094101369e-05,0.9767474045184916,0.012267204572752677,0.01091256043242198
1058,80,cot,3,0.01,user,-1,4.863776684358899e-10,1.1270433655541514e-08,0.9957367274189425,0.00010632412012756255,0.004156936704118575
1059,81,cot,3,0.01,user,-1,2.988897268876396e-08,3.5393357569350632e-06,0.9586308092048095,0.0002376223715772675,0.04112799919888371
1060,82,cot,3,0.01,user,-1,2.1709876255022818e-05,0.00010673685396501204,0.8734930337808587,0.007346046588185944,0.11903247290073529
1061,83,cot,3,0.01,user,-1,6.131917492574348e-06,9.961970944895352e-05,0.9669108625787128,0.00048323853876212653,0.03250014725558354
1062,84,cot,3,0.01,user,-1,2.5843887646465275e-11,5.355756861702502e-10,0.9992625727106297,0.00010120660979763478,0.0006362201181531293
1063,85,cot,3,0.01,user,-1,1.4291048650100325e-12,3.5706516500085934e-12,0.9995246545223329,0.0003736027126944647,0.00010174275997285989
1064,86,cot,3,0.01,user,-1,5.982909377535184e-11,9.12297564092133e-10,0.9913140541994404,0.003596160593270303,0.005089784235162765
1065,87,cot,3,0.01,user,-1,1.4086369720266477e-08,1.8508742620425567e-07,0.941358386284068,0.05850211002447874,0.00013930451765750733
1066,88,cot,3,0.01,user,-1,3.536316542013375e-08,5.353169693918888e-07,0.936598560805712,0.04774455706329643,0.01565631145085669
1067,89,cot,3,0.01,user,-1,6.017554768911604e-07,4.4845148284489165e-07,0.7473126797128677,0.2334161257221511,0.019270144358021456
1068,90,cot,3,0.01,user,-1,1.1810380382004146e-07,3.8099741634207927e-07,0.9288308999304867,0.05186005039964792,0.019308550568645024
1069,91,cot,3,0.01,user,-1,4.1513819617847717e-07,8.212635541332684e-06,0.8791306769287708,0.03860055386752128,0.08226014142997029
1070,92,cot,3,0.01,user,-1,6.245547839174055e-08,7.2855255790135e-07,0.9497044223631229,0.04889237117715709,0.0014024154516836108
1071,93,cot,3,0.01,user,-1,7.342763042951962e-12,6.989187624288648e-12,0.9641613235378049,0.03575497327879851,8.370316906473031e-05
1072,94,cot,3,0.01,user,-1,2.671980819951768e-10,4.403580682098848e-09,0.9916320835595477,0.0028713815772970193,0.005496530192376516
1073,95,cot,3,0.01,user,-1,4.752801821992546e-08,8.112485263033659e-07,0.9560312581811106,0.010114818529012195,0.03385306451333264
1074,96,cot,3,0.01,user,-1,6.441653623352807e-10,1.871086636773982e-08,0.9885014177101431,0.008614614729712004,0.0028839482051133064
1075,97,cot,3,0.01,user,-1,2.219372980407312e-08,1.931218620132074e-07,0.9160040520539983,0.01051708607041111,0.07347864655999882
1076,98,cot,3,0.01,user,-1,7.606255551175677e-09,7.060259254893855e-08,0.9460423405544796,0.017666264087383435,0.036291317149288946
1077,99,cot,3,0.01,user,-1,7.074594819876304e-07,8.647594973371242e-06,0.8543768334469822,0.0023365327061162437,0.1432772787924462
1078,100,cot,3,0.01,user,-1,9.357450862858926e-07,2.6137301754200605e-06,0.47342827358265005,0.07119701480132838,0.45537116214076
1079,101,cot,3,0.01,user,-1,1.625905411823689e-05,0.0007842771311011173,0.44133668516019725,0.15420853339858234,0.4036542452560011
1080,102,cot,3,0.01,user,-1,3.347163119414048e-08,3.4873183937964655e-07,0.7194703310407345,0.0692914632020366,0.21123782355375825
1081,103,cot,3,0.01,user,-1,1.7697622305062565e-06,1.312067704101124e-06,0.38124909294819515,0.1786844167463117,0.4400634084755586
1082,104,cot,3,0.01,user,-1,1.4287203393391086e-07,6.421172103090405e-07,0.5915383835910933,0.27663284974272984,0.13182798167693247
1083,105,cot,3,0.01,user,-1,5.996578546965744e-10,2.6704690219820484e-09,0.9791126361419955,0.01978989121095899,0.0010974693769185777
1084,106,cot,3,0.01,user,-1,6.1958811685016735e-09,1.2271741173022947e-07,0.9508901020333799,0.023936128768265754,0.025173640285061624
1085,107,cot,3,0.01,user,-1,9.746258513270792e-05,0.0011775280871954169,0.47445510141346414,0.4924557038156763,0.03181420409853147
1086,108,cot,3,0.01,user,-1,1.7811368962907084e-05,0.00010221910631208514,0.37145198771536064,0.5590468503075375,0.0693811315018268
1087,109,cot,3,0.01,user,-1,1.9143517771773214e-08,5.154891633674732e-07,0.6522299905802289,0.3418573448187546,0.005912129968335237
1088,110,cot,3,0.01,user,-1,0.00018574423391655776,0.02390152459681343,0.35830330733672305,0.5838139362419584,0.033795487590588605
1089,111,cot,3,0.01,user,-1,4.866170158979651e-06,1.3222007476659e-05,0.8102703916348725,0.07969678855398257,0.11001473163350921
1090,112,cot,3,0.01,user,-1,2.40941261968664e-07,2.427193288425347e-06,0.025070558452826363,0.9736408344284947,0.001285938984128516
1091,113,cot,3,0.01,user,-1,1.8136408356502346e-07,1.5809799675357613e-07,0.0607125886262151,0.9385592575945947,0.00072781431710999
1092,114,cot,3,0.01,user,-1,7.413259278057719e-07,7.381795656427073e-06,0.9616133844332235,0.017168662798921805,0.021209829646270346
1093,115,cot,3,0.01,user,-1,0.0011840675527245036,0.0023211497711499904,0.029136336683666053,0.005365333612043933,0.9619931123804155
1094,116,cot,3,0.01,user,-1,0.00019084159738051395,0.00016708411237064194,0.025256020263279548,0.031212453894472244,0.943173600132497
1095,117,cot,3,0.01,user,-1,1.3438901451676165e-06,3.497390918600041e-07,0.5803076435519613,0.09667847469692005,0.3230121881218816
1096,118,cot,3,0.01,user,-1,1.687722932459913e-05,9.1905368245687e-05,0.3255802843985197,0.325168232186291,0.34914270081761906
1097,119,cot,3,0.01,user,-1,4.0917524825755914e-07,2.4845918447092914e-07,0.7719357125609972,0.03534836132770797,0.19271526847686196
1098,120,cot,3,0.01,user,-1,0.00025945749062448347,0.005052491586659798,0.400690483072359,0.0027006983258488397,0.5912968695245078
1099,121,cot,3,0.01,user,-1,3.4610705516419577e-09,1.2796508610283126e-08,0.9806596643869816,0.013120947886322981,0.006219371469116316
1100,122,cot,3,0.01,user,-1,2.7160732102480828e-09,3.296882870023218e-08,0.8353886184656129,0.1484957370607596,0.016115608788725696
1101,123,cot,3,0.01,user,-1,1.1269450522715573e-05,7.124121029969529e-05,0.8026351823727744,0.019983332731676212,0.17729897423472687
1102,124,cot,3,0.01,user,-1,6.493784930594763e-08,1.0532407851808627e-06,0.7953451158714181,0.16025062048765892,0.0444031454622884
1103,125,cot,3,0.01,user,-1,6.30387312546933e-09,3.5134975191688924e-09,0.8573298795286216,0.13632476870147028,0.006345341952537526
1104,126,cot,3,0.01,user,-1,4.164562906030673e-09,7.918009458867862e-10,0.6533395504083183,0.34459646350821843,0.0020639811270995677
1106,127,assistant,4,0.01,user,-1,3.467873949696235e-13,1.8809344165227456e-12,0.035115682036833094,0.964883002702232,1.31525870718736e-06
1107,128,assistant,4,0.01,user,-1,6.300049567108005e-13,4.191277025511752e-12,0.0018337147206960226,0.9981661720467063,1.1322777631241672e-07
1108,129,assistant,4,0.01,user,-1,9.05941982688661e-13,7.431307037704485e-13,0.006055202713088662,0.9939447702849784,2.7000283837325474e-08
1109,130,assistant,4,0.01,user,-1,1.553886199192734e-10,7.16449242113697e-11,0.0002641687419901726,0.9997333972492797,2.4337816965983585e-06
1110,131,assistant,4,0.01,user,-1,1.8860439837452283e-12,4.469402218313799e-12,7.270484539542539e-05,0.9999271631181809,1.3203006832112955e-07
1111,132,assistant,4,0.01,user,-1,6.45265358907825e-14,1.4935991075886234e-13,1.7661161047750936e-05,0.9999823206372643,1.820147412666161e-08
1112,133,assistant,4,0.01,user,-1,1.9699767885265403e-15,3.0887145778091014e-14,3.688721476612421e-05,0.9999631124634837,3.21717309162298e-10
1113,134,assistant,4,0.01,user,-1,9.965777779385907e-13,1.5000629961191043e-12,0.00010377930796841993,0.9998960956118939,1.2507764105227757e-07
1114,135,assistant,4,0.01,user,-1,7.365155483634871e-12,7.755470632107492e-13,0.00012250132681198027,0.9998773343531201,1.6431192712451484e-07
1115,136,assistant,4,0.01,user,-1,3.3064089413697225e-13,4.3114857478241305e-13,2.578724550675452e-05,0.9999741615831124,5.1170619043991e-08
1116,137,assistant,4,0.01,user,-1,1.8158086857679201e-12,2.9503090997451563e-13,0.0064587474933123805,0.9935412020087808,5.049579589135264e-08
1117,138,assistant,4,0.01,user,-1,5.685624908572427e-12,1.844552441933343e-12,0.0025688827670424263,0.9974307827819793,3.344434482213907e-07
1118,139,assistant,4,0.01,user,-1,6.224539231865304e-11,2.0109464018839132e-11,0.0010708965571736622,0.9989258501391791,3.253221292439821e-06
1119,140,assistant,4,0.01,user,-1,3.964365488064316e-07,5.054868183944155e-05,0.00047967378744635515,0.9992406108633244,0.0002287702308407897
1120,141,assistant,4,0.01,user,-1,4.190553236798437e-12,1.3718399151459161e-10,5.7507132299128904e-05,0.999941663389965,8.29336361196955e-07
1121,142,assistant,4,0.01,user,-1,1.5490414189002141e-06,0.0001101487475007506,0.011043312115232712,0.9883350387884979,0.0005099513073495987
1122,143,assistant,4,0.01,user,-1,1.701733386031249e-08,1.0320460593896047e-07,7.238206276717892e-05,0.9999237525470503,3.7451682426838126e-06
1123,144,assistant,4,0.01,user,-1,1.2275171753231278e-13,1.5723785102455032e-12,4.8289736001526636e-05,0.9999515371092533,1.73153050027999e-07
1124,145,assistant,4,0.01,user,-1,1.010045415482992e-09,1.4160849313936593e-09,3.7086352629440964e-05,0.9999627935114402,1.1770979989700748e-07
1125,146,assistant,4,0.01,user,-1,9.334192929038266e-12,9.474287873654935e-10,0.0008449278411540799,0.9991549638442027,1.0735788012523479e-07
1126,147,assistant,4,0.01,user,-1,1.4172103202770418e-07,1.4260431342506376e-06,0.0023627912451898545,0.9976266787805241,8.962210119591185e-06
1127,148,assistant,4,0.01,user,-1,2.831277662319388e-06,0.0003681120740575481,0.006135958999897703,0.9926233476539633,0.0008697499944190361
1128,149,assistant,4,0.01,user,-1,5.825539238861338e-05,0.01120054141657881,0.002549323120684384,0.9859360821817889,0.00025579788855919025
1129,150,assistant,4,0.01,user,-1,1.2895128496626614e-06,0.0002647036104393215,0.0011978945249744716,0.9984613726393943,7.473971234217334e-05
1130,151,assistant,4,0.01,user,-1,4.4804209264686667e-07,5.7347241456757466e-05,0.015940920648410038,0.9838771749670596,0.0001241091009810822
1131,152,assistant,4,0.01,user,-1,4.27052861983887e-08,8.449927333421005e-07,0.000212964624711807,0.9997817786540751,4.369023193577163e-06
1132,153,assistant,4,0.01,user,-1,4.4021407392994177e-10,2.0041963368331875e-07,0.0002072343225347586,0.9997027133745313,8.98514430862646e-05
1133,154,assistant,4,0.01,user,-1,5.709587941999747e-10,1.4417932128445636e-08,5.9847352424519504e-05,0.9999178995624589,2.223809622570166e-05
1134,155,assistant,4,0.01,user,-1,2.8884704536064267e-07,6.626118608908637e-05,0.023231334625850125,0.9742994239807137,0.0024026913603016923
1135,156,assistant,4,0.01,user,-1,5.669635736058399e-10,3.1953133401865794e-07,0.000568562637946572,0.9994132048685229,1.791239523294696e-05
1136,157,assistant,4,0.01,user,-1,6.071808193676119e-08,1.4170249588966948e-05,0.019552845442852216,0.9775918097407396,0.002841113848737355
1137,158,assistant,4,0.01,user,-1,2.2516626733026834e-06,1.1087997595559056e-05,0.0158759609401012,0.9838710700983564,0.0002396293012735185
1138,159,assistant,4,0.01,user,-1,2.2443945406180986e-09,1.2300459831861578e-08,0.00021922441871122163,0.9997795594814869,1.2015549475230744e-06
1139,160,assistant,4,0.01,user,-1,1.4786672339192357e-05,0.005422210728093702,0.017206930590553348,0.9772463203344974,0.00010975167451629693
1140,161,assistant,4,0.01,user,-1,5.3603369477193e-10,2.5036679477312037e-09,9.921603511476627e-06,0.9999897696815698,3.056752169182858e-07
1141,162,assistant,4,0.01,user,-1,3.7330174639368704e-12,4.388390075763135e-12,0.0001483970370505839,0.9998511892285659,4.137262621847654e-07
1142,163,assistant,4,0.01,user,-1,2.4610737795678543e-09,8.640926768069834e-08,0.0003176420846846167,0.9996688009903932,1.3468054580766102e-05
1143,164,assistant,4,0.01,user,-1,1.4595174887158626e-14,1.0203251585052681e-13,0.00031682088269107306,0.9996831784143306,7.028617776345564e-10
1144,165,assistant,4,0.01,user,-1,6.139254624200578e-07,6.027904691230309e-06,0.16848022299772708,0.830452642001676,0.00106049317044331
1145,166,assistant,4,0.01,user,-1,3.3367125492544943e-12,7.597071311757082e-12,5.322643164665405e-05,0.9999466442656199,1.2929179979791835e-07
1146,167,assistant,4,0.01,user,-1,5.3050758771108044e-09,1.355600575586609e-08,4.708164679997954e-05,0.9999527287384646,1.7075365368196788e-07
1147,168,assistant,4,0.01,user,-1,7.502256042627983e-11,7.623822603237415e-10,1.301318129575855e-05,0.9999862083758307,7.776054685318787e-07
1148,169,assistant,4,0.01,user,-1,8.26405770513662e-11,6.045284996609003e-10,5.269432206198646e-06,0.9999943930803388,3.3680028588631106e-07
1149,170,assistant,4,0.01,user,-1,2.7400219177079167e-07,2.964132224378817e-07,0.0009547632059274246,0.9990363731731977,8.293205460742664e-06
1150,171,assistant,4,0.01,user,-1,2.9584173676211144e-10,2.685447929480654e-11,9.035918350874827e-05,0.9999072004642451,2.4400295499117495e-06
1151,172,assistant,4,0.01,user,-1,2.2882135132601807e-06,6.45016275647985e-07,0.016225641780115783,0.9832858609840137,0.00048556400608167077
1152,173,assistant,4,0.01,user,-1,4.763423791134345e-06,4.4224961582184696e-07,0.016728590030652232,0.9808476021401737,0.0024186021557669503
1153,174,assistant,4,0.01,user,-1,9.606127098845317e-10,4.1065372905189565e-09,0.00010409560927508092,0.9998954551064835,4.4421709131284185e-07
1154,175,assistant,4,0.01,user,-1,3.7993699132068044e-06,1.612917254810004e-05,0.00020922898583767356,0.9996965638892553,7.427858244572167e-05
1155,176,assistant,4,0.01,user,-1,7.077305762006511e-09,1.729050614148998e-08,0.0010106747428093217,0.9989665223611016,2.2778528277248465e-05
1156,177,assistant,4,0.01,user,-1,7.539458158659784e-08,2.713500768450035e-09,0.0012517743328275188,0.9987316119653893,1.6535593700743143e-05
1157,178,assistant,4,0.01,user,-1,6.5173148013059825e-09,3.470117352301119e-08,0.0008662373648921322,0.9991245907424353,9.130674184156587e-06
1158,179,assistant,4,0.01,user,-1,3.1750811863287887e-10,1.067007557985309e-10,4.469175641758733e-06,0.9999954983781052,3.2022044096391126e-08
1159,180,assistant,4,0.01,user,-1,2.4733603086072008e-08,1.881618607721066e-08,8.466249590610852e-05,0.9999046802465651,1.061370773945896e-05
1160,181,assistant,4,0.01,user,-1,2.256599321764547e-07,2.5268114964280065e-07,0.00041681760389018064,0.9995384598606405,4.424419438750216e-05
1161,182,assistant,4,0.01,user,-1,3.141867895196783e-07,8.902518589951023e-07,0.002332555741474603,0.9975994160434108,6.682377646589186e-05
1162,183,assistant,4,0.01,user,-1,1.9757712213880112e-08,1.9557622329606878e-08,0.0014486152783451478,0.9985367372651114,1.4608141208780078e-05
1163,184,assistant,4,0.01,user,-1,1.1543578736336942e-09,3.0739473920044973e-10,0.00011382661982632119,0.9998859062548527,2.656635685105441e-07
1164,185,assistant,4,0.01,user,-1,2.322261770765402e-10,4.724595515352257e-11,4.21473548691793e-06,0.9999955722922315,2.1269280945747104e-07
1165,186,assistant,4,0.01,user,-1,6.26901143423785e-08,2.9759867982389514e-08,0.00020300167362374347,0.999621059203524,0.00017584667287010356
1166,187,assistant,4,0.01,user,-1,2.6795827326373154e-06,1.0283997096748022e-06,0.0030838049477582372,0.9957885041837761,0.001123982886023464
1167,188,assistant,4,0.01,user,-1,2.741946490831027e-08,4.9419856486257933e-08,0.0005175745745449193,0.999443706401494,3.864218463957093e-05
1168,189,assistant,4,0.01,user,-1,1.224574824995988e-09,2.3794078794430405e-09,4.8065238170108345e-05,0.999949506420181,2.4247376661092104e-06
1169,190,assistant,4,0.01,user,-1,4.642827541484929e-10,1.756413518320102e-09,2.941001808859693e-05,0.999970474513917,1.1324729815416826e-07
1170,191,assistant,4,0.01,user,-1,3.6817822482677543e-09,1.6525950617973623e-09,2.0743242806395474e-05,0.9999784632082744,7.882145419597493e-07
1171,192,assistant,4,0.01,user,-1,1.3883677637265396e-09,1.2766460831735101e-09,3.25047787999631e-05,0.9999666786954858,8.138607004947453e-07
1172,193,assistant,4,0.01,user,-1,5.1182240000863125e-08,3.993004326270117e-08,0.0004958178878927031,0.9992148521859672,0.0002892388138568553
1173,194,assistant,4,0.01,user,-1,2.195842394673057e-11,2.416134215101415e-11,4.397074331406653e-06,0.9999955507379071,5.214164171309912e-08
1174,195,assistant,4,0.01,user,-1,1.9584249072078963e-11,7.429012923606451e-12,3.864596575243137e-06,0.9999961123573723,2.3019039222309202e-08
1175,196,assistant,4,0.01,user,-1,1.5458562713781286e-08,4.089262838704517e-09,0.00013369806492885073,0.9998327568912057,3.352549603984908e-05
1176,197,assistant,4,0.01,user,-1,4.1070712880866703e-07,1.1694091574266294e-06,0.0010266336491864217,0.9988971516704895,7.463456403782693e-05
1177,198,assistant,4,0.01,user,-1,3.681047410644802e-06,8.266422041121606e-06,0.007711827182572682,0.9743717537957693,0.01790447155220612
1178,199,assistant,4,0.01,user,-1,0.0067310417688042495,0.0012833876944216827,0.08125968517028344,0.8679170981160551,0.04280878725043554
1179,200,assistant,4,0.01,user,-1,2.2538831308815183e-09,4.07427454999761e-09,5.640753146577385e-05,0.999919123984611,2.4462155765456696e-05
1180,201,assistant,4,0.01,user,-1,7.145005401463492e-09,6.452017105445352e-09,0.0001757977776520881,0.9998017402239289,2.2448401396459432e-05
1181,202,assistant,4,0.01,user,-1,2.294079359500508e-06,3.946076792637626e-07,0.004251391469310035,0.9951403078290629,0.0006056120145883061
1182,203,assistant,4,0.01,user,-1,4.8727929450252776e-08,6.53432776585234e-08,0.0011432435934454433,0.9988264894016571,3.0152933690462747e-05
1183,204,assistant,4,0.01,user,-1,9.395513665323059e-09,4.478140335245054e-09,0.00011987316713190915,0.9998772844644348,2.8284947793079074e-06
1184,205,assistant,4,0.01,user,-1,8.372207672873356e-10,2.2194478550779286e-09,3.156574381567856e-05,0.9999682437803581,1.874191574618626e-07
1185,206,assistant,4,0.01,user,-1,3.610631809847885e-09,3.1747094147426253e-09,0.00023870075516009876,0.9997510416765706,1.0250782928022708e-05
1186,207,assistant,4,0.01,user,-1,6.163559549788693e-08,3.0851183030400667e-09,4.7301347341486146e-05,0.9999522388802494,3.950516953393825e-07
1187,208,assistant,4,0.01,user,-1,1.0105372261578519e-08,5.762083364465167e-08,6.302951795060842e-05,0.9999350643651167,1.838390726587334e-06
1188,209,assistant,4,0.01,user,-1,7.232080525249109e-07,2.0443462556837583e-06,0.014692378995559478,0.9852859994456381,1.885400449406606e-05
1189,210,assistant,4,0.01,user,-1,3.195600377833082e-07,7.051334839686106e-08,0.001018133273858055,0.998975850943591,5.6257091647516045e-06
1190,211,assistant,4,0.01,user,-1,2.0893832466463435e-07,1.2651587201061794e-08,0.00038335276414237123,0.999612974926486,3.4507194595626525e-06
1191,212,assistant,4,0.01,user,-1,1.5101830770450135e-12,6.156985185286808e-13,2.1703417312302385e-06,0.9999978200559423,9.600200520741116e-09
1192,213,assistant,4,0.01,user,-1,1.267133463178085e-13,4.4526078062260765e-14,2.1084562693117233e-05,0.9999789133443754,2.0927603150273002e-09
1193,214,assistant,4,0.01,user,-1,1.9159358158948027e-08,2.48928369253245e-08,0.0001770501336405664,0.9998006150760284,2.229073813587649e-05
1194,215,assistant,4,0.01,user,-1,1.4884731832206952e-10,1.5701242857476268e-11,1.397725280310832e-05,0.9999853757881425,6.467945058129621e-07
1195,216,assistant,4,0.01,user,-1,3.536687695385444e-07,3.453549609803662e-07,0.0008397088595055188,0.9991481755152424,1.1416601521495937e-05
1196,217,assistant,4,0.01,user,-1,1.680978337331281e-08,1.4950315351941957e-07,3.151347174447859e-05,0.9999643318816369,3.988333681612939e-06
1197,218,assistant,4,0.01,user,-1,6.228023468194797e-12,8.955238007231325e-11,1.9176401097705857e-07,0.9999997924805306,1.5659678096274525e-08
1198,219,assistant,4,0.01,user,-1,6.9986793702857994e-12,7.775236292297352e-12,2.000293181100383e-06,0.9999979721515347,2.7540510293932047e-08
1199,220,assistant,4,0.01,user,-1,3.933542782751613e-09,9.321132162908378e-09,7.991353246476713e-05,0.9999130680490381,7.005163822081185e-06
1200,221,assistant,4,0.01,user,-1,6.426517284352913e-06,5.1329670084086786e-05,0.01869960923400007,0.9756108688235017,0.0056317657551298635
1201,222,assistant,4,0.01,user,-1,3.3183226375456757e-08,2.439342083253195e-07,0.0012551862145488946,0.9987051889977315,3.9347670284854857e-05
1202,223,assistant,4,0.01,user,-1,3.979696884637479e-09,4.062441292076354e-08,0.0003705897307134762,0.9995407269349466,8.863873023008992e-05
1203,224,assistant,4,0.01,user,-1,1.808684169900283e-11,1.40857384049406e-11,1.9819627326851183e-05,0.9999801652847242,1.505577639145678e-08
1204,225,assistant,4,0.01,user,-1,9.721065336741775e-09,2.144473005465171e-08,0.002327049410686586,0.9976610270672425,1.1892356275368318e-05
1205,226,assistant,4,0.01,user,-1,1.5935987965792707e-10,3.5650263759714133e-09,0.00019504070780647644,0.9997849666936767,1.998887413054402e-05
1206,227,assistant,4,0.01,user,-1,9.32537494548465e-06,5.2009908822857334e-06,0.0032844553041380562,0.9866197935126725,0.010081224817361858
1207,228,assistant,4,0.01,user,-1,6.406480905504193e-08,2.0793384592112685e-09,0.00017632251032519077,0.9997796193963787,4.3991949148606376e-05
1208,229,assistant,4,0.01,user,-1,1.2731459672143673e-10,1.462566468538373e-11,3.317964329887043e-05,0.9999660400772649,7.801374960471774e-07
1209,230,assistant,4,0.01,user,-1,1.323884261959375e-06,7.349520685710658e-08,0.00040957251380179096,0.9995578045961739,3.1225510555597115e-05
1210,231,assistant,4,0.01,user,-1,1.5552066965676983e-06,1.20403985200248e-06,0.0020252664191097993,0.995987257949249,0.0019847163850925196
1211,232,assistant,4,0.01,user,-1,8.179907844101196e-08,2.7403430100240392e-08,4.7460394022579677e-05,0.9999498266395124,2.603763956407249e-06
1212,233,assistant,4,0.01,user,-1,5.381945208782936e-10,5.906009695621142e-10,2.822933491630372e-05,0.9999705462813719,1.2232549162637006e-06
1213,234,assistant,4,0.01,user,-1,2.0431731447098443e-10,5.392440367605575e-10,3.3801950289301897e-05,0.9999575175164004,8.67978974874497e-06
1214,235,assistant,4,0.01,user,-1,1.0286089883263313e-07,2.219136993396971e-06,0.002822813903521883,0.9968406838202858,0.0003341802783001883
1215,236,assistant,4,0.01,user,-1,9.75505707445926e-09,1.5637917588400368e-08,3.218718711588677e-05,0.9999423930489835,2.5394370926009408e-05
1216,237,assistant,4,0.01,user,-1,1.0241559166149984e-11,3.0143525251127234e-12,4.048252146013601e-06,0.9999956861960871,2.655385110279871e-07
1217,238,assistant,4,0.01,user,-1,7.292888770496063e-08,2.8107326046311593e-07,0.00010771666866806757,0.9998629918391251,2.893749005883554e-05
1218,239,assistant,4,0.01,user,-1,4.0371604708596724e-11,1.0719218792995222e-11,2.9656132324630214e-06,0.9999970118699603,2.2465716509362276e-08
1219,240,assistant,4,0.01,user,-1,4.019072743374256e-09,2.8694761096525715e-10,2.430502570367839e-05,0.9999740045352311,1.6861330449119973e-06
1220,241,assistant,4,0.01,user,-1,2.808231746295562e-09,1.72076118826851e-09,3.017589842270586e-05,0.9999679024904176,1.9170821667799722e-06
1221,242,assistant,4,0.01,user,-1,1.718067744409417e-07,1.4734544191033856e-07,0.006871763570292127,0.9928151999570412,0.0003127173204503987
1222,243,assistant,4,0.01,user,-1,5.251883662577386e-08,7.770329144355509e-09,0.0010744635987157078,0.9988848234059738,4.0652706144460555e-05
1223,244,assistant,4,0.01,user,-1,4.044806443351791e-09,1.2336668149769373e-09,0.0003760079557128923,0.9995797106045713,4.4276161242497105e-05
1224,245,assistant,4,0.01,user,-1,5.931097623093476e-08,1.9432066494837607e-08,0.0021932497768008914,0.9977140436933416,9.26277868148357e-05
1225,246,assistant,4,0.01,user,-1,1.8381693963752658e-07,1.5613415770787967e-08,0.002036131803696546,0.9979286209017452,3.504786420278211e-05
1436,247,user,5,0.01,user,-1,2.916716865357573e-06,6.695695911241579e-05,0.2760842285824025,0.7234970195359691,0.00034887820565067954
1437,248,user,5,0.01,user,-1,7.938521172713997e-07,4.303150786524586e-06,0.053163095502933716,0.9466270939398804,0.00020471355428222619
1438,249,user,5,0.01,user,-1,1.5458361796180634e-11,7.111661639019282e-10,0.00032446605633487907,0.9996754429215393,9.029550110943219e-08
1439,250,user,5,0.01,user,-1,4.960404748928354e-08,2.9103247397812256e-06,0.004881961045204943,0.9950905932984567,2.448572755103422e-05
1440,251,user,5,0.01,user,-1,3.300463149175253e-07,5.376855054889933e-05,0.0023794503814791234,0.997482999162472,8.345185918515442e-05
1441,252,user,5,0.01,user,-1,1.8125145359175994e-06,0.0032137818819544034,0.018581723972281472,0.9780640284892997,0.00013865314192847876
1442,253,user,5,0.01,user,-1,8.752021623965675e-07,0.0004790867612410779,0.06232418192397289,0.9359012223153634,0.0012946337972600485
1443,254,user,5,0.01,user,-1,3.744353787250624e-07,1.9689781453265738e-05,0.004688805564241619,0.9950728379663534,0.00021829225257316578
1444,255,user,5,0.01,user,-1,2.1709162155479448e-05,0.03915791935448887,0.020431440045354885,0.9398115888174524,0.0005773426205482777
1445,256,user,5,0.01,user,-1,2.6349605672260912e-05,0.013618413613504762,0.009494477511024292,0.9722455148572338,0.004615244412564869
1446,257,user,5,0.01,user,-1,2.272743804094203e-06,0.000959690785713363,0.8088355717555076,0.1778323768020865,0.012370087912888508
1447,258,user,5,0.01,user,-1,1.2702518522476868e-05,0.012354780649831608,0.061787676322610036,0.8764509897146113,0.04939385079442454
1448,259,user,5,0.01,user,-1,7.157396101831937e-07,0.003421359755378597,0.021333842300620364,0.9735971108959923,0.0016469713083985215
1449,260,user,5,0.01,user,-1,8.07248741509113e-05,0.7047847087856097,0.10265812133794476,0.1819591017461312,0.010517343256163438
1450,261,user,5,0.01,user,-1,2.0607218671911946e-05,0.004292080404835184,0.002362191635013327,0.9922590148220811,0.0010661059193984872
1451,262,user,5,0.01,user,-1,1.3549277835074363e-07,0.0009147571712854084,0.00038035914361617454,0.9986882220668497,1.6526125470446628e-05
1452,263,user,5,0.01,user,-1,6.73039674322674e-09,3.8956031602643124e-06,1.8328165669085704e-05,0.999977492021723,2.7747905090789726e-07
1453,264,user,5,0.01,user,-1,2.340912379752407e-08,7.770241901175723e-05,0.00044669497798410736,0.9994725447052638,3.0344886164912195e-06
1454,265,user,5,0.01,user,-1,6.169934934274185e-07,0.032498905762788105,0.0027422836821064285,0.9645899795769881,0.00016821398462390922
1455,266,user,5,0.01,user,-1,1.2284270771247898e-06,0.006571211525589626,0.0014829973014395966,0.9909482599006381,0.0009963028452555824
1456,267,user,5,0.01,user,-1,6.397469009401183e-06,0.28879612865423887,0.0009907278382336256,0.7094096335509897,0.0007971124875283775
1457,268,user,5,0.01,user,-1,3.7604735186245025e-08,0.00016497623845917238,0.0006002263216041896,0.9992334447167642,1.3151184371273567e-06
1458,269,user,5,0.01,user,-1,3.8734695083589e-06,0.019888080470326582,0.013458772151637887,0.9665829433788877,6.633052963936117e-05
1459,270,user,5,0.01,user,-1,7.105778059236764e-07,0.002045441885869539,0.03411479187724211,0.9637705865258582,6.846913322412802e-05
1460,271,user,5,0.01,user,-1,1.836938183755562e-05,0.8920610625900073,0.004222931883865483,0.09898352349281431,0.004714112651475391
1461,272,user,5,0.01,user,-1,0.00012108242899730902,0.1243272041702426,0.0007935195529466484,0.8726098960384278,0.0021482978093856514
1462,273,user,5,0.01,user,-1,0.0003779021557446874,0.8552980875039025,0.016487751568221926,0.11902362648065147,0.008812632291479555
1463,274,user,5,0.01,user,-1,0.00035658834406386764,0.9096878455025974,0.021206179879297425,0.06713996232107743,0.0016094239529639584
1464,275,user,5,0.01,user,-1,5.087162919295858e-05,0.8965654469009965,0.00352412103994182,0.09892674767753236,0.000932812752336514
1465,276,user,5,0.01,user,-1,2.6829325272723002e-05,0.5055919646293761,0.01665231234332298,0.4772289699832628,0.0004999237187655104
1466,277,user,5,0.01,user,-1,1.590615061638705e-05,0.08370272807952558,0.026316119224460307,0.8669665616962197,0.022998684849178136
1467,278,user,5,0.01,user,-1,1.2860649966387004e-05,0.6987596202695086,0.11681977470133509,0.16679228557777637,0.017615458801413488
1468,279,user,5,0.01,user,-1,1.3233408873802624e-07,0.00015155867518796979,1.9827350946731818e-05,0.9997154492625837,0.00011303237719282558
1469,280,user,5,0.01,user,-1,3.985089058965217e-06,0.27877799965902134,0.006191332438825897,0.7064149057914901,0.008611777021603819
1470,281,user,5,0.01,user,-1,3.788735567568007e-06,0.005464749618311015,0.00011198458183563416,0.9935448174749889,0.0008746595892968034
1471,282,user,5,0.01,user,-1,6.210123244249832e-05,0.0062293293854069785,0.010518712920879757,0.9698614401072049,0.01332841635406588
1472,283,user,5,0.01,user,-1,2.307292428988262e-06,0.21514493466361312,0.003459907794620811,0.780656112877115,0.0007367373722220078
1473,284,user,5,0.01,user,-1,7.237465377738247e-07,0.010432947884357013,0.0040669991289049865,0.9854504305175921,4.889872260821083e-05
1474,285,user,5,0.01,user,-1,7.23199608917602e-05,0.41430356636885884,0.07228588826992285,0.5089203975851518,0.004417827815174693
1475,286,user,5,0.01,user,-1,1.008024308143386e-05,0.12227329156678747,0.0022644130150533902,0.8704111714854169,0.005041043689660862
1476,287,user,5,0.01,user,-1,8.482645809179223e-05,0.034645481481702455,0.002305898529412313,0.9554276719143552,0.007536121616438148
1477,288,user,5,0.01,user,-1,1.059448261283493e-06,0.0004599580468172577,0.0007000212610198698,0.9987058970491612,0.00013306419474030595
1478,289,user,5,0.01,user,-1,1.066972176012871e-05,0.044588949800942794,0.0012512147274085412,0.9514199638554363,0.002729201894452286
1479,290,user,5,0.01,user,-1,7.69619177584638e-05,0.11759679872238393,0.12790513525058422,0.7211522756732204,0.033268828436053
1480,291,user,5,0.01,user,-1,7.741129813924909e-07,0.0015979609365951006,0.0008603927255854271,0.9974587071926515,8.216503218659346e-05
1481,292,user,5,0.01,user,-1,3.547709692960723e-05,0.23759312061145132,0.09016054103811197,0.6719436700284511,0.00026719122505594085
1482,293,user,5,0.01,user,-1,9.870228090946572e-05,0.27574161241058076,0.01938101020383922,0.700734780394298,0.004043894710372513
1483,294,user,5,0.01,user,-1,8.075518837349438e-08,2.2781124910598772e-05,8.425642609198612e-05,0.9998886573324011,4.224361408120204e-06
1484,295,user,5,0.01,user,-1,3.8509804613541676e-06,0.00134468770284738,0.006679645931986186,0.9919017817595837,7.003362512142196e-05
1485,296,user,5,0.01,user,-1,1.403430283207517e-06,0.00043502527151749785,0.005556568433550369,0.9937632655893035,0.00024373727534531765
1486,297,user,5,0.01,user,-1,2.2895642329858543e-05,0.4911380225115775,0.031866107057009145,0.476410294088137,0.0005626807009463852
1488,298,cot,6,0.01,user,-1,3.6509955961070065e-12,6.239996190120421e-10,0.3058580573517084,0.694131482218737,1.0459801904067162e-05
1489,299,cot,6,0.01,user,-1,2.097882510282406e-09,3.015045802314575e-07,0.9814055893838793,0.016126432322784445,0.0024676746908736226
1490,300,cot,6,0.01,user,-1,8.649481070033377e-09,3.8574509990242376e-06,0.9629354273107589,0.023388927113406812,0.013671779475354038
1491,301,cot,6,0.01,user,-1,7.7759596660272e-11,1.352244137654786e-07,0.9701427630323541,0.029208783476274293,0.0006483181891980348
1492,302,cot,6,0.01,user,-1,2.2320060444420376e-06,0.04124870237820059,0.20734686963196178,0.7472518234719374,0.0041503725118558306
1493,303,cot,6,0.01,user,-1,9.770982640539924e-07,0.03543629311626675,0.0024674073993086734,0.9594966018880382,0.0025987204981223586
1494,304,cot,6,0.01,user,-1,8.576373113767686e-06,0.026292407398128506,0.00999493334165166,0.95122895472578,0.012475128161326223
1495,305,cot,6,0.01,user,-1,3.559535558714603e-06,0.016922097364003023,0.16765283022003952,0.7821120315866952,0.03330948129370359
1496,306,cot,6,0.01,user,-1,8.394702779435676e-06,0.774875976109135,0.11930542271207792,0.04820536953838714,0.057604836937620564
1497,307,cot,6,0.01,user,-1,1.2462827942316213e-08,0.0004068414876868568,0.9462672739767782,0.04921535814494313,0.004110513927764027
1498,308,cot,6,0.01,user,-1,4.727871369115906e-06,0.009614393678911823,0.02546829980960138,0.9419531449296977,0.022959433710420012
1499,309,cot,6,0.01,user,-1,3.339951002730576e-07,0.0032510449975404867,0.018314339080536493,0.9747686601740903,0.0036656217527323
1500,310,cot,6,0.01,user,-1,1.5030809548820853e-08,4.8750244770257215e-06,0.0002901769659499109,0.9996946031107632,1.0329868000387057e-05
1501,311,cot,6,0.01,user,-1,2.449037783651759e-07,0.002411518766105048,0.9526583525005373,0.04045946700014681,0.0044704168294322855
1502,312,cot,6,0.01,user,-1,1.965232285738698e-07,0.0008102159503361332,0.6843364234746568,0.2962173072747405,0.018635856777037937
1503,313,cot,6,0.01,user,-1,5.956148656225541e-07,0.010140686011387248,0.012484672547014873,0.9745897837252593,0.002784262101472916
1504,314,cot,6,0.01,user,-1,5.8169545615228215e-08,0.0001320416252744659,0.0985680378844625,0.9009738361268621,0.0003260261938553233
1505,315,cot,6,0.01,user,-1,2.269765663448109e-09,4.4469087378040036e-05,0.9949300992370894,0.004729316575812307,0.0002961128299546386
1506,316,cot,6,0.01,user,-1,1.0766554313841212e-06,0.002111741107586702,0.8575624681622358,0.035432916418182435,0.1048917976565637
1507,317,cot,6,0.01,user,-1,3.432115261836584e-05,0.01498536935754873,0.00343137451567141,0.9734616606928792,0.008087274281282203
1508,318,cot,6,0.01,user,-1,1.8507458425574988e-05,0.8091277420759989,0.09946585615202903,0.036506894394907105,0.05488099991863946
1509,319,cot,6,0.01,user,-1,2.8800128152797323e-05,0.22276566273656662,0.2574644856988077,0.4920457481993613,0.027695303237111585
1510,320,cot,6,0.01,user,-1,7.65459926131051e-09,0.0003816812412821057,0.9803168310090203,0.016774410520446186,0.0025270695746519266
1511,321,cot,6,0.01,user,-1,1.6050093463472842e-07,0.007631332797902339,0.7928303014853061,0.16677690108287785,0.03276130413297917
1512,322,cot,6,0.01,user,-1,2.0882304647968324e-06,0.0320395331673033,0.6868130033594311,0.04400390328207078,0.23714147196073002
1513,323,cot,6,0.01,user,-1,7.71998560631383e-07,0.08521478114409145,0.28012905943669886,0.6253844530571284,0.009270934363520604
1514,324,cot,6,0.01,user,-1,4.359767902910342e-09,4.616502584019478e-05,0.9895277942923797,0.00807850477847128,0.0023475315435409925
1515,325,cot,6,0.01,user,-1,7.91672679120615e-07,0.002328050197113633,0.871159131908499,0.09948871345056279,0.027023312771145416
1516,326,cot,6,0.01,user,-1,2.3758078806991765e-06,0.00018035189688716562,0.0018650895319626036,0.9969620343786999,0.0009901483845696126
1517,327,cot,6,0.01,user,-1,9.031907741918729e-08,0.00022915409843038775,0.0033931679350117827,0.9961558040230806,0.00022178362439976892
1518,328,cot,6,0.01,user,-1,2.011550625749947e-08,2.9946266289362327e-05,0.9105471592472549,0.08897244199625512,0.0004504323746943462
1519,329,cot,6,0.01,user,-1,1.966075655671523e-09,3.6878203205653145e-06,0.841209841278972,0.1465589883776159,0.012227480557015944
1520,330,cot,6,0.01,user,-1,9.800336824215022e-07,0.0013051147597855667,0.019529699277588648,0.9765060879727007,0.0026581179562427215
1521,331,cot,6,0.01,user,-1,1.1413235203918e-08,4.495177077153803e-05,0.570390320742661,0.4294099545597615,0.000154761513570717
1522,332,cot,6,0.01,user,-1,3.7371578496449034e-09,1.2047382986513267e-06,0.9267565557953933,0.07305717314772041,0.00018506258142975685
1523,333,cot,6,0.01,user,-1,2.4620719053492724e-08,0.00023361355133402507,0.7118206892719247,0.28780183393653247,0.00014383861948978347
1524,334,cot,6,0.01,user,-1,5.5503879270261606e-11,4.565017365120992e-09,0.3842582612022051,0.6157180068427764,2.3727334497169375e-05
1525,335,cot,6,0.01,user,-1,8.668729903591429e-11,4.353039054326872e-09,0.9448282817570525,0.05501932890147614,0.0001523849017449306
1526,336,cot,6,0.01,user,-1,1.2788988612728846e-09,1.876571509097093e-08,0.9627699411442341,0.0358665771754883,0.0013634616356636724
1527,337,cot,6,0.01,user,-1,1.1298358984327212e-10,2.673015883083506e-08,0.9835987348346253,0.011755672257134406,0.004645566065097561
1528,338,cot,6,0.01,user,-1,7.2371796475662956e-09,1.1159019277755121e-06,0.9204183506948714,0.07569171963854031,0.003888806527480982
1529,339,cot,6,0.01,user,-1,1.3916685902458004e-08,1.1911677718065348e-06,0.48638526236082336,0.5081687874247308,0.0054447451299882025
1530,340,cot,6,0.01,user,-1,9.084606821142686e-09,8.780161823478122e-06,0.1496715767042791,0.8498769426009861,0.00044269144830445876
1531,341,cot,6,0.01,user,-1,4.732919724649146e-11,2.4184872080444886e-08,0.24850705199357045,0.7512909127701943,0.00020201100403393675
1532,342,cot,6,0.01,user,-1,1.293356336191916e-07,1.122288874888461e-07,0.0030010707146974447,0.9966328600206796,0.0003658277001020122
1533,343,cot,6,0.01,user,-1,4.8853065164668e-07,4.321627274284525e-06,0.03864711221055901,0.944915321624313,0.016432756007202034
1534,344,cot,6,0.01,user,-1,3.889525561855241e-06,4.1825698150852735e-05,0.014700022910143523,0.9822598518310555,0.00299441003508818
1535,345,cot,6,0.01,user,-1,2.7765531674862605e-07,1.0410305717537716e-05,0.00602457816745073,0.9936770845518267,0.0002876493196882518
1536,346,cot,6,0.01,user,-1,8.564734250608358e-07,4.960358403846921e-05,0.06412188544626804,0.9318097428127333,0.004017911683535126
1537,347,cot,6,0.01,user,-1,2.9081044078759697e-07,2.4335338048814927e-06,0.031559279852961045,0.9682707266424854,0.00016726916030780972
1538,348,cot,6,0.01,user,-1,9.935494486510267e-09,1.1800704582312072e-08,0.0034741482941759365,0.9965209252161659,4.9047534591193595e-06
1539,349,cot,6,0.01,user,-1,1.9978064461368573e-06,3.06203039721492e-05,0.1766609650281393,0.8204231364609823,0.0028832804004601553
1540,350,cot,6,0.01,user,-1,6.836956683052524e-08,4.591359595500679e-06,0.7252555599025311,0.27258011981807057,0.002159660550235904
1541,351,cot,6,0.01,user,-1,1.3318302987913171e-09,4.6066863688866284e-08,0.702770295863883,0.29228504857630755,0.004944608161115371
1542,352,cot,6,0.01,user,-1,2.6656346982852958e-06,2.3909603542045596e-05,0.7943289290789053,0.05750221980163878,0.14814227588121553
1543,353,cot,6,0.01,user,-1,1.6480473000781475e-06,4.761475698647494e-05,0.01417410532322291,0.9850643873537092,0.0007122445187812948
1544,354,cot,6,0.01,user,-1,5.911765725173182e-07,3.882206149471366e-05,0.05147151080117957,0.944716781379893,0.00377229458086028
1545,355,cot,6,0.01,user,-1,5.587163033361406e-09,1.870870095129119e-07,0.8651643548375666,0.13446361013764166,0.00037184235061928024
1546,356,cot,6,0.01,user,-1,3.851025197063714e-09,8.430165952357046e-08,0.4010301881834863,0.5941374363166189,0.00483228734721016
1547,357,cot,6,0.01,user,-1,2.859702721976609e-05,0.004048916685328691,0.14134831190674677,0.7815581079550851,0.07301606642561977
1548,358,cot,6,0.01,user,-1,1.8683300417205127e-07,8.990624948470875e-05,0.9063931666949393,0.06965264697060432,0.023864093251967342
1549,359,cot,6,0.01,user,-1,1.8286034516581682e-06,4.224629663832519e-05,0.42907071371443145,0.5513063348961249,0.01957887648935355
1550,360,cot,6,0.01,user,-1,3.737335207406506e-07,4.145334331646967e-07,0.01779463147512322,0.9819663956824083,0.00023818457551459836
1551,361,cot,6,0.01,user,-1,7.571996010601704e-07,4.2670387940674135e-05,0.8902749781161138,0.09953389723983776,0.01014769705650677
1552,362,cot,6,0.01,user,-1,1.095058257295397e-05,0.00024392212760968452,0.9750757165796511,0.004989956179415923,0.019679454530750345
1553,363,cot,6,0.01,user,-1,1.4407226074589023e-05,0.0004585683841647684,0.6985734631856296,0.2763358668322867,0.024617694371844197
1554,364,cot,6,0.01,user,-1,6.712224279288001e-08,1.693746243438149e-07,0.8652731382819445,0.1339169522284494,0.0008096729927389664
1555,365,cot,6,0.01,user,-1,5.347310079969323e-10,1.214894712463944e-07,0.8921155883660395,0.1044744921549297,0.0034097974548283564
1556,366,cot,6,0.01,user,-1,3.193006520933506e-06,0.0005819060936774269,0.30984706446994686,0.13132013313914206,0.5582477032907127
1557,367,cot,6,0.01,user,-1,3.943744174666346e-08,6.404036730271593e-08,0.02892160282595373,0.9692556983162341,0.001822595380003225
1558,368,cot,6,0.01,user,-1,1.0314329510135123e-07,5.537402322409442e-07,0.1961744236541689,0.7944593412856997,0.009365578176603885
1559,369,cot,6,0.01,user,-1,1.3844454856500035e-08,8.743620033078269e-07,0.7832044414830455,0.20487435579601773,0.011920314514478758
1560,370,cot,6,0.01,user,-1,1.8807976434998632e-06,0.00013617337113999085,0.1739373180401339,0.8001513151156475,0.025773312675435103
1561,371,cot,6,0.01,user,-1,9.073963992798952e-10,4.506664713866421e-08,0.7437436043320128,0.2556658300928656,0.0005905196010780353
1562,372,cot,6,0.01,user,-1,1.2290243791001418e-07,1.3325934915957862e-06,0.5087507478327704,0.4571624980941534,0.03408529857714672
1563,373,cot,6,0.01,user,-1,2.2019584409988034e-05,0.0009260768382337608,0.11446074644764552,0.8695029694926161,0.015088187637094628
1564,374,cot,6,0.01,user,-1,1.7513860142666393e-08,4.49515158372913e-06,0.12499625704697474,0.8745112022042968,0.00048802808328465586
1565,375,cot,6,0.01,user,-1,9.67016606990129e-05,0.0031810308673373695,0.14418421898124098,0.7899945858275499,0.06254346266317283
1566,376,cot,6,0.01,user,-1,7.302652429278675e-08,6.840850988402718e-07,0.06603215620677738,0.9308220929619851,0.003144993719614327
1567,377,cot,6,0.01,user,-1,9.810734472174378e-06,9.936002698522562e-05,0.1407306740647034,0.8503184398654193,0.008841715308419826
1568,378,cot,6,0.01,user,-1,4.237087896816158e-08,1.0197458678167752e-06,0.001853745760421371,0.9980367128755028,0.00010847924732905736
1569,379,cot,6,0.01,user,-1,6.623420779201278e-08,2.2066465277781925e-06,0.06042490937121558,0.9393054789997443,0.0002673387483046378
1570,380,cot,6,0.01,user,-1,9.216045537290799e-10,5.557990831756425e-09,0.034431088174205544,0.9655098343899116,5.9070956287427116e-05
1571,381,cot,6,0.01,user,-1,7.894825514207485e-11,1.3673142438450814e-09,0.5046144611362741,0.495337756225337,4.778119212648117e-05
1572,382,cot,6,0.01,user,-1,3.246292295325188e-07,9.465567416626557e-07,0.05191772327678223,0.9474590313430914,0.0006219741941549503
1573,383,cot,6,0.01,user,-1,6.651070007531535e-10,3.5759581647011213e-10,0.07152709462021699,0.9284185915846718,5.43127724084365e-05
1574,384,cot,6,0.01,user,-1,2.49483312490635e-09,2.5221447802778554e-08,0.8207161785359194,0.1744725516742672,0.004811242073532463
1575,385,cot,6,0.01,user,-1,1.5140297490900946e-07,7.977438581767406e-05,0.8684440799093648,0.1275474201785,0.003928574123342531
1576,386,cot,6,0.01,user,-1,7.181164912558969e-07,6.841333178187253e-05,0.5909690871397322,0.4015528418994671,0.007408939512527578
1577,387,cot,6,0.01,user,-1,5.3226773102347825e-11,5.264406744209279e-10,0.6993255444011929,0.30059889604107815,7.555897806162015e-05
1578,388,cot,6,0.01,user,-1,1.178479758289092e-10,1.7530141216401402e-09,0.34763100417327664,0.6517848338141635,0.0005841601416978134
1579,389,cot,6,0.01,user,-1,8.966035554720358e-11,1.3015169306186976e-09,0.11847145701739303,0.8815168575489238,1.168404250596012e-05
1580,390,cot,6,0.01,user,-1,6.747618478090022e-13,6.483476700189817e-13,0.126010927649218,0.8739874339917416,1.6383577171908766e-06
1581,391,cot,6,0.01,user,-1,6.334648980416495e-12,2.1380628902836166e-12,0.27418748081717675,0.7258020093354435,1.0509838907011802e-05
1582,392,cot,6,0.01,user,-1,3.452487423994199e-11,5.6974011329303794e-11,0.4663197092463733,0.5332296353692924,0.0004506552928353837
1584,393,assistant,7,0.01,user,-1,2.4926233048326596e-12,5.280720115350281e-12,2.690315389918447e-05,0.9999730798160422,1.7022285225563537e-08
1585,394,assistant,7,0.01,user,-1,1.3264333688225112e-11,4.1496773727022987e-10,8.337567571698639e-05,0.9999166097568571,1.413919396358314e-08
1586,395,assistant,7,0.01,user,-1,6.919271821890015e-12,4.8533810239233915e-11,2.121405078881815e-05,0.9999787380660032,4.782775489620176e-08
1587,396,assistant,7,0.01,user,-1,9.142339165563112e-13,2.7898617215414238e-11,9.920581952310126e-07,0.999999003352909,4.560082799519701e-09
1588,397,assistant,7,0.01,user,-1,2.7414827212396487e-10,1.1978577888746385e-09,2.2914481585845778e-05,0.9999755867907548,1.4972556532133869e-06
1589,398,assistant,7,0.01,user,-1,1.7085378202486137e-11,1.670196374430079e-10,6.411083871899644e-06,0.9999931575341805,4.311978426663031e-07
1590,399,assistant,7,0.01,user,-1,7.105908999633811e-12,4.6133762633255545e-10,2.064223200359604e-05,0.999979223614686,1.336848667101314e-07
1591,400,assistant,7,0.01,user,-1,1.4778385408933865e-10,7.012911723919378e-09,3.988625311364322e-05,0.9999577626580782,2.343928112500489e-06
1592,401,assistant,7,0.01,user,-1,8.624628918355833e-11,3.939186664116143e-09,5.631943152149493e-05,0.9999432957395366,3.8080350902763243e-07
1593,402,assistant,7,0.01,user,-1,1.0598024600817805e-12,9.200795334457148e-11,1.2086626208420422e-05,0.999987695049963,2.182307607810799e-07
1594,403,assistant,7,0.01,user,-1,3.391152675584208e-11,1.2579534160809863e-09,3.1669819420670772e-06,0.9999967945968717,3.7129321239787974e-08
1595,404,assistant,7,0.01,user,-1,1.0959684203823984e-12,3.300322952811463e-12,5.165678998972398e-05,0.9999483316886665,1.1516947384442683e-08
1596,405,assistant,7,0.01,user,-1,2.4601660590139004e-12,8.046075387588388e-12,0.00010415040659520291,0.9998958317268243,1.785607413970358e-08
1597,406,assistant,7,0.01,user,-1,7.092041140466073e-12,2.2605002172396004e-11,0.00023620741621083278,0.9997637252943117,6.725978058280687e-08
1598,407,assistant,7,0.01,user,-1,7.728560150746512e-12,4.229514463059588e-11,1.0074076944884136e-05,0.9999898426977581,8.317527321974924e-08
1599,408,assistant,7,0.01,user,-1,1.2466316795901304e-11,1.358632166238119e-10,4.824999286470931e-06,0.999994802203255,3.7264912898426314e-07
1600,409,assistant,7,0.01,user,-1,6.455910898384151e-11,1.742945692270596e-08,1.517643127372129e-05,0.9999838057262255,1.0003484846452914e-06
1601,410,assistant,7,0.01,user,-1,2.6217222540072837e-13,3.2283835484148607e-12,1.951569931845395e-06,0.9999980460920915,2.334486074655845e-09
1602,411,assistant,7,0.01,user,-1,8.560429922434833e-11,9.423767222738605e-09,6.665202475557351e-05,0.9999315981281458,1.7403377270525855e-06
1603,412,assistant,7,0.01,user,-1,1.9307540846959067e-10,1.128832322551235e-09,1.1041553836029379e-05,0.999988919425927,3.76983291333967e-08
1604,413,assistant,7,0.01,user,-1,6.141843741251515e-12,6.576468488907976e-11,1.2121249976250603e-06,0.9999987706283718,1.71747239953343e-08
1605,414,assistant,7,0.01,user,-1,1.5405496650997092e-13,7.057636685023919e-13,5.866517488694515e-07,0.9999994110086282,2.3387631274164974e-09
1606,415,assistant,7,0.01,user,-1,5.758778303147423e-13,1.8074582903727512e-10,1.1461813973889368e-05,0.9999885094582907,2.85464137415201e-08
1607,416,assistant,7,0.01,user,-1,8.563480462378146e-11,9.593441164863573e-09,2.4142961511414193e-05,0.9999730810550972,2.766304315395617e-06
1608,417,assistant,7,0.01,user,-1,8.390779345704555e-13,2.0210410177409298e-10,4.65405635139896e-06,0.999995319751435,2.5989270325486524e-08
1609,418,assistant,7,0.01,user,-1,3.9493984867157e-10,3.6480703115493904e-08,1.1749193389202923e-05,0.9999880818639026,1.3206706530121845e-07
1610,419,assistant,7,0.01,user,-1,1.480469686583437e-09,2.1674346329573837e-08,1.1414358834481857e-05,0.999988485073511,7.741283846135722e-08
1611,420,assistant,7,0.01,user,-1,1.1852978455869474e-07,9.828987831320513e-06,0.0006260743225449773,0.9993631349199213,8.432399176755388e-07
1612,421,assistant,7,0.01,user,-1,7.121277755643427e-15,4.001076101848124e-12,9.439541195755181e-08,0.9999999054476049,1.529749713332798e-10
1613,422,assistant,7,0.01,user,-1,5.853527617902523e-13,1.1655675521463964e-09,7.589098288502153e-07,0.9999992258449524,1.4079065985172024e-08
1614,423,assistant,7,0.01,user,-1,1.0339054751727909e-10,2.9471981757146735e-08,0.00014215910001469785,0.9998568297710068,9.815536061383043e-07
1615,424,assistant,7,0.01,user,-1,1.3430637785237361e-09,3.3994774830019114e-08,0.0001399375209022432,0.9998574340541798,2.5930870793158705e-06
1616,425,assistant,7,0.01,user,-1,3.413174906945828e-12,1.585453415967195e-10,2.2463967044150492e-06,0.9999977429165788,1.0524758217422375e-08
1617,426,assistant,7,0.01,user,-1,1.6329132418300715e-11,9.61615305529786e-10,3.1722922567240754e-05,0.9999679591502375,3.169492509562766e-07
1618,427,assistant,7,0.01,user,-1,4.668348695588416e-11,1.30556322592183e-08,0.0001543752086189616,0.9998452629239326,3.487651327013806e-07
1619,428,assistant,7,0.01,user,-1,1.1298917014090762e-10,2.7668191357016785e-08,0.0003542528822066206,0.9996341699324061,1.15494042068334e-05
1620,429,assistant,7,0.01,user,-1,4.2657236800675855e-09,5.639413006818452e-07,0.00016734200392815393,0.99982503612573,7.0536633173563134e-06
1621,430,assistant,7,0.01,user,-1,3.0585604424199457e-10,2.0801553003982788e-08,0.0001576792524776991,0.9998342730091725,8.026630940947841e-06
1622,431,assistant,7,0.01,user,-1,2.9474984360092747e-11,1.5983066120413112e-09,4.7051652865380005e-06,0.9999945894311746,7.037757572828679e-07
1623,432,assistant,7,0.01,user,-1,4.0663200681588694e-08,2.013362755505376e-06,6.052762155158998e-05,0.999899452167926,3.796618456624745e-05
1624,433,assistant,7,0.01,user,-1,9.5743844472894e-09,2.5879323178308757e-08,0.0001846284587485509,0.9998021838129455,1.3152274598208322e-05
1625,434,assistant,7,0.01,user,-1,1.7873360498957076e-08,5.260871189042626e-07,0.0005337301727719997,0.9993970751168304,6.865074991809697e-05
1626,435,assistant,7,0.01,user,-1,3.121853284596896e-09,1.7333099580700853e-08,4.1379873883492226e-05,0.9999568448427576,1.754828406036196e-06
1627,436,assistant,7,0.01,user,-1,5.545817983896236e-10,1.1258293857645785e-08,5.81010956606761e-05,0.9999418836188813,3.4725823547303526e-09
1628,437,assistant,7,0.01,user,-1,2.0291324907089795e-11,5.788319103128954e-10,4.4709975749439165e-06,0.9999955081022145,2.0301087217553784e-08
1629,438,assistant,7,0.01,user,-1,3.939046176084264e-13,6.369412565626813e-13,4.306872806982525e-06,0.9999956925646662,5.614958884475224e-10
1630,439,assistant,7,0.01,user,-1,5.176077302942074e-13,3.6354597282438794e-12,0.00045410926624845347,0.999545888914083,1.815515623995924e-09
1631,440,assistant,7,0.01,user,-1,4.494941325186288e-10,7.888146928762504e-09,5.289831656377662e-05,0.9999467209933236,3.723524716389883e-07
1632,441,assistant,7,0.01,user,-1,4.50731024422675e-11,8.175018046067605e-11,0.00018157555110709465,0.9998177649027091,6.59419360656084e-07
1633,442,assistant,7,0.01,user,-1,1.8880510167941728e-11,1.1177250579946592e-10,1.4497260495480596e-05,0.9999854076019437,9.500690783730152e-08
1634,443,assistant,7,0.01,user,-1,5.278768181330956e-11,4.4022875683564316e-10,1.602849092966129e-06,0.9999983665226851,3.013520532632659e-08
1635,444,assistant,7,0.01,user,-1,3.158727419886109e-12,8.45478538554081e-11,6.210433216916005e-06,0.9999937195685403,6.991053616908062e-08
1636,445,assistant,7,0.01,user,-1,2.068119923766996e-13,7.240586004015182e-12,3.1862196986657715e-06,0.9999968130734611,6.993927648329457e-10
1637,446,assistant,7,0.01,user,-1,1.66338837143453e-14,9.829028451712777e-13,3.0160507758318923e-06,0.9999969837982347,1.4999000655833177e-10
1638,447,assistant,7,0.01,user,-1,9.398050522855545e-08,2.665745514601957e-07,0.0004837638624987841,0.9995078125694826,8.063012961838617e-06
1639,448,assistant,7,0.01,user,-1,1.2494309575637495e-10,1.094022416705891e-09,1.8443603823635486e-06,0.9999981035920616,5.0828590330579946e-08
1640,449,assistant,7,0.01,user,-1,2.3272769313478268e-10,7.821752096164981e-09,0.00025068702571671536,0.999747801033788,1.5038860154796024e-06
1641,450,assistant,7,0.01,user,-1,3.3373379248443325e-11,2.5729401007522735e-10,1.1116402191185141e-05,0.9999888373512174,4.595592400036118e-08
1642,451,assistant,7,0.01,user,-1,2.1369043895608926e-12,5.514219828617009e-13,1.9817587152794896e-07,0.9999998012120432,6.093967470840615e-10
1643,452,assistant,7,0.01,user,-1,2.2614277088763207e-10,6.197982277947698e-09,1.4846949955601996e-05,0.9999850256768159,1.2094910344856994e-07
1644,453,assistant,7,0.01,user,-1,5.015500943813446e-12,3.0413356581395045e-10,8.455584871838375e-05,0.9999154087995735,3.5042559063712415e-08
1645,454,assistant,7,0.01,user,-1,1.7412064652946294e-10,1.2334059231593444e-10,5.126568632806105e-05,0.9999486099528998,1.2406331111924094e-07
1646,455,assistant,7,0.01,user,-1,5.832027078263429e-13,6.3663635565581165e-12,1.2928092702672955e-05,0.9999870690902931,2.8100547961903565e-09
1647,456,assistant,7,0.01,user,-1,6.057605277424828e-12,3.207396447104369e-11,1.0940909575944894e-06,0.9999989009115698,4.959340947979449e-09
1648,457,assistant,7,0.01,user,-1,8.274782299994354e-12,6.255766605067957e-11,2.410383463336412e-05,0.9999758786743984,1.7420135698102694e-08
1649,458,assistant,7,0.01,user,-1,4.783815037723878e-10,1.4750673126208807e-08,0.00634800988835217,0.993639844504731,1.2130377862283052e-05
1650,459,assistant,7,0.01,user,-1,4.256359785784108e-09,4.118910452367863e-08,0.00014111581164867254,0.9998560314831145,2.80725977251733e-06
1651,460,assistant,7,0.01,user,-1,1.460357597555814e-10,3.919218815806748e-09,8.913394685141791e-05,0.9999096056230949,1.2563647990515058e-06
1652,461,assistant,7,0.01,user,-1,2.5567457619582934e-10,1.8478408655681056e-10,0.00010162044368631912,0.9998981645111422,2.1460471274928537e-07
1653,462,assistant,7,0.01,user,-1,1.1344444302283595e-09,4.051072249678764e-09,0.0003379493308286878,0.9996589009184685,3.1445651862032266e-06
1654,463,assistant,7,0.01,user,-1,6.9002719786308685e-12,1.8941947999169515e-12,8.742424728185014e-06,0.9999912544583421,3.1081353032399462e-09
1655,464,assistant,7,0.01,user,-1,1.3673851882337048e-11,7.068781126722079e-10,3.3857618305146874e-05,0.9999661373983236,4.2628191009891145e-09
1656,465,assistant,7,0.01,user,-1,1.1108417834002856e-13,5.3086203170576305e-12,7.7392051506691e-06,0.9999922602948258,4.946038580805558e-10
1657,466,assistant,7,0.01,user,-1,5.113195762476055e-11,1.4610723165572302e-09,0.0002088892638689923,0.9997909072690662,2.01954860433207e-07
1658,467,assistant,7,0.01,user,-1,8.376379648997974e-11,3.5635597922149235e-09,4.849261239356995e-05,0.9999514160242875,8.771599527357134e-08
1659,468,assistant,7,0.01,user,-1,8.393683752438285e-11,7.670127006409788e-10,0.0001324836169987921,0.9998671948946051,3.2063744659837165e-07
1660,469,assistant,7,0.01,user,-1,3.46360493423237e-10,1.0830459952592195e-09,0.0003021320449707024,0.999695396257941,2.470267681783029e-06
1661,470,assistant,7,0.01,user,-1,1.6419318953508267e-13,2.0117126919852476e-12,4.112041217962442e-06,0.999995880330389,7.62621719255481e-09
1662,471,assistant,7,0.01,user,-1,2.8722672574401384e-08,1.2265464840537e-07,0.0032356455162135898,0.9967366627277437,2.75403787218664e-05
1663,472,assistant,7,0.01,user,-1,3.671766983048714e-08,6.73898405757605e-08,0.003632615298243417,0.9963138676652855,5.34129289607418e-05
1664,473,assistant,7,0.01,user,-1,1.5386063175388244e-13,5.086607076374988e-13,1.577077260134893e-05,0.9999842278849617,1.341774429271477e-09
1665,474,assistant,7,0.01,user,-1,2.774605597546535e-10,3.075185459954126e-10,0.00047571703011646007,0.9995240159971499,2.6638775463054683e-07
1666,475,assistant,7,0.01,user,-1,2.014507235024569e-11,9.573887692278718e-11,0.00019217784536386344,0.9998078001503615,2.1888390694555263e-08
1667,476,assistant,7,0.01,user,-1,1.8302248525928675e-09,3.330182979399359e-09,0.00018079991637480637,0.9998191440378068,5.0885410677633445e-08
1668,477,assistant,7,0.01,user,-1,3.836050891719762e-10,9.908273652988053e-10,0.00019212957477715998,0.9998077829249039,8.612588640731289e-08
1669,478,assistant,7,0.01,user,-1,1.573584315291155e-11,1.1446835376149657e-10,8.625036280778969e-06,0.9999913712472694,3.586245682823516e-09
1670,479,assistant,7,0.01,user,-1,1.3802411785493375e-11,1.3944890449283647e-09,3.2964318975304034e-05,0.9999669817056752,5.2567057934750765e-08
1671,480,assistant,7,0.01,user,-1,9.605717033275121e-11,4.937345270136684e-09,0.0004522359595164065,0.999547670213998,8.879308297132923e-08
1672,481,assistant,7,0.01,user,-1,2.9265203691989915e-09,2.3231696834415405e-09,7.633794763299688e-05,0.9999235410565278,1.1574614905276059e-07
1673,482,assistant,7,0.01,user,-1,1.597574679159256e-09,1.0991164452368613e-08,0.0001596523181470841,0.999839419841197,9.152519168276699e-07
1674,483,assistant,7,0.01,user,-1,4.963711325246632e-12,1.110234920527989e-10,1.2346416040400066e-05,0.999987651159199,2.3087734918693576e-09
1675,484,assistant,7,0.01,user,-1,4.653832078904241e-13,3.366620158110486e-12,3.5478100321766866e-07,0.9999996448189723,3.961924781183717e-10
1676,485,assistant,7,0.01,user,-1,3.127495775219251e-11,4.483818627221767e-12,2.661870161645919e-07,0.999999731117105,2.6601201412024964e-09
1677,486,assistant,7,0.01,user,-1,3.789258840658179e-12,8.154856712268006e-12,7.456229914269181e-06,0.9999925431667415,5.913999913703963e-10
1678,487,assistant,7,0.01,user,-1,3.626759162669017e-10,3.9690311495077196e-10,3.077358854408809e-06,0.9999969113796395,1.0501927159135996e-08
1679,488,assistant,7,0.01,user,-1,1.237769283180664e-12,7.477177610847329e-13,1.7146284607670368e-06,0.9999982697103756,1.5659178201668187e-08
1680,489,assistant,7,0.01,user,-1,2.0035320965287054e-09,2.5433676465752167e-10,1.7496012424449463e-05,0.9999824443606384,5.73690682771026e-08
1681,490,assistant,7,0.01,user,-1,1.691222278564952e-12,2.0497472109614176e-11,0.0001263270336019875,0.9998736722300202,7.141891211336442e-10
1682,491,assistant,7,0.01,user,-1,2.274579447090435e-10,1.9703633447903225e-10,1.749118177676045e-05,0.9999824958227848,1.2570944244425921e-08
1683,492,assistant,7,0.01,user,-1,2.364965661935157e-13,5.617104216256318e-13,9.869465505020073e-07,0.9999990129306939,1.2195742761206315e-10
1684,493,assistant,7,0.01,user,-1,4.4536845121509956e-13,8.565132255503128e-14,3.849298302698885e-06,0.9999961506016082,9.955827563135493e-11
1685,494,assistant,7,0.01,user,-1,2.093611300260694e-12,2.0377063373133853e-12,9.131124710109879e-06,0.9999908685477372,3.2342142577693936e-10
1686,495,assistant,7,0.01,user,-1,4.58559946634848e-12,1.4637910054606176e-12,1.6777785967173877e-05,0.9999831932186177,2.898936581999753e-08
1687,496,assistant,7,0.01,user,-1,9.39887922858255e-12,1.8135413948566537e-11,1.5073045321409706e-05,0.9999848084230835,1.185040607702013e-07
1688,497,assistant,7,0.01,user,-1,2.2810416871154774e-14,8.601767754256577e-14,4.73622245690788e-07,0.9999995249149013,1.4627440112824967e-09
1689,498,assistant,7,0.01,user,-1,2.8780645754792946e-14,1.0862916012050917e-13,1.1816481447772762e-06,0.9999988171305972,1.221120690112838e-09
1690,499,assistant,7,0.01,user,-1,1.3594161372165445e-13,1.3507911575119145e-13,1.4683301791934276e-05,0.9999853164846227,2.1331414436036868e-10
1691,500,assistant,7,0.01,user,-1,1.1159126424114044e-06,7.787027900946648e-07,0.011267771449157781,0.9857898321341082,0.0029405018013013663
1692,501,assistant,7,0.01,user,-1,2.477013914157549e-10,1.006906189725434e-09,5.564688941002998e-05,0.999943991845823,3.600101594321842e-07
1693,502,assistant,7,0.01,user,-1,3.1841562657498356e-13,1.3254368496973018e-13,3.227281193264856e-06,0.9999967707499327,1.9684231196227924e-09
1694,503,assistant,7,0.01,user,-1,6.374978675031553e-11,2.5457746556139992e-11,2.5402095173354124e-05,0.9999718799136634,2.717901955724201e-06
1695,504,assistant,7,0.01,user,-1,1.1247948580593427e-11,5.700294650969669e-11,2.4046303525557386e-05,0.9999718307736654,4.12285455815485e-06
1696,505,assistant,7,0.01,user,-1,2.4464963488805057e-10,9.826766136009672e-10,0.00012594042532869946,0.9998607759506947,1.3282396650412547e-05
1697,506,assistant,7,0.01,user,-1,2.3892558868121524e-15,2.7170337031498384e-15,3.674859395012071e-07,0.999999632112038,4.0201742306689367e-10
1698,507,assistant,7,0.01,user,-1,4.00038329305733e-13,1.4111615599710655e-13,1.452667324344072e-06,0.9999985404198571,6.912277300850365e-09
1699,508,assistant,7,0.01,user,-1,2.283238092764823e-12,7.185845640397751e-13,1.343928029381272e-05,0.9999864805472228,8.016948171629436e-08
1700,509,assistant,7,0.01,user,-1,3.268801087375457e-13,1.9317749965625147e-11,9.440891483495058e-06,0.9999903725253361,1.865635358825608e-07
1701,510,assistant,7,0.01,user,-1,1.2565214055241165e-07,3.292633464506238e-06,0.01864486200357274,0.9811669558617218,0.0001847638491005719
1702,511,assistant,7,0.01,user,-1,7.225132239527582e-10,5.3566919162578e-09,1.7719056595342796e-05,0.9999811093233927,1.1655408069386151e-06
1703,512,assistant,7,0.01,user,-1,3.4647111499681474e-12,2.4702934870628435e-12,3.596617789257208e-06,0.9999963053278986,9.804837707628266e-08
978,1,user,2,0.01,user,0,0.000506527075855923,0.5881511274583316,0.004589324655273915,3.673300415801533e-07,0.4067526534804969
979,2,user,2,0.01,user,0,0.00010607717010807425,0.9972484201815232,9.472137406497388e-06,7.591994804187168e-10,0.0026360297517628944
980,3,user,2,0.01,user,0,0.000739912024874095,0.6788763501407771,0.001592707306413528,1.0312182137664943e-07,0.3187909274061139
981,4,user,2,0.01,user,0,0.0015479317936655647,0.959740331037396,0.0005408337141229385,8.809987861850675e-07,0.038170022456029136
982,5,user,2,0.01,user,0,0.00023152914792612655,0.9979284060727202,3.170058252032546e-05,1.0380522075489015e-07,0.0018082603916126378
983,6,user,2,0.01,user,0,0.008580387376185748,0.9857474325443962,0.0002935624246900747,2.9477355627200856e-07,0.0053783228811717975
984,7,user,2,0.01,user,0,0.00034960882161794106,0.9974323426476858,5.527103764789538e-05,2.0915691244542786e-07,0.0021625683361361147
985,8,user,2,0.01,user,0,2.6587698830084913e-05,0.999674068383096,1.0203384768631836e-06,4.4565127472313334e-10,0.0002983231339460251
986,9,user,2,0.01,user,0,0.0006487001228801971,0.9857486776014421,0.00026546099742801087,3.028644619522955e-07,0.013336858413787856
987,10,user,2,0.01,user,0,0.00020459087955270009,0.9787120540178651,0.0008154318960243205,2.7990522511884497e-06,0.020265124154306695
988,11,user,2,0.01,user,0,0.00012644613146522773,0.9994065634310895,6.922249229246589e-06,3.440210345427726e-11,0.00046006815381409406
989,12,user,2,0.01,user,0,3.741500966033026e-05,0.9833305451679089,0.0004691550159338517,4.919988611302659e-10,0.016162884314498135
990,13,user,2,0.01,user,0,0.0041443301841045735,0.9951884444528291,5.298808804917741e-05,9.013727494129928e-10,0.0006142363736445783
991,14,user,2,0.01,user,0,7.368826507260454e-05,0.9998707317397689,5.374033269037272e-06,3.147733543735419e-09,5.020281415596491e-05
992,15,user,2,0.01,user,0,0.004222116645552155,0.9922633672076145,0.0004858308666116387,1.2549008850283898e-06,0.0030274303793365234
993,16,user,2,0.01,user,0,0.0002471753069035756,0.99172386480751,0.0008967983882414328,5.8285851351544506e-08,0.007132103211493535
994,17,user,2,0.01,user,0,0.0004495134625949903,0.9437067249876782,0.004616763459657575,7.563395274917045e-08,0.05122692245611642
995,18,user,2,0.01,user,0,0.0002159791751964957,0.9878065367642944,0.003544241578982955,3.024540818048955e-08,0.008433212236118105
996,19,user,2,0.01,user,0,0.00022611105984885745,0.9700785533064581,0.0018956274754838793,1.1866310532428416e-08,0.02779969629189883
997,20,user,2,0.01,user,0,0.00024464332643623103,0.9972263228806266,0.0006836954682727648,5.603220457893654e-09,0.00184533272144408
998,21,user,2,0.01,user,0,0.0037191875279503853,0.9854401091109425,0.0014998422426541335,7.664585919535539e-07,0.00934009465986119
999,22,user,2,0.01,user,0,0.0012945451925381634,0.9895827976994652,0.002040092080263174,4.147904408322531e-07,0.0070821502372924675
1000,23,user,2,0.01,user,0,0.004209255893073355,0.975238952333105,0.0009432739985056386,8.843480887300249e-07,0.019607633427227388
1001,24,user,2,0.01,user,0,0.00033404266741216736,0.9945246841128634,0.0003998569660385919,2.6022915329460514e-06,0.004738813962152881
1002,25,user,2,0.01,user,0,4.9864196631008885e-06,0.9999523258617395,6.132918055848204e-07,2.9898643823069206e-09,4.20714369275846e-05
1003,26,user,2,0.01,user,0,8.595270971216682e-05,0.9973919619991699,0.0007188080398338845,7.642639358266331e-09,0.0018032696086444876
1004,27,user,2,0.01,user,0,0.0003572784181907366,0.9437253721552123,0.043345767471456104,6.539501720439684e-08,0.012571516560123902
1005,28,user,2,0.01,user,0,0.00036545555639208436,0.987364584691974,0.0005467071766698245,1.823429293194496e-06,0.011721429145670944
1006,29,user,2,0.01,user,0,0.0003884342740602146,0.9984989779463885,0.00039433437051754236,0.0005472373052403856,0.00017101610379346017
1007,30,user,2,0.01,user,0,0.0014781266968919924,0.9961420486100886,0.00015119889031667679,2.121313182422093e-05,0.0022074126708787095
1008,31,user,2,0.01,user,0,0.00013544874756593397,0.999625609411323,4.343888434728501e-05,1.4232051416599626e-05,0.00018127090534710003
1009,32,user,2,0.01,user,0,0.00040371762728642517,0.9992226473577798,2.3293278915356877e-05,9.702133825845218e-06,0.00034063960219248224
1010,33,user,2,0.01,user,0,0.00020256040822820535,0.9952193509116005,0.0004380288600755413,2.869974484491049e-07,0.004139772822647423
1011,34,user,2,0.01,user,0,0.0004036460962666659,0.9928564065748979,7.762140047095866e-05,1.0668045962614554e-06,0.006661259123768335
1012,35,user,2,0.01,user,0,5.877650942214773e-05,0.9981566626076677,0.0006561479659706315,2.3662945524595264e-07,0.0011281762874841134
1013,36,user,2,0.01,user,0,2.8373810011835835e-05,0.9968038874145518,0.0002789566146502876,3.5134965974900825e-08,0.00288874702582015
1014,37,user,2,0.01,user,0,0.00013858800465113333,0.9764145208294004,6.391948809303175e-05,3.415903442368996e-07,0.023382630087511277
1015,38,user,2,0.01,user,0,1.9699960833610028e-05,0.9992633787998267,5.826167127368883e-06,1.4000802903894032e-07,0.000710955064183217
1016,39,user,2,0.01,user,0,1.0878950947016715e-05,0.999779413051503,9.066046947100927e-06,4.952753785321753e-07,0.00020014667522411483
1017,40,user,2,0.01,user,0,5.337114093056239e-05,0.999817680505671,3.218162665585508e-05,5.886464111835468e-07,9.617808033153473e-05
1018,41,user,2,0.01,user,0,4.376517381599501e-06,0.9995822189806137,0.0001936966436074854,1.575557450941893e-08,0.00021969210282279217
1019,42,user,2,0.01,user,0,3.317232642161832e-05,0.9955439509205664,0.00020559530017003812,1.5010139349630522e-06,0.004215780438907187
1020,43,user,2,0.01,user,0,3.36149277281056e-05,0.9983648273298698,2.635203549080895e-05,4.6291249665813487e-07,0.0015747427944146285
1021,44,user,2,0.01,user,0,4.762692356341775e-05,0.9971894658385775,8.89584848740593e-05,1.3242337321993322e-06,0.0026726245192528787
1023,45,cot,3,0.01,user,0,1.6559635112992233e-08,1.6137846906829176e-05,0.961722657990112,5.739686311579257e-06,0.038255447917034544
1024,46,cot,3,0.01,user,0,6.327048084406921e-08,0.000133787591686957,0.8682743499944936,8.96232427110752e-07,0.1315909029109113
1025,47,cot,3,0.01,user,0,3.8848358180448875e-09,4.485318647931912e-06,0.9016140309026099,4.67190607913681e-07,0.09838101270329827
1026,48,cot,3,0.01,user,0,2.937230515382002e-07,0.0004732415084137389,0.9448983997506274,0.00010379443359708158,0.05452427058431025
1027,49,cot,3,0.01,user,0,3.050231507763138e-06,0.021088694376492346,0.34011389193091757,8.143086462061994e-06,0.6387862203746203
1028,50,cot,3,0.01,user,0,1.979467992696823e-07,0.00023843661553922147,0.26026646790737884,1.04180484403414e-06,0.7394938557254386
1029,51,cot,3,0.01,user,0,1.0168245108267754e-06,0.001819992314094759,0.7992066311806653,2.7274769665151596e-05,0.19894508491106408
1030,52,cot,3,0.01,user,0,3.600610223573028e-07,0.00020501656161128634,0.8483493423097005,0.00010311412262895021,0.151342166945037
1031,53,cot,3,0.01,user,0,1.779209758372698e-10,8.944444757704054e-08,0.9922973326528277,3.426072575229373e-06,0.007699151652228477
1032,54,cot,3,0.01,user,0,2.742514066191465e-07,0.00019342154685602866,0.9264022440425362,2.3316520793586914e-05,0.07338074363840756
1033,55,cot,3,0.01,user,0,7.032902227363611e-05,0.07207980977929014,0.2569737497220846,6.912397946406532e-05,0.6708069874968876
1034,56,cot,3,0.01,user,0,1.580137704844788e-05,0.14054268346632334,0.5159045411676882,2.1688204582964484e-05,0.34351528578435697
1035,57,cot,3,0.01,user,0,8.99572623236965e-06,0.8491408208043386,0.028736543414831443,1.1018790481409061e-05,0.12210262126411608
1036,58,cot,3,0.01,user,0,2.476881635040761e-07,0.006046175052566793,0.8440039692965767,5.0004151055977855e-06,0.14994460754758732
1037,59,cot,3,0.01,user,0,0.00014047494978983025,0.15640217531214073,0.7813677597783383,0.02775725044264836,0.03433233951708295
1038,60,cot,3,0.01,user,0,1.4084017258238759e-06,0.010730574355479245,0.7873914846687671,3.916108105534618e-05,0.20183737149297246
1039,61,cot,3,0.01,user,0,3.156386232102562e-05,0.9464361976235709,0.040206008808321016,0.0019582160609028496,0.011368013644884193
1040,62,cot,3,0.01,user,0,1.0618694723832668e-05,0.02931871048672944,0.8845569416554824,0.0002235468982227744,0.08589018226484162
1041,63,cot,3,0.01,user,0,6.230376299821871e-05,0.5169959782625392,0.2590501928356097,0.025627314489923267,0.19826421064892974
1042,64,cot,3,0.01,user,0,4.016960953090905e-06,0.013802819311394371,0.7939241657990117,4.829135096949498e-06,0.19226416879354385
1043,65,cot,3,0.01,user,0,1.0075050726047625e-06,0.002380993535396306,0.710778181192949,0.00013321300381255704,0.28670660476276955
1044,66,cot,3,0.01,user,0,3.2262261109374886e-06,0.0030076166922304273,0.45785023638448313,0.0010070079138111106,0.5381319127833644
1045,67,cot,3,0.01,user,0,7.39309015660263e-05,0.07952177794390662,0.4777365837227619,0.0011635081066729755,0.4415041993250924
1046,68,cot,3,0.01,user,0,3.433268197424112e-11,8.068451744830555e-08,0.9990966506754781,2.943054544550721e-06,0.0009003255511269327
1047,69,cot,3,0.01,user,0,3.750563050656961e-10,1.0948748245602193e-08,0.989603168254903,0.00011828142676937863,0.010278538994523205
1048,70,cot,3,0.01,user,0,1.741087570856406e-08,5.72027926375427e-06,0.9144939166365696,1.1441154815707875e-06,0.08549920155780924
1049,71,cot,3,0.01,user,0,6.113348206053286e-07,0.0007965452418497407,0.7644835640338196,1.2257745748575178e-06,0.23471805361493522
1050,72,cot,3,0.01,user,0,2.2531573538865842e-07,0.0037851542283866622,0.8505551842342939,2.7464424797519365e-05,0.1456319717967867
1051,73,cot,3,0.01,user,0,4.382935874125591e-10,3.128834947721542e-06,0.9967735981134355,3.49137614949501e-06,0.0032197812371736003
1052,74,cot,3,0.01,user,0,9.045087344532096e-11,2.444047398086153e-07,0.8772930363848405,3.565003474384015e-06,0.12270315411649454
1053,75,cot,3,0.01,user,0,8.964784147324717e-09,8.812482376235428e-07,0.4754536247760527,1.4770384145432372e-05,0.5245307146267801
1054,76,cot,3,0.01,user,0,1.0598784505095322e-06,0.0004912461519662392,0.9169221696224751,5.453140258213716e-05,0.08253099294452589
1055,77,cot,3,0.01,user,0,1.9133208493934161e-07,1.8452631981847248e-05,0.7418783994832256,4.102857223563707e-06,0.2580988536954839
1056,78,cot,3,0.01,user,0,1.9666487698149032e-07,0.00034403749909658036,0.961073418581763,4.222551807941248e-05,0.03854012173618391
1057,79,cot,3,0.01,user,0,9.51459050625238e-06,0.0010696853223008409,0.9765727260901831,0.0027423648992952617,0.019605709097714686
1058,80,cot,3,0.01,user,0,1.1295219747376568e-09,1.7483435455430056e-07,0.9925304145665388,2.3696729098026736e-05,0.0074457127404865065
1059,81,cot,3,0.01,user,0,6.7434520739908e-08,5.3340629967398804e-05,0.9283268449552352,5.1451040430828884e-05,0.07156829593984593
1060,82,cot,3,0.01,user,0,4.637215571875836e-05,0.001522928188430863,0.8008250011756924,0.001505875834812037,0.196099822645346
1061,83,cot,3,0.01,user,0,1.3910867988014054e-05,0.0015096222462932533,0.9415049454909047,0.00010520951954074409,0.056866311875273384
1062,84,cot,3,0.01,user,0,6.018573476236748e-11,8.331470581655296e-09,0.9988346125271235,2.2619351422144607e-05,0.0011427597297979366
1063,85,cot,3,0.01,user,0,3.3302484012480214e-12,5.5580839660873743e-11,0.9997335838534076,8.355224045893217e-05,0.000182863847222411
1064,86,cot,3,0.01,user,0,1.392148312691979e-10,1.417994954943054e-08,0.9900624371514685,0.0008030594678283417,0.009134489061538813
1065,87,cot,3,0.01,user,0,3.4376166417816726e-08,3.0171740662036426e-06,0.9860333312669189,0.013701415564331104,0.00026220161851751725
1066,88,cot,3,0.01,user,0,8.446623333463e-08,8.540987683539415e-06,0.960204464826148,0.010944386259134804,0.028842523460800174
1067,89,cot,3,0.01,user,0,1.680752118576854e-06,8.366892127851474e-06,0.8959096332945772,0.06256767546237031,0.04151264359880611
1068,90,cot,3,0.01,user,0,2.821782943296503e-07,6.080605653803226e-06,0.952521118398038,0.011891268937497113,0.03558124988051662
1069,91,cot,3,0.01,user,0,9.338510943946554e-07,0.00012340494934989907,0.8488219716747708,0.00833324254927543,0.14272044697550945
1070,92,cot,3,0.01,user,0,1.510741936707785e-07,1.1771877191590703e-05,0.9860216384268489,0.011350013918148197,0.0026164247036175267
1071,93,cot,3,0.01,user,0,1.7594550801542573e-11,1.1186918113599803e-10,0.9916230562833385,0.008222249975820835,0.00015469361137691482
1072,94,cot,3,0.01,user,0,6.211863245101464e-10,6.838480256038254e-08,0.989503555556959,0.0006406414105165721,0.009855734026535374
1073,95,cot,3,0.01,user,0,1.0865223816770691e-07,1.23881935404074e-05,0.9380787602713536,0.002219129336756479,0.05968961354611143
1074,96,cot,3,0.01,user,0,1.5074045116811056e-09,2.9247680448282994e-07,0.992859918091576,0.001934656424520588,0.0052051314996944585
1075,97,cot,3,0.01,user,0,4.922653381495209e-08,2.861313818675623e-06,0.8720564467290437,0.002238720823395276,0.12570192190720852
1076,98,cot,3,0.01,user,0,1.7455735242656297e-08,1.0823132423734492e-06,0.9318715377959196,0.003890876984641935,0.0642364854504609
1077,99,cot,3,0.01,user,0,1.4815789902257793e-06,0.00012097166808424249,0.7679818258188422,0.00046960277201585723,0.23142611816206743
1078,100,cot,3,0.01,user,0,1.6671813818695725e-06,3.110649924805552e-05,0.3620409759818804,0.012173700958928347,0.6257525493785614
1079,101,cot,3,0.01,user,0,3.121851086472946e-05,0.01005892448618484,0.3637183188338915,0.028415863747275137,0.5977756744217837
1080,102,cot,3,0.01,user,0,6.996790280190442e-08,4.869436079608231e-06,0.6455250623667727,0.013900718850821742,0.3405692793784232
1081,103,cot,3,0.01,user,0,3.4020158558612646e-06,1.6847782470056457e-05,0.31456360249342846,0.03296428332581776,0.6524518643824279
1082,104,cot,3,0.01,user,0,3.738850646667228e-07,1.1224584910352186e-05,0.6644343240372568,0.06947526125096884,0.2660788162417993
1083,105,cot,3,0.01,user,0,1.4176349485910975e-09,4.2170963016114774e-08,0.9935089406264964,0.004489932784867333,0.002001083000038192
1084,106,cot,3,0.01,user,0,1.4413942397445162e-08,1.9070012555351966e-06,0.9494853513973555,0.005344033392391914,0.045168693795054685
1085,107,cot,3,0.01,user,0,0.00034389668516773104,0.027754053929063615,0.7185606381020894,0.1667603443820207,0.08658106690165847
1086,108,cot,3,0.01,user,0,6.663472823643323e-05,0.002554468196792453,0.5964640280386667,0.200718352637032,0.20019651639927233
1087,109,cot,3,0.01,user,0,6.03286560307575e-08,1.0851419034221193e-05,0.8822281454827007,0.10339091244708586,0.014370030322523332
1088,110,cot,3,0.01,user,0,0.00046937291762787903,0.40345340078389946,0.3886259023987611,0.14158351593179078,0.06586780796792081
1089,111,cot,3,0.01,user,0,1.105001763318012e-05,0.00020055715856817766,0.7897395521033773,0.017368089549448802,0.1926807511709725
1090,112,cot,3,0.01,user,0,2.2901129050469646e-06,0.0001541044449754329,0.10227935042071352,0.8881371600355871,0.00942709498581895
1091,113,cot,3,0.01,user,0,1.5541707350697347e-06,9.049798262154409e-06,0.22330807684783424,0.7718709341133436,0.004810385069824968
1092,114,cot,3,0.01,user,0,1.7208182423044736e-06,0.00011445978350552954,0.9580861250292403,0.003824704006314069,0.0379729903626979
1093,115,cot,3,0.01,user,0,0.0015344116247146284,0.02009248503854895,0.016206102690767405,0.0006672639765814187,0.9614997366693876
1094,116,cot,3,0.01,user,0,0.00025699345015540965,0.0015029663505252192,0.014597959985154564,0.004033782466733851,0.9796082977474311
1095,117,cot,3,0.01,user,0,2.6480945161903687e-06,4.603402830968393e-06,0.4908019090897439,0.018282477636927686,0.49090836177598113
1096,118,cot,3,0.01,user,0,3.828174799319486e-05,0.0013925044051096493,0.31697641289840056,0.07078386401874276,0.6108089369297538
1097,119,cot,3,0.01,user,0,8.465214864661948e-07,3.4335926957756276e-06,0.6854692929825236,0.007018324835983305,0.30750810206731094
1098,120,cot,3,0.01,user,0,0.0003917479133564456,0.05095785834411677,0.2596735681811447,0.00039133807278911596,0.688585487488593
1099,121,cot,3,0.01,user,0,8.106059198079952e-09,2.001962332433144e-07,0.9858160196359598,0.002949171835058416,0.01123460022668932
1100,122,cot,3,0.01,user,0,7.050247434746211e-09,5.716516943339467e-07,0.930742790819833,0.036992392623961284,0.03226423785426397
1101,123,cot,3,0.01,user,0,2.3300465810171214e-05,0.000983916493675183,0.7122923733837446,0.003965202122883986,0.282735207533886
1102,124,cot,3,0.01,user,0,1.6607709055613483e-07,1.7993041634726678e-05,0.8730632045101,0.03933209640924397,0.08758653996193062
1103,125,cot,3,0.01,user,0,1.6333019432018776e-08,6.080842515032055e-08,0.9534221003312325,0.03389762982859412,0.012680192698728637
1104,126,cot,3,0.01,user,0,1.3217136347113723e-08,1.678607076454978e-08,0.8899900118657822,0.10495770068492549,0.0050522574460850735
1106,127,assistant,4,0.01,user,0,3.2207418749332966e-12,1.1668938724598054e-10,0.13998192584521754,0.8600086526312622,9.42140361010602e-06
1107,128,assistant,4,0.01,user,0,6.523061925002957e-12,2.898804932065188e-10,0.008149248217568947,0.9918498472697507,9.042162766917389e-07
1108,129,assistant,4,0.01,user,0,9.245445961237444e-12,5.065913542577663e-11,0.02652371819764446,0.97347606921863,2.125238209125459e-07
1109,130,assistant,4,0.01,user,0,1.6176256689812128e-09,4.9820644062988085e-09,0.001180370883260029,0.9988000812712251,1.9541245824769752e-05
1110,131,assistant,4,0.01,user,0,1.96474519716e-11,3.1100613005079884e-10,0.0003250843138927966,0.9996738545418645,1.060813589121647e-06
1111,132,assistant,4,0.01,user,0,6.723201282530171e-13,1.0395296910177758e-11,7.898329607227851e-05,0.9999208704225667,1.4627029348450528e-07
1112,133,assistant,4,0.01,user,0,2.0524374738242233e-14,2.1495705032342055e-12,0.0001649540300566069,0.999835043382568,2.585205440464407e-09
1113,134,assistant,4,0.01,user,0,1.0380512408735508e-11,1.0437156143419655e-10,0.00046397716091926567,0.9995350178793141,1.0048450145257594e-06
1114,135,assistant,4,0.01,user,0,7.671162278158282e-11,5.395758429469211e-11,0.0005476439355510855,0.9994510359756751,1.319958104637061e-06
1115,136,assistant,4,0.01,user,0,3.44494248285244e-12,3.000664588629082e-11,0.00011532105404659241,0.9998842677079752,4.112045264840632e-07
1116,137,assistant,4,0.01,user,0,1.8505544646131846e-11,2.008465568372776e-11,0.028252593970086098,0.9717470090751361,3.9691618760602224e-07
1117,138,assistant,4,0.01,user,0,5.871983248621728e-11,1.2725143826858096e-10,0.01138751935030224,0.9886098164215109,2.6640422155529996e-06
1118,139,assistant,4,0.01,user,0,6.461744483497173e-10,1.394466730893898e-09,0.004771647292057498,0.9952023030510208,2.6047616280549308e-05
1119,140,assistant,4,0.01,user,0,4.103153991201224e-06,0.003494773664211733,0.0021309259378723376,0.9925439673515575,0.0018262298923672345
1120,141,assistant,4,0.01,user,0,4.3656263374245004e-11,9.546490028156238e-09,0.0002571432623626997,0.999736183412573,6.663734917933387e-06
1121,142,assistant,4,0.01,user,0,1.537950404673745e-05,0.007305062792119989,0.047060537905063274,0.9417140307782802,0.0039049890204897585
1122,143,assistant,4,0.01,user,0,1.7726877475516256e-07,7.181330152893578e-06,0.00032363085379628453,0.9996389204312102,3.009011606607778e-05
1123,144,assistant,4,0.01,user,0,1.2788472757973369e-12,1.0942417845062445e-10,0.00021593556435999683,0.9997826729856183,1.3913393186855425e-06
1124,145,assistant,4,0.01,user,0,1.0523229037586961e-08,9.855133514665156e-08,0.00016584427505456813,0.9998331007779888,9.458723924553068e-07
1125,146,assistant,4,0.01,user,0,9.69769539619313e-11,6.575116194112287e-08,0.0037678154810147635,0.996231258395454,8.602753922331778e-07
1126,147,assistant,4,0.01,user,0,1.464469070777347e-06,9.843366361218508e-05,0.010479715443638096,0.9893489577104314,7.142871324749982e-05
1127,148,assistant,4,0.01,user,0,2.802459515427742e-05,0.02433896113294747,0.026068591920114043,0.9429244980733673,0.006639924278416917
1128,149,assistant,4,0.01,user,0,0.00034109825366033,0.4380739917697778,0.006406878506174263,0.5540228449127342,0.0011551865576533969
1129,150,assistant,4,0.01,user,0,1.3136362486042917e-05,0.018012517030725473,0.005237768137787502,0.9761493424592994,0.0005872360097015684
1130,151,assistant,4,0.01,user,0,4.403618321605571e-06,0.0037650302928942158,0.06724848310764428,0.9280412635254348,0.0009408194557049964
1131,152,assistant,4,0.01,user,0,4.446173167004331e-07,5.8765549373642814e-05,0.000951678911204149,0.9989540275851995,3.5083336906034344e-05
1132,153,assistant,4,0.01,user,0,4.580740620285519e-09,1.3930834463240855e-05,0.0009255751866352776,0.9983393675701161,0.0007211218280447643
1133,154,assistant,4,0.01,user,0,5.947173423738746e-09,1.0031685377268662e-06,0.00026756482479083185,0.999552771029276,0.00017865503022196507
1134,155,assistant,4,0.01,user,0,2.7308746783594594e-06,0.0041846403308191185,0.09427276417745759,0.8840194800338119,0.01752038458323321
1135,156,assistant,4,0.01,user,0,5.895204842229428e-09,2.2193320521450912e-05,0.002537466399983722,0.9972966831990774,0.00014365118521240334
1136,157,assistant,4,0.01,user,0,5.81045701727762e-07,0.0009058052604297881,0.08031200273894083,0.8978118879786621,0.020969722976265523
1137,158,assistant,4,0.01,user,0,2.2184412917927596e-05,0.0007297310478815726,0.06713714565091043,0.9302899959352304,0.0018209429530596614
1138,159,assistant,4,0.01,user,0,2.3368408426982247e-08,8.554928176376206e-07,0.000979709000249449,0.9990097630703674,9.649068156905941e-06
1139,160,assistant,4,0.01,user,0,0.0001075466892030478,0.26343172614025506,0.05371656615228076,0.6821284887980185,0.0006156722202427328
1140,161,assistant,4,0.01,user,0,5.585223656749486e-09,1.7425702609917e-07,4.4371957281887425e-05,0.9999529916792766,2.456521191761211e-06
1141,162,assistant,4,0.01,user,0,3.8877602634453835e-11,3.0528802468621863e-10,0.0006633502915396758,0.9993333261040546,3.3232602400392187e-06
1142,163,assistant,4,0.01,user,0,2.5613364833849597e-08,6.007135336285365e-06,0.0014189212064177768,0.9984669378347631,0.00010810821011786616
1143,164,assistant,4,0.01,user,0,1.5191345206805448e-13,7.093990695123399e-12,0.001415399274760358,0.9985845950755314,5.642462262587144e-09
1144,165,assistant,4,0.01,user,0,4.015940202166966e-06,0.0002633922899944232,0.4730409735968428,0.5213411562877059,0.005350461885254739
1145,166,assistant,4,0.01,user,0,3.4761826712707015e-11,5.286826866847762e-10,0.0002380068118358666,0.9997609537418533,1.0388828664097814e-06
1146,167,assistant,4,0.01,user,0,5.5269318372133204e-08,9.433858175317428e-07,0.00021053407344631567,0.999787095207571,1.3720638467785415e-06
1147,168,assistant,4,0.01,user,0,7.816895575657957e-10,5.306159498483424e-08,5.819747579274031e-05,0.9999354996375119,6.2490434108064545e-06
1148,169,assistant,4,0.01,user,0,8.610905015785922e-10,4.2076279106425546e-08,2.356663192343296e-05,0.9999736837332415,2.706697465471465e-06
1149,170,assistant,4,0.01,user,0,2.8454165816621966e-06,2.0561485309107742e-05,0.00425564835586779,0.9956545205849402,6.6424157301199e-05
1150,171,assistant,4,0.01,user,0,3.0816278737372434e-09,1.868540760179671e-09,0.0004039906259259106,0.999576401193546,1.9603230359452615e-05
1151,172,assistant,4,0.01,user,0,2.2497119293596985e-05,4.236099262980324e-05,0.06847160193105101,0.9277814986341554,0.0036820413228702536
1152,173,assistant,4,0.01,user,0,4.616377890069598e-05,2.8629560753442798e-05,0.06958565324391494,0.9122612207524977,0.018078332663933078
1153,174,assistant,4,0.01,user,0,1.0005858193156968e-08,2.8572410154519206e-07,0.00046538959179729517,0.9995307459532173,3.5687250255467173e-06
1154,175,assistant,4,0.01,user,0,3.949468478116371e-05,0.0011199644832785539,0.00093352759965017,0.9973114848192495,0.0005955284130406659
1155,176,assistant,4,0.01,user,0,7.347524170949856e-08,1.1990736538962012e-06,0.004503630139304983,0.9953127033181898,0.0001823939936096429
1156,177,assistant,4,0.01,user,0,7.821143188825121e-07,1.8802913158924476e-07,0.005573581853914227,0.9942931474368676,0.00013230056576777997
1157,178,assistant,4,0.01,user,0,6.770175133122144e-08,2.4079111408747106e-06,0.003862303138755368,0.9960620659379503,7.315531040215931e-05
1158,179,assistant,4,0.01,user,0,3.3083575851351475e-09,7.426602768271638e-09,1.9987720714437312e-05,0.9999797441977054,2.5734661971467137e-07
1159,180,assistant,4,0.01,user,0,2.5762683367130454e-07,1.3091831220421927e-06,0.00037850621601165287,0.999534659648629,8.526732540362842e-05
1160,181,assistant,4,0.01,user,0,2.3471851363262013e-06,1.755621242146526e-05,0.0018608749316856405,0.9977642767286521,0.00035494494210462077
1161,182,assistant,4,0.01,user,0,3.2457781022859497e-06,6.143401287955775e-05,0.010342872621262577,0.9890600038441948,0.0005324437435605863
1162,183,assistant,4,0.01,user,0,2.0482214845790335e-07,1.3543203590055436e-06,0.006445721885834944,0.9934359178462159,0.00011680112544180231
1163,184,assistant,4,0.01,user,0,1.202354333891553e-08,2.1387179971688194e-08,0.0005088784768229118,0.9994889539090277,2.134203426161078e-06
1164,185,assistant,4,0.01,user,0,2.4197395125576187e-09,3.288419133987029e-09,1.884976789750493e-05,0.9999794352091224,1.7093148216240625e-06
1165,186,assistant,4,0.01,user,0,6.519580742081106e-07,2.067362795178532e-06,0.0009061465982311497,0.9976806552610559,0.0014104788198436087
1166,187,assistant,4,0.01,user,0,2.74081488982621e-05,7.02650839678097e-05,0.013538722137794492,0.9774964549343311,0.00886714969500815
1167,188,assistant,4,0.01,user,0,2.851176835835464e-07,3.4326675801761726e-06,0.0023100232564054884,0.9973763467696122,0.0003099121887184799
1168,189,assistant,4,0.01,user,0,1.2757624497961837e-08,1.6558403959445446e-07,0.00021492841037702877,0.9997654100136107,1.9483234348155427e-05
1169,190,assistant,4,0.01,user,0,4.8372914408555555e-09,1.2223949937559966e-07,0.0001315204339591537,0.9998674424516037,9.100376461744274e-07
1170,191,assistant,4,0.01,user,0,3.836090085897841e-08,1.1501705371464154e-07,9.276530753776348e-05,0.9999007471848613,6.334129646437878e-06
1171,192,assistant,4,0.01,user,0,1.4464966303849125e-08,8.884817506665452e-08,0.00014535780614708375,0.9998479989252599,6.539955451604978e-06
1172,193,assistant,4,0.01,user,0,5.313170761494664e-07,2.768849532755597e-06,0.002209199395906129,0.9954716907617958,0.002315809675689099
1173,194,assistant,4,0.01,user,0,2.288014783726695e-10,1.6816817294067444e-09,1.9665260675624053e-05,0.9999799137901073,4.19038733878859e-07
1174,195,assistant,4,0.01,user,0,2.0406356849151515e-10,5.170764478795608e-10,1.7283868661528485e-05,0.9999825304162366,1.8499396176853185e-07
1175,196,assistant,4,0.01,user,0,1.6096424172944896e-07,2.8442673206684966e-07,0.0005975354243523811,0.9991327743902659,0.00026924479440799953
1176,197,assistant,4,0.01,user,0,4.26174679939582e-06,8.105633866567381e-05,0.004572451808659077,0.9947449098946338,0.0005973202112420252
1177,198,assistant,4,0.01,user,0,3.3255832072133694e-05,0.0004988604470344833,0.029904182597566338,0.8448053224863007,0.12475837863702649
1178,199,assistant,4,0.01,user,0,0.04042824406345782,0.051490315612489276,0.2094864650597414,0.5002837375161062,0.19831123774820533
1179,200,assistant,4,0.01,user,0,2.3476639010520142e-08,2.8347835884532016e-07,0.00025218535530808096,0.999550985740333,0.00019652194936116375
1180,201,assistant,4,0.01,user,0,7.439319407576737e-08,4.4873634264817433e-07,0.0007856376075908993,0.9990335674315557,0.0001802718313165931
1181,202,assistant,4,0.01,user,0,2.34567414414945e-05,2.6951929727207704e-05,0.018658149980647052,0.9765154279890916,0.004776013359092616
1182,203,assistant,4,0.01,user,0,5.056241862914635e-07,4.5291414797558395e-06,0.005091747963674318,0.9946618984122584,0.00024131885840107255
1183,204,assistant,4,0.01,user,0,9.785779615115342e-08,3.115571276803629e-07,0.0005358893446219109,0.9994409794740373,2.272176641689978e-05
1184,205,assistant,4,0.01,user,0,8.722805761787132e-09,1.544636328888748e-07,0.00014115961867550194,0.9998571711358446,1.506059041327149e-06
1185,206,assistant,4,0.01,user,0,3.758862357017339e-08,2.2077113407215288e-07,0.0010666090187890541,0.9988508246187794,8.230800267364941e-05
1186,207,assistant,4,0.01,user,0,6.421303096808232e-07,2.1469824063983284e-07,0.000211516048610471,0.9997844527545606,3.1743682786200073e-06
1187,208,assistant,4,0.01,user,0,1.0527235838673036e-07,4.009651826010525e-06,0.0002818280794491931,0.9996992859363224,1.477106004398758e-05
1188,209,assistant,4,0.01,user,0,7.168064841048863e-06,0.00013534998656617882,0.06250417603173782,0.9372091760167821,0.00014412990007273057
1189,210,assistant,4,0.01,user,0,3.3179030889971067e-06,4.890436912038835e-06,0.004537264566798264,0.9954094765204691,4.505057273149095e-05
1190,211,assistant,4,0.01,user,0,2.174167835732707e-06,8.793971655183159e-07,0.0017121893732857804,0.9982570623774266,2.7694684286346044e-05
1191,212,assistant,4,0.01,user,0,1.57358696245945e-11,4.28542942962466e-11,9.706608427517627e-06,0.9999902161799037,7.715307872234518e-08
1192,213,assistant,4,0.01,user,0,1.3202464549494927e-12,3.0989329730683266e-12,9.429213894150678e-05,0.999905691039042,1.6817597269381636e-08
1193,214,assistant,4,0.01,user,0,1.9948470202097091e-07,1.73128323712179e-06,0.0007912307168027303,0.9990278336242918,0.00017900489096621866
1194,215,assistant,4,0.01,user,0,1.5508950538027939e-09,1.0927995739829544e-09,6.250884238077286e-05,0.9999322907143944,5.197799530326072e-06
1195,216,assistant,4,0.01,user,0,3.674093402574884e-06,2.3965377259452947e-05,0.0037442122194694524,0.996136673370271,9.14749395975852e-05
1196,217,assistant,4,0.01,user,0,1.7513072190053274e-07,1.0404367033358859e-05,0.00014092067396182702,0.9998164516377118,3.204819057107922e-05
1197,218,assistant,4,0.01,user,0,6.489546555664034e-11,6.233132149241136e-09,8.576487453376558e-07,0.9999990102016245,1.2585160239125317e-07
1198,219,assistant,4,0.01,user,0,7.292516970684392e-11,5.411778797082046e-10,8.94608962860422e-06,0.9999908319637931,2.2133247523776306e-07
1199,220,assistant,4,0.01,user,0,4.097379004534826e-08,6.485687439932241e-07,0.0003572899725870487,0.9995857407085298,5.627977634928343e-05
1200,221,assistant,4,0.01,user,0,6.042880958000394e-05,0.0032240511374156144,0.0754708306348793,0.8804010203366227,0.04084366908150253
1201,222,assistant,4,0.01,user,0,3.4416540214871854e-07,1.6899988073644525e-05,0.005587724698007547,0.9940802712251848,0.0003147599233317402
1202,223,assistant,4,0.01,user,0,4.1388936401658656e-08,2.8221913649040843e-06,0.0016542680856548087,0.9976318683281604,0.0007110000058834058
1203,224,assistant,4,0.01,user,0,1.8845048293802844e-10,9.803456486576874e-10,8.863561063055711e-05,0.9999112422305724,1.2099000101190778e-07
1204,225,assistant,4,0.01,user,0,1.0047230793634757e-07,1.4805333338495731e-06,0.010323248005481683,0.9895803701380628,9.480085081371874e-05
1205,226,assistant,4,0.01,user,0,1.659159987649954e-09,2.479345837959943e-07,0.0008715910793627587,0.9989676466221253,0.00016051270476804817
1206,227,assistant,4,0.01,user,0,8.974026459448122e-05,0.00033432759586795755,0.01356633818668552,0.9111846930699307,0.07482490088292146
1207,228,assistant,4,0.01,user,0,6.6693499470331e-07,1.4459532303082817e-07,0.0007878616655276537,0.9988581037985883,0.0003532230055662608
1208,229,assistant,4,0.01,user,0,1.3264480081007635e-09,1.0178709863275296e-09,0.00014837542832538998,0.9998453532746648,6.268952690817067e-06
1209,230,assistant,4,0.01,user,0,1.377191649446225e-05,5.107030689363301e-06,0.0018287460651803596,0.9979018415390173,0.0002505334486184805
1210,231,assistant,4,0.01,user,0,1.587033714207018e-05,8.207369511234118e-05,0.00887071112448095,0.9754103640849224,0.015620980758342123
1211,232,assistant,4,0.01,user,0,8.521816712234009e-07,1.9070136210941323e-06,0.00021222344368771685,0.9997640956501395,2.0921710880566765e-05
1212,233,assistant,4,0.01,user,0,5.607346541432866e-09,4.110336429261019e-08,0.00012624000724782355,0.9998638834317892,9.829850252176413e-06
1213,234,assistant,4,0.01,user,0,2.1285904674462927e-09,3.752644136278171e-08,0.00015114957824680227,0.99977906658973,6.974417699130165e-05
1214,235,assistant,4,0.01,user,0,1.0587724810829668e-06,0.0001525813780215303,0.012471331329927504,0.9847219814608639,0.002653047058705942
1215,236,assistant,4,0.01,user,0,1.0161729596945519e-07,1.0881326188620497e-06,0.0001439126876402903,0.9996508708247019,0.0002040267377429908
1216,237,assistant,4,0.01,user,0,1.067145441333171e-10,2.098054020305939e-10,1.810520012672737e-05,0.9999797604713492,2.134012004006676e-06
1217,238,assistant,4,0.01,user,0,7.594594166453594e-07,1.9551928608091222e-05,0.00048146656665080836,0.9992657998238442,0.00023242222148031822
1218,239,assistant,4,0.01,user,0,4.2066455741488147e-10,7.460847027470333e-10,1.3263332613454396e-05,0.9999865549529242,1.8054771308362995e-07
1219,240,assistant,4,0.01,user,0,4.1874389606070023e-08,1.99705637941588e-08,0.00010869184156981749,0.9998776967198688,1.3549593608082988e-05
1220,241,assistant,4,0.01,user,0,2.925808997982969e-08,1.1975639617106287e-07,0.00013494334627738938,0.9998495025023741,1.5405136862293822e-05
1221,242,assistant,4,0.01,user,0,1.7447214752712264e-06,9.995110913522573e-06,0.029952444412671173,0.9675864729874027,0.002449342767537246
1222,243,assistant,4,0.01,user,0,5.450520990110109e-07,5.386757493891232e-07,0.0047862222982598315,0.9948872889998474,0.00032540497404450435
1223,244,assistant,4,0.01,user,0,4.207851091129197e-08,8.57285722060884e-08,0.0016789504996193275,0.997965663268442,0.00035525842485541605
1224,245,assistant,4,0.01,user,0,6.129469154624171e-07,1.3414419053817214e-06,0.00972868462410809,0.9895310473568836,0.0007383136301876181
1225,246,assistant,4,0.01,user,0,1.9014400734089832e-06,1.0788476645175524e-06,0.0090402666074164,0.9906771316597107,0.0002796214451350432
1436,247,user,5,0.01,user,0,1.5460693962663306e-05,0.002370803295059576,0.6281372495586733,0.368050155332121,0.0014263311201832918
1437,248,user,5,0.01,user,0,6.972556028124777e-06,0.00025246667447734335,0.2004199297139119,0.7979338407049369,0.0013867903506457622
1438,249,user,5,0.01,user,0,1.6089353205759144e-10,4.944373765117929e-08,0.0014495147138040509,0.9985497108233954,7.248581693584858e-07
1439,250,user,5,0.01,user,0,5.080681840328974e-07,0.00019911841467083963,0.02146235798230115,0.9781445829189619,0.00019343261588198167
1440,251,user,5,0.01,user,0,3.396460080304761e-06,0.0036961113421610423,0.01051009203562207,0.9851280319983907,0.0006623681637458276
1441,252,user,5,0.01,user,0,1.4686138416305578e-05,0.1739432605779565,0.06462348324489549,0.7605520718856446,0.0008664981530872219
1442,253,user,5,0.01,user,0,7.246925922431489e-06,0.02649870801502412,0.22150333340218528,0.7437226408440999,0.00826807081276835
1443,254,user,5,0.01,user,0,3.828193667467704e-06,0.001344692583034315,0.020575835892296737,0.9763543013783053,0.0017213419526963573
1444,255,user,5,0.01,user,0,6.013646132548638e-05,0.7245685902705382,0.024292489492608222,0.24984528071162676,0.001233503063901358
1445,256,user,5,0.01,user,0,0.00013728312538937746,0.4739523134792105,0.021232070488457107,0.48613236303865237,0.018545969868290678
1446,257,user,5,0.01,user,0,5.977959076633678e-06,0.01686160339485741,0.9131475068785702,0.04488992052400763,0.02509499124348807
1447,258,user,5,0.01,user,0,5.49249749766292e-05,0.3568454469052852,0.1146727251313603,0.36369992786826394,0.16472697512011394
1448,259,user,5,0.01,user,0,5.6482833662059355e-06,0.1803537830546145,0.07226179481927675,0.7373543536023625,0.010024420240380132
1449,260,user,5,0.01,user,0,1.6896686552932837e-05,0.9854072056790223,0.009222862268199695,0.0036551356862860765,0.0016978996799389713
1450,261,user,5,0.01,user,0,0.00016386899729682898,0.22798714262696668,0.008062519604516873,0.7572477963763942,0.006538672394825524
1451,262,user,5,0.01,user,0,1.3266609214091651e-06,0.05982940734925138,0.0015985119560032739,0.9384459505693842,0.0001248034644397765
1452,263,user,5,0.01,user,0,7.010686718426793e-08,0.00027105641747404203,8.194399558167545e-05,0.9996447002140261,2.229266051059241e-06
1453,264,user,5,0.01,user,0,2.422489119417706e-07,0.005371261614928439,0.001984111098045702,0.9926201650460492,2.421999206462999e-05
1454,265,user,5,0.01,user,0,1.9841181021564605e-06,0.6981050241318054,0.0037851017135234234,0.29769067414623557,0.0004172158903334145
1455,266,user,5,0.01,user,0,8.749353120714959e-06,0.31263464352948606,0.004533620513098463,0.6773499324931268,0.005473054111168002
1456,267,user,5,0.01,user,0,3.2015581104287836e-06,0.9654052475207178,0.0002128069484671781,0.034071074350534594,0.00030766962217025135
1457,268,user,5,0.01,user,0,3.8665270203553504e-07,0.011330915525001945,0.0026489379849724123,0.9860093305366482,1.042930067546481e-05
1458,269,user,5,0.01,user,0,1.67361228145447e-05,0.5740010288850741,0.024959644371258697,0.40080154598265033,0.00022104463820228076
1459,270,user,5,0.01,user,0,5.8797121774781215e-06,0.11305679331752358,0.12116171005680458,0.7653386474730051,0.0004369694404892898
1460,271,user,5,0.01,user,0,3.0750023571751247e-06,0.9974946713351814,0.0003034193175822185,0.0015901912841206822,0.0006086430607585505
1461,272,user,5,0.01,user,0,0.00013213600605581352,0.9062985982723155,0.0003716857605099184,0.09138938046524293,0.0018081994958757562
1462,273,user,5,0.01,user,0,6.584904740915166e-05,0.9955262546964639,0.0012331326648851444,0.001990393084526371,0.0011843705067152012
1463,274,user,5,0.01,user,0,5.851755048417667e-05,0.9971866993257563,0.0014936872572276036,0.0010573910662886432,0.0002037048002431862
1464,275,user,5,0.01,user,0,8.477647875758049e-06,0.998037396640914,0.0002520744240566369,0.0015821549241108184,0.00011989636304285697
1465,276,user,5,0.01,user,0,7.820534691612814e-06,0.9844461138585999,0.002083432737419784,0.013350239097582406,0.00011239377170617348
1466,277,user,5,0.01,user,0,2.3692005816455413e-05,0.832801392729374,0.016824293076538814,0.12392948236473007,0.026421139823540496
1467,278,user,5,0.01,user,0,2.709022548029964e-06,0.9832016340995213,0.01056195483010726,0.0033717953700954607,0.002861906677727957
1468,279,user,5,0.01,user,0,1.3635532863972046e-06,0.010431488254209791,8.768863641713888e-05,0.9885811726859419,0.0008982868701446268
1469,280,user,5,0.01,user,0,2.0549254650503366e-06,0.9602440611391582,0.0013703149820589412,0.03495855278358277,0.003425016169735035
1470,281,user,5,0.01,user,0,2.857686006345558e-05,0.2753312910958809,0.0003625406303010094,0.7191893104725567,0.005088280941197839
1471,282,user,5,0.01,user,0,0.0004152670161485277,0.2782489943568366,0.030190343911232282,0.6224041208155411,0.06874127390024165
1472,283,user,5,0.01,user,0,1.5238648332729303e-06,0.9491612970376639,0.0009808138066385004,0.049481074149023516,0.00037529114184080053
1473,284,user,5,0.01,user,0,4.358657906631491e-06,0.419699462349524,0.010512804888885256,0.5695562435255068,0.00022713057817751365
1474,285,user,5,0.01,user,0,2.5368103062393064e-05,0.9707637984197554,0.01088332435557345,0.0171322820996414,0.0011952270219677305
1475,286,user,5,0.01,user,0,1.113632738919556e-05,0.902334740027239,0.0010737541787273186,0.09228497302084443,0.0042953964457997105
1476,287,user,5,0.01,user,0,0.00025704584003570583,0.7012791666788828,0.00299914648560918,0.2778514132063335,0.017613227789138746
1477,288,user,5,0.01,user,0,1.0666759818562281e-05,0.030933999527168334,0.003025117402870211,0.9649969178528712,0.0010332984572717547
1478,289,user,5,0.01,user,0,2.723209520681555e-05,0.7601867503733877,0.0013706862299006006,0.23304284355362684,0.005372487747877992
1479,290,user,5,0.01,user,0,8.227958201041353e-05,0.8398017683686808,0.058692474063124715,0.07399097025132485,0.027432507734859283
1480,291,user,5,0.01,user,0,7.2459647769000274e-06,0.0999132569848072,0.0034567409761322282,0.8960295703303142,0.0005931857439695612
1481,292,user,5,0.01,user,0,2.0986068755288543e-05,0.9388192117181835,0.022891685238522322,0.038146213238684765,0.00012190373585401053
1482,293,user,5,0.01,user,0,5.138892666615083e-05,0.958980460895351,0.00433108800005348,0.03501318191000003,0.0016238802679292776
1483,294,user,5,0.01,user,0,8.39878788875145e-07,0.0015826556548752678,0.0003761208874730654,0.9980064976767158,3.3885902147056635e-05
1484,295,user,5,0.01,user,0,3.595686800404743e-05,0.08386815007927537,0.02676962101491376,0.8888219256032497,0.0005043464345570021
1485,296,user,5,0.01,user,0,1.3915776738920146e-05,0.028813511267053164,0.023648386571873077,0.9456601672415237,0.0018640191428109867
1486,297,user,5,0.01,user,0,6.853809837144813e-06,0.9820822585176787,0.004094364179656882,0.013686610363100008,0.00012991312972753132
1488,298,cot,6,0.01,user,0,1.8448339037345016e-11,2.106179476523989e-08,0.6633521296381153,0.33660708486525637,4.076441638535936e-05
1489,299,cot,6,0.01,user,0,4.93979513661667e-09,4.742275490723485e-06,0.9918695154659793,0.003644195122250542,0.004481542196484254
1490,300,cot,6,0.01,user,0,2.0298004895211277e-08,6.046844605755278e-05,0.9699262321193125,0.005267555852084039,0.024745723284540905
1491,301,cot,6,0.01,user,0,1.8527108285070283e-10,2.1521564435721966e-06,0.9921275935786448,0.00667886489276534,0.001191389186875179
1492,302,cot,6,0.01,user,0,5.079109693803354e-06,0.6270000950078685,0.20252001404987005,0.16319045669054494,0.0072843551420226854
1493,303,cot,6,0.01,user,0,2.9443484460350296e-06,0.7132870482740123,0.003191317881407408,0.2774788924915744,0.0060397970045597
1494,304,cot,6,0.01,user,0,3.053844873553134e-05,0.6253724549436244,0.015275711495322869,0.325060287698375,0.03426100741394238
1495,305,cot,6,0.01,user,0,1.2456813155111202e-05,0.3955786953702813,0.2518272619930538,0.2626746303222102,0.08990695550129962
1496,306,cot,6,0.01,user,0,1.5910182936510419e-06,0.9809957710077595,0.0097052845388038,0.0008768005503413661,0.008420552884801405
1497,307,cot,6,0.01,user,0,2.9903626756317956e-08,0.006520750562695971,0.9745392255991004,0.011332962773089265,0.0076070311614872665
1498,308,cot,6,0.01,user,0,2.5797856788677607e-05,0.3504329754779495,0.05964803878202157,0.49326786580178744,0.0966253220814528
1499,309,cot,6,0.01,user,0,2.65173602387731e-06,0.17241627702066356,0.06241079046676572,0.7427237282450927,0.02244655253145417
1500,310,cot,6,0.01,user,0,1.5639857066820439e-07,0.00033883814698265673,0.0012959599573196415,0.9982821450282634,8.290046886355793e-05
1501,311,cot,6,0.01,user,0,5.664636725582859e-07,0.03725909602290464,0.9457840756992899,0.008981156903723945,0.007975104910408981
1502,312,cot,6,0.01,user,0,5.74724348535829e-07,0.01582747312556706,0.8590008662403098,0.08313648991977939,0.04203459598999526
1503,313,cot,6,0.01,user,0,3.5290239233528986e-06,0.40134836622917747,0.031750054099201945,0.5541744216553806,0.0127236289923167
1504,314,cot,6,0.01,user,0,4.477776643200455e-07,0.006789576818530553,0.3256725138589439,0.665601792716324,0.0019356688285371282
1505,315,cot,6,0.01,user,0,5.30292414995634e-09,0.0006939971706328761,0.9977120161525791,0.0010603966033882683,0.000533584770475647
1506,316,cot,6,0.01,user,0,2.3079922994846438e-06,0.030238718612588453,0.7890447328780507,0.007289539068477754,0.1734247014485836
1507,317,cot,6,0.01,user,0,0.0001705251010790657,0.4973464161103787,0.007317669862773032,0.46417404348544994,0.030991345440319253
1508,318,cot,6,0.01,user,0,3.3690506071629075e-06,0.9838818152837524,0.007771646123076217,0.0006377804314426333,0.0077053891111215946
1509,319,cot,6,0.01,user,0,1.727501129059213e-05,0.8925596680811456,0.06628564565168593,0.0283246760346595,0.012812735221218292
1510,320,cot,6,0.01,user,0,1.7931567555409922e-08,0.005972576253835029,0.9856903308176679,0.003771191732836254,0.004565883264093345
1511,321,cot,6,0.01,user,0,3.7106000501837353e-07,0.11785067203570325,0.7867288208978606,0.03700309310812276,0.0584170428983084
1512,322,cot,6,0.01,user,0,3.000595402032532e-06,0.30752489680276246,0.42359006047732867,0.006068142373525819,0.26281389975098113
1513,323,cot,6,0.01,user,0,1.0203175743691357e-06,0.7523135764134468,0.1589114825436088,0.0793234337020218,0.009450487023348253
1514,324,cot,6,0.01,user,0,1.0195479908892827e-08,0.0007211447998167988,0.9932316278430644,0.001813054411544214,0.0042341627500945365
1515,325,cot,6,0.01,user,0,1.8855649502479553e-06,0.03703848968557038,0.8905771998765721,0.022740771908319003,0.049641652964588286
1516,326,cot,6,0.01,user,0,2.4132184397866543e-05,0.012236891823105568,0.008131360970549187,0.9718505504434459,0.007757064578501523
1517,327,cot,6,0.01,user,0,9.145369691643458e-07,0.015499385924905254,0.014747057286725745,0.9680205817542501,0.0017320604971497856
1518,328,cot,6,0.01,user,0,5.030012543529575e-08,0.0005002025170225183,0.9772794900017192,0.021351537809802038,0.000868719371330802
1519,329,cot,6,0.01,user,0,5.112222165477371e-09,6.405371691185032e-05,0.9388410658981581,0.03657274013768397,0.02452213513502399
1520,330,cot,6,0.01,user,0,8.68309392869233e-06,0.0772408933163756,0.07426895147701253,0.8303171350028389,0.01816433710984421
1521,331,cot,6,0.01,user,0,3.984343444233943e-08,0.0010482379863991967,0.8546698553114781,0.14386516755453846,0.0004166993041499335
1522,332,cot,6,0.01,user,0,9.22884989352789e-09,1.9873023536632053e-05,0.9823133514364919,0.017314284620074668,0.00035248169104681404
1523,333,cot,6,0.01,user,0,7.353457232534322e-08,0.004660730162071397,0.9125143124412606,0.0824935405936938,0.00033134326840187354
1524,334,cot,6,0.01,user,0,2.4774151460552004e-10,1.3610778744882692e-07,0.7361679457658243,0.26375023402650755,8.168385213904976e-05
1525,335,cot,6,0.01,user,0,2.1095117779643964e-10,7.075939910588396e-08,0.9868646832626788,0.012849236418002757,0.0002860093489683371
1526,336,cot,6,0.01,user,0,3.061527063244518e-09,3.000765861149557e-07,0.9892422680751142,0.008240003258721101,0.00251742552805169
1527,337,cot,6,0.01,user,0,2.6466676033217125e-10,4.182641680882906e-07,0.9889634312269149,0.0026428167445871477,0.008393333499663166
1528,338,cot,6,0.01,user,0,1.7854970841706295e-08,1.8389965296869326e-05,0.9746603536140704,0.01792147341934416,0.0073997651463178216
1529,339,cot,6,0.01,user,0,5.31695169163596e-08,3.0399393107572818e-05,0.7976007174656787,0.18632469704968008,0.01604413292201666
1530,340,cot,6,0.01,user,0,6.21362673361636e-08,0.0004011498505719804,0.43939650499391875,0.55786693309031,0.0023353499289319457
1531,341,cot,6,0.01,user,0,2.6452545760045586e-10,9.029157325266089e-07,0.5961496495990066,0.4029786336865036,0.0008708135342318181
1532,342,cot,6,0.01,user,0,1.330366927641805e-06,7.711218203816348e-06,0.013249750902005754,0.9838389119436762,0.00290229556918664
1533,343,cot,6,0.01,user,0,4.071930724277236e-06,0.0002406140374762014,0.13826232349723466,0.7558524104793299,0.10564058005523494
1534,344,cot,6,0.01,user,0,3.770022863822234e-05,0.0027080435401386524,0.061156638378121034,0.9137119306641547,0.022385687188947314
1535,345,cot,6,0.01,user,0,2.8262748167372444e-06,0.0007078430430339026,0.026321660184504523,0.9707093605211764,0.00225830997646837
1536,346,cot,6,0.01,user,0,7.114795073237908e-06,0.0027524957070591883,0.22862990042259052,0.7428673977624092,0.025743091312867915
1537,347,cot,6,0.01,user,0,2.7276350322412036e-06,0.00015246801220581896,0.12705202436879814,0.8715827282205694,0.001210051763394343
1538,348,cot,6,0.01,user,0,1.0228946100855412e-07,8.115484108570728e-07,0.015352107245709169,0.9846080322408524,3.8946675566581886e-05
1539,349,cot,6,0.01,user,0,1.2725490530407376e-05,0.0013028538763362523,0.4829920253585331,0.5015272899199711,0.014165105354629183
1540,350,cot,6,0.01,user,0,2.0159157907462316e-07,9.043071323479592e-05,0.9178651167660671,0.07713283334494446,0.004911417584174428
1541,351,cot,6,0.01,user,0,3.993416771200776e-09,9.226765482446416e-07,0.904455873218312,0.0841081141091329,0.011435086002590071
1542,352,cot,6,0.01,user,0,5.783787218967469e-06,0.0003465366230522128,0.7397590614754479,0.011973795400696296,0.24791482271358461
1543,353,cot,6,0.01,user,0,1.6238603494594514e-05,0.0031339038459981946,0.059944991193814925,0.9314920919324032,0.005412774424288955
1544,354,cot,6,0.01,user,0,5.099585147256523e-06,0.0022369759513074404,0.19057362189998195,0.7820865381031518,0.025097764460411544
1545,355,cot,6,0.01,user,0,1.4529588577399357e-08,3.2499052203149187e-06,0.965692437457647,0.033558480500889304,0.0007458176066549641
1546,356,cot,6,0.01,user,0,1.6536771222763747e-08,2.4181073203187974e-06,0.7391450346279032,0.24484814844480224,0.016004382283203146
1547,357,cot,6,0.01,user,0,0.00013054076688998308,0.12346083249559446,0.2769453877795016,0.34239080423495644,0.2570724347230575
1548,358,cot,6,0.01,user,0,4.504912122964785e-07,0.0014480638020103018,0.9380534585136389,0.01611780511013706,0.04438022208300145
1549,359,cot,6,0.01,user,0,7.243178735508322e-06,0.0011177981869598425,0.729485694059249,0.20957438388229813,0.059814880692757574
1550,360,cot,6,0.01,user,0,3.6617580637883334e-06,2.7130153280933572e-05,0.07483328884361415,0.9233359999383005,0.0017999193067406512
1551,361,cot,6,0.01,user,0,1.8940071383703658e-06,0.0007129563083167074,0.9558145604419231,0.023893391128484813,0.019577198114136985
1552,362,cot,6,0.01,user,0,2.5126509134743672e-05,0.0037386191008715844,0.9603101336847245,0.0010988216590300938,0.03482729904623893
1553,363,cot,6,0.01,user,0,4.1349556585272934e-05,0.00879143328105955,0.8605593139149065,0.07611378014824746,0.05449412309920115
1554,364,cot,6,0.01,user,0,1.7440293522838283e-07,2.9396847894093695e-06,0.9649810654017433,0.033393230525936485,0.0016225899845956973
1555,365,cot,6,0.01,user,0,1.3518004606808253e-09,2.0515445537163924e-06,0.968002745722929,0.02534679418570814,0.006648407195008726
1556,366,cot,6,0.01,user,0,5.504708353455749e-06,0.006701198827217103,0.22927681210450923,0.021727080406988564,0.7422894039529316
1557,367,cot,6,0.01,user,0,3.691283974273683e-07,4.003940600668276e-06,0.11619015192501121,0.8706480533015737,0.01315742170441705
1558,368,cot,6,0.01,user,0,6.151447601341715e-07,2.2060100956609702e-05,0.5021771555731307,0.45471947150686803,0.043080697674284546
1559,369,cot,6,0.01,user,0,3.792718386027998e-08,1.600040971913689e-05,0.9209331769199433,0.05386391135784727,0.025186873385306417
1560,370,cot,6,0.01,user,0,1.0919789508983665e-05,0.0052811618065905196,0.4334541885963277,0.44584085879649643,0.11541287101107643
1561,371,cot,6,0.01,user,0,2.6360914238645108e-09,8.745482097220172e-07,0.92739532112802,0.0712806502850853,0.001323151402593682
1562,372,cot,6,0.01,user,0,4.259498485313935e-07,3.085039635215846e-05,0.7568002568227634,0.15205619403385695,0.091112272797179
1563,373,cot,6,0.01,user,0,0.00014638722850077328,0.04112502572544039,0.3266095535808032,0.554754314186941,0.07736471927831455
1564,374,cot,6,0.01,user,0,1.269267618378815e-07,0.00021761095470512637,0.388818187371343,0.6082361778976538,0.0027278968495361767
1565,375,cot,6,0.01,user,0,0.0004665127302195996,0.10250912816817317,0.29855581597279723,0.3657541226001825,0.23271442052862754
1566,376,cot,6,0.01,user,0,6.080297934249486e-07,3.8046915124195926e-05,0.23598149490329168,0.7437833638624547,0.020196486289336162
1567,377,cot,6,0.01,user,0,6.562267401947527e-05,0.004439450235360625,0.40403539173932207,0.5458452646282909,0.045614270723007076
1568,378,cot,6,0.01,user,0,4.383143954818976e-07,7.046529994058957e-05,0.008230887607851158,0.9908326895279824,0.0008655192498304371
1569,379,cot,6,0.01,user,0,5.695036709134265e-07,0.00012673951547956735,0.22300183104001883,0.7750979450034997,0.0017729149373309247
1570,380,cot,6,0.01,user,0,8.57433845148883e-09,3.4541319674825283e-07,0.13749439631139643,0.862081370781132,0.00042387891993637234
1571,381,cot,6,0.01,user,0,2.988605409066132e-10,3.457478354882216e-08,0.8199058293247705,0.1799546291771704,0.00013950662441495427
1572,382,cot,6,0.01,user,0,2.8551871774879627e-06,5.561074411251168e-05,0.19599312725775903,0.7997291968592981,0.004219209951653004
1573,383,cot,6,0.01,user,0,5.5498205007521974e-09,1.993172730612697e-08,0.25617470342532445,0.7434757276201934,0.00034954347293433553
1574,384,cot,6,0.01,user,0,6.693557907732273e-09,4.520126883767154e-07,0.9451195735384325,0.044923975754722775,0.009955992000598506
1575,385,cot,6,0.01,user,0,3.8965559445263806e-07,0.0013714344868876684,0.9593268635588255,0.031503132106702754,0.007798180191989793
1576,386,cot,6,0.01,user,0,2.4068481530365614e-06,0.001531650308124564,0.8501524196782799,0.12916119176981622,0.01915233139562633
1577,387,cot,6,0.01,user,0,1.6174904681154784e-10,1.0686269410704179e-08,0.9121562205043666,0.08766667235281961,0.00017709629479517797
1578,388,cot,6,0.01,user,0,5.553314708051461e-10,5.517986869572709e-08,0.7031158707994944,0.2947609566672833,0.00212311679802206
1579,389,cot,6,0.01,user,0,6.619036328135502e-10,6.418140494400892e-08,0.37539309274920496,0.6245403152077686,6.652719971771111e-05
1580,390,cot,6,0.01,user,0,4.8908528749483924e-12,3.139114261894959e-11,0.3920311064145925,0.607959734410796,9.159138329492199e-06
1581,391,cot,6,0.01,user,0,3.381191253629438e-11,7.623119850766083e-11,0.6281640000825043,0.3717927329802785,4.326682717416386e-05
1582,392,cot,6,0.01,user,0,1.3718061003532833e-10,1.5121765948548179e-09,0.7952847152804613,0.20333420920230572,0.0013810738678758832
1584,393,assistant,7,0.01,user,0,2.5970510177354036e-11,3.6752092402255337e-10,0.00012031098038720679,0.9998795518363889,1.3678973257600398e-07
1585,394,assistant,7,0.01,user,0,1.3817329623520593e-10,2.8874741292103503e-08,0.000372783160260679,0.9996270742276597,1.1359916489890887e-07
1586,395,assistant,7,0.01,user,0,7.209293481152996e-11,3.377861129326307e-09,9.487114832657846e-05,0.9999047410541707,3.8434754862491224e-07
1587,396,assistant,7,0.01,user,0,9.526212603300048e-12,1.9418277752425987e-09,4.436886607492459e-06,0.999995524514275,3.66477635291268e-08
1588,397,assistant,7,0.01,user,0,2.8563458935002773e-09,8.336728069053405e-08,0.00010247396977368562,0.9998854079387427,1.2031867857230128e-05
1589,398,assistant,7,0.01,user,0,1.7802379615431506e-10,1.162481599125463e-08,2.8672341394209566e-05,0.9999678505477168,3.465308049267471e-06
1590,399,assistant,7,0.01,user,0,7.403763583957202e-11,3.210826712908779e-08,9.231404805260276e-05,0.9999065794662294,1.0743034131607292e-06
1591,400,assistant,7,0.01,user,0,1.5396567923296061e-09,4.880455932910798e-07,0.00017836039046777752,0.9998023155705381,1.8834453744040092e-05
1592,401,assistant,7,0.01,user,0,8.985012060842117e-10,2.7412579036572464e-07,0.00025183422305529113,0.9997448309670633,3.0597855898124745e-06
1593,402,assistant,7,0.01,user,0,1.1042578073591592e-11,6.403774274898856e-09,5.405413055292141e-05,0.9999441856818346,1.7537727956219824e-06
1594,403,assistant,7,0.01,user,0,3.533514417016049e-10,8.755665737298525e-08,1.416391629295062e-05,0.9999854497808969,2.983928014567837e-07
1595,404,assistant,7,0.01,user,0,1.1417856031278362e-11,2.296719997350887e-10,0.00023098946717783414,0.9997689177504074,9.25413247333222e-08
1596,405,assistant,7,0.01,user,0,2.562546669327418e-11,5.598304904631579e-10,0.00046563602208099297,0.9995342199409449,1.4345151810398728e-07
1597,406,assistant,7,0.01,user,0,7.383791495562205e-11,1.5720915056853213e-09,0.0010555527633522512,0.9989439054891583,5.401015599761322e-07
1598,407,assistant,7,0.01,user,0,8.052812656753628e-11,2.943774970801106e-09,4.505391212349901e-05,0.9999542746349367,6.68428636720841e-07
1599,408,assistant,7,0.01,user,0,1.2989552561243546e-10,9.456338607301615e-09,2.1579010468724355e-05,0.9999754166024304,2.9948008669746944e-06
1600,409,assistant,7,0.01,user,0,6.726598666822989e-10,1.2130729933157451e-06,6.787125633752239e-05,0.999922876014925,8.038983084425103e-06
1601,410,assistant,7,0.01,user,0,2.731795478991013e-12,2.2470447251535005e-10,8.728183322680573e-06,0.9999912528278692,1.8761372068038942e-08
1602,411,assistant,7,0.01,user,0,8.917721940925238e-10,6.557646325386141e-07,0.00029802310623832355,0.9996873371299873,1.3983107369762954e-05
1603,412,assistant,7,0.01,user,0,2.011752795473149e-09,7.85673630625878e-08,4.938056846611443e-05,0.9999502358950214,3.029573966370685e-07
1604,413,assistant,7,0.01,user,0,6.399725293226542e-11,4.577416203169691e-09,5.421109964212601e-06,0.9999944362215923,1.380270299510047e-07
1605,414,assistant,7,0.01,user,0,1.6052373781158567e-12,4.912334675683866e-11,2.623748294311037e-06,0.9999973574051428,1.879583419217229e-08
1606,415,assistant,7,0.01,user,0,6.000361753136589e-12,1.257999441509853e-08,5.1260008006615255e-05,0.999948497997006,2.294089924977044e-07
1607,416,assistant,7,0.01,user,0,8.922151974081488e-10,6.676653089370101e-07,0.00010796626733369899,0.9998691356049024,2.2229570239591197e-05
1608,417,assistant,7,0.01,user,0,8.74298328862356e-12,1.4066872959642813e-08,2.0814559528707313e-05,0.9999789625010235,2.0886383184650411e-07
1609,418,assistant,7,0.01,user,0,4.115060238711583e-09,2.5390633197325433e-06,5.254501660212196e-05,0.9999438504722421,1.0613327757123806e-06
1610,419,assistant,7,0.01,user,0,1.5425735118906217e-08,1.5085421476685681e-06,5.104769200923503e-05,0.9999468062244254,6.221156823968415e-07
1611,420,assistant,7,0.01,user,0,1.2315545511443227e-06,0.0006821816695527914,0.0027920956396439017,0.9965177335885078,6.7575477441656556e-06
1612,421,assistant,7,0.01,user,0,7.420313155334832e-14,2.784878231378568e-10,4.221758968459841e-07,0.9999995763161317,1.2294093067404094e-09
1613,422,assistant,7,0.01,user,0,6.099312726733518e-12,8.112706566511233e-08,3.3941548084715776e-06,0.9999964115635057,1.131485208735405e-07
1614,423,assistant,7,0.01,user,0,1.0767802472088914e-09,2.050315403087797e-06,0.0006354759952892555,0.999354588150334,7.884462193562207e-06
1615,424,assistant,7,0.01,user,0,1.3987534414079709e-08,2.3649490566734146e-06,0.0006255426807034525,0.9993512491419522,2.0829240753472e-05
1616,425,assistant,7,0.01,user,0,3.556473452887979e-11,1.1035184609580123e-08,1.0046752883130665e-05,0.9999898575930017,8.458336562710592e-08
1617,426,assistant,7,0.01,user,0,1.7012914843740635e-10,6.692402830288017e-08,0.00014186231679418353,0.9998555236581963,2.546930851964939e-06
1618,427,assistant,7,0.01,user,0,4.861760282978205e-10,9.08224581950026e-07,0.0006900587244527586,0.9993062311648075,2.8013999816872993e-06
1619,428,assistant,7,0.01,user,0,1.17579414427678e-09,1.9232703414006133e-06,0.0015822900828130568,0.9983230884319484,9.269703910301752e-05
1620,429,assistant,7,0.01,user,0,4.4418770448793586e-08,3.922588983516587e-05,0.0007479232225163186,0.9991561564125109,5.665005636715264e-05
1621,430,assistant,7,0.01,user,0,3.1850676392246454e-09,1.4469797114485978e-06,0.000704781319419642,0.9992293001451271,6.446837067416432e-05
1622,431,assistant,7,0.01,user,0,3.0712045395885225e-10,1.1124495983552467e-07,2.1043030355723386e-05,0.9999731895234841,5.655894079792305e-06
1623,432,assistant,7,0.01,user,0,4.2344658847040505e-07,0.00014005035005900505,0.00027053840590365234,0.9992840538047627,0.00030493399268615145
1624,433,assistant,7,0.01,user,0,9.969101051153065e-08,1.79996118517688e-06,0.0008251293211962304,0.9990673481938245,0.0001056228327836879
1625,434,assistant,7,0.01,user,0,1.8579817783573285e-07,3.6530699942035807e-05,0.002381415796805599,0.9970314500848313,0.0005504176202432584
1626,435,assistant,7,0.01,user,0,3.252435188555681e-08,1.2062504377553657e-06,0.0001850391243262619,0.9997996213374959,1.4100763388079747e-05
1627,436,assistant,7,0.01,user,0,5.77752860691215e-09,7.834551914783338e-07,0.00025979994500614176,0.999739382919919,2.7902354624897985e-08
1628,437,assistant,7,0.01,user,0,2.1143069375181212e-10,4.028795143454759e-08,1.9995869969547845e-05,0.9999798004800263,1.6315062209923108e-07
1629,438,assistant,7,0.01,user,0,4.1043938384925e-12,4.433252065946279e-11,1.9261860838448136e-05,0.9999807335782338,4.5124909374375546e-09
1630,439,assistant,7,0.01,user,0,5.384940614167633e-12,2.52641442478872e-10,0.0020277703479036247,0.9979722148263372,1.4567732641539855e-08
1631,440,assistant,7,0.01,user,0,4.682818636806986e-09,5.48938122029911e-07,0.00023653935162699222,0.9997599151116874,2.991915744877196e-06
1632,441,assistant,7,0.01,user,0,4.693600787317467e-10,5.686466770637029e-09,0.0008115668638960175,0.9991831308068618,5.2961734154389384e-06
1633,442,assistant,7,0.01,user,0,1.96723399672195e-10,7.779333194430835e-09,6.483454662516273e-05,0.9999343939768871,7.635004309766496e-07
1634,443,assistant,7,0.01,user,0,5.500403115431491e-10,3.064117584704675e-08,7.168574526098368e-06,0.9999925580488953,2.4218536250719315e-07
1635,444,assistant,7,0.01,user,0,3.291296594317032e-11,5.88467588396543e-09,2.777505999598374e-05,0.999971657186743,5.61835672202109e-07
1636,445,assistant,7,0.01,user,0,2.1549408948238574e-12,5.039627657015423e-10,1.424995859427387e-05,0.99998574391456,5.620728227109984e-09
1637,446,assistant,7,0.01,user,0,1.733219489760842e-13,6.841251948647e-11,1.3488907959553546e-05,0.9999865098180466,1.2054079021307178e-09
1638,447,assistant,7,0.01,user,0,9.77553166369825e-07,1.8521936384235695e-05,0.0021598036669800633,0.9977560106230219,6.468622044752513e-05
1639,448,assistant,7,0.01,user,0,1.3018883607855342e-09,7.614699905540796e-08,8.248699953717457e-06,0.9999912653612293,4.0848992947868366e-07
1640,449,assistant,7,0.01,user,0,2.4228682889833433e-09,5.439398512124463e-07,0.0011201903795533402,0.9988671876646654,1.2075593061632258e-05
1641,450,assistant,7,0.01,user,0,3.4773445409033774e-10,1.790780287760336e-08,4.9715296120062784e-05,0.9999498971300244,3.6931831837675016e-07
1642,451,assistant,7,0.01,user,0,2.2266360807650096e-11,3.838073756377535e-11,8.863253431455541e-07,0.9999991087164913,4.897518552223795e-09
1643,452,assistant,7,0.01,user,0,2.3562654560701574e-09,4.313769415650391e-07,6.639830478087023e-05,0.9999321959850582,9.71976954037617e-07
1644,453,assistant,7,0.01,user,0,5.224577262829151e-11,2.116246647831935e-08,0.00037805826103087337,0.9996216389814341,2.8154282289623115e-07
1645,454,assistant,7,0.01,user,0,1.8139989646291873e-09,8.583370974776198e-09,0.00022924072823217955,0.9997697519965653,9.968778326235323e-07
1646,455,assistant,7,0.01,user,0,6.076653583562714e-12,4.430997169729272e-10,5.7817278391831654e-05,0.9999421596899566,2.2582475256777822e-08
1647,456,assistant,7,0.01,user,0,6.311952998891823e-11,2.2324437203739247e-09,4.893216754123703e-06,0.9999950646312376,3.985644501368786e-08
1648,457,assistant,7,0.01,user,0,8.621535584954851e-11,4.353852133658987e-09,0.00010779346367501718,0.9998920621080705,1.3998818705224974e-07
1649,458,assistant,7,0.01,user,0,4.876777903960391e-09,1.0044666612170953e-06,0.02777630243508445,0.9721273109850567,9.537723641988029e-05
1650,459,assistant,7,0.01,user,0,4.4328211203162576e-08,2.8654267772523605e-06,0.0006308059669502711,0.9993437348108728,2.2549467188425638e-05
1651,460,assistant,7,0.01,user,0,1.5211964830238019e-09,2.727034921644074e-07,0.0003985175717816453,0.9995911144274716,1.0093776058067237e-05
1652,461,assistant,7,0.01,user,0,2.663165231379854e-09,1.2857017195552104e-08,0.0004543284090888586,0.9995439319739927,1.7240967359075256e-06
1653,462,assistant,7,0.01,user,0,1.180670218279614e-08,2.8163100169353765e-07,0.0015096463172484362,0.9984648185921425,2.5241652904988637e-05
1654,463,assistant,7,0.01,user,0,7.189810887940493e-11,1.318381159555331e-10,3.909861735997764e-05,0.9999608762005978,2.4978306001444326e-08
1655,464,assistant,7,0.01,user,0,1.424637043587242e-10,4.919522892931145e-08,0.00015140771520832485,0.999848508692249,3.425485013184548e-08
1656,465,assistant,7,0.01,user,0,1.157457320696365e-12,3.6948731552758853e-10,3.46120544196625e-05,0.9999653836000734,3.974862280085435e-09
1657,466,assistant,7,0.01,user,0,5.324039999561857e-10,1.0162152108238251e-07,0.0009335621778689987,0.9990647138020687,1.6218661371044783e-06
1658,467,assistant,7,0.01,user,0,8.726644953493261e-10,2.479933834237219e-07,0.00021684268425610243,0.9997822036242796,7.048254163913898e-07
1659,468,assistant,7,0.01,user,0,8.742110769670849e-10,5.336190775654615e-08,0.000592248703818426,0.9994051213928403,2.5756672224534236e-06
1660,469,assistant,7,0.01,user,0,3.6052039167667963e-09,7.53032074970588e-08,0.00134982203816563,0.9986302674737842,1.9831579638895093e-05
1661,470,assistant,7,0.01,user,0,1.7108556429211034e-12,1.4001974193597996e-10,1.8390516481930895e-05,0.9999815480532576,6.128852987879805e-08
1662,471,assistant,7,0.01,user,0,2.959034524943876e-07,8.44061879343896e-06,0.014307519966780865,0.9854649134908826,0.0002188300200907053
1663,472,assistant,7,0.01,user,0,3.776872750851301e-07,4.630381341106078e-06,0.016038172784468258,0.9835330635557062,0.0004237555912093302
1664,473,assistant,7,0.01,user,0,1.6031279148108499e-12,3.5402501182019334e-11,7.052967368121998e-05,0.9999294595065025,1.0782810760648228e-08
1665,474,assistant,7,0.01,user,0,2.886343881412771e-09,2.1368951642357635e-08,0.0021240940998705354,0.9978737443084525,2.137336381501862e-06
1666,475,assistant,7,0.01,user,0,2.0977005672780264e-10,6.659292369068002e-09,0.0008589269386236839,0.9991408903998298,1.7579248418167276e-07
1667,476,assistant,7,0.01,user,0,1.905882260019626e-08,2.316460002870533e-07,0.0008081055403624067,0.9991912350622748,4.086925399308086e-07
1668,477,assistant,7,0.01,user,0,3.994467323525852e-09,6.89187822346229e-08,0.0008587108965463303,0.9991405244866225,6.917035816484566e-07
1669,478,assistant,7,0.01,user,0,1.6396133606674752e-10,7.96713098351728e-09,3.857363802757109e-05,0.999961389410263,2.882061713367635e-08
1670,479,assistant,7,0.01,user,0,1.438035212500748e-10,9.704982060871498e-08,0.00014741337452627677,0.9998520670161813,4.224156683052029e-07
1671,480,assistant,7,0.01,user,0,9.993379071561137e-10,3.431161505735909e-07,0.00201941651903978,0.9979795268840983,7.124813735109198e-07
1672,481,assistant,7,0.01,user,0,3.0486001154632505e-08,1.616571551921903e-07,0.0003413246313605024,0.9996575532590602,9.299664229475839e-07
1673,482,assistant,7,0.01,user,0,1.6637259612605255e-08,7.645914207999528e-07,0.0007136316344333033,0.9992782356856764,7.351451209828365e-06
1674,483,assistant,7,0.01,user,0,5.1719264360507895e-11,7.727264810945355e-09,5.5216003543062255e-05,0.9999447576634128,1.8554060026366208e-08
1675,484,assistant,7,0.01,user,0,4.849250556079807e-12,2.343274274262749e-10,1.586728098692473e-06,0.9999984098486593,3.184065173506636e-09
1676,485,assistant,7,0.01,user,0,3.258823006163343e-10,3.120880707421639e-10,1.1904993144396522e-06,0.9999987874842216,2.13784936221009e-08
1677,486,assistant,7,0.01,user,0,3.9482757636570215e-11,5.675898619722557e-10,3.334653674111502e-05,0.9999666481034214,4.752764838743193e-09
1678,487,assistant,7,0.01,user,0,3.779013840106767e-09,2.7625450094619717e-08,1.3763096280866093e-05,0.9999861210996193,8.439963615951637e-08
1679,488,assistant,7,0.01,user,0,1.289738069002605e-11,5.204327338579756e-11,7.668494069261576e-06,0.9999922055940699,1.2584692019697008e-07
1680,489,assistant,7,0.01,user,0,2.087536995107271e-08,1.770158312103381e-08,7.82447477305662e-05,0.9999212556471275,4.6102818870742787e-07
1681,490,assistant,7,0.01,user,0,1.7614676588256148e-11,1.4260651825741681e-09,0.0005647399625731848,0.9994352528565598,5.737187195907667e-09
1682,491,assistant,7,0.01,user,0,2.3699497636130594e-09,1.3713535623964364e-08,7.82231719466217e-05,0.999921659722155,1.0102241282923182e-07
1683,492,assistant,7,0.01,user,0,2.4642672332499783e-12,3.909673893190968e-11,4.414025483588265e-06,0.9999955849528269,9.80128517740958e-10
1684,493,assistant,7,0.01,user,0,4.640642317263673e-12,5.961531041053966e-12,1.7215452976007347e-05,0.9999827837363152,8.001065387348886e-10
1685,494,assistant,7,0.01,user,0,2.181457390003292e-11,1.4182649381016207e-10,4.083694024911557e-05,0.9999591602969603,2.5991495888757024e-09
1686,495,assistant,7,0.01,user,0,4.777879364996211e-11,1.0187866044579178e-10,7.503293791245919e-05,0.9999247339480173,2.3296441269441376e-07
1687,496,assistant,7,0.01,user,0,9.793037731822542e-11,1.2622166985569464e-09,6.740942200666754e-05,0.9999316368901864,9.523276598666747e-07
1688,497,assistant,7,0.01,user,0,2.3768236234190476e-13,5.987100320390873e-12,2.1182346376982373e-06,0.9999978700035627,1.1755574791152069e-08
1689,498,assistant,7,0.01,user,0,2.998908395612394e-13,7.56091189703885e-12,5.28480641077094e-06,0.9999947053720218,9.813706446803269e-09
1690,499,assistant,7,0.01,user,0,1.416428737462234e-12,9.401466593589852e-12,6.566656109983624e-05,0.9999343317138337,1.7142484642314084e-09
1691,500,assistant,7,0.01,user,0,1.0970773382869009e-05,5.113801507701563e-05,0.04754702137953598,0.9300941845770718,0.022296685254932433
1692,501,assistant,7,0.01,user,0,2.5805237266184323e-09,7.00702247862679e-08,0.000248827595545069,0.9997482070365309,2.8927171754719206e-06
1693,502,assistant,7,0.01,user,0,3.31782864109597e-12,9.225368213097058e-12,1.4433598678070325e-05,0.9999855505693848,1.5819394018286717e-08
1694,503,assistant,7,0.01,user,0,6.641964896489998e-10,1.7717518215544374e-09,0.00011359667461304627,0.9998645603463712,2.184054306739449e-05
1695,504,assistant,7,0.01,user,0,1.1718955700583098e-10,3.967144185212808e-09,0.0001075330971975607,0.9998593325151597,3.313030330893363e-05
1696,505,assistant,7,0.01,user,0,2.5478774721092677e-09,6.836119992901081e-08,0.0005629597722055182,0.9993302796861502,0.0001066896325668071
1697,506,assistant,7,0.01,user,0,2.4895827207363105e-14,1.8911414416363106e-13,1.6435497819253042e-06,0.9999983532191258,3.230878147374958e-09
1698,507,assistant,7,0.01,user,0,4.168346803230508e-12,9.822093577038485e-12,6.496906960049106e-06,0.9999934475276251,5.555142444394064e-08
1699,508,assistant,7,0.01,user,0,2.37900383150803e-11,5.001346149340441e-11,6.010328252914542e-05,0.9999392523782453,6.442654219450307e-07
1700,509,assistant,7,0.01,user,0,3.4059489766865282e-12,1.3445324064977858e-09,4.2222202990376356e-05,0.9999562771501957,1.4992988755639726e-06
1701,510,assistant,7,0.01,user,0,1.2279117381356468e-06,0.0002149343048420084,0.07820502741875003,0.920186211400353,0.0013925989643166976
1702,511,assistant,7,0.01,user,0,7.528003413678913e-09,3.728170502719416e-07,7.924152813169739e-05,0.999911011713944,9.36641287069152e-06
1703,512,assistant,7,0.01,user,0,3.610154279739158e-11,1.7193819818228355e-10,1.6085377436129876e-05,0.999983126442235,7.879722892029095e-07
978,1,user,2,0.01,user,1,0.00011932482302123752,0.9255122202950786,0.00046403971879286667,8.30462698234981e-09,0.07390440685848029
979,2,user,2,0.01,user,1,1.591892625065121e-05,0.9996783626822834,6.101239519759311e-07,1.093410640630605e-11,0.00030510825658005354
980,3,user,2,0.01,user,1,0.00015472612048562928,0.9482859592728045,0.00014295447767798835,2.0695202217384006e-09,0.05141635805951177
981,4,user,2,0.01,user,1,0.00024028307594817588,0.9951537814253968,3.60340733792827e-05,1.3124483483822274e-08,0.004569888300792177
982,5,user,2,0.01,user,1,3.472437009131675e-05,0.9997540624558996,2.0406766033075616e-06,1.4941130101090037e-09,0.00020917100329309027
983,6,user,2,0.01,user,1,0.0013005562494970914,0.9980515866532268,1.909857440193128e-05,4.287916447678999e-09,0.0006287542349578114
984,7,user,2,0.01,user,1,5.245668095724097e-05,0.9996937157893577,3.559543326965586e-06,3.0118004669722804e-09,0.0002502649745576447
985,8,user,2,0.01,user,1,3.981443091723177e-06,0.9999614974732105,6.558163892391736e-08,6.404577174753283e-12,3.445549565428484e-05
986,9,user,2,0.01,user,1,9.83523054939152e-05,0.9983247944948883,1.727505847518054e-05,4.40681104367521e-09,0.0015595737343316073
987,10,user,2,0.01,user,1,3.121708924258671e-05,0.9975304543947611,5.340378900000527e-05,4.0987618993669326e-08,0.0023848837393774342
988,11,user,2,0.01,user,1,1.8939423612636955e-05,0.9999274665372255,4.4502732959773787e-07,4.945176044473513e-13,5.314901133770984e-05
989,12,user,2,0.01,user,1,5.685151360629984e-06,0.9980695125983379,3.0597840308477924e-05,7.174568985574871e-12,0.0018942044028186094
990,13,user,2,0.01,user,1,0.0006229896830056941,0.9993023760429728,3.418873206449504e-06,1.300368612328209e-11,7.121538781147442e-05
991,14,user,2,0.01,user,1,1.1032702988613873e-05,0.9999828246304517,3.453521670817074e-07,4.5229012477691304e-11,5.797269163300405e-06
992,15,user,2,0.01,user,1,0.0006363486020147869,0.9989802788339411,3.1428829736605546e-05,1.8151388018180698e-08,0.0003519255829193657
993,16,user,2,0.01,user,1,3.727754882689718e-05,0.9990750642235058,5.8051751085644624e-05,8.436085220632656e-10,0.0008296056329733339
994,17,user,2,0.01,user,1,7.083707462751731e-05,0.9933906187127683,0.0003122725274900196,1.143853119312914e-09,0.006226270541261138
995,18,user,2,0.01,user,1,3.269134451373646e-05,0.9987525233999234,0.00023026209937903263,4.393553329697033e-10,0.0009845227168286976
996,19,user,2,0.01,user,1,3.4773284234828844e-05,0.9965426670022401,0.00012512818332545138,1.751358935031018e-10,0.0032974313550639075
997,20,user,2,0.01,user,1,3.671526727889729e-05,0.999705644654137,4.40407049348396e-05,8.070242394260366e-11,0.0002135992929468954
998,21,user,2,0.01,user,1,0.0005640145172630801,0.9982458888468488,9.762611940381353e-05,1.115491976821266e-08,0.001092459361564639
999,22,user,2,0.01,user,1,0.00019561349753751883,0.9988466765767539,0.0001323151616231206,6.015142072530355e-09,0.0008253887489433348
1000,23,user,2,0.01,user,1,0.000644192076489312,0.9969793869169353,6.196210353028809e-05,1.298879432696622e-08,0.0023144459142508023
1001,24,user,2,0.01,user,1,5.0251538176344124e-05,0.9993740618615328,2.581845933139297e-05,3.75698026532986e-08,0.0005498305711569253
1002,25,user,2,0.01,user,1,7.465209338939715e-07,0.9999943560849186,3.940928593841038e-08,4.295761902057279e-11,4.857941903868588e-06
1003,26,user,2,0.01,user,1,1.2897699612992585e-05,0.9997321048488488,4.6296040695056556e-05,1.1006053008415803e-10,0.00020870130078246902
1004,27,user,2,0.01,user,1,5.641910483683933e-05,0.9954744762304268,0.002937949624343138,9.9105923988179e-10,0.001531154049334009
1005,28,user,2,0.01,user,1,5.53296053190538e-05,0.9985403947003936,3.552679399067547e-05,2.6493996748293136e-08,0.001368722406299974
1006,29,user,2,0.01,user,1,5.823130330721356e-05,0.9998887482380165,2.5373585370036622e-05,7.873180547362631e-06,1.9773692758751164e-05
1007,30,user,2,0.01,user,1,0.00022203088375988343,0.9995121759598964,9.748292909824256e-06,3.058032281544442e-07,0.0002557390602056396
1008,31,user,2,0.01,user,1,2.028398712160749e-05,0.9999557821612413,2.792127427572931e-06,2.0454147565159066e-07,2.093718273375889e-05
1009,32,user,2,0.01,user,1,6.047923394029085e-05,0.9998985253104975,1.497743474404963e-06,1.39486243476316e-07,3.935822584421596e-05
1010,33,user,2,0.01,user,1,3.0453458443148916e-05,0.9994612442843742,2.8265913264189172e-05,4.140908562192991e-09,0.00048003220300968965
1011,34,user,2,0.01,user,1,6.08113048575486e-05,0.9991601348279134,5.019301451763743e-06,1.5424247738738507e-08,0.0007740191415294855
1012,35,user,2,0.01,user,1,8.81375850606021e-06,0.9998184705953718,4.223158511347485e-05,3.4053496313524426e-09,0.00013048065565888917
1013,36,user,2,0.01,user,1,4.259787051498979e-06,0.9996432675552369,1.7975672054680657e-05,5.062270155820975e-10,0.00033449647943018456
1014,37,user,2,0.01,user,1,2.1189275110063186e-05,0.9972172373333804,4.194710427135858e-06,5.012236928347209e-09,0.0027573736688454235
1015,38,user,2,0.01,user,1,2.9510949316913605e-06,0.9999145290524164,3.7460968022196953e-07,2.012826342972861e-09,8.214323014515303e-05
1016,39,user,2,0.01,user,1,1.6289461851850684e-06,0.9999746670204753,5.826609622952669e-07,7.117082583960054e-09,2.3114255294610284e-05
1017,40,user,2,0.01,user,1,7.991188747754944e-06,0.9999788252606276,2.068193331886537e-06,8.458531101263978e-09,1.1106898761794695e-05
1018,41,user,2,0.01,user,1,6.55433043796081e-07,0.9999615173001758,1.2450878926176946e-05,2.2644850984894804e-10,2.537616140562619e-05
1019,42,user,2,0.01,user,1,4.985746252620532e-06,0.9994930275780347,1.3263118918518314e-05,2.1650828186637878e-08,0.0004887019059659733
1020,43,user,2,0.01,user,1,5.039596940220084e-06,0.9998111684502086,1.695727362874567e-06,6.660365691318389e-09,0.00018208956512269232
1021,44,user,2,0.01,user,1,7.147757002241431e-06,0.9996777407695504,5.730372677569484e-06,1.907293132319432e-08,0.00030936202783869417
1023,45,cot,3,0.01,user,1,3.743111089744817e-08,0.00024366470978703174,0.933061008714693,1.2451040894051757e-06,0.0666940440403197
1024,46,cot,3,0.01,user,1,1.331823819473099e-07,0.0018811636087521129,0.7844781543924764,1.8105138210832197e-07,0.21364036776500744
1025,47,cot,3,0.01,user,1,8.39241353519143e-09,6.472508028709308e-05,0.8360131477942626,9.685986467715192e-08,0.16392202187317212
1026,48,cot,3,0.01,user,1,6.515702987392635e-07,0.007012472438625352,0.8996769644241251,2.209697677483611e-05,0.09328781459017593
1027,49,cot,3,0.01,user,1,3.912868484458063e-06,0.1807079382259802,0.18726864103681787,1.0025061431170446e-06,0.6320185053625743
1028,50,cot,3,0.01,user,1,2.8953956514351067e-07,0.0023296864431266956,0.16340144471546417,1.4624511042029454e-07,0.8342684330567336
1029,51,cot,3,0.01,user,1,1.9991152802719077e-06,0.023901572584695358,0.6744179963857869,5.146221468223211e-06,0.30167328569276936
1030,52,cot,3,0.01,user,1,7.466522149109104e-07,0.0028398557636514997,0.7550839076064919,2.0520878384161194e-05,0.2420549690992576
1031,53,cot,3,0.01,user,1,4.119959172797971e-10,1.3835161604609697e-06,0.9862472929139019,7.613736934474834e-07,0.01375056178424826
1032,54,cot,3,0.01,user,1,6.020617379664722e-07,0.00283636492469982,0.8729110723871116,4.912374401297069e-06,0.1242470482520493
1033,55,cot,3,0.01,user,1,6.34031750264089e-05,0.4340653793285108,0.0994359501857388,5.980544241344232e-06,0.4664292867664827
1034,56,cot,3,0.01,user,1,1.1087126383103612e-05,0.6587147573574215,0.155371605086531,1.4604382919618662e-06,0.18590108999137245
1035,57,cot,3,0.01,user,1,1.5567225415124562e-06,0.9815666472599441,0.002134458677602678,1.8299720537387464e-07,0.016297154342706226
1036,58,cot,3,0.01,user,1,4.778863709694566e-07,0.07792291642671825,0.6989435807990376,9.258934217226938e-07,0.2231320989944514
1037,59,cot,3,0.01,user,1,9.966998789283021e-05,0.7412648363812437,0.23795741773019718,0.0018900683604463969,0.01878800754022002
1038,60,cot,3,0.01,user,1,2.491338030856527e-06,0.12679267577927691,0.5978263628362951,6.6480814175580225e-06,0.2753718219649796
1039,61,cot,3,0.01,user,1,4.972039366344694e-06,0.9958658731189634,0.002718401626292968,2.9603330561767484e-05,0.0013811498848153927
1040,62,cot,3,0.01,user,1,1.6545452914336455e-05,0.30515288430682874,0.5915773794982685,3.342810218598185e-05,0.10321976263980244
1041,63,cot,3,0.01,user,1,1.6748005216953025e-05,0.9283271758028511,0.029888971389370717,0.0006611309010368091,0.041105973901524546
1042,64,cot,3,0.01,user,1,6.910768523645659e-06,0.1586213452884636,0.5862542409504397,7.97321802170728e-07,0.25511670567077077
1043,65,cot,3,0.01,user,1,1.8584253299883544e-06,0.029337370176577882,0.5627431305646936,2.358196792530968e-05,0.40789405886547325
1044,66,cot,3,0.01,user,1,5.1067431174417795e-06,0.031800707827590376,0.31106481696449373,0.00015297400685358563,0.6569763944579448
1045,67,cot,3,0.01,user,1,6.864817714266319e-05,0.4932353315089256,0.1904012286870362,0.00010368309893223165,0.3161911085279631
1046,68,cot,3,0.01,user,1,7.993159435995402e-11,1.254775530224115e-06,0.9983814147843646,6.575739565034267e-07,0.0016166727862171307
1047,69,cot,3,0.01,user,1,8.667916996940641e-10,1.6902378884204013e-07,0.9816520771418071,2.6234354087441385e-05,0.01832151861352504
1048,70,cot,3,0.01,user,1,3.797358519828992e-08,8.333804498099585e-05,0.856091228721737,2.394784273237307e-07,0.14382515578126953
1049,71,cot,3,0.01,user,1,1.1882459522490569e-06,0.010341957478865451,0.6377839748591256,2.2865113818512895e-07,0.3518726507649185
1050,72,cot,3,0.01,user,1,4.48225533477098e-07,0.05029835012791147,0.7262494322069579,5.243377501025706e-06,0.2234465260620962
1051,73,cot,3,0.01,user,1,1.0184866791596963e-09,4.856663123197479e-05,0.9941799549093432,7.786143895919982e-07,0.005770698826548282
1052,74,cot,3,0.01,user,1,1.9196237301013883e-10,3.4647991067214736e-06,0.7991462516826906,7.261040358556758e-07,0.20084955722220443
1053,75,cot,3,0.01,user,1,1.4729193780959776e-08,9.671692717484412e-06,0.33529381414977705,2.3289838528298483e-06,0.6646941704444589
1054,76,cot,3,0.01,user,1,2.301571967994125e-06,0.007125785555605828,0.8546321185776412,1.1364509962569822e-05,0.1382284297848225
1055,77,cot,3,0.01,user,1,3.696395496896798e-07,0.0002381299597181657,0.615179131367148,7.60698536702274e-07,0.38458160833504745
1056,78,cot,3,0.01,user,1,4.424029723219251e-07,0.00516966145113756,0.9279531209528258,9.115946472801729e-06,0.06686765924659147
1057,79,cot,3,0.01,user,1,2.154072693982513e-05,0.01617675396243813,0.9489713140507774,0.0005958419052084275,0.03423454935463611
1058,80,cot,3,0.01,user,1,2.6160973036795596e-09,2.7048991225078243e-06,0.9866912396505405,5.267240647380996e-06,0.013300785593592174
1059,81,cot,3,0.01,user,1,1.485291640726165e-07,0.0007847886108946973,0.8776242413311852,1.087574887930427e-05,0.12157994577987671
1060,82,cot,3,0.01,user,1,9.176421131721917e-05,0.02013077829053625,0.6801926167753963,0.00028598335921070075,0.2992988573635394
1061,83,cot,3,0.01,user,1,3.0367835829151397e-05,0.02201369730660781,0.8821866045082063,2.204195945835145e-05,0.09574728838989839
1062,84,cot,3,0.01,user,1,1.4009658785700377e-10,1.2954502702186126e-07,0.9979431793504976,5.053004526442399e-06,0.0020516379598522544
1063,85,cot,3,0.01,user,1,7.75824110901302e-12,8.649217872061733e-10,0.9996527501938445,1.8680147115468266e-05,0.00032856878635990856
1064,86,cot,3,0.01,user,1,3.2220036681808954e-10,2.192200641943825e-07,0.9835158168524776,0.00017837080819213316,0.016305592797065605
1065,87,cot,3,0.01,user,1,8.093062733677715e-08,4.744832869621707e-05,0.9963806830789909,0.003095682774982854,0.00047610488670272555
1066,88,cot,3,0.01,user,1,1.939565664339785e-07,0.0001310070130411574,0.9463751330743194,0.0024118390355599138,0.05108182692051313
1067,89,cot,3,0.01,user,1,3.976973860994394e-06,0.00013224471613421253,0.9098954960455677,0.014208055263891723,0.07576022700054535
1068,90,cot,3,0.01,user,1,6.450310050658003e-07,9.284722226275147e-05,0.9345657039987096,0.0026086795657298298,0.06273212418229268
1069,91,cot,3,0.01,user,1,1.9617389694112735e-06,0.0017316545369668193,0.7653470977228766,0.0016800149955307439,0.23123927100565658
1070,92,cot,3,0.01,user,1,3.5429777294296065e-07,0.00018441190320403974,0.9925281268401858,0.0025545245444068844,0.004732582414430368
1071,93,cot,3,0.01,user,1,4.1250327927402896e-11,1.751962357578568e-09,0.9978702560004433,0.001850015837744979,0.0002797263685991102
1072,94,cot,3,0.01,user,1,1.436679170781925e-09,1.0564832023273247e-06,0.9822759433851809,0.00014219635536775422,0.017580802339569865
1073,95,cot,3,0.01,user,1,2.4200129596502713e-07,0.00018431135258095417,0.8968019778032618,0.00047434811364794433,0.10253912072921335
1074,96,cot,3,0.01,user,1,3.5026928701159775e-09,4.539716854147077e-06,0.990235440754804,0.0004314312960932796,0.009328584729555845
1075,97,cot,3,0.01,user,1,1.0440677504548623e-07,4.0537784203302266e-05,0.7938752474520587,0.0004556851874081113,0.20562842516955485
1076,98,cot,3,0.01,user,1,3.8799035505662235e-08,1.6069443812932048e-05,0.8890313391121786,0.0008299765689763535,0.11012257607599657
1077,99,cot,3,0.01,user,1,2.910874549496257e-06,0.0015876232017244419,0.6476313454672002,8.854517044687923e-05,0.3506895752860789
1078,100,cot,3,0.01,user,1,2.607405111628798e-06,0.00032496896605906366,0.24303097409334343,0.0018271905416915684,0.7548142589937943
1079,101,cot,3,0.01,user,1,4.5434063857255616e-05,0.09778810687043615,0.22720234820967297,0.003968860285401448,0.6709952505706321
1080,102,cot,3,0.01,user,1,1.2930393441292901e-07,6.0111372197631217e-05,0.5120404032988893,0.00246539034473313,0.4854339656802455
1081,103,cot,3,0.01,user,1,5.3030653340553976e-06,0.00017542782564414425,0.21046377401447994,0.004931395457170243,0.7844240996373717
1082,104,cot,3,0.01,user,1,7.520547107989869e-07,0.00015081575003818114,0.5736428941543308,0.01341149079212535,0.41279404724879487
1083,105,cot,3,0.01,user,1,3.3090859768710546e-09,6.575401075753697e-07,0.9953908846509948,0.0010058171300185836,0.0036026373697929407
1084,106,cot,3,0.01,user,1,3.254447663591562e-08,2.8761436841271277e-05,0.9201550590589567,0.0011579751007630913,0.07865817185896257
1085,107,cot,3,0.01,user,1,0.0005960724776091711,0.3213383782835195,0.534580044838856,0.027739550004161572,0.11574595439585378
1086,108,cot,3,0.01,user,1,0.0001491331239768953,0.038189069298039516,0.5729754063972977,0.04311179611547793,0.3455745950652078
1087,109,cot,3,0.01,user,1,1.509171870831572e-07,0.0001813287532549445,0.9472709085407831,0.024821782612667213,0.027725829176107785
1088,110,cot,3,0.01,user,1,0.00016037818372368487,0.9208433020330474,0.0569950640958953,0.004642752199192553,0.017358503488141004
1089,111,cot,3,0.01,user,1,2.2523524930326485e-05,0.0027307166936179363,0.6909323327199108,0.0033975118912855738,0.3029169151702552
1090,112,cot,3,0.01,user,1,1.6662963694510762e-05,0.007489892930405478,0.31941959512937523,0.6201702711316917,0.05290357784483316
1091,113,cot,3,0.01,user,1,8.947620847986481e-06,0.0003480269163876176,0.5518124780408096,0.42647058443225655,0.021359962989698236
1092,114,cot,3,0.01,user,1,3.896345928152038e-06,0.001731173184278689,0.9311192318585179,0.0008311049815798124,0.06631459362969555
1093,115,cot,3,0.01,user,1,0.0017350654188342514,0.1517653812924273,0.007865580862693374,7.24114429168992e-05,0.8385615609831282
1094,116,cot,3,0.01,user,1,0.0003326770840731297,0.012996163862149022,0.008110940955732211,0.0005011282127723706,0.9780590898852732
1095,117,cot,3,0.01,user,1,4.480119908625579e-06,5.2023578956045e-05,0.3564024156600465,0.0029684296103070604,0.6405726510307818
1096,118,cot,3,0.01,user,1,6.141887737222353e-05,0.014923537509992741,0.21828068103671558,0.010898831266130013,0.7558355313097894
1097,119,cot,3,0.01,user,1,1.5909426152284964e-06,4.31052725423167e-05,0.552946066982958,0.0012658596091337634,0.4457433771927508
1098,120,cot,3,0.01,user,1,0.0003983738958265494,0.3461468930385777,0.11334181585402811,3.819194982066124e-05,0.5400747252617469
1099,121,cot,3,0.01,user,1,1.8760565636532103e-08,3.0949750254090317e-06,0.9792876289435142,0.0006550459762630664,0.0200542113446317
1100,122,cot,3,0.01,user,1,1.6475212972697066e-08,8.92325415633462e-06,0.9335435848153675,0.008296112797825618,0.05815136265743766
1101,123,cot,3,0.01,user,1,4.389911341857522e-05,0.012382675063527257,0.5760068923390042,0.0007169552088757839,0.4108495782751743
1102,124,cot,3,0.01,user,1,3.722170346233479e-07,0.000269374320198682,0.8398668538071585,0.008459976568089202,0.151403423087519
1103,125,cot,3,0.01,user,1,3.8680026963565525e-08,9.619425491434174e-07,0.9691338072461095,0.007704157814216146,0.02316103431709809
1104,126,cot,3,0.01,user,1,3.3379166998508574e-08,2.831732749515157e-07,0.9647204762944196,0.02543829389050939,0.009840913262629017
1106,127,assistant,4,0.01,user,1,2.2581870732573602e-11,5.465129360027822e-09,0.4212638582335843,0.5786851877773787,5.094850132563522e-05
1107,128,assistant,4,0.01,user,1,6.60989295232377e-11,1.9621265123100975e-08,0.035443672137590886,0.9645492413058571,7.066869187873433e-06
1108,129,assistant,4,0.01,user,1,8.821221121970244e-11,3.2286703655739133e-09,0.1086209230226888,0.8913775097197831,1.5639406453922232e-06
1109,130,assistant,4,0.01,user,1,1.6784423655258758e-08,3.4530497106397077e-07,0.005256844504193507,0.9945864093556009,0.0001563840508107499
1110,131,assistant,4,0.01,user,1,2.0449254127997546e-10,2.1622468605294357e-08,0.0014522637270200968,0.9985391987114179,8.515734600616906e-06
1111,132,assistant,4,0.01,user,1,7.0035949907630204e-12,7.233473549858771e-10,0.00035314934329841826,0.9996456747234632,1.1752028873627368e-06
1112,133,assistant,4,0.01,user,1,2.1373994387170601e-13,1.4953144813938227e-10,0.000737321547044845,0.9992626575386552,2.0764554789674362e-08
1113,134,assistant,4,0.01,user,1,1.0798937693019503e-10,7.252863665146069e-09,0.0020717487539486878,0.997920181321983,8.062563215238902e-06
1114,135,assistant,4,0.01,user,1,7.978045370227735e-10,3.748460332386495e-09,0.00244462277904073,0.9975447848367404,1.0587837954044667e-05
1115,136,assistant,4,0.01,user,1,3.5881558194773315e-11,2.08771812699598e-09,0.000515556375883757,0.9994811381168809,3.303383635661961e-06
1116,137,assistant,4,0.01,user,1,1.7559873656308794e-10,1.273060361285025e-09,0.11506840230212338,0.8849286913562598,2.904892957693999e-06
1117,138,assistant,4,0.01,user,1,5.885715612178684e-10,8.520052195560533e-09,0.048991623737737834,0.9509877718890533,2.0595264585112166e-05
1118,139,assistant,4,0.01,user,1,6.622149152318029e-09,9.546021861457728e-08,0.020989193506462434,0.9788048173900069,0.00020588702116282207
1119,140,assistant,4,0.01,user,1,3.3931058046064446e-05,0.19304729910488053,0.007563558690434549,0.7877073324234038,0.011647878723234854
1120,141,assistant,4,0.01,user,1,4.5446743571739744e-10,6.638424525950149e-07,0.0011489724046872963,0.9987968593627813,5.350393561126201e-05
1121,142,assistant,4,0.01,user,1,9.47017817243637e-05,0.3004725912416843,0.1243801126475101,0.5565067144089557,0.01854587992012545
1122,143,assistant,4,0.01,user,1,1.843752946649544e-06,0.0004989309756548869,0.0014447697604806637,0.9978130728032775,0.0002413827076403198
1123,144,assistant,4,0.01,user,1,1.3315373778716044e-11,7.610497783807021e-09,0.0009650217355074187,0.9990237973899402,1.1173250739372451e-05
1124,145,assistant,4,0.01,user,1,1.0958663161913247e-07,6.855452994295207e-06,0.0007412885281626142,0.9992441492435368,7.597188674746711e-06
1125,146,assistant,4,0.01,user,1,9.974318780011237e-10,4.517344658753631e-06,0.016633458970077647,0.9833551982950834,6.824392748253579e-06
1126,147,assistant,4,0.01,user,1,1.4621297723001884e-05,0.006564693524915979,0.044909006407975696,0.9479616437380602,0.0005500350313250248
1127,148,assistant,4,0.01,user,1,0.00010402177339796175,0.603464925208312,0.041531796693333387,0.335890231409598,0.01900902491535883
1128,149,assistant,4,0.01,user,1,0.00011433170140445142,0.9808435269648225,0.0009217473521612473,0.017821751831131362,0.00029864215048024546
1129,150,assistant,4,0.01,user,1,6.0615638492427964e-05,0.5551994847864615,0.010373709197115893,0.4322762492797144,0.0020899410982158704
1130,151,assistant,4,0.01,user,1,3.0621470283756453e-05,0.1748839420071243,0.2007137392282576,0.6193258457778374,0.005045851516496948
1131,152,assistant,4,0.01,user,1,4.597991721725417e-06,0.004059473418305229,0.004224258601118385,0.9914318398339632,0.000279830154891374
1132,153,assistant,4,0.01,user,1,4.729377318940112e-08,0.0009607502024345021,0.004101646294385488,0.9891952187362196,0.005742337473187107
1133,154,assistant,4,0.01,user,1,6.182964813752161e-08,6.966668805145997e-05,0.001193970042924709,0.9973037400958967,0.0014325613434790323
1134,155,assistant,4,0.01,user,1,1.6374951492660414e-05,0.1676105988498325,0.24262901357901737,0.5087162786111661,0.08102773400849138
1135,156,assistant,4,0.01,user,1,6.073852007072747e-08,0.0015273996289701624,0.011221317369229619,0.9861096948999253,0.001141527363354673
1136,157,assistant,4,0.01,user,1,4.067263637261994e-06,0.042353758834981194,0.2412963357393123,0.6031327775013876,0.11321306066068158
1137,158,assistant,4,0.01,user,1,0.00017833480540639646,0.03918466032328285,0.2316483893796393,0.717698553682154,0.011290061809517459
1138,159,assistant,4,0.01,user,1,2.4264076069145614e-07,5.933570158166822e-05,0.0043662637048170515,0.9954968842353942,7.727371744622899e-05
1139,160,assistant,4,0.01,user,1,5.8171699065854346e-05,0.9518047565674448,0.01247099731312617,0.0354092264910285,0.00025684792933471854
1140,161,assistant,4,0.01,user,1,5.81869228787323e-08,1.2126632314662336e-05,0.00019841369636375202,0.9997696628481307,1.9738636267903063e-05
1141,162,assistant,4,0.01,user,1,4.041611544691993e-10,2.119971153365372e-08,0.0029598946718307644,0.997013437771656,2.664595264058627e-05
1142,163,assistant,4,0.01,user,1,2.65271056693074e-07,0.0004155810518189248,0.006307536189819124,0.9924130551044555,0.0008635623828497059
1143,164,assistant,4,0.01,user,1,1.575184384282626e-12,4.913498968933505e-10,0.00629930118409943,0.9937006531981396,4.512483587566663e-08
1144,165,assistant,4,0.01,user,1,1.5507890040534928e-05,0.006794126416037249,0.7840476817039277,0.19320707895162484,0.015935605038369823
1145,166,assistant,4,0.01,user,1,3.6191374323694676e-10,3.6767378254105387e-08,0.0010635798762238195,0.9989280407891385,8.342205345601541e-06
1146,167,assistant,4,0.01,user,1,5.754381860320123e-07,6.560984359052803e-05,0.0009408387641673109,0.9989819580065744,1.1017947481764028e-05
1147,168,assistant,4,0.01,user,1,8.143110528092348e-09,3.692337655376627e-06,0.0002602186427286041,0.9996858719000519,5.020897645354191e-05
1148,169,assistant,4,0.01,user,1,8.971564509468987e-09,2.9283420413226166e-06,0.00010538896612830467,0.9998699231369267,2.175058333922211e-05
1149,170,assistant,4,0.01,user,1,2.9162522786163006e-05,0.001407663360323926,0.01872074845533121,0.9793173557967516,0.0005250698648071683
1150,171,assistant,4,0.01,user,1,3.206091742796881e-08,1.298564175783705e-07,0.00180403633162008,0.9980384994040622,0.00015730234698263184
1151,172,assistant,4,0.01,user,1,0.00018504905894787497,0.002327508027951967,0.24174010026234302,0.7323880098015464,0.023359332849210684
1152,173,assistant,4,0.01,user,1,0.00035079390122095183,0.0014532169563555477,0.22695963807653943,0.6652814957443303,0.10595485532155385
1153,174,assistant,4,0.01,user,1,1.0408738588649845e-07,1.9854352282077197e-05,0.002077967084398125,0.9978734413573797,2.863311855413801e-05
1154,175,assistant,4,0.01,user,1,0.0003794185279303151,0.07187026114789914,0.0038493312446746825,0.9194883929802651,0.004412596099230929
1155,176,assistant,4,0.01,user,1,7.528048872492726e-07,8.206393863074808e-05,0.019805342766087405,0.9786705094284339,0.0014413310619606297
1156,177,assistant,4,0.01,user,1,7.98738565920706e-06,1.2826986782815825e-05,0.024431326098366096,0.9745057630567372,0.0010420964724546565
1157,178,assistant,4,0.01,user,1,6.956438305743919e-07,0.0001652694494762677,0.017033803435565462,0.9822204762090795,0.0005797552620481481
1158,179,assistant,4,0.01,user,1,3.44703531950186e-08,5.168786264356458e-07,8.938709045328552e-05,0.9999079934985211,2.0680620460068274e-06
1159,180,assistant,4,0.01,user,1,2.679075652576858e-06,9.094092538225419e-05,0.0016894491995751327,0.9975330375303398,0.0006838932690502924
1160,181,assistant,4,0.01,user,1,2.4210875656175564e-05,0.001209648155690424,0.008238697858360676,0.9877036300012152,0.002823813109077547
1161,182,assistant,4,0.01,user,1,3.239825643357682e-05,0.004096158816416654,0.04431208940943143,0.9474602550778523,0.0040990984398660115
1162,183,assistant,4,0.01,user,1,2.085637479201346e-06,9.211882761276471e-05,0.02817161262642283,0.9708168631672249,0.0009173197412603877
1163,184,assistant,4,0.01,user,1,1.2506131488073516e-07,1.4859668846301252e-06,0.0022718666675750187,0.9977094009490235,1.7121355201790335e-05
1164,185,assistant,4,0.01,user,1,2.5211536329048215e-08,2.288668811338061e-07,8.429754789695228e-05,0.999901712238362,1.3736135323533333e-05
1165,186,assistant,4,0.01,user,1,6.704718536711076e-06,0.00014201776339762848,0.003999793652073935,0.9846638238788997,0.01118765998709217
1166,187,assistant,4,0.01,user,1,0.00025625335029053336,0.004388281777826107,0.0543307577189571,0.8770827839462386,0.0639419232066876
1167,188,assistant,4,0.01,user,1,2.9402072606576287e-06,0.00023645615856972076,0.01022464842407479,0.987071027108233,0.0024649281018618236
1168,189,assistant,4,0.01,user,1,1.3281459156903699e-07,1.1514883252566198e-05,0.0009603909130482858,0.9988715210180428,0.00015644037106485472
1169,190,assistant,4,0.01,user,1,5.0380441749997e-08,8.504256872753966e-06,0.0005879375390246141,0.9993961975963261,7.310227334837361e-06
1170,191,assistant,4,0.01,user,1,3.9956776457444733e-07,8.002560657398233e-06,0.00041473002208544955,0.9995259816048133,5.088624467925263e-05
1171,192,assistant,4,0.01,user,1,1.506399093633327e-07,6.1806794607345084e-06,0.0006497394234951901,0.9992913990375031,5.25302196314617e-05
1172,193,assistant,4,0.01,user,1,5.405671415739938e-06,0.00018817430244915024,0.00964737199702815,0.9719867211253482,0.018172326903758675
1173,194,assistant,4,0.01,user,1,2.3839233706196725e-09,1.1704216875380185e-07,8.794505246028194e-05,0.9999085680847455,3.3674367019551616e-06
1174,195,assistant,4,0.01,user,1,2.1261959322177426e-09,3.5987995079401556e-08,7.729599697958562e-05,0.9999211792442,1.4866446296058955e-06
1175,196,assistant,4,0.01,user,1,1.6705683595838366e-06,1.9718339727996626e-05,0.0026618080885940816,0.9951615713036067,0.002155231699711573
1176,197,assistant,4,0.01,user,1,4.329518239742405e-05,0.00550052321993371,0.019937895094587897,0.9698380160792868,0.004680270423794105
1177,198,assistant,4,0.01,user,1,0.00017186428568989942,0.01722114328317761,0.06633274877117201,0.41899612692278915,0.49727811673717137
1178,199,assistant,4,0.01,user,1,0.059871023131484354,0.5093571942536386,0.13315761537725468,0.07110231400595256,0.22651185323166984
1179,200,assistant,4,0.01,user,1,2.440686952384602e-07,1.9686166637933213e-05,0.0011253153944382924,0.9972789618744362,0.0015757924957922245
1180,201,assistant,4,0.01,user,1,7.720613381075463e-07,3.110820364537672e-05,0.0034996056079221343,0.9950255408863479,0.0014429732407465437
1181,202,assistant,4,0.01,user,1,0.00022210352217205272,0.0017046794289272739,0.07582887005037231,0.8873652602540145,0.034879086744513815
1182,203,assistant,4,0.01,user,1,5.166807968274749e-06,0.0003091544182927098,0.022332617041094214,0.9754511185019423,0.0019019432307025765
1183,204,assistant,4,0.01,user,1,1.0175916101335933e-06,2.164117654191446e-05,0.0023918362758676083,0.9974032698746657,0.00018223508131478508
1184,205,assistant,4,0.01,user,1,9.084449055317666e-08,1.0745675628346458e-05,0.0006310025411336863,0.9993460634229803,1.2097515767179726e-05
1185,206,assistant,4,0.01,user,1,3.8999416407027957e-07,1.530062120900581e-05,0.004749907766629621,0.9945757503147058,0.0006586513032914795
1186,207,assistant,4,0.01,user,1,6.685748734867857e-06,1.4932085097591634e-05,0.0009452538292360716,0.9990076368012879,2.549153564360419e-05
1187,208,assistant,4,0.01,user,1,1.0954414206281508e-06,0.0002787061540830183,0.0012587436908044973,0.9983429056094879,0.0001185491042037456
1188,209,assistant,4,0.01,user,1,6.085236075210477e-05,0.007675361029877782,0.22775230454395434,0.7635677658905696,0.0009437161748461787
1189,210,assistant,4,0.01,user,1,3.401314615762997e-05,0.0003348851262563367,0.01996436272608649,0.9793105379212246,0.00035620108027497124
1190,211,assistant,4,0.01,user,1,2.2514592187920915e-05,6.0830469652507414e-05,0.007610287351391841,0.992085170580857,0.0002211970059107979
1191,212,assistant,4,0.01,user,1,1.6396091205717868e-10,2.982696154386755e-09,4.341055383925058e-05,0.9999559662667318,6.200327719445587e-07
1192,213,assistant,4,0.01,user,1,1.3752360110261747e-11,2.1562519177366208e-10,0.00042157607210568525,0.9995782885852542,1.3511326268473823e-07
1193,214,assistant,4,0.01,user,1,2.07007025430237e-06,0.00012000758668300973,0.003524170139801139,0.9949210623236906,0.0014326898795709987
1194,215,assistant,4,0.01,user,1,1.6156105729275005e-08,7.604311214195559e-08,0.0002794949540269784,0.9996786504313977,4.17624153573107e-05
1195,216,assistant,4,0.01,user,1,3.770596382773774e-05,0.0016428927517850417,0.01649295787883877,0.9811023846785658,0.00072405872698277
1196,217,assistant,4,0.01,user,1,1.822242092407824e-06,0.0007231435060248868,0.0006293564503366684,0.9983884848526096,0.00025719294893653867
1197,218,assistant,4,0.01,user,1,6.762027617292821e-10,4.338444160037928e-07,3.83574991515768e-06,0.9999947183057231,1.011423743160834e-06
1198,219,assistant,4,0.01,user,1,7.598497351549646e-10,3.766651104952466e-08,4.000937366001371e-05,0.9999581734815038,1.7787184753407294e-06
1199,220,assistant,4,0.01,user,1,4.262269526493696e-07,4.506671226076404e-05,0.001595268680328977,0.9979076955599678,0.0004515428204898131
1200,221,assistant,4,0.01,user,1,0.00035549710466852155,0.12669487297702786,0.19056774661189912,0.497059197738003,0.18532268556840142
1201,222,assistant,4,0.01,user,1,3.50630144960654e-06,0.0011500945069358452,0.024434040067041977,0.9719390791603824,0.0024732799641901827
1202,223,assistant,4,0.01,user,1,4.2660185516917014e-07,0.0001943077048731565,0.007318508888212347,0.9868345260342207,0.0056522307708385955
1203,224,assistant,4,0.01,user,1,1.9630332700775162e-09,6.821418909122147e-08,0.0003962934425805211,0.9996026643232845,9.720569125578086e-07
1204,225,assistant,4,0.01,user,1,1.0099335791591628e-06,9.940991749654315e-05,0.04453905871016135,0.9546255499773694,0.0007349714613934901
1205,226,assistant,4,0.01,user,1,1.721647213184723e-08,1.718533876779968e-05,0.0038819229810505,0.9948162472486196,0.0012846272150899072
1206,227,assistant,4,0.01,user,1,0.0005853775152101462,0.01456753285450746,0.03798302680302765,0.5704146287995283,0.3764494340277265
1207,228,assistant,4,0.01,user,1,6.913202436769598e-06,1.0011867746227305e-05,0.003505290194782025,0.9936538376330232,0.002823947102011582
1208,229,assistant,4,0.01,user,1,1.3813756615582494e-08,7.080752152452847e-08,0.0006632263820241734,0.999286335646907,5.035334979083969e-05
1209,230,assistant,4,0.01,user,1,0.00014227965453243258,0.00035243739186713443,0.008109238352350834,0.9893997439657569,0.00199630063549253
1210,231,assistant,4,0.01,user,1,0.00014423662957832045,0.0049826282854745305,0.034603982927644696,0.850770312425264,0.10949883973203829
1211,232,assistant,4,0.01,user,1,8.87059156779464e-06,0.00013259870388555525,0.0009481826217177739,0.9987423789819125,0.0001679691009162277
1212,233,assistant,4,0.01,user,1,5.839830487421677e-08,2.8594684165482104e-06,0.0005643104525490131,0.9993538126964178,7.895898431186221e-05
1213,234,assistant,4,0.01,user,1,2.215718500129118e-08,2.609305579103438e-06,0.0006753169500060447,0.9987621106344935,0.0005599409527362509
1214,235,assistant,4,0.01,user,1,1.0287012742438918e-05,0.00990269163438477,0.05200890258617859,0.9181968821786384,0.019881236588055802
1215,236,assistant,4,0.01,user,1,1.0567191944158362e-06,7.55855679933828e-05,0.0006423463867803609,0.997644606111992,0.0016364052140398178
1216,237,assistant,4,0.01,user,1,1.1118705690944555e-09,1.460200111009023e-08,8.096777232014455e-05,0.9999018674946133,1.714901919476998e-05
1217,238,assistant,4,0.01,user,1,7.87683451366189e-06,0.0013545712151343857,0.0021433422479743658,0.9946349647760715,0.0018592449263061955
1218,239,assistant,4,0.01,user,1,4.3830840353152725e-09,5.192746241109171e-08,5.931639864606558e-05,0.9999391763567543,1.4509340532378192e-06
1219,240,assistant,4,0.01,user,1,4.361209036587492e-07,1.3893569224630587e-06,0.00048588512156608795,0.9994034474063288,0.00010884199427897629
1220,241,assistant,4,0.01,user,1,3.046886172943686e-07,8.330557508328292e-06,0.0006031703348316059,0.9992644608252726,0.00012373359377002588
1221,242,assistant,4,0.01,user,1,1.6203881064497816e-05,0.0006200770355425947,0.11939975913184464,0.8624189219588214,0.01754503799272678
1222,243,assistant,4,0.01,user,1,5.573768115511695e-06,3.679623591844339e-05,0.021007868287544293,0.9763832285782884,0.0025665331301333804
1223,244,assistant,4,0.01,user,1,4.3482998243745765e-07,5.917657150120496e-06,0.0074468953576543205,0.9897152603270526,0.0028314918281606683
1224,245,assistant,4,0.01,user,1,6.146676430501221e-06,8.985752386321215e-05,0.041874521050974146,0.9523190267472906,0.0057104480014413825
1225,246,assistant,4,0.01,user,1,1.9171546404770408e-05,7.266072352199763e-05,0.03912316495531834,0.9586105159249143,0.0021744868498406174
1436,247,user,5,0.01,user,1,4.8032194580326844e-05,0.04919988166788869,0.8375991627566489,0.10973521021534399,0.0034177131655380886
1437,248,user,5,0.01,user,1,4.2164735771228725e-05,0.01019827032583107,0.5202073877916409,0.46308402854922526,0.006468148597531682
1438,249,user,5,0.01,user,1,1.6680877937780195e-09,3.4241809106648977e-06,0.0064503189017777905,0.9935404590251846,5.796224039143944e-06
1439,250,user,5,0.01,user,1,4.858904014982661e-06,0.012720167667952474,0.08809920601938752,0.8977489847162633,0.0014267826923816764
1440,251,user,5,0.01,user,1,2.7334041019803412e-05,0.19869523970422373,0.036304635943515545,0.7608614011686128,0.004111389142628025
1441,252,user,5,0.01,user,1,1.1625022168120968e-05,0.9197268581440096,0.021956078526949776,0.05777642618802065,0.0005290121188519497
1442,253,user,5,0.01,user,1,2.071501189601012e-05,0.5059657908921633,0.2717627140006376,0.20402243005731177,0.018228350037991333
1443,254,user,5,0.01,user,1,3.392404244986579e-05,0.0795979341933156,0.07826172652421977,0.8303413955549024,0.01176501968511256
1444,255,user,5,0.01,user,1,1.2334653612439402e-05,0.9927357972083459,0.0021386482087770637,0.004918082253094823,0.00019513767617001528
1445,256,user,5,0.01,user,1,4.242204137944022e-05,0.9783047061934159,0.0028160800279985023,0.014416654409592453,0.004420137327613626
1446,257,user,5,0.01,user,1,1.1316715914554438e-05,0.2132217168272858,0.7419705258167869,0.008155523828443261,0.03664091681156962
1447,258,user,5,0.01,user,1,2.1166553726154064e-05,0.91859808375399,0.01896787411313083,0.013451138632797878,0.04896173694635493
1448,259,user,5,0.01,user,1,4.297726990145164e-06,0.9166693141667567,0.023599854816520518,0.053843606834041796,0.005882926455690932
1449,260,user,5,0.01,user,1,2.5647736137881077e-06,0.9991445247814451,0.000600885123662264,5.324594523984315e-05,0.00019877937603898863
1450,261,user,5,0.01,user,1,0.00010214648348508272,0.9492969141817694,0.0021571266642909006,0.045300207390296617,0.003143605280157881
1451,262,user,5,0.01,user,1,2.7047315405617817e-06,0.814786865533934,0.0013988088053757924,0.18361537408697182,0.00019624684217783806
1452,263,user,5,0.01,user,1,7.16960205929193e-07,0.018516515989294244,0.0003596912447441521,0.9811054921893744,1.7583616381176853e-05
1453,264,user,5,0.01,user,1,1.8350605969612054e-06,0.27178780765091826,0.0064510855452003775,0.7216177658984436,0.00014150584484060461
1454,265,user,5,0.01,user,1,4.227160584576479e-07,0.9934981902138535,0.00034612822967648694,0.006086701513626363,6.855732678521793e-05
1455,266,user,5,0.01,user,1,4.051515660232949e-06,0.9670385074014577,0.0009010833841670558,0.030101644136543808,0.0019547135621711758
1456,267,user,5,0.01,user,1,4.961856006079419e-07,0.9994418082453596,1.4156203977387443e-05,0.0005067621200376937,3.6777245024775186e-05
1457,268,user,5,0.01,user,1,2.255044043374548e-06,0.4414322622327387,0.0066310760655324584,0.5518874928185346,4.691383915100714e-05
1458,269,user,5,0.01,user,1,4.3094444193404844e-06,0.9872887543514344,0.002758563988893148,0.00990447285193232,4.389936332095576e-05
1459,270,user,5,0.01,user,1,6.67393067254302e-06,0.8572102922301671,0.059029520828264015,0.08337096275514637,0.00038255025574982616
1460,271,user,5,0.01,user,1,4.6144564170335674e-07,0.9998866491176625,1.9543239865971126e-05,2.2901293490900477e-05,7.044490333863942e-05
1461,272,user,5,0.01,user,1,2.1788898075000412e-05,0.9982756770638059,2.6306814032258262e-05,0.0014462566641546743,0.0002299705599322034
1462,273,user,5,0.01,user,1,9.899669674710272e-06,0.9997444794482883,7.957181214672731e-05,2.8717432520147315e-05,0.00013733163737030237
1463,274,user,5,0.01,user,1,8.78379315775402e-06,0.9998561651232813,9.623518324812071e-05,1.5232358307556452e-05,2.3583542005044078e-05
1464,275,user,5,0.01,user,1,1.2715690662508423e-06,0.999945855479648,1.6228246788788997e-05,2.277451492829175e-05,1.3870189568792063e-05
1465,276,user,5,0.01,user,1,1.1888567222333551e-06,0.999654924084682,0.00013594110464980398,0.00019476802615223042,1.3177927793692484e-05
1466,277,user,5,0.01,user,1,4.228839372875319e-06,0.9929465959321725,0.0012889451109217168,0.0021229000277691442,0.0036373300897639036
1467,278,user,5,0.01,user,1,4.120385702341967e-07,0.99892511686979,0.0006895214757850917,4.921777878366742e-05,0.0003357318370709604
1468,279,user,5,0.01,user,1,8.249635193220691e-06,0.42157416913149826,0.00022771109203912457,0.5739981769360878,0.004191693205181643
1469,280,user,5,0.01,user,1,3.200395154471598e-07,0.9989741486518463,9.160225730480945e-05,0.0005225123066862803,0.00041141674464716295
1470,281,user,5,0.01,user,1,1.4943757573278861e-05,0.9617583519647177,8.137298183174575e-05,0.036093091075688664,0.0020522402201887816
1471,282,user,5,0.01,user,1,0.00020922582186600603,0.9364541924845019,0.006528811730814993,0.03009510430216003,0.026712665660657088
1472,283,user,5,0.01,user,1,2.4014162850955004e-07,0.9991394696313484,6.634158068478679e-05,0.0007483343346840009,4.5614311654439933e-05
1473,284,user,5,0.01,user,1,1.5224778528589263e-06,0.9792683132845844,0.0015761409163141855,0.019092832594249258,6.119072699919156e-05
1474,285,user,5,0.01,user,1,3.9077177731350525e-06,0.9988812447810744,0.0007195732482122626,0.0002532712896945499,0.00014200296324566442
1475,286,user,5,0.01,user,1,1.8437384609938712e-06,0.9979070553587076,7.630279243569557e-05,0.001466303472890359,0.000548494637505407
1476,287,user,5,0.01,user,1,5.438723202489745e-05,0.9911568886310009,0.0002723718964482049,0.005642018878746726,0.002874333361779332
1477,288,user,5,0.01,user,1,3.539651850855711e-05,0.6856921795744316,0.004308722312779761,0.30731906733165876,0.00264463426262134
1478,289,user,5,0.01,user,1,5.334356076306041e-06,0.9946867456615499,0.00011524371105562391,0.004380990026503396,0.0008116862448147275
1479,290,user,5,0.01,user,1,1.4528655085434978e-05,0.9905472837042243,0.0044482992239325645,0.0012538558409930442,0.0037360325757646133
1480,291,user,5,0.01,user,1,9.592939840882649e-06,0.8835755882091023,0.0019642672685191687,0.11384485096754811,0.0006057006149895578
1481,292,user,5,0.01,user,1,3.339205264028624e-06,0.9978358038283356,0.001563392522300536,0.0005825041253338666,1.496031876601685e-05
1482,293,user,5,0.01,user,1,8.014061691310209e-06,0.998982735252797,0.0002899067865015196,0.000524022895830359,0.00019532100317967198
1483,294,user,5,0.01,user,1,7.883301066575344e-06,0.09923000724292777,0.00151529500401768,0.8990015004378397,0.000245314014148197
1484,295,user,5,0.01,user,1,5.4692260692844974e-05,0.8521306230072783,0.0174769032446479,0.12974610435923356,0.0005916771281475188
1485,296,user,5,0.01,user,1,4.719994072974629e-05,0.6528227431305856,0.03442815555851991,0.3078255366997826,0.004876364670382216
1486,297,user,5,0.01,user,1,1.0442602830258817e-06,0.9995158036643352,0.00026775736086976455,0.00020012814137404468,1.5266573138035078e-05
1488,298,cot,6,0.01,user,1,5.818588834871676e-11,4.4373211742016764e-07,0.8980132928735101,0.10188709947377528,9.916386241136839e-05
1489,299,cot,6,0.01,user,1,1.1499488906065131e-08,7.374311346584272e-05,0.9910655561264083,0.0008141543940340877,0.008046534866602909
1490,300,cot,6,0.01,user,1,4.652246641284747e-08,0.0009257703682696045,0.95417124176355,0.0011586548276858886,0.04374428651802804
1491,301,cot,6,0.01,user,1,4.334702874382553e-10,3.3634937216778974e-05,0.9963168201365274,0.0014996499604058402,0.002149894532379531
1492,302,cot,6,0.01,user,1,1.1821612476096132e-06,0.9748141455685592,0.020231836878067466,0.0036451838067404364,0.0013076515853851858
1493,303,cot,6,0.01,user,1,6.137519990509137e-07,0.9931918401178301,0.0002855301806844046,0.0055509742854935795,0.000971041663992846
1494,304,cot,6,0.01,user,1,7.199770162133641e-06,0.98486226668494,0.0015457930398513767,0.007354804345127684,0.006229936159918796
1495,305,cot,6,0.01,user,1,4.37841609851867e-06,0.9287697567714704,0.03799190450342805,0.008860612817671974,0.02437334749133101
1496,306,cot,6,0.01,user,1,2.423992853372084e-07,0.9983627916616452,0.0006346622602685035,1.282013279730048e-05,0.0009894835460037728
1497,307,cot,6,0.01,user,1,6.37872794429923e-08,0.09291223209342028,0.8922525140701164,0.002320006633939261,0.01251518341524475
1498,308,cot,6,0.01,user,1,1.0367568128020735e-05,0.9407263877332873,0.010288869972754041,0.019024429524539064,0.02994994520129156
1499,309,cot,6,0.01,user,1,2.0927716767730025e-06,0.9089393666408443,0.021141192630296558,0.05625412935890328,0.013663218598278994
1500,310,cot,6,0.01,user,1,1.584763952913209e-06,0.02293449555409291,0.005636397674392449,0.9707796330195296,0.000647888988032053
1501,311,cot,6,0.01,user,1,8.558849141248461e-07,0.376045773157928,0.6133573092330245,0.0013023002977163196,0.009293761426417241
1502,312,cot,6,0.01,user,1,1.1163527242830422e-06,0.20536125721137322,0.7161659708902796,0.015497765046182135,0.06297389049944072
1503,313,cot,6,0.01,user,1,1.279760589062446e-06,0.9722114205329718,0.0049419328337186996,0.01928662135259161,0.003558745520128967
1504,314,cot,6,0.01,user,1,1.7874714172089372e-06,0.18104414129924848,0.5580023467420375,0.25499209112409904,0.0059596333631977945
1505,315,cot,6,0.01,user,1,1.223604821257112e-08,0.010696668920614662,0.9881189011501907,0.00023481705690144827,0.0009496006362450095
1506,316,cot,6,0.01,user,1,3.4186269010542243e-06,0.29918913881744136,0.5016458399775587,0.0010362223767664512,0.19812538020133244
1507,317,cot,6,0.01,user,1,5.0243871990605475e-05,0.978856135469668,0.0009254348218273002,0.01312535879855456,0.007042827037959621
1508,318,cot,6,0.01,user,1,5.118969409365605e-07,0.9985803667694854,0.0005068346014185691,9.29997407338182e-06,0.0009029867580816667
1509,319,cot,6,0.01,user,1,2.877628413061492e-06,0.9931588601597308,0.004739298941594097,0.00045281090004443763,0.0016461523702179244
1510,320,cot,6,0.01,user,1,3.840923624172886e-08,0.08545632409217076,0.906225233444955,0.0007752317945250192,0.007543172259112888
1511,321,cot,6,0.01,user,1,3.1619732853075056e-07,0.6708280337850678,0.28775133706444705,0.003026130320509478,0.038394182632647086
1512,322,cot,6,0.01,user,1,1.2300983208230767e-06,0.8421273211222595,0.07453433598829612,0.00023873917916050308,0.08309837361196314
1513,323,cot,6,0.01,user,1,1.997319884196144e-07,0.9837307509598188,0.013351983208763532,0.0014902163092609547,0.001426849790168504
1514,324,cot,6,0.01,user,1,2.3461073370579523e-08,0.01108479767150073,0.9809999488682446,0.0004003931055756791,0.007514836893605423
1515,325,cot,6,0.01,user,1,2.813710863037775e-06,0.3691954409859849,0.57041085631403,0.0032567072504352044,0.057134181738686944
1516,326,cot,6,0.01,user,1,0.0001307935421755071,0.44302259531599775,0.018916080213960514,0.5055041201090801,0.03242641081878612
1517,327,cot,6,0.01,user,1,4.480813433776683e-06,0.5072653262608868,0.031012673195971355,0.4551722061240117,0.006545313605696248
1518,328,cot,6,0.01,user,1,1.1820674367134947e-07,0.007852069737755391,0.9857577716335384,0.004815461263924649,0.0015745791580376986
1519,329,cot,6,0.01,user,1,1.2005623759840483e-08,0.0010048111273686302,0.9463359258441794,0.008242672761598383,0.0444165782612298
1520,330,cot,6,0.01,user,1,1.3534824047412193e-05,0.8042489322013754,0.04968938798521965,0.12421031524166928,0.021837829747688105
1521,331,cot,6,0.01,user,1,1.0269715948896661e-07,0.01804789884596331,0.9455364836539085,0.03558712213357124,0.0008283926693974522
1522,332,cot,6,0.01,user,1,2.178191916672692e-08,0.0003133124094134515,0.9951231886211961,0.003921829061360598,0.0006416481261109239
1523,333,cot,6,0.01,user,1,1.7062444644679806e-07,0.07223850240984783,0.9087985158526646,0.018369831662246195,0.0005929794507948496
1524,334,cot,6,0.01,user,1,7.257638597604797e-10,2.66345040127223e-06,0.9256604172694419,0.07415235558556861,0.0001845629688241762
1525,335,cot,6,0.01,user,1,4.963153083853022e-10,1.1120516075586631e-06,0.996578614059192,0.0029012729207878118,0.0005190004720973627
1526,336,cot,6,0.01,user,1,7.164226365900194e-09,4.690599974667458e-06,0.9936011855250242,0.0018505214713574964,0.004543595239417257
1527,337,cot,6,0.01,user,1,6.137751836182283e-10,6.4792639764053245e-06,0.9843927267821271,0.0005881830723477015,0.015012610267773566
1528,338,cot,6,0.01,user,1,4.192369182487835e-08,0.00028843394768613453,0.9822723400665714,0.004038402808883278,0.013400781253167468
1529,339,cot,6,0.01,user,1,1.4262054835545462e-07,0.0005446899856485562,0.9182969949655064,0.04796510058039167,0.03319307184790493
1530,340,cot,6,0.01,user,1,2.51955129034266e-07,0.01086550128573243,0.7647383697604165,0.21709219569201574,0.00730368130670618
1531,341,cot,6,0.01,user,1,8.959982521397434e-10,2.0429230012060763e-05,0.866708829383963,0.13099576529598703,0.002274975194039797
1532,342,cot,6,0.01,user,1,1.299219582700373e-05,0.0005030361546843795,0.055538874077433506,0.9220843724248972,0.021860725147158037
1533,343,cot,6,0.01,user,1,1.8941535481816197e-05,0.0074765432757656685,0.2760558098790955,0.33743284358779624,0.3790158617218607
1534,344,cot,6,0.01,user,1,0.00025246070870500747,0.12113525152374954,0.175780889598707,0.5872116415337881,0.11561975663505039
1535,345,cot,6,0.01,user,1,2.5478092176219615e-05,0.042624036342797975,0.10184601329361649,0.8398027288643747,0.015701743407034698
1536,346,cot,6,0.01,user,1,3.425951381022675e-05,0.08853409246196015,0.4725307403631147,0.3432935525253327,0.09560735513578222
1537,347,cot,6,0.01,user,1,1.9464569416593214e-05,0.007267789987527391,0.3891511966404429,0.596901547756715,0.006660001045898001
1538,348,cot,6,0.01,user,1,1.0115869688505883e-06,5.361074684722422e-05,0.06516562595716613,0.9344826846231407,0.00029706708587709844
1539,349,cot,6,0.01,user,1,4.6260814809357085e-05,0.03163730963494023,0.7536278611918593,0.17497212391951336,0.039716444438877715
1540,350,cot,6,0.01,user,1,4.968255399429142e-07,0.0014887184558130316,0.970931589305226,0.018243424322885296,0.009335771090535822
1541,351,cot,6,0.01,user,1,9.857691425525605e-09,1.5214061021806303e-05,0.9582883420160956,0.019925261295000985,0.02177117277019029
1542,352,cot,6,0.01,user,1,1.1292060014588212e-05,0.004519340870125276,0.6199110870993606,0.0022435112501971045,0.37331476872030256
1543,353,cot,6,0.01,user,1,0.00011578349608443751,0.14926182195397583,0.18345481794973453,0.6374009433289664,0.029766633271238793
1544,354,cot,6,0.01,user,1,2.667710139299309e-05,0.0781682153695874,0.4279024957448736,0.39263964707242643,0.1012629647117197
1545,355,cot,6,0.01,user,1,3.473398503330649e-08,5.189638193153945e-05,0.9908738473038278,0.007699085317515213,0.0013751362627403916
1546,356,cot,6,0.01,user,1,4.683142802784965e-08,4.5743284418704116e-05,0.8984513925812747,0.06654555556138497,0.03495726174149359
1547,357,cot,6,0.01,user,1,0.0001111144788110768,0.7019703757811958,0.10118051144764519,0.02796933457912783,0.1687686637132201
1548,358,cot,6,0.01,user,1,1.0053826319563825e-06,0.02158727589258389,0.8985678659451717,0.0034521249231020696,0.07639172785651042
1549,359,cot,6,0.01,user,1,1.8724478119276645e-05,0.019302297746612407,0.8094229965467856,0.051994124079776965,0.11926185714870563
1550,360,cot,6,0.01,user,1,2.993943614268233e-05,0.0014817376203920265,0.262619543699315,0.7245181794100591,0.011350599834091061
1551,361,cot,6,0.01,user,1,4.380119045230201e-06,0.01101367630904078,0.948759602450365,0.005302951356174908,0.03491938976537399
1552,362,cot,6,0.01,user,1,5.413467157816712e-05,0.05380463146281865,0.8880411739817691,0.00022719884033874845,0.05787286104349529
1553,363,cot,6,0.01,user,1,8.660150839520151e-05,0.12299271092279042,0.7735949906164595,0.015298661640800508,0.08802703531155442
1554,364,cot,6,0.01,user,1,4.165705998927014e-07,4.690300636506769e-05,0.9893087661315768,0.0076547111917207025,0.002989203099737555
1555,365,cot,6,0.01,user,1,3.1953037156117965e-09,3.2392584257371214e-05,0.982096997245441,0.005749871525578809,0.012120735449419216
1556,366,cot,6,0.01,user,1,7.669118177727704e-06,0.062363245590318396,0.13710379937629144,0.0029050127011173424,0.7976202732140951
1557,367,cot,6,0.01,user,1,2.570492466911606e-06,0.0001862479897821474,0.3472853294170835,0.581858066985646,0.07066778511502142
1558,368,cot,6,0.01,user,1,2.102639947532566e-06,0.0005036863338057593,0.7367544613414697,0.14916491396909562,0.11357483571568157
1559,369,cot,6,0.01,user,1,9.030631499480825e-08,0.0002544858956120386,0.9411825846728153,0.012308381789036335,0.04625445733622135
1560,370,cot,6,0.01,user,1,3.092219711628478e-05,0.09989658475149667,0.5268385200218219,0.1211634113059245,0.2520705617236406
1561,371,cot,6,0.01,user,1,6.4940801177238e-09,1.4391498569261801e-05,0.9806190237753677,0.016852501534359937,0.002514076697622862
1562,372,cot,6,0.01,user,1,1.0391431151973489e-06,0.0005027391820125445,0.7924582789010661,0.03560053795369137,0.17143740482011474
1563,373,cot,6,0.01,user,1,0.0002772743923447052,0.5203287777849633,0.26553006233539345,0.10084231574466834,0.11302156974263029
1564,374,cot,6,0.01,user,1,5.547061469343771e-07,0.00635266014583549,0.7293476518381355,0.2551041799757849,0.009194953334097266
1565,375,cot,6,0.01,user,1,0.0004538306693832059,0.6661284338835234,0.12466200796595853,0.03414720176259352,0.1746085257185414
1566,376,cot,6,0.01,user,1,3.225615952167842e-06,0.0013482559245040402,0.5373335844540739,0.37867776621855304,0.08263716778691702
1567,377,cot,6,0.01,user,1,0.00022573561786891095,0.1020094599971417,0.5965458318054483,0.18019853755892212,0.12102043502061896
1568,378,cot,6,0.01,user,1,4.393611115590481e-06,0.004718199221079753,0.03541284276466389,0.9531730499784724,0.006691514424668259
1569,379,cot,6,0.01,user,1,3.3049727125671993e-06,0.004913019439600098,0.5554666881233826,0.4316815466555511,0.007935440808753639
1570,380,cot,6,0.01,user,1,6.034938089705392e-08,1.6239633088424998e-05,0.4153702952015462,0.5823123560477661,0.002301048768218471
1571,381,cot,6,0.01,user,1,8.092695217062269e-10,6.253874561952751e-07,0.9529427718294928,0.046765241091241715,0.0002913608825397283
1572,382,cot,6,0.01,user,1,1.7356510397410183e-05,0.002258143954300525,0.511383734652214,0.46655873870604747,0.019782026177040574
1573,383,cot,6,0.01,user,1,3.056472801192188e-08,7.332492461161664e-07,0.6055584663541064,0.3929560154944031,0.0014847543375165102
1574,384,cot,6,0.01,user,1,1.60264911007233e-08,7.229314817329053e-06,0.971284412394091,0.010322743930941826,0.018385598333658777
1575,385,cot,6,0.01,user,1,9.062602740234635e-07,0.021306503372507977,0.9576721828097345,0.0070317158028816405,0.013988691754601643
1576,386,cot,6,0.01,user,1,5.982690749930503e-06,0.02543153505180227,0.9070326024107566,0.030811685376807566,0.03671819446988371
1577,387,cot,6,0.01,user,1,4.0430774098062865e-10,1.7842739510097076e-07,0.9786283446566392,0.021030054427865395,0.00034142208379285994
1578,388,cot,6,0.01,user,1,1.6741156969565739e-09,1.1111659769344612e-06,0.9097840599061731,0.08527833026606703,0.0049364969876672425
1579,389,cot,6,0.01,user,1,2.9934885365048623e-09,1.9389077388960216e-06,0.7286976210440044,0.2710683804759409,0.00023205657882731555
1580,390,cot,6,0.01,user,1,2.1581745286363473e-11,9.252821362738042e-10,0.7425073068930542,0.2574615198929563,3.117226712556517e-05
1581,391,cot,6,0.01,user,1,1.1073753029432519e-10,1.6677192209884864e-09,0.8830318731882266,0.11685883213259468,0.00010929290072185658
1582,392,cot,6,0.01,user,1,3.790253041248338e-10,2.790892294924546e-08,0.9431404043616926,0.053916472966031394,0.0029430943843279348
1584,393,assistant,7,0.01,user,1,2.704974071567293e-10,2.556994446820375e-08,0.0005378561400799631,0.999461019145389,1.098874088992247e-06
1585,394,assistant,7,0.01,user,1,1.437889624983649e-09,2.00717215488833e-06,0.0016650832705184168,0.9983319963429721,9.117764649326918e-07
1586,395,assistant,7,0.01,user,1,7.509531354287411e-10,2.3503200750946063e-07,0.0004241627504207595,0.9995725136176361,3.087848982357162e-06
1587,396,assistant,7,0.01,user,1,9.926082045062253e-11,1.351553960137913e-07,1.9843311968479468e-05,0.9999797269119622,2.945214123873485e-07
1588,397,assistant,7,0.01,user,1,2.9749624731343756e-08,5.800045752819661e-06,0.0004581023234656372,0.999439414833065,9.665304809201843e-05
1589,398,assistant,7,0.01,user,1,1.8547626266638106e-09,8.090240936893474e-07,0.0001282187909728279,0.9998431242587177,2.7846071452998934e-05
1590,399,assistant,7,0.01,user,1,7.712116179362404e-10,2.2341019012502194e-06,0.00041273096814662416,0.9995764031852321,8.630973508573363e-06
1591,400,assistant,7,0.01,user,1,1.6030513193425813e-08,3.3942903475603536e-05,0.0007970767801432541,0.999017716738917,0.0001512475469509536
1592,401,assistant,7,0.01,user,1,9.35375513549708e-09,1.9062608072345285e-05,0.0011252792750339126,0.9988310807444158,2.4568018722593428e-05
1593,402,assistant,7,0.01,user,1,1.1503973486356023e-10,4.4563418495393876e-07,0.00024170437948033504,0.9997437581991684,1.4091672126622e-05
1594,403,assistant,7,0.01,user,1,3.6816833894093497e-09,6.09387909679093e-06,6.334336951228857e-05,0.9999281611219369,2.397947770410862e-06
1595,404,assistant,7,0.01,user,1,1.18877734537656e-10,1.597309589571944e-08,0.0010322535241441561,0.9989669872561363,7.431277460278124e-07
1596,405,assistant,7,0.01,user,1,2.665840391967557e-10,3.890308107302785e-08,0.002079156453246043,0.9979196533665073,1.1510105814645095e-06
1597,406,assistant,7,0.01,user,1,7.665725525270398e-10,1.0902265433567794e-07,0.004703617822651523,0.9952919476374043,4.324750717342669e-06
1598,407,assistant,7,0.01,user,1,8.389613978044903e-10,2.0486326081148217e-07,0.000201467561673409,0.9997929556608456,5.371075258929983e-06
1599,408,assistant,7,0.01,user,1,1.3533703846063059e-09,6.581283234373073e-07,9.650109526949885e-05,0.999878773516016,2.406590702093303e-05
1600,409,assistant,7,0.01,user,1,7.006432359207725e-09,8.44021365820199e-05,0.00030343491010345635,0.9995475735232975,6.45824235844565e-05
1601,410,assistant,7,0.01,user,1,2.8464227856217336e-11,1.5639686084481603e-08,3.9034922767625365e-05,0.9999607986346749,1.5077440690792844e-07
1602,411,assistant,7,0.01,user,1,9.281260689873737e-09,4.5589635962588255e-05,0.0013313162136968089,0.9985108394711123,0.00011224539796768724
1603,412,assistant,7,0.01,user,1,2.095855461820063e-08,5.4675653463728015e-06,0.0002208111706295491,0.9997712659719307,2.434333538877059e-06
1604,413,assistant,7,0.01,user,1,6.668329486199743e-10,3.185966539986053e-07,2.424499922384032e-05,0.9999743264815915,1.1092556978378698e-06
1605,414,assistant,7,0.01,user,1,1.6726292987138953e-11,3.41911315003792e-09,1.1734398832057163e-05,0.9999881111107656,1.5105456288695925e-07
1606,415,assistant,7,0.01,user,1,6.25120173237407e-11,8.754505464160215e-07,0.00022921497608419404,0.9997680661586436,1.8433522137964075e-06
1607,416,assistant,7,0.01,user,1,9.291449958302968e-09,4.6444872706591845e-05,0.0004825920935442861,0.9992924050188234,0.00017854872347581262
1608,417,assistant,7,0.01,user,1,9.109439468330659e-11,9.790269818895496e-07,9.308452151415328e-05,0.9999042579156416,1.6784447678001325e-06
1609,418,assistant,7,0.01,user,1,4.2862996399448665e-08,0.00017666273593723702,0.00023491789680201838,0.9995798500255144,8.52647874993223e-06
1610,419,assistant,7,0.01,user,1,1.6068911046228485e-07,0.00010496949679394371,0.00022824166563757323,0.999661629834483,4.99831397496195e-06
1611,420,assistant,7,0.01,user,1,1.2145803657861055e-05,0.04494048325213077,0.011819010893117488,0.9431769588185772,5.140123251660805e-05
1612,421,assistant,7,0.01,user,1,7.731896590569785e-13,1.9383629638899324e-08,1.8881455847559413e-06,0.9999980825896676,9.88034493552285e-09
1613,422,assistant,7,0.01,user,1,6.355320713818706e-11,5.646605256264418e-06,1.5179814232410862e-05,0.9999782641958792,9.093210788850055e-07
1614,423,assistant,7,0.01,user,1,1.1193071177485855e-08,0.0001423665462807563,0.002835303637520024,0.996959105671779,6.3212951348909e-05
1615,424,assistant,7,0.01,user,1,1.4538829051214857e-07,0.0001642007520357785,0.0027907661629141475,0.9968779042162517,0.0001669834805077769
1616,425,assistant,7,0.01,user,1,3.705683167945801e-10,7.680569197624797e-07,4.493168168086004e-05,0.9999536201466748,6.797441564002663e-07
1617,426,assistant,7,0.01,user,1,1.7718196897448607e-09,4.65573185475059e-06,0.0006341413651831723,0.9993407428210636,2.045831007900038e-05
1618,427,assistant,7,0.01,user,1,5.053392791631452e-09,6.305911293375018e-05,0.0030786038336574587,0.9968358737225189,2.2458277497264412e-05
1619,428,assistant,7,0.01,user,1,1.2175239235179738e-08,0.00013303062600868078,0.00703251320629219,0.9920941164955737,0.0007403274968863137
1620,429,assistant,7,0.01,user,1,4.6022273911230213e-07,0.00271480996224905,0.0033261114543576037,0.9935059150258954,0.0004527033347589967
1621,430,assistant,7,0.01,user,1,3.3088880610269154e-08,0.00010041323230298534,0.003142650172798305,0.9962403421455528,0.0005165613604654776
1622,431,assistant,7,0.01,user,1,3.199785469385481e-09,7.742078208651116e-06,9.410195415296688e-05,0.9998527036774721,4.544909038088269e-05
1623,432,assistant,7,0.01,user,1,4.3569597551915825e-06,0.009625741590312334,0.001194791368648046,0.9867551814519242,0.002419928629360237
1624,433,assistant,7,0.01,user,1,1.0349093512650785e-06,0.00012481723068211205,0.0036766016081667663,0.9953518470296777,0.0008456992221219916
1625,434,assistant,7,0.01,user,1,1.9080490300302755e-06,0.002505942854663868,0.010496911839649226,0.9826355813283512,0.004359655928305946
1626,435,assistant,7,0.01,user,1,3.3862189653856165e-07,8.388976162782036e-05,0.0008268908588180673,0.9989756509371228,0.00011322982053462639
1627,436,assistant,7,0.01,user,1,6.014388961562047e-08,5.4478941294996046e-05,0.0011608248626307942,0.9987844120243052,2.2402787942718758e-07
1628,437,assistant,7,0.01,user,1,2.2029296743398816e-09,2.803966837463053e-06,8.942339250392034e-05,0.999906459345813,1.311091915837972e-06
1629,438,assistant,7,0.01,user,1,4.276460024071859e-11,3.0854811996936e-09,8.614138898427558e-05,0.999913819219786,3.6262984099235184e-08
1630,439,assistant,7,0.01,user,1,5.571832448074147e-11,1.7461711638253002e-08,0.009005630786406342,0.9909942354386851,1.1625747853829327e-07
1631,440,assistant,7,0.01,user,1,4.8751695745449534e-08,3.8174281381901365e-05,0.001056973332434195,0.9988807797320899,2.40239023984014e-05
1632,441,assistant,7,0.01,user,1,4.87676832824161e-09,3.946695060905757e-07,0.003619332837168094,0.9963378252119758,4.24424045816861e-05
1633,442,assistant,7,0.01,user,1,2.0493689153875095e-09,5.41341829473863e-07,0.0002899004179669214,0.9997034216054268,6.134585407958108e-06
1634,443,assistant,7,0.01,user,1,5.7312124212362484e-09,2.1326643191977815e-06,3.2059964000661813e-05,0.999963855331945,1.946308522693824e-06
1635,444,assistant,7,0.01,user,1,3.429159577154284e-10,4.0955130372807604e-07,0.00012420924463289967,0.99987086602709,4.514834057578915e-06
1636,445,assistant,7,0.01,user,1,2.245320250701793e-11,3.507571000020568e-08,6.372865789939312e-05,0.999936191074225,4.516971229593202e-08
1637,446,assistant,7,0.01,user,1,1.8059165101759507e-12,4.761510858819144e-09,6.032525071135363e-05,0.9999396602989574,9.687014411666505e-09
1638,447,assistant,7,0.01,user,1,1.0092822196732792e-05,0.0012773905931802772,0.009571163817798474,0.9886262477029798,0.0005151050638447982
1639,448,assistant,7,0.01,user,1,1.3565076099280732e-08,5.299884100438317e-06,3.689030418628571e-05,0.9999545134675988,3.282779038345151e-06
1640,449,assistant,7,0.01,user,1,2.5145212945511376e-08,3.7708693006062846e-05,0.004989943063650116,0.9948756633212359,9.665977689497203e-05
1641,450,assistant,7,0.01,user,1,3.622726475396344e-09,1.2462214340301642e-06,0.00022230851203136747,0.9997734740771828,2.9675666253551128e-06
1642,451,assistant,7,0.01,user,1,2.3201301143237573e-10,2.6714158905335612e-09,3.964007852210436e-06,0.9999959937290899,3.935962897555554e-08
1643,452,assistant,7,0.01,user,1,2.4545547231115886e-08,3.001722353174117e-05,0.0002968819089115681,0.9996652669470149,7.809374994640714e-06
1644,453,assistant,7,0.01,user,1,5.436812560236291e-10,1.4710403228394193e-06,0.001688613187013427,0.9983076555358155,2.259693167065864e-06
1645,454,assistant,7,0.01,user,1,1.8886549006924803e-08,5.969508130035091e-07,0.0010244377985001824,0.9989669412169601,8.00514717784489e-06
1646,455,assistant,7,0.01,user,1,6.33055324087981e-11,3.083498553971414e-08,0.000258531264810568,0.9997412563854092,1.81451489231529e-07
1647,456,assistant,7,0.01,user,1,6.576890939664099e-10,1.5538263891022652e-07,2.188414470296284e-05,0.9999776395073637,3.2030760522596905e-07
1648,457,assistant,7,0.01,user,1,8.980199632313609e-10,3.0292849785422847e-07,0.0004819167629462042,0.9995166547937473,1.1246167886329489e-06
1649,458,assistant,7,0.01,user,1,4.631430462183237e-08,6.372102993981154e-05,0.11322304802134014,0.8860145683383637,0.0006986162960516077
1650,459,assistant,7,0.01,user,1,4.6072344141197126e-07,0.00019893651605547841,0.0028140650711957187,0.9968057752493313,0.0001807624399760868
1651,460,assistant,7,0.01,user,1,1.5827425285491985e-08,1.8953121583372926e-05,0.0017797158758994555,0.99812031416553,8.100100956193918e-05
1652,461,assistant,7,0.01,user,1,2.770590231346778e-08,8.934690248833129e-07,0.0020287209780778504,0.9979565238517161,1.3833995278966274e-05
1653,462,assistant,7,0.01,user,1,1.223593769019155e-07,1.9496389731613136e-05,0.006715248674185023,0.9930633711009355,0.00020176147577098707
1654,463,assistant,7,0.01,user,1,7.490708204821931e-10,9.175114447442255e-09,0.00017484171261708897,0.999824947648026,2.007151716995169e-07
1655,464,assistant,7,0.01,user,1,1.4836752204686985e-09,3.4223363199444265e-06,0.0006768007888552269,0.9993195002418005,2.75149349000426e-07
1656,465,assistant,7,0.01,user,1,1.2059164542932e-11,2.5714427416391307e-08,0.0001547810728019687,0.9998451612598867,3.19408249007731e-08
1657,466,assistant,7,0.01,user,1,5.529580901432872e-09,7.050204066448103e-06,0.0041617155670024145,0.9958182366482451,1.2992051105228206e-05
1658,467,assistant,7,0.01,user,1,9.086054394322524e-09,1.7247780201078127e-05,0.0009690608309459026,0.9990080222381813,5.660064617156962e-06
1659,468,assistant,7,0.01,user,1,9.09031821070742e-09,3.7064591553691795e-06,0.0026432919888375087,0.9973323356001009,2.065686158785438e-05
1660,469,assistant,7,0.01,user,1,3.73853002089642e-08,5.216144369911219e-06,0.006007942843950762,0.9938281901244688,0.00015861350191040066
1661,470,assistant,7,0.01,user,1,1.7825835474782648e-11,9.745202992729666e-09,8.224484627268311e-05,0.999917252866539,4.925241594973292e-07
1662,471,assistant,7,0.01,user,1,2.931432572129689e-06,0.0005585592560351109,0.06083765659476006,0.936928805319397,0.0016720473972357014
1663,472,assistant,7,0.01,user,1,3.7162349826233618e-06,0.00030433553410354463,0.06773356618968442,0.9287425151612366,0.0032158668799927162
1664,473,assistant,7,0.01,user,1,1.6700375827144114e-11,2.4635257377796062e-09,0.0003153611440532844,0.999684549739029,8.663669145420305e-08
1665,474,assistant,7,0.01,user,1,2.985478201111282e-08,1.476434342192506e-06,0.009430133147001377,0.9905513095378236,1.7051026050851705e-05
1666,475,assistant,7,0.01,user,1,2.1792840147904844e-09,4.6212930565768195e-07,0.0038300531532430024,0.9961680739551496,1.408583017829718e-06
1667,476,assistant,7,0.01,user,1,1.9803199119450923e-07,1.6077894783551217e-05,0.0036040068738835787,0.9963764419240859,3.2752752557897264e-06
1668,477,assistant,7,0.01,user,1,4.1497897960582454e-08,4.782664433101587e-06,0.003829062359536498,0.9961605710629292,5.542415203280082e-06
1669,478,assistant,7,0.01,user,1,1.7082341785484467e-09,5.544635553467434e-07,0.00017249432000200147,0.999826717917548,2.315906606944783e-07
1670,479,assistant,7,0.01,user,1,1.497640379712592e-09,6.75146230528297e-06,0.0006589510407609508,0.9993309029525201,3.3930467733364145e-06
1671,480,assistant,7,0.01,user,1,1.0340218967615368e-08,2.3715027071625428e-05,0.008968535227154573,0.9910020534600069,5.685945547711442e-06
1672,481,assistant,7,0.01,user,1,3.1728000865411407e-07,1.1238342631650602e-05,0.0015247130467873624,0.9984562664764965,7.4648540757301516e-06
1673,482,assistant,7,0.01,user,1,1.7291241721302218e-07,5.308097590836935e-05,0.0031834403874173643,0.9967043766966384,5.8929027618869436e-05
1674,483,assistant,7,0.01,user,1,5.388070169151926e-10,5.377393146489546e-07,0.0002469017189154053,0.9997524109187461,1.490842168972024e-07
1675,484,assistant,7,0.01,user,1,5.052853031280017e-11,1.6309860876478307e-08,7.096476915838161e-06,0.9999928615735483,2.558914633537492e-08
1676,485,assistant,7,0.01,user,1,3.3956533951794613e-09,2.1722251552104024e-08,5.3243913571414334e-06,0.9999944786795312,1.7181120673812538e-07
1677,486,assistant,7,0.01,user,1,4.1135957693701167e-10,3.9501524250483285e-08,0.0001491224775890477,0.9998507994175387,3.8191988272606766e-08
1678,487,assistant,7,0.01,user,1,3.937504678354504e-08,1.9227244664668086e-06,6.155126572441108e-05,0.9999358083766734,6.782580890142493e-07
1679,488,assistant,7,0.01,user,1,1.3438599779926706e-10,3.622281482295815e-09,3.429579124066642e-05,0.999964689089467,1.0113626247011486e-06
1680,489,assistant,7,0.01,user,1,2.174596226631746e-07,1.2317473818791129e-06,0.0003498467822056162,0.9996449999019708,3.7041088189336487e-06
1681,490,assistant,7,0.01,user,1,1.8318429673514881e-10,9.906449595826439e-08,0.002520811248821668,0.9974790434858525,4.601764563236266e-08
1682,491,assistant,7,0.01,user,1,2.4687943596125778e-08,9.542459052145059e-07,0.00034975138144443163,0.9996484580225076,8.11662199191712e-07
1683,492,assistant,7,0.01,user,1,2.5677077587995314e-11,2.721218501622275e-09,1.9741078109713518e-05,0.9999802482981439,7.876850880707702e-09
1684,493,assistant,7,0.01,user,1,4.835223840813387e-11,4.1491715122155486e-10,7.699015290931336e-05,0.9999230029540117,6.429809630836729e-09
1685,494,assistant,7,0.01,user,1,2.272739154409997e-10,9.870185522172925e-09,0.00018261409440300673,0.9998173549225864,2.0885551223455896e-08
1686,495,assistant,7,0.01,user,1,4.977207856936922e-10,7.0892275010607875e-09,0.0003354909343167664,0.9996626297108615,1.8717678734566078e-06
1687,496,assistant,7,0.01,user,1,1.0201811313666227e-09,8.783323328922779e-08,0.0003014107253218732,0.9996908487189688,7.651702294675509e-06
1688,497,assistant,7,0.01,user,1,2.4766131612766137e-12,4.167185624628513e-10,9.47356690005251e-06,0.9999904315389054,9.447499928309762e-08
1689,498,assistant,7,0.01,user,1,3.1247814792388135e-12,5.262543746602551e-10,2.363544452308025e-05,0.9999762851580082,7.886808974621113e-08
1690,499,assistant,7,0.01,user,1,1.4755711596419913e-11,6.542234783736067e-10,0.00029362156004509145,0.9997063639972634,1.3773712226493117e-08
1691,500,assistant,7,0.01,user,1,8.623551170441616e-05,0.002685083879302525,0.16041702417256404,0.7016352144702693,0.1351764419661597
1692,501,assistant,7,0.01,user,1,2.686496606095744e-08,4.8727826502359416e-06,0.001111873097579302,0.9988600000889474,2.3227165857156053e-05
1693,502,assistant,7,0.01,user,1,3.456977786296217e-11,6.420833909469413e-10,6.454988939090997e-05,0.9999353223050566,1.2712889948824282e-07
1694,503,assistant,7,0.01,user,1,6.9170829401712265e-09,1.2325211624711947e-07,0.0005077737726474161,0.9993166669533139,0.00017542910483936996
1695,504,assistant,7,0.01,user,1,1.2203654790532888e-09,2.759586911111203e-07,0.0004806416433598258,0.9992529852545634,0.0002660959230200841
1696,505,assistant,7,0.01,user,1,2.647692346432962e-08,4.745300810578297e-06,0.0025109876874494447,0.9966291285215312,0.0008551120132852835
1697,506,assistant,7,0.01,user,1,2.5941108152844656e-13,1.316288432407558e-11,7.350604668705625e-06,0.9999926234165487,2.5965360063877554e-08
1698,507,assistant,7,0.01,user,1,4.3432850078710484e-11,6.836339801354299e-10,2.9056237134341705e-05,0.9999704965974524,4.46438346367427e-07
1699,508,assistant,7,0.01,user,1,2.4783748521381777e-10,3.4803574912479764e-09,0.0002687498827577216,0.9997260697428644,5.176646182910553e-06
1700,509,assistant,7,0.01,user,1,3.548414126379744e-11,9.356911586350982e-08,0.00018880578239003062,0.9997990531338338,1.2047479176269158e-05
1701,510,assistant,7,0.01,user,1,9.871597940533427e-06,0.01154226748403571,0.26985670922826627,0.7099562343853798,0.00863491730437765
1702,511,assistant,7,0.01,user,1,7.841245037191105e-08,2.593976719561586e-05,0.00035427156849721726,0.9995444630555215,7.52471963352823e-05
1703,512,assistant,7,0.01,user,1,3.76152145672598e-10,1.1966723119596691e-08,7.19361643160543e-05,0.9999217192066346,6.3322861740233116e-06
978,1,user,2,0.01,tool,-1,0.0008129905390956058,0.8447263469793016,0.006997870714094853,2.5870688123821416e-06,0.14746020469869553
979,2,user,2,0.01,tool,-1,0.00011877598854501061,0.9992044623878303,1.0076020083927585e-05,3.730193289709134e-09,0.0006666818733475345
980,3,user,2,0.01,tool,-1,0.0010853232637336647,0.8910744388275874,0.002219470135618087,6.637404840380695e-07,0.10562010403257685
981,4,user,2,0.01,tool,-1,0.0017802571915046545,0.9877088686707389,0.0005909204113384785,4.446056161262198e-06,0.009915507670256724
982,5,user,2,0.01,tool,-1,0.0002590812731427347,0.9992496702160939,3.3700155005549994e-05,5.097042458997695e-07,0.0004570386515121953
983,6,user,2,0.01,tool,-1,0.009617550125250915,0.988706745892509,0.00031260242012593685,1.4498223489380532e-06,0.0013616517397650916
984,7,user,2,0.01,tool,-1,0.00039131012526732496,0.9990021640585316,5.877202133945294e-05,1.0272582340695982e-06,0.0005467265366275212
985,8,user,2,0.01,tool,-1,2.9718846826631844e-05,0.9998938772974235,1.0835021406432788e-06,2.1858233545954127e-09,7.531816778560076e-05
986,9,user,2,0.01,tool,-1,0.0007321674016792906,0.9955816683221659,0.00028464360896328876,1.499972962691165e-06,0.0034000206942287454
987,10,user,2,0.01,tool,-1,0.00023213159260165146,0.9936814862193369,0.000878961764421641,1.3935664854013042e-05,0.00519348475878567
988,11,user,2,0.01,tool,-1,0.0001413526721170684,0.9997351287282367,7.351568598793261e-06,1.6875326307843188e-10,0.0001161668622941294
989,12,user,2,0.01,tool,-1,4.2322032721383246e-05,0.9953239772896046,0.0005041634148829638,2.4420438631219837e-09,0.004129534820747122
990,13,user,2,0.01,tool,-1,0.00463123216085171,0.9951574708201495,5.625417494520841e-05,4.4199294130749386e-09,0.00015503842412416824
991,14,user,2,0.01,tool,-1,8.235053811502454e-05,0.9998992560386799,5.705618992562069e-06,1.5436000283552875e-08,1.2672368212275045e-05
992,15,user,2,0.01,tool,-1,0.004726491588389879,0.9939851577645348,0.0005166876393554859,6.164342962124242e-06,0.0007654986647577935
993,16,user,2,0.01,tool,-1,0.00027768067688192387,0.9969551496066531,0.000957127298241824,2.873243464484626e-07,0.001809755093876693
994,17,user,2,0.01,tool,-1,0.0005221612610132477,0.9809418762227242,0.005094879021193906,3.855204757683589e-07,0.013440697974593062
995,18,user,2,0.01,tool,-1,0.00024283295724212588,0.993829595911076,0.0037857625718545392,1.4921892479056007e-07,0.002141659340902534
996,19,user,2,0.01,tool,-1,0.0002580089398713725,0.9905220125484512,0.0020549452245128513,5.941517270575639e-08,0.0071649738719923
997,20,user,2,0.01,tool,-1,0.00027375230542513797,0.998533006977772,0.0007268108801765058,2.7512548935508273e-08,0.00046640232407728913
998,21,user,2,0.01,tool,-1,0.004183252115748322,0.9918373917616855,0.001602676431721167,3.782886973579101e-06,0.0023728968038714826
999,22,user,2,0.01,tool,-1,0.0014539731029223992,0.9945704990407341,0.002176823578242492,2.0442622148302414e-06,0.0017966600158863311
1000,23,user,2,0.01,tool,-1,0.004771216063906196,0.9891885351245647,0.0010157712702339298,4.398612487538358e-06,0.005020078928807405
1001,24,user,2,0.01,tool,-1,0.00037459904799683967,0.997986284340232,0.0004259942129955545,1.2805288897066109e-05,0.0012003171098786012
1002,25,user,2,0.01,tool,-1,5.57260076880681e-06,0.9999831417609409,6.511342988674491e-07,1.4661867806574496e-08,1.0619842123721198e-05
1003,26,user,2,0.01,tool,-1,9.617838384027846e-05,0.998683893645969,0.0007641262777670661,3.752580131513394e-08,0.00045576416662241524
1004,27,user,2,0.01,tool,-1,0.00040195234115205795,0.9500745625584753,0.046328558034474214,3.228353950491414e-07,0.0031946042305032955
1005,28,user,2,0.01,tool,-1,0.00041197984411843203,0.9960089130572555,0.0005855048288885755,9.019844136561996e-06,0.0029845824256010418
1006,29,user,2,0.01,tool,-1,0.0004331831696742095,0.9964280288514964,0.00041778512207164587,0.0026779251426048557,4.3077714152813134e-05
1007,30,user,2,0.01,tool,-1,0.0016541276708675365,0.9975229998387491,0.00016074603753711973,0.00010416716928024274,0.0005579592835658503
1008,31,user,2,0.01,tool,-1,0.00015137611791735066,0.9996869506296149,4.6120641466181393e-05,6.979407884973977e-05,4.575853215180874e-05
1009,32,user,2,0.01,tool,-1,0.00045123871833819705,0.9993904455102647,2.4733955691807777e-05,4.7584401525157514e-05,8.599741418025193e-05
1010,33,user,2,0.01,tool,-1,0.0002270564315017147,0.9982569345742364,0.0004664620070149808,1.411646598577992e-06,0.00104813534064837
1011,34,user,2,0.01,tool,-1,0.0004533148957296624,0.9977688823325326,8.2816145646987e-05,5.2571796410647925e-06,0.0016897294464496434
1012,35,user,2,0.01,tool,-1,6.573625527428407e-05,0.9989509381065927,0.0006971677082402405,1.1612846335572164e-06,0.0002849966452590695
1013,36,user,2,0.01,tool,-1,3.177629702803282e-05,0.9989405263399342,0.00029679501383135336,1.726608494398521e-07,0.0007307296883569347
1014,37,user,2,0.01,tool,-1,0.00015762701140003407,0.9937645685120673,6.906731837477582e-05,1.7048229821482516e-06,0.006007032335175943
1015,38,user,2,0.01,tool,-1,2.2026757563677797e-05,0.9997915461053059,6.188743086311463e-06,6.869211002175561e-07,0.00017955147294384648
1016,39,user,2,0.01,tool,-1,1.21592304001978e-05,0.9999252575202358,9.626564821616357e-06,2.429039145295962e-06,5.052764539726964e-05
1017,40,user,2,0.01,tool,-1,5.964703368887516e-05,0.9998790194377619,3.416840156477296e-05,2.8867260422216914e-06,2.4278400942405755e-05
1018,41,user,2,0.01,tool,-1,4.891592527800579e-06,0.9997338955132562,0.0002056733477742239,7.727242915592684e-08,5.546227401262705e-05
1019,42,user,2,0.01,tool,-1,3.71871401740503e-05,0.9986689975615003,0.0002189597758479371,7.3836360336522955e-06,0.001067471886444075
1020,43,user,2,0.01,tool,-1,3.760938810104648e-05,0.9995341517547942,2.8009964543369297e-05,2.272645496553666e-06,0.0003979562470649384
1021,44,user,2,0.01,tool,-1,5.3329777323736015e-05,0.9991695780101373,9.463219746545527e-05,6.506547330177861e-06,0.0006759534677433615
1023,45,cot,3,0.01,tool,-1,1.795394766362489e-08,1.5656657910468994e-05,0.9905886476025997,2.7306501090929105e-05,0.009368371284451149
1024,46,cot,3,0.01,tool,-1,7.402417058937602e-08,0.00014006593688451364,0.9650808391210863,4.601101079624579e-06,0.03477441981677893
1025,47,cot,3,0.01,tool,-1,4.420704921600912e-09,4.567267401606537e-06,0.9747064186936093,2.332822348203777e-06,0.025286676795935818
1026,48,cot,3,0.01,tool,-1,3.224641868516475e-07,0.00046491179709986147,0.9855141791953914,0.0005000186765008833,0.01352056786682101
1027,49,cot,3,0.01,tool,-1,6.272201405550202e-06,0.0388044171881639,0.6644248549073275,7.347590510529082e-05,0.2966909797979977
1028,50,cot,3,0.01,tool,-1,4.775463648578958e-07,0.0005147356973098084,0.5965125492471155,1.1028644507387498e-05,0.4029612088647024
1029,51,cot,3,0.01,tool,-1,1.2616465932638114e-06,0.0020207172383278522,0.9420741738875011,0.00014849830976378843,0.05575534891781405
1030,52,cot,3,0.01,tool,-1,4.282505355530596e-07,0.00021820014234372363,0.9585854629223715,0.0005381565880180226,0.04065775209673123
1031,53,cot,3,0.01,tool,-1,1.8838384706374502e-10,8.474501782210394e-08,0.9981427123993076,1.5917753466294487e-05,0.0018412849138244513
1032,54,cot,3,0.01,tool,-1,3.0575857003590367e-07,0.00019296516119518076,0.9812138730098756,0.0001140675800025152,0.018478788490356658
1033,55,cot,3,0.01,tool,-1,0.0001527163113041951,0.14005826985017666,0.5301196641211748,0.0006586402757036137,0.3290107094416407
1034,56,cot,3,0.01,tool,-1,2.2782158521500722e-05,0.1813228156168758,0.7066487425909636,0.0001372120460343283,0.1118684475876047
1035,57,cot,3,0.01,tool,-1,1.1040674709094258e-05,0.9325741717263364,0.03350643471168301,5.9341977629609685e-05,0.03384901090964192
1036,58,cot,3,0.01,tool,-1,2.944727270068447e-07,0.006432278229804925,0.9532759158105276,2.6086426440639417e-05,0.04026542506049962
1037,59,cot,3,0.01,tool,-1,0.000138813792462118,0.1382995613518822,0.7335395395479635,0.12035908675173301,0.007662998555959187
1038,60,cot,3,0.01,tool,-1,1.75304068718784e-06,0.01195178288489825,0.9310874390186333,0.00021388918490196967,0.056745135870879426
1039,61,cot,3,0.01,tool,-1,3.5215913825289224e-05,0.9448969425361119,0.042616138205007655,0.009586898652529893,0.0028648046925254236
1040,62,cot,3,0.01,tool,-1,1.1971781527023057e-05,0.029578543982786722,0.9474313451239109,0.001105923283414987,0.021872215828360204
1041,63,cot,3,0.01,tool,-1,7.19418899901433e-05,0.5341940045283072,0.2841749496671254,0.1298492272916793,0.05170987662289795
1042,64,cot,3,0.01,tool,-1,4.958904661723121e-06,0.015247555783681432,0.9311110412083945,2.6159305490364892e-05,0.0536102847977719
1043,65,cot,3,0.01,tool,-1,1.3564872809636193e-06,0.0028686065145488732,0.9091527965508616,0.0007870164532786947,0.08719022399403012
1044,66,cot,3,0.01,tool,-1,5.724009295427341e-06,0.004774988111167096,0.7717262590257495,0.007839838531105803,0.2156531903226821
1045,67,cot,3,0.01,tool,-1,0.00011736503627159961,0.112964789128481,0.7205025815508851,0.008104959601013956,0.15831030468334834
1046,68,cot,3,0.01,tool,-1,3.616320747031062e-11,7.604903328748094e-08,0.9997721207201734,1.3602734744167808e-05,0.00021420045988602816
1047,69,cot,3,0.01,tool,-1,3.9773228041118275e-10,1.0389702659766554e-08,0.9969875915418835,0.0005504015268001371,0.002461996143881287
1048,70,cot,3,0.01,tool,-1,1.9604355585735147e-08,5.763595147517903e-06,0.9782437534700407,5.652889864500964e-06,0.0217448104405919
1049,71,cot,3,0.01,tool,-1,7.837503412900495e-07,0.0009138045939112632,0.9311101677038206,6.895693101518857e-06,0.0679683482588255
1050,72,cot,3,0.01,tool,-1,2.6681973157471263e-07,0.004011014939912843,0.9568926592149608,0.00014271368953982665,0.03895334533585491
1051,73,cot,3,0.01,tool,-1,4.624795916015546e-10,2.9542986064708026e-06,0.9992134908447765,1.6165636273378862e-05,0.0007673887578639555
1052,74,cot,3,0.01,tool,-1,1.050313288308281e-10,2.539568892300379e-07,0.9677988101358351,1.8164973074213536e-05,0.032182770829169954
1053,75,cot,3,0.01,tool,-1,1.5721230039311556e-08,1.3828950636163153e-06,0.7921166730309468,0.00011365987701586751,0.2077682684757438
1054,76,cot,3,0.01,tool,-1,1.1903144634565657e-06,0.0004936840424621178,0.9783008447952176,0.0002687330137585909,0.020935547834098206
1055,77,cot,3,0.01,tool,-1,2.5071893951261314e-07,2.1637243769361443e-05,0.9235626710689204,2.3591439864474673e-05,0.07639184952850608
1056,78,cot,3,0.01,tool,-1,2.1324679765416326e-07,0.0003338149438614385,0.9900259667298948,0.00020090900645168628,0.00943909607299445
1057,79,cot,3,0.01,tool,-1,1.0066266318597968e-05,0.0010126949183164897,0.9815608141813825,0.012731285635848367,0.004685138998133977
1058,80,cot,3,0.01,tool,-1,1.1956244110049393e-09,1.6560412221309e-07,0.9981095695432031,0.0001100670175103827,0.0017801966395401719
1059,81,cot,3,0.01,tool,-1,7.506310567965662e-08,5.313083897683654e-05,0.981701534300073,0.00025130846706401014,0.017993951330780487
1060,82,cot,3,0.01,tool,-1,5.7030406601064146e-05,0.0016759956502067827,0.9356665677845469,0.008126565729370133,0.05447384042927516
1061,83,cot,3,0.01,tool,-1,1.5301420342345374e-05,0.0014859017121677841,0.9838625475553545,0.0005078100126140955,0.014128439299521074
1062,84,cot,3,0.01,tool,-1,6.340188127266591e-11,7.853703879734802e-09,0.9996235240830998,0.0001045580395227903,0.00027190996027151067
1063,85,cot,3,0.01,tool,-1,3.504867045304547e-12,5.2343686041700655e-11,0.9995706776087969,0.0003858528615547783,4.346947379964147e-05
1064,86,cot,3,0.01,tool,-1,1.4713518167075466e-10,1.3410654987764974e-08,0.9940950581442102,0.0037243238401175865,0.002180604457882241
1065,87,cot,3,0.01,tool,-1,3.4481721681187805e-08,2.708171383158855e-06,0.9396311406010562,0.06030671099652452,5.940574931458403e-05
1066,88,cot,3,0.01,tool,-1,8.737012349658395e-08,7.905551950059015e-06,0.9435780932541108,0.0496752360906831,0.006738677733132617
1067,89,cot,3,0.01,tool,-1,1.4807487242437454e-06,6.596083565994263e-06,0.749853137198508,0.24187803173315883,0.008260754236042982
1068,90,cot,3,0.01,tool,-1,2.923706219839049e-07,5.637690708390727e-06,0.93760312792392,0.05406385815321229,0.008327083861537195
1069,91,cot,3,0.01,tool,-1,1.0668742665945717e-06,0.00012615732316980836,0.921269147291104,0.041775180632759416,0.03682844787869997
1070,92,cot,3,0.01,tool,-1,1.5304086060295447e-07,1.0671049058759035e-05,0.9489380620327436,0.05045244460715688,0.0005986692701802291
1071,93,cot,3,0.01,tool,-1,1.798703760971547e-11,1.0233782859328281e-10,0.9630800393734762,0.036884240177337387,3.572032886150713e-05
1072,94,cot,3,0.01,tool,-1,6.572782061673502e-10,6.474872532411802e-08,0.9946699826244055,0.00297448004542847,0.002355471924162658
1073,95,cot,3,0.01,tool,-1,1.1881992662074469e-07,1.2122797873881492e-05,0.9745950750327808,0.010648830727744859,0.014743852621674079
1074,96,cot,3,0.01,tool,-1,1.581903577644666e-09,2.74653985917718e-07,0.9898570546205059,0.008908872699328852,0.0012337964442756238
1075,97,cot,3,0.01,tool,-1,5.6798140891130967e-08,2.9542322552483363e-06,0.9559028740797334,0.011334529797939693,0.03275958509193074
1076,98,cot,3,0.01,tool,-1,1.903812293847608e-08,1.0562901560533737e-06,0.9655534826184979,0.018620965131412908,0.01582447692181009
1077,99,cot,3,0.01,tool,-1,1.8896638963321186e-06,0.00013806630541623056,0.9305613360347632,0.0026282042456573103,0.06667050375026677
1078,100,cot,3,0.01,tool,-1,3.0946218800774194e-06,5.166782234827793e-05,0.6384351264956576,0.09915533253538875,0.26235477852472516
1079,101,cot,3,0.01,tool,-1,5.0821040259331296e-05,0.014653021761417495,0.562510778901136,0.20298359259704812,0.21980178570013903
1080,102,cot,3,0.01,tool,-1,9.314276048008622e-08,5.8006037249080426e-06,0.816389975335577,0.08120003451254566,0.10240409640539205
1081,103,cot,3,0.01,tool,-1,5.757545191024779e-06,2.551455792870267e-05,0.5057592081305587,0.24480110067201355,0.24940841909430786
1082,104,cot,3,0.01,tool,-1,3.7531232618624164e-07,1.0082524361796274e-05,0.633637799582278,0.30602267380278253,0.06032906877825154
1083,105,cot,3,0.01,tool,-1,1.4705593542993903e-09,3.9144968241065544e-08,0.9790936482879502,0.020437449285864714,0.0004688618106574099
1084,106,cot,3,0.01,tool,-1,1.5404661019354805e-08,1.823747134093539e-06,0.9640330861887668,0.025061509917121468,0.010903564742316562
1085,107,cot,3,0.01,tool,-1,0.00023568566419247575,0.01702063994172109,0.4678459855691249,0.5014950682965644,0.013402620528397125
1086,108,cot,3,0.01,tool,-1,4.457225145001264e-05,0.0015290043488763341,0.3790377843566617,0.5891416556272467,0.030246983415765163
1087,109,cot,3,0.01,tool,-1,4.6583156818394106e-08,7.49783846463088e-06,0.6471731355413426,0.3503130690479518,0.0025062509890841182
1088,110,cot,3,0.01,tool,-1,0.0003433981567306265,0.2641299153312345,0.27011330833490066,0.45452872103196224,0.01088465714517208
1089,111,cot,3,0.01,tool,-1,1.2698334773521798e-05,0.00020623684154402467,0.8621880458526556,0.08757992258472934,0.05001309638629737
1090,112,cot,3,0.01,tool,-1,5.730150218999846e-07,3.4503929558920565e-05,0.02431259866354154,0.9751195435406743,0.0005327808512034774
1091,113,cot,3,0.01,tool,-1,4.3168651105689443e-07,2.249328722927179e-06,0.05892620732975613,0.9407693172351734,0.0003017944198365818
1092,114,cot,3,0.01,tool,-1,1.8391327964708852e-06,0.00010946500150582666,0.9727851787339569,0.017936785904350754,0.009166731227389925
1093,115,cot,3,0.01,tool,-1,0.006016980866149843,0.07050415039657372,0.06037395733657562,0.01148161911265682,0.851623292288044
1094,116,cot,3,0.01,tool,-1,0.0010100501953841596,0.005285845184507107,0.05450638476494743,0.06956680884982787,0.8696309110053334
1095,117,cot,3,0.01,tool,-1,4.028217255440826e-06,6.2661770771178816e-06,0.7092836576046326,0.12203465011383136,0.16867139788720342
1096,118,cot,3,0.01,tool,-1,5.0975394264265914e-05,0.0016592418408582204,0.40098680927511965,0.4135916917325489,0.1837112817572091
1097,119,cot,3,0.01,tool,-1,1.1264878569687255e-06,4.0886655277839115e-06,0.8665843462161253,0.04098176888818839,0.09242866974230152
1098,120,cot,3,0.01,tool,-1,0.000870675078415026,0.1013455930802743,0.5482914506136021,0.003816543613594597,0.34567573761411413
1099,121,cot,3,0.01,tool,-1,8.514525794016693e-09,1.8817021268966026e-07,0.9837412268292652,0.013593130240016946,0.002665446245979248
1100,122,cot,3,0.01,tool,-1,6.69006166488681e-09,4.854019718248581e-07,0.8390536853618867,0.1540305582469552,0.006915264299124458
1101,123,cot,3,0.01,tool,-1,3.070458810074503e-05,0.001160222257959233,0.891725679403139,0.022928345026123762,0.08415504872467733
1102,124,cot,3,0.01,tool,-1,1.625306509013394e-07,1.5757031784181188e-05,0.8117186761521392,0.16890454948543118,0.01936085479999456
1103,125,cot,3,0.01,tool,-1,1.5446673921057222e-08,5.146080024192374e-08,0.8566196278231165,0.14067163610037195,0.0027086691690372286
1104,126,cot,3,0.01,tool,-1,1.0110957732585564e-08,1.1490746769428638e-08,0.6468064827011345,0.35232052029168204,0.0008729754054788039
1106,127,assistant,4,0.01,tool,-1,8.244098116854536e-13,2.6727778950495698e-11,0.034040309711556895,0.9659591455520147,5.447088762316247e-07
1107,128,assistant,4,0.01,tool,-1,1.4961150429778579e-12,5.949449182732419e-11,0.001775682608164569,0.9982242704875517,4.684329323342814e-08
1108,129,assistant,4,0.01,tool,-1,2.1516890963081806e-12,1.055003031868278e-11,0.00586435653553739,0.9941356322800192,1.1171741573802011e-08
1109,130,assistant,4,0.01,tool,-1,3.68993921371418e-10,1.0169387569301498e-09,0.0002557961341440638,0.9997431956524883,1.006827435209967e-06
1110,131,assistant,4,0.01,tool,-1,4.478665187490515e-12,6.343889211830453e-11,7.040000371614071e-05,0.999929545309454,5.461891223908849e-08
1111,132,assistant,4,0.01,tool,-1,1.5322666325204158e-13,2.1200173167904075e-12,1.71012474337553e-05,0.9999828912206222,7.529670547238901e-09
1112,133,assistant,4,0.01,tool,-1,4.677969251711394e-15,4.3841297715029174e-13,3.571779698098732e-05,0.9999642820694863,1.3308959382332364e-10
1113,134,assistant,4,0.01,tool,-1,2.3665103350259133e-12,2.129198118693313e-11,0.0001004894624998012,0.9998994587709964,5.17428453180924e-08
1114,135,assistant,4,0.01,tool,-1,1.748958054600804e-11,1.100816679263176e-11,0.00011861805901178325,0.9998813139389358,6.797355466249064e-08
1115,136,assistant,4,0.01,tool,-1,7.851500824452179e-13,6.119732484781559e-12,2.4969716712753562e-05,0.9999750091078766,2.1168505755506968e-08
1116,137,assistant,4,0.01,tool,-1,4.312754983392138e-12,4.188529557957804e-12,0.0062552626352213175,0.9937447164626745,2.0893602906349937e-08
1117,138,assistant,4,0.01,tool,-1,1.3502351442572841e-11,2.61837339176453e-11,0.0024876428806232726,0.9975122187143513,1.3836533961188122e-07
1118,139,assistant,4,0.01,tool,-1,1.478150068197123e-10,2.8544417436338886e-10,0.00103698240579845,0.9989616713057217,1.3458552207823104e-06
1119,140,assistant,4,0.01,tool,-1,9.409021544082601e-07,0.0007171169379835582,0.0004642258380905734,0.9987231266529599,9.458966881163656e-05
1120,141,assistant,4,0.01,tool,-1,9.951031713511085e-12,1.947195477726509e-09,5.568407446540889e-05,0.9999439708840655,3.430843225300966e-07
1121,142,assistant,4,0.01,tool,-1,3.6754348902146747e-06,0.00156219281445638,0.010684583477101819,0.9875387593280822,0.00021078894546941083
1122,143,assistant,4,0.01,tool,-1,4.0409977985222685e-08,1.4648917858264154e-06,7.008750441950777e-05,0.9999268578712563,1.5493225604090079e-06
1123,144,assistant,4,0.01,tool,-1,2.9149024969092964e-13,2.2318393155489133e-11,4.675885116210235e-05,0.9999531694953921,7.163083585097082e-08
1124,145,assistant,4,0.01,tool,-1,2.3984859538319725e-09,2.0099948675032238e-08,3.59106236490829e-05,0.9999640181831465,4.86947698300805e-08
1125,146,assistant,4,0.01,tool,-1,2.2165839006171942e-11,1.3448174855771101e-08,0.0008181624972835756,0.9991817796189015,4.441347423247026e-08
1126,147,assistant,4,0.01,tool,-1,3.3655543755958227e-07,2.0242508797495472e-05,0.002288022045852589,0.997687691136482,3.7077534302516744e-06
1127,148,assistant,4,0.01,tool,-1,6.695405689831725e-06,0.005203359906762067,0.005916834609771424,0.9885147973069743,0.0003583127708023665
1128,149,assistant,4,0.01,tool,-1,0.00012053973603744629,0.13852957116108353,0.0021509560434780782,0.8591067259350825,9.220712431832761e-05
1129,150,assistant,4,0.01,tool,-1,3.051700602070161e-06,0.0037444279939819088,0.001155972161873384,0.995065734639404,3.0813504138736865e-05
1130,151,assistant,4,0.01,tool,-1,1.063743173787809e-06,0.0008138415723385168,0.015432771124042287,0.9837009907529825,5.133280746294445e-05
1131,152,assistant,4,0.01,tool,-1,1.014090139622201e-07,1.1993812816246316e-05,0.00020621247694066177,0.9997798849078309,1.8073933983734753e-06
1132,153,assistant,4,0.01,tool,-1,1.045404231106745e-09,2.8449193794233684e-06,0.00020067559642354677,0.9997593061925657,3.7172246227114296e-05
1133,154,assistant,4,0.01,tool,-1,1.3558352351601413e-09,2.0465129425656771e-07,5.795082703899932e-05,0.999932643476264,9.199689567597143e-06
1134,155,assistant,4,0.01,tool,-1,6.867771596105797e-07,0.0009417084960690512,0.022523434794523477,0.9755389494196365,0.0009952205126112763
1135,156,assistant,4,0.01,tool,-1,1.3463608088621092e-09,4.535541300634632e-06,0.0005505505082581953,0.9994375023451116,7.410258968568936e-06
1136,157,assistant,4,0.01,tool,-1,1.4448613546469953e-07,0.00020155566097914863,0.018972765767306683,0.9796477377828962,0.001177796302682645
1137,158,assistant,4,0.01,tool,-1,5.349508196903503e-06,0.00015746100581789748,0.015380239452028792,0.9843577700877183,9.917994623832793e-05
1138,159,assistant,4,0.01,tool,-1,5.329644015610326e-09,1.745941607627245e-07,0.00021227579298859362,0.9997870472149234,4.970682831909763e-07
1139,160,assistant,4,0.01,tool,-1,3.278661116905562e-05,0.07186407535599239,0.015557579682948772,0.9125031637389334,4.2394610956376616e-05
1140,161,assistant,4,0.01,tool,-1,1.2728816791947216e-09,3.553710490802101e-08,9.607056827498055e-06,0.9999902296800531,1.2645313271307384e-07
1141,162,assistant,4,0.01,tool,-1,8.864574944383335e-12,6.228916196020118e-11,0.000143693019341908,0.9998561357565493,1.7115295517321762e-07
1142,163,assistant,4,0.01,tool,-1,5.844235199592662e-09,1.2265146670590206e-06,0.0003075768438590454,0.999685619179169,5.571618069650682e-06
1143,164,assistant,4,0.01,tool,-1,3.465847197110886e-14,1.448265125298613e-12,0.0003067795839954973,0.9996932201237556,2.9076588687124684e-10
1144,165,assistant,4,0.01,tool,-1,1.466472165518947e-06,8.606645684554541e-05,0.16410418371583155,0.8353669777206657,0.00044130563449162863
1145,166,assistant,4,0.01,tool,-1,7.923467962923762e-12,1.0783309834363698e-10,5.1539050047647805e-05,0.9999484073480984,5.34860973991264e-08
1146,167,assistant,4,0.01,tool,-1,1.259760412240996e-08,1.924143555634431e-07,4.558905059947727e-05,0.9999541352992154,7.063822539422293e-08
1147,168,assistant,4,0.01,tool,-1,1.7815089174816284e-10,1.0821270920291114e-08,1.2600626689825823e-05,0.9999870666903456,3.216835426482093e-07
1148,169,assistant,4,0.01,tool,-1,1.9624077109133493e-10,8.580686790746217e-09,5.102373759683461e-06,0.9999947495202324,1.393290802824602e-07
1149,170,assistant,4,0.01,tool,-1,6.506735881107877e-07,4.2074220985849415e-06,0.0009245222381479252,0.9990671887904586,3.430875706774224e-06
1150,171,assistant,4,0.01,tool,-1,7.025173498200427e-10,3.811743918703996e-10,8.749484280533788e-05,0.9999114946669609,1.0094065419232677e-06
1151,172,assistant,4,0.01,tool,-1,5.43794000465176e-06,9.162582717134887e-06,0.015723611176443334,0.9840607597370783,0.00020102856375655792
1152,173,assistant,4,0.01,tool,-1,1.133330543142643e-05,6.289472249609354e-06,0.016229653805674402,0.9827502445510181,0.00100247886562649
1153,174,assistant,4,0.01,tool,-1,2.281106681553231e-09,5.828843678294676e-08,0.00010079575120794794,0.9998989599129152,1.8376633350477073e-07
1154,175,assistant,4,0.01,tool,-1,9.02057945287162e-06,0.00022889922069375626,0.00020256166267245052,0.9995287958016746,3.0722735506215274e-05
1155,176,assistant,4,0.01,tool,-1,1.6806733659506924e-08,2.4543270538283307e-07,0.000978676855267551,0.999011637357491,9.423547802274228e-06
1156,177,assistant,4,0.01,tool,-1,1.790429673655661e-07,3.85173544236175e-08,0.0012121481981157852,0.9987807933872342,6.840854328210305e-06
1157,178,assistant,4,0.01,tool,-1,1.547670462863285e-08,4.92564747583719e-07,0.0008388016084345109,0.9991569130102721,3.7773398410798666e-06
1158,179,assistant,4,0.01,tool,-1,7.539640685671447e-10,1.5145118637710633e-09,4.327487121684625e-06,0.9999956569973796,1.3247022811668023e-08
1159,180,assistant,4,0.01,tool,-1,5.8733634827312205e-08,2.6707944192314904e-07,8.19790923280432e-05,0.9999133043312048,4.390763390298714e-06
1160,181,assistant,4,0.01,tool,-1,5.358776224830506e-07,3.586686201930827e-06,0.0004036172951287877,0.9995739563571959,1.8303783850890853e-05
1161,182,assistant,4,0.01,tool,-1,7.461523508652942e-07,1.2637519817789917e-05,0.0022588332318096375,0.9977001363498649,2.7646746157075802e-05
1162,183,assistant,4,0.01,tool,-1,4.691977741947241e-08,2.776161406981924e-07,0.0014027649166197182,0.9985908670594575,6.043488004479064e-06
1163,184,assistant,4,0.01,tool,-1,2.741181851279687e-09,4.363180485417038e-09,0.00011021831413727416,0.9998896646802082,1.099012921168266e-07
1164,185,assistant,4,0.01,tool,-1,5.514511293227042e-10,6.706097452337721e-10,4.081114013940418e-06,0.9999958296762013,8.798772397399024e-08
1165,186,assistant,4,0.01,tool,-1,1.4888199305080157e-07,4.22457944472246e-07,0.000196587217974006,0.999730088479027,7.275296306144698e-05
1166,187,assistant,4,0.01,tool,-1,6.367723637440811e-06,1.4607918952811767e-05,0.002988246938560071,0.9965254590973037,0.0004653183215460023
1167,188,assistant,4,0.01,tool,-1,6.511355210095612e-08,7.014928708084954e-07,0.0005011848017138879,0.9994820623086716,1.5986283191536365e-05
1168,189,assistant,4,0.01,tool,-1,2.9079192174756125e-09,3.37734382382157e-08,4.6541529949449755e-05,0.999952418709579,1.0030791142711319e-06
1169,190,assistant,4,0.01,tool,-1,1.1025003126337762e-09,2.49305758231529e-08,2.8477640761894253e-05,0.9999714494774735,4.6848688428675114e-08
1170,191,assistant,4,0.01,tool,-1,8.742876021479413e-09,2.3456976914486504e-08,2.008562812701106e-05,0.9999795560995887,3.260724312861902e-07
1171,192,assistant,4,0.01,tool,-1,3.296863100304076e-09,1.8120754595583433e-08,3.147430534283116e-05,0.9999681675950471,3.366819924145104e-07
1172,193,assistant,4,0.01,tool,-1,1.2156127863524542e-07,5.668721495282359e-07,0.0004801873423009499,0.9993994485286083,0.00011967569566258146
1173,194,assistant,4,0.01,tool,-1,5.214311656563721e-11,3.4294639678249777e-10,4.257671722247588e-06,0.9999957203629999,2.1570188421889096e-08
1174,195,assistant,4,0.01,tool,-1,4.6505329810835144e-11,1.054475000575538e-10,3.7420752439280176e-06,0.9999962482501841,9.52261916299297e-09
1175,196,assistant,4,0.01,tool,-1,3.6709223918991245e-08,5.804442134629206e-08,0.0001294624312895182,0.9998565735093434,1.3869305721643002e-05
1176,197,assistant,4,0.01,tool,-1,9.753358364636845e-07,1.659960677284271e-05,0.0009941455698630106,0.9989574024689523,3.0877018575466194e-05
1177,198,assistant,4,0.01,tool,-1,8.835020418427245e-06,0.00011859410177464338,0.007547549700685522,0.9848386548901764,0.007486366286944953
1178,199,assistant,4,0.01,tool,-1,0.01600757705536698,0.018243600590211094,0.0788008672581453,0.8692122010116912,0.01773575408458558
1179,200,assistant,4,0.01,tool,-1,5.352222012341715e-09,5.78312243822396e-08,5.462008446456761e-05,0.9999351969567258,1.0119775363187275e-05
1180,201,assistant,4,0.01,tool,-1,1.6967052464281432e-08,9.15817041651557e-08,0.0001702275185065422,0.9998203772057378,9.28672699908548e-06
1181,202,assistant,4,0.01,tool,-1,5.450211407130445e-06,5.60376368892253e-06,0.004118589936632519,0.9956197031433088,0.0002506529449628121
1182,203,assistant,4,0.01,tool,-1,1.1571688108074031e-07,9.275323086977513e-07,0.0011070572605154727,0.9988794250303527,1.2474459942088421e-05
1183,204,assistant,4,0.01,tool,-1,2.2310978301731145e-08,6.35631123078346e-08,0.00011607337475997476,0.9998826706406264,1.1701105228677675e-06
1184,205,assistant,4,0.01,tool,-1,1.9880907626730436e-09,3.1502899676498175e-08,3.05650273533551e-05,0.9999693239491874,7.753246903363828e-08
1185,206,assistant,4,0.01,tool,-1,8.574026595598173e-09,4.506246777628996e-08,0.00023113619607707366,0.9997645695208673,4.2406465612198825e-06
1186,207,assistant,4,0.01,tool,-1,1.4636190029782296e-07,4.379027119441977e-08,4.580179525332764e-05,0.9999538446255816,1.6342699353537554e-07
1187,208,assistant,4,0.01,tool,-1,2.399656408216159e-08,8.178725872185143e-07,6.1031392299227824e-05,0.999937366223199,7.605153505160718e-07
1188,209,assistant,4,0.01,tool,-1,1.7181219761674783e-06,2.903050322803325e-05,0.014232965893667121,0.9857284823704995,7.803110629368897e-06
1189,210,assistant,4,0.01,tool,-1,7.588624541321508e-07,1.0009014294561406e-06,0.0009858884515683496,0.9990100244367077,2.3273478402683007e-06
1190,211,assistant,4,0.01,tool,-1,4.961577890885074e-07,1.7957922297597837e-07,0.00037120417398172153,0.9996266925605415,1.4275284647339314e-06
1191,212,assistant,4,0.01,tool,-1,3.5861246197039066e-12,8.73923174517716e-12,2.1015341203059883e-06,0.9999978944821007,3.971453671251731e-09
1192,213,assistant,4,0.01,tool,-1,3.008973734864192e-13,6.320040325074102e-13,2.0416118645998468e-05,0.9999795830146782,8.65742915012791e-10
1193,214,assistant,4,0.01,tool,-1,4.549719911899616e-08,3.5333565880317605e-07,0.00017144013925009995,0.9998189395278253,9.221500066595571e-06
1194,215,assistant,4,0.01,tool,-1,3.5345743171099075e-10,2.2286378554029147e-10,1.3534133914746037e-05,0.9999861977207346,2.675690293413719e-07
1195,216,assistant,4,0.01,tool,-1,8.398558200972711e-07,4.902110459034637e-06,0.0008131100076957246,0.9991764250223243,4.723003701022296e-06
1196,217,assistant,4,0.01,tool,-1,3.991705067206677e-08,2.1220521438366412e-06,3.051442042762311e-05,0.9999656736966617,1.649913716211985e-06
1197,218,assistant,4,0.01,tool,-1,1.478924461733812e-11,1.271107420266525e-09,1.856843933805201e-07,0.9999998065515451,6.4781649277123445e-09
1198,219,assistant,4,0.01,tool,-1,1.6619267493340463e-11,1.1036179254703578e-10,1.9368767283670184e-06,0.9999980516032096,1.1393080907877798e-08
1199,220,assistant,4,0.01,tool,-1,9.340765133737116e-09,1.32305107264661e-07,7.738048526586614e-05,0.9999195799228627,2.8979459990178346e-06
1200,221,assistant,4,0.01,tool,-1,1.5309718766945185e-05,0.0007309192084010976,0.018165050540635715,0.9787514470382438,0.002337273493952457
1201,222,assistant,4,0.01,tool,-1,7.880254440611283e-08,3.4626110298081048e-06,0.0012154646645350107,0.9987647154335672,1.6278488323610093e-05
1202,223,assistant,4,0.01,tool,-1,9.450900253894103e-09,5.766597663021721e-07,0.0003588633536422538,0.9996038797572854,3.6670778405917576e-05
1203,224,assistant,4,0.01,tool,-1,4.2949564051551774e-11,1.9993324292121365e-10,1.919128490721369e-05,0.9999808022438659,6.228344077883445e-09
1204,225,assistant,4,0.01,tool,-1,2.3085779823574378e-08,3.0441120921156226e-07,0.002253454732725848,0.9977412976919557,4.920078329339182e-06
1205,226,assistant,4,0.01,tool,-1,3.784273301792273e-10,5.0602924558257646e-08,0.0001888605766297663,0.9998028192085793,8.269233438895025e-06
1206,227,assistant,4,0.01,tool,-1,2.2276481467182395e-05,7.426355840871199e-05,0.003199309060056327,0.9925088123625233,0.004195338537544277
1207,228,assistant,4,0.01,tool,-1,1.5213490285548654e-07,2.9515074312727238e-08,0.0001707377807218148,0.9998108812163199,1.819935298115377e-05
1208,229,assistant,4,0.01,tool,-1,3.023253747497376e-10,2.0759714799341476e-10,3.212777578570774e-05,0.9999675489830779,3.2273121385760004e-07
1209,230,assistant,4,0.01,tool,-1,3.1438234153674643e-06,1.0432214562310705e-06,0.000396598872194333,0.9995862962075354,1.2917875398720721e-05
1210,231,assistant,4,0.01,tool,-1,3.6975121920462276e-06,1.711085567036652e-05,0.001963433538532177,0.9971937172989689,0.0008220407946366255
1211,232,assistant,4,0.01,tool,-1,1.9424295097381465e-07,3.889655629531056e-07,4.595584354622383e-05,0.9999523838086055,1.0771393343396958e-06
1212,233,assistant,4,0.01,tool,-1,1.278014303241003e-09,8.383009670433395e-09,2.733440563205177e-05,0.999972149891033,5.060423109632975e-07
1213,234,assistant,4,0.01,tool,-1,4.851807816481546e-10,7.654082493617997e-09,3.2730506292237715e-05,0.9999636706385693,3.5907158750401065e-06
1214,235,assistant,4,0.01,tool,-1,2.443190088601746e-07,3.150651919132711e-05,0.002734020313816976,0.997095948272758,0.00013828057522488293
1215,236,assistant,4,0.01,tool,-1,2.3165003735641924e-08,2.21968245483319e-07,3.11672246211077e-05,0.9999580822217164,1.050542041321346e-05
1216,237,assistant,4,0.01,tool,-1,2.431990910541405e-11,4.278576284683878e-11,3.919908866339413e-06,0.9999959701748521,1.0984917587838432e-07
1217,238,assistant,4,0.01,tool,-1,1.7318191322760074e-07,3.9896228645619105e-06,0.00010430338507185406,0.9998795626229895,1.1971187161064996e-05
1218,239,assistant,4,0.01,tool,-1,9.586758883637005e-11,1.5214871790522028e-10,2.87159275839191e-06,0.9999971188655075,9.293717878241419e-09
1219,240,assistant,4,0.01,tool,-1,9.543822918077714e-09,4.072944463829181e-09,2.3534508715175926e-05,0.9999757543463277,6.975281897827294e-07
1220,241,assistant,4,0.01,tool,-1,6.668521911916978e-09,2.442455214856885e-08,2.9219272144411166e-05,0.99996995656613,7.930686516042859e-07
1221,242,assistant,4,0.01,tool,-1,4.0814018933118475e-07,2.092257590855828e-06,0.006656559715406969,0.9932115219620195,0.00012941792479344164
1222,243,assistant,4,0.01,tool,-1,1.2471994579519705e-07,1.1029849865372927e-07,0.0010404592350875144,0.9989424873845015,1.681836196657301e-05
1223,244,assistant,4,0.01,tool,-1,9.605277849233826e-09,1.7511342398880772e-08,0.00036410091330747556,0.9996175549185671,1.8317051505061773e-05
1224,245,assistant,4,0.01,tool,-1,1.4085895403261222e-07,2.758530206718261e-07,0.0021239780630803117,0.9978372818196228,3.832340532217451e-05
1225,246,assistant,4,0.01,tool,-1,4.3653396363110925e-07,2.2163574375742674e-07,0.00197174587669132,0.9980130959709321,1.4499982669058329e-05
1436,247,user,5,0.01,tool,-1,6.982468575682063e-06,0.0009581197841241557,0.26950626256529975,0.7293831355230919,0.0001454996589085653
1437,248,user,5,0.01,tool,-1,1.8884043873416792e-06,6.118589640496692e-05,0.05156775206848026,0.9482843385631282,8.483506759922621e-05
1438,249,user,5,0.01,tool,-1,3.670825160642887e-11,1.0094404111752252e-08,0.00031418254174746946,0.9996857699729125,3.7354227804127963e-08
1439,250,user,5,0.01,tool,-1,1.1780659710158036e-07,4.131457762637592e-05,0.004727802792267065,0.9952206341358014,1.0130687707903566e-05
1440,251,user,5,0.01,tool,-1,7.832788943047824e-07,0.0007627447638914253,0.0023026648719269107,0.9968993045529785,3.450253230879397e-05
1441,252,user,5,0.01,tool,-1,4.1316173118600436e-06,0.043788932465554736,0.017271781731689508,0.938880093486023,5.506069942090886e-05
1442,253,user,5,0.01,tool,-1,2.0708515457916152e-06,0.006775855313056899,0.06013256334236059,0.932555855050359,0.0005336554426778401
1443,254,user,5,0.01,tool,-1,8.89159592565194e-07,0.0002794815264662842,0.004540227466945116,0.995089096267835,9.030557916104735e-05
1444,255,user,5,0.01,tool,-1,3.4011626290942464e-05,0.3667020288998372,0.013052564856977032,0.6200538181447005,0.00015757647219430236
1445,256,user,5,0.01,tool,-1,5.317410142471284e-05,0.16427138882387027,0.007812853049069049,0.8262400486934129,0.0016225353322230562
1446,257,user,5,0.01,tool,-1,5.5083601001888165e-06,0.013903128464427338,0.799364082707781,0.18150430428163436,0.005222976186057094
1447,258,user,5,0.01,tool,-1,2.6643912444824347e-05,0.15490041078575326,0.05284727155913702,0.774176618893056,0.018049054849608972
1448,259,user,5,0.01,tool,-1,1.6287640096553678e-06,0.046538375955974584,0.01979633245504517,0.9330107389287625,0.0006529238962079673
1449,260,user,5,0.01,tool,-1,1.8629599150870025e-05,0.9722142356580201,0.009660553109325338,0.017683742085164524,0.0004228395483390805
1450,261,user,5,0.01,tool,-1,4.6341323511084345e-05,0.057693418368545545,0.0021660911456402084,0.9396764892177909,0.0004176599445121108
1451,262,user,5,0.01,tool,-1,3.1791490446722556e-07,0.012829505958232299,0.00036391599800037725,0.986799504913418,6.755215444947765e-06
1452,263,user,5,0.01,tool,-1,1.5981384815194182e-08,5.5291429970019485e-05,1.77461967168318e-05,0.9999268316089838,1.1478294461053604e-07
1453,264,user,5,0.01,tool,-1,5.5531933236184773e-08,0.0011017968923703022,0.0004320969996388941,0.9984647965211116,1.254054945856068e-06
1454,265,user,5,0.01,tool,-1,1.0255664527037686e-06,0.3228950072909231,0.0018586950732860906,0.6751965620010182,4.871006831990916e-05
1455,266,user,5,0.01,tool,-1,2.6858814909507415e-06,0.0858800487456494,0.001322179358645962,0.9124155943379465,0.00037949167626715466
1456,267,user,5,0.01,tool,-1,3.158412664237164e-06,0.8522390267731494,0.00019944703951275651,0.1474898104735232,6.855730115011227e-05
1457,268,user,5,0.01,tool,-1,8.91050951122525e-08,0.0023366344205784954,0.0005799460385896251,0.9970827875626798,5.428730569784985e-07
1458,269,user,5,0.01,tool,-1,7.2888003121153395e-06,0.22369596398310898,0.01032699336124802,0.7659480096873756,2.174416795524074e-05
1459,270,user,5,0.01,tool,-1,1.6448124641943996e-06,0.028300966286555054,0.03220030772965117,0.9394694707522901,2.7610419039519208e-05
1460,271,user,5,0.01,tool,-1,3.4166599861136445e-06,0.9917704684886547,0.0003202829665053435,0.007753082104488764,0.00015274978036504739
1461,272,user,5,0.01,tool,-1,0.00010894199753775604,0.6686359854815092,0.00029112827589707226,0.3306272140101203,0.00033673023493581563
1462,273,user,5,0.01,tool,-1,7.307846669801566e-05,0.9886371534648433,0.00130012179439395,0.00969276067976662,0.0002968855942980132
1463,274,user,5,0.01,tool,-1,6.512922975697764e-05,0.9931401972871837,0.0015793696430798367,0.005164094087370232,5.1209752609222634e-05
1464,275,user,5,0.01,tool,-1,9.416479687911318e-06,0.9919831477459808,0.0002659967254054618,0.007711358841937097,3.008020698844543e-05
1465,276,user,5,0.01,tool,-1,8.306346682234918e-06,0.9356422720606828,0.002102264695869848,0.06222019332239696,2.696357436807142e-05
1466,277,user,5,0.01,tool,-1,1.807167475354094e-05,0.568436940747885,0.012191796439456518,0.4148011127552882,0.004552078382616731
1467,278,user,5,0.01,tool,-1,2.9924538685206086e-06,0.9718555417889054,0.011083921893132832,0.01634348843863255,0.0007140554254606417
1468,279,user,5,0.01,tool,-1,3.136381033218737e-07,0.002147075208602395,1.9161712853082707e-05,0.997786779916876,4.6669523565088294e-05
1469,280,user,5,0.01,tool,-1,2.0250779082979987e-06,0.8467819095408707,0.0012829223601236112,0.15117076582196018,0.0007623771991373493
1470,281,user,5,0.01,tool,-1,8.39578032887223e-06,0.07238463847232317,0.00010118998951579593,0.9271681160409002,0.0003376597169319525
1471,282,user,5,0.01,tool,-1,0.00013729044299732362,0.08231723078086843,0.009482333724619178,0.9029298993015383,0.005133245749976727
1472,283,user,5,0.01,tool,-1,1.4275248775797422e-06,0.7956490330437141,0.0008728871816625855,0.20339724371848258,7.940853126317041e-05
1473,284,user,5,0.01,tool,-1,1.5108885859964968e-06,0.13018541995640032,0.0034620438703211105,0.8663332417996704,1.7783485022158093e-05
1474,285,user,5,0.01,tool,-1,2.65777182234042e-05,0.9100967241642556,0.010832422200351664,0.07876143534079702,0.0002828405763723095
1475,286,user,5,0.01,tool,-1,9.170282927616467e-06,0.6648944420956088,0.0008400012235291446,0.3334574621370637,0.0007989242608706552
1476,287,user,5,0.01,tool,-1,0.00013865637587681085,0.33850452745255516,0.001536955345733062,0.6576738602815901,0.0021460005442447035
1477,288,user,5,0.01,tool,-1,2.500866426634156e-06,0.006489904918404793,0.0006738054519748835,0.9927790688534864,5.471990970717154e-05
1478,289,user,5,0.01,tool,-1,1.596831076975414e-05,0.398880214511782,0.0007635724945053281,0.5996286790504699,0.0007115656324729027
1479,290,user,5,0.01,tool,-1,7.22893423587727e-05,0.6602421729104342,0.048989039029506375,0.2852526090028258,0.005443889714874681
1480,291,user,5,0.01,tool,-1,1.8004060876770384e-06,0.022214761250313162,0.0008159722674387532,0.9769341750968911,3.3290979269242866e-05
1481,292,user,5,0.01,tool,-1,2.0389207678340776e-05,0.8161979618100269,0.021129116147042763,0.16262578135091552,2.6751484336474378e-05
1482,293,user,5,0.01,tool,-1,5.0564558710010595e-05,0.8443659519750248,0.004048629069304852,0.1511739499027468,0.00036090449421349174
1483,294,user,5,0.01,tool,-1,1.9170694616895062e-07,0.0003232599855233986,8.15610850079871e-05,0.9995932401863419,1.7470361807301675e-06
1484,295,user,5,0.01,tool,-1,8.987420917766691e-06,0.01875834717228658,0.006356671310045548,0.974847520404147,2.847369260318935e-05
1485,296,user,5,0.01,tool,-1,3.3146520972082786e-06,0.0061414506234398125,0.005351386543239659,0.9884035616802949,0.0001002865009282638
1486,297,user,5,0.01,tool,-1,7.26973063058808e-06,0.9321341377541145,0.0041257892899980685,0.06370167882977784,3.1124395479149505e-05
1488,298,cot,6,0.01,tool,-1,8.7547060070716e-12,8.943838556843725e-09,0.2990630303268813,0.7009325912668909,4.36945363457304e-06
1489,299,cot,6,0.01,tool,-1,5.149339446882968e-09,4.4235775224924225e-06,0.9822712496355014,0.016669129165028756,0.0010551924726081377
1490,300,cot,6,0.01,tool,-1,2.1361593120601248e-08,5.694470840249545e-05,0.9697355068866843,0.024325296403246138,0.005882230640073945
1491,301,cot,6,0.01,tool,-1,1.9058409759329897e-10,1.9810577573739574e-06,0.969573764603726,0.030147436174139307,0.000276817973793301
1492,302,cot,6,0.01,tool,-1,3.4523685980282363e-06,0.38136554317864013,0.13077713558456172,0.48673550716293407,0.001118361705266237
1493,303,cot,6,0.01,tool,-1,1.5827631739967818e-06,0.3431115596391377,0.0016297879572764974,0.6545237206716693,0.0007333489687425237
1494,304,cot,6,0.01,tool,-1,1.520642438316648e-05,0.27865264019171465,0.007226298353409027,0.7102524747177222,0.003853380312770957
1495,305,cot,6,0.01,tool,-1,7.0530401703047445e-06,0.20042254859650271,0.1354585608595808,0.652613784413793,0.011498053089953126
1496,306,cot,6,0.01,tool,-1,1.7820480844480916e-06,0.9832312194608783,0.010327300739346082,0.004309369808961874,0.002130327942729279
1497,307,cot,6,0.01,tool,-1,3.041714071016845e-08,0.005935214109308062,0.9417337920202774,0.050583245571276164,0.0017477178819977194
1498,308,cot,6,0.01,tool,-1,1.0090815076570167e-05,0.12265686649379863,0.022165273536731655,0.8466309676094602,0.008536801544932995
1499,309,cot,6,0.01,tool,-1,7.624890852696457e-07,0.04436350853109569,0.017048938045211598,0.9371289350209192,0.0014578559136882593
1500,310,cot,6,0.01,tool,-1,3.56908425791647e-08,6.919275112531324e-05,0.00028096350403594196,0.9996455349583003,4.273095695865683e-06
1501,311,cot,6,0.01,tool,-1,5.821411541257551e-07,0.03426358744755678,0.9233844208651226,0.04050020565394527,0.0018512038922214452
1502,312,cot,6,0.01,tool,-1,4.771343365255006e-07,0.011758094300350972,0.6774995062223005,0.30285968399340335,0.007882238349608627
1503,313,cot,6,0.01,tool,-1,1.249693557301121e-06,0.1271787954579436,0.010681388334477465,0.8611208623850879,0.0010177041289335068
1504,314,cot,6,0.01,tool,-1,1.3834882795708743e-07,0.001877154606586474,0.09559352374234854,0.9023940987383398,0.00013508456389732559
1505,315,cot,6,0.01,tool,-1,5.5630270674796575e-09,0.0006514749739695672,0.9943408167991136,0.004881269561602935,0.0001264331022869577
1506,316,cot,6,0.01,tool,-1,2.7222335266974027e-06,0.03191528199761621,0.88415204275981,0.03772765367162965,0.04620229933741739
1507,317,cot,6,0.01,tool,-1,6.832010773598498e-05,0.17830499073128406,0.0027852702851723326,0.8160368748057479,0.002804544070059581
1508,318,cot,6,0.01,tool,-1,3.7755226532527695e-06,0.9866355484283386,0.008274025774183952,0.003136241098045235,0.0019504091767787216
1509,319,cot,6,0.01,tool,-1,1.7469454151989315e-05,0.8076859597996414,0.06368172117253341,0.12568824223098787,0.0029266073426851935
1510,320,cot,6,0.01,tool,-1,1.8691317951258846e-08,0.005570929355461429,0.97610485171455,0.01724920118182749,0.0010749990568431414
1511,321,cot,6,0.01,tool,-1,3.608011662792691e-07,0.10254160942069944,0.7267468424908091,0.15788123720569874,0.012829950081626297
1512,322,cot,6,0.01,tool,-1,3.9295501824894e-06,0.3603794024578743,0.5270058879277973,0.03487063593283809,0.07774014413130774
1513,323,cot,6,0.01,tool,-1,8.688162575258823e-07,0.5732390275220508,0.12855298273569923,0.296389478827171,0.001817642098821407
1514,324,cot,6,0.01,tool,-1,1.0696608387081554e-08,0.0006770257371160952,0.9899728178376673,0.008346760781966311,0.0010033849466417621
1515,325,cot,6,0.01,tool,-1,1.9041991841470785e-06,0.033470979880854075,0.8544305281805168,0.10077313887348392,0.01132344886596127
1516,326,cot,6,0.01,tool,-1,5.631844800569026e-06,0.00255546209449964,0.0018028167753170372,0.9952271930979968,0.00040889618738589034
1517,327,cot,6,0.01,tool,-1,2.1387843000526794e-07,0.00324357909718506,0.003276463960973442,0.9933882495322449,9.149353116642721e-05
1518,328,cot,6,0.01,tool,-1,4.9180133461008104e-08,0.00043763372994017166,0.9077656102101094,0.09160485690268148,0.00019184997713534178
1519,329,cot,6,0.01,tool,-1,4.831972033345722e-09,5.417554744814416e-05,0.8430262104689745,0.1516843933869642,0.00523521576464106
1520,330,cot,6,0.01,tool,-1,2.2927259273637975e-06,0.018250266501397733,0.018630274011606236,0.9620338416560361,0.0010833251050324621
1521,331,cot,6,0.01,tool,-1,2.7587211137940614e-08,0.0006494641827083521,0.5621907878588921,0.4370945522173191,6.516815386931057e-05
1522,332,cot,6,0.01,tool,-1,9.143871028259166e-09,1.7619384617461417e-05,0.9246276216966072,0.07527586727166297,7.888250324154199e-05
1523,333,cot,6,0.01,tool,-1,5.963202880226858e-08,0.0033820985132113194,0.7030108143806266,0.2935463359872855,6.069148684774671e-05
1524,334,cot,6,0.01,tool,-1,1.3342844050588136e-10,6.559592723276567e-08,0.37666982628877177,0.6233201711614066,9.936820466022616e-06
1525,335,cot,6,0.01,tool,-1,2.1222624669805585e-10,6.370089800084467e-08,0.9432114253360876,0.05672351888880676,6.499186198144952e-05
1526,336,cot,6,0.01,tool,-1,3.1351096339342436e-09,2.7497361268464943e-07,0.9623911061526611,0.03702633439877159,0.0005822813398451062
1527,337,cot,6,0.01,tool,-1,2.777104490960886e-10,3.927242869697061e-07,0.9858420964472069,0.012168262642468685,0.0019892479083268967
1528,338,cot,6,0.01,tool,-1,1.774357974211773e-08,1.635337089080077e-05,0.9201734631943366,0.07814919624078497,0.0016609694504078531
1529,339,cot,6,0.01,tool,-1,3.3673177454469096e-08,1.7227829998957817e-05,0.4798894773663489,0.5177981736337717,0.002295087496703074
1530,340,cot,6,0.01,tool,-1,2.1678552611954177e-08,0.0001252379748853675,0.14563844286489985,0.8540522632138564,0.00018403426780582205
1531,341,cot,6,0.01,tool,-1,1.1329526761645726e-10,3.4604756297905807e-07,0.24256821643135812,0.7573471949407629,8.424246702071692e-05
1532,342,cot,6,0.01,tool,-1,3.0721874740861275e-07,1.5934687330119455e-06,0.00290682103516695,0.9969398944350252,0.00015138384232738492
1533,343,cot,6,0.01,tool,-1,1.172747417042078e-06,6.2011087035127e-05,0.037830515728260246,0.9552340893223809,0.006872211114906491
1534,344,cot,6,0.01,tool,-1,9.251579162461437e-06,0.0005946642185936993,0.014257710664224276,0.9838975674175101,0.0012408061205095536
1535,345,cot,6,0.01,tool,-1,6.594746845790603e-07,0.00014779678518678476,0.005834871883945527,0.9938976494011098,0.00011902245507329318
1536,346,cot,6,0.01,tool,-1,2.0414272105058822e-06,0.0007067119474494575,0.06232163484765015,0.9353012362462028,0.0016683755314870492
1537,347,cot,6,0.01,tool,-1,6.913038775116455e-07,3.4578468241371464e-05,0.030591349025220028,0.9693041107073309,6.927049533021108e-05
1538,348,cot,6,0.01,tool,-1,2.3595774944093082e-08,1.6751822638685237e-07,0.003364384761673674,0.9966333948752396,2.02924908547192e-06
1539,349,cot,6,0.01,tool,-1,4.776935990441875e-06,0.0004376378530034242,0.1722460045106569,0.8261105439131815,0.0012010367871677639
1540,350,cot,6,0.01,tool,-1,1.6637851223684353e-07,6.678594653941844e-05,0.7196776594357089,0.27933981451261736,0.0009155737266221254
1541,351,cot,6,0.01,tool,-1,3.244290286084427e-09,6.70762586112835e-07,0.6980664384897561,0.2998345462689905,0.002098341234376868
1542,352,cot,6,0.01,tool,-1,7.126028175045724e-06,0.00038205742685153507,0.8658842261931671,0.06473449536079816,0.0689920949910082
1543,353,cot,6,0.01,tool,-1,3.9144263864733304e-06,0.0006760042083839122,0.013727980703560929,0.9852973865088439,0.00029471415282468375
1544,354,cot,6,0.01,tool,-1,1.4085161095921307e-06,0.0005528821460404702,0.05000622440852441,0.9478737306000643,0.001565754329261076
1545,355,cot,6,0.01,tool,-1,1.3644636694134508e-08,2.7310121646918674e-06,0.8615525984320632,0.13828645821407526,0.00015819869706005385
1546,356,cot,6,0.01,tool,-1,9.289167387198239e-09,1.21547469552873e-06,0.39444825666167915,0.6035199082121981,0.0020306103622597213
1547,357,cot,6,0.01,tool,-1,6.749097208519894e-05,0.05711800160357782,0.13602789175868404,0.7767662038523437,0.03002041181330915
1548,358,cot,6,0.01,tool,-1,4.62888059449082e-07,0.001331440095279548,0.915696490985334,0.07267152274211734,0.010300083289209547
1549,359,cot,6,0.01,tool,-1,4.451414831464856e-06,0.000614718872649775,0.4259120744220636,0.5651656658106696,0.008303089479785523
1550,360,cot,6,0.01,tool,-1,8.880981481557422e-07,5.888000590086296e-06,0.017242508823681793,0.9826521130230285,9.860205455151497e-05
1551,361,cot,6,0.01,tool,-1,1.8606042347576984e-06,0.0006267287089809483,0.8920318112834148,0.1029956521777131,0.004343947225656488
1552,362,cot,6,0.01,tool,-1,2.70650183147299e-05,0.003603559271575577,0.9827023353802261,0.0051936429173018266,0.008473397412581758
1553,363,cot,6,0.01,tool,-1,3.528849937970388e-05,0.006713767509437026,0.6977140201114611,0.28503246673871224,0.010504457141009981
1554,364,cot,6,0.01,tool,-1,1.6396583695734958e-07,2.4731167854663034e-06,0.8618916608209661,0.13776113803144602,0.00034456406496565737
1555,365,cot,6,0.01,tool,-1,1.3094387307514548e-09,1.7782705036609415e-06,0.8908067272073886,0.10773686564420865,0.0014546275684602025
1556,366,cot,6,0.01,tool,-1,1.1307451631948957e-05,0.01231763150653417,0.4474297584059258,0.19583959474557816,0.34440170789032987
1557,367,cot,6,0.01,tool,-1,9.383551771109867e-08,9.107972334396499e-07,0.028060371948244584,0.971183144756726,0.0007554786622781911
1558,368,cot,6,0.01,tool,-1,2.478274172092914e-07,7.95286841726658e-06,0.19220438027221148,0.8038671455869432,0.003920273445010819
1559,369,cot,6,0.01,tool,-1,3.395549729060082e-08,1.281843133904569e-05,0.7832888125784808,0.21160508064364042,0.005093254391042414
1560,370,cot,6,0.01,tool,-1,4.5518925452101065e-06,0.0019699331459856763,0.17165452049409893,0.8155043967414104,0.010866597725959836
1561,371,cot,6,0.01,tool,-1,2.2075452764316884e-09,6.553558584092267e-07,0.7378164920036545,0.26193257379978147,0.00025027663316044087
1562,372,cot,6,0.01,tool,-1,3.027767850497238e-07,1.9623168481331454e-05,0.5110691692286183,0.4742823105001296,0.014628594325985777
1563,373,cot,6,0.01,tool,-1,5.230017809414802e-05,0.01314771984311638,0.11085701232863066,0.8696998065129079,0.006243161137250979
1564,374,cot,6,0.01,tool,-1,4.1763893973558386e-08,6.407266939267557e-05,0.12154263907456263,0.8781905074737746,0.00020273901837613466
1565,375,cot,6,0.01,tool,-1,0.00022943276037142417,0.04511269272465571,0.1394927940844331,0.7893141107721976,0.02585096965834204
1566,376,cot,6,0.01,tool,-1,1.740947891886124e-07,9.748204725915515e-06,0.06419085596465428,0.9344930558330073,0.001306165902823216
1567,377,cot,6,0.01,tool,-1,2.3492339513223065e-05,0.0014221513472569634,0.13741244310495462,0.85745354141329,0.0036883717949851473
1568,378,cot,6,0.01,tool,-1,1.0062606721505155e-07,1.44758591735377e-05,0.0017951706665218932,0.9981453717880332,4.488106020429541e-05
1569,379,cot,6,0.01,tool,-1,1.5760368338959283e-07,3.138529083865655e-05,0.05862901138506834,0.9412286254142577,0.00011082030615195588
1570,380,cot,6,0.01,tool,-1,2.190936116526911e-09,7.89791213582144e-08,0.03337708444082503,0.9665983701044014,2.4464284716004823e-05
1571,381,cot,6,0.01,tool,-1,1.9052620266569366e-10,1.972376788792448e-08,0.49657450041586276,0.5034053913980819,2.0088271761073936e-05
1572,382,cot,6,0.01,tool,-1,7.724170172596353e-07,1.346233007314173e-05,0.050372371522597575,0.9493555776528588,0.0002578160774532438
1573,383,cot,6,0.01,tool,-1,1.5830224687301514e-09,5.087417253912139e-09,0.0694190539803026,0.9305584192163016,2.2520132956088055e-05
1574,384,cot,6,0.01,tool,-1,6.100235247262606e-09,3.686247269770208e-07,0.818296366069203,0.17965381684578216,0.0020494423600525783
1575,385,cot,6,0.01,tool,-1,3.701809754167992e-07,0.001165876437619687,0.8658329157819887,0.1313274827112067,0.00167335488820942
1576,386,cot,6,0.01,tool,-1,1.7439340327816383e-06,0.0009930823504059234,0.5852109762103752,0.41065972387786587,0.003134473627320348
1577,387,cot,6,0.01,tool,-1,1.2926552728154001e-10,7.642076669807288e-09,0.6925394581047034,0.3074285663733783,3.1967750575977545e-05
1578,388,cot,6,0.01,tool,-1,2.830618233938268e-10,2.5168304311963715e-08,0.3404789145628818,0.659276624355279,0.0002444356304731123
1579,389,cot,6,0.01,tool,-1,2.1371423630394487e-10,1.8543520451577848e-08,0.11514876180555937,0.8848463676746007,4.851762605156017e-06
1580,390,cot,6,0.01,tool,-1,1.6087374354809153e-12,9.23957452737271e-12,0.12250544837613765,0.8774938711307686,6.80482245567733e-07
1581,391,cot,6,0.01,tool,-1,1.5174441494274074e-11,3.0613994933437814e-11,0.2678245159971998,0.7321710980477897,4.385909222049948e-06
1582,392,cot,6,0.01,tool,-1,8.323632582789349e-11,8.210450046958026e-10,0.458434310658468,0.5413764110682117,0.00018927736903911815
1584,393,assistant,7,0.01,tool,-1,5.9190604003350755e-12,7.49546602197848e-11,2.605024804364597e-05,0.9999739426292223,7.041860251268395e-09
1585,394,assistant,7,0.01,tool,-1,3.149795323189173e-11,5.890071909995109e-09,8.073257561472601e-05,0.9999192556536356,5.849179718949676e-09
1586,395,assistant,7,0.01,tool,-1,1.6430714215754237e-11,6.888898831327957e-10,2.054150220146026e-05,0.999979438006867,1.978561085015767e-08
1587,396,assistant,7,0.01,tool,-1,2.17096633701306e-12,3.959932726202095e-10,9.60606356048085e-07,0.9999990371090445,1.88643526764823e-09
1588,397,assistant,7,0.01,tool,-1,6.510014389988528e-10,1.7002432758879275e-08,2.218804398563216e-05,0.9999771749102613,6.19392318835987e-07
1589,398,assistant,7,0.01,tool,-1,4.0571450963365075e-11,2.370679524952326e-09,6.207831892567845e-06,0.9999936113769464,1.7837991001774566e-07
1590,399,assistant,7,0.01,tool,-1,1.6873909010423713e-11,6.5482357644758626e-09,1.9987812309608372e-05,0.9999799503191942,5.530338661753353e-08
1591,400,assistant,7,0.01,tool,-1,3.5093270181236666e-10,9.954159446840124e-08,3.862181140620945e-05,0.9999603086470581,9.696490084467623e-07
1592,401,assistant,7,0.01,tool,-1,2.0480333005532996e-10,5.59129653683888e-08,5.4534006353885615e-05,0.9999452523430907,1.5753278666961102e-07
1593,402,assistant,7,0.01,tool,-1,2.5166388148886688e-12,1.3059625005694933e-09,1.1703441938566356e-05,0.9999882049708709,9.027871153912784e-08
1594,403,assistant,7,0.01,tool,-1,8.052729938638899e-11,1.7855405590357493e-08,3.0665773600950757e-06,0.9999969001268836,1.5359823309604323e-08
1595,404,assistant,7,0.01,tool,-1,2.6025225451157315e-12,4.6844894916517726e-11,5.001916314968229e-05,0.9999499760230134,4.764389523185421e-09
1596,405,assistant,7,0.01,tool,-1,5.842000730295073e-12,1.1420645496546268e-10,0.00010084879198969984,0.9998991437011576,7.386804125272103e-09
1597,406,assistant,7,0.01,tool,-1,1.684109250471745e-11,3.208580483153865e-10,0.00022872049933141757,0.9997712513384369,2.782453271579968e-08
1598,407,assistant,7,0.01,tool,-1,1.835246890112581e-11,6.003379378996453e-10,9.754695462035119e-06,0.9999902102775202,3.4408327233365565e-08
1599,408,assistant,7,0.01,tool,-1,2.960288686621334e-11,1.9284446048198154e-09,4.672030896612254e-06,0.9999951718518605,1.5415919543716944e-07
1600,409,assistant,7,0.01,tool,-1,1.5330405323931724e-10,2.473940977690717e-07,1.4695295228519585e-05,0.9999846433284413,4.1382892839789274e-07
1601,410,assistant,7,0.01,tool,-1,6.225617780029835e-13,4.582371213517926e-11,1.889698149774635e-06,0.9999981092896634,9.65740576724779e-10
1602,411,assistant,7,0.01,tool,-1,2.0327905309079658e-10,1.3376145122864892e-07,6.453910610178895e-05,0.9999346069763998,7.199527680247134e-07
1603,412,assistant,7,0.01,tool,-1,4.584826051553846e-10,1.6022663298649374e-08,1.0691500029993527e-05,0.9999892764236072,1.5595216956123834e-08
1604,413,assistant,7,0.01,tool,-1,1.4584600235097092e-11,9.334646571223818e-10,1.1736962597419276e-06,0.999998818250775,7.104916057574595e-09
1605,414,assistant,7,0.01,tool,-1,3.6582338028843544e-13,1.0017616958334163e-11,5.680527550555799e-07,0.9999994309693514,9.675098850911614e-10
1606,415,assistant,7,0.01,tool,-1,1.367496645277252e-12,2.5655091225538763e-09,1.1098436760438816e-05,0.999988887187152,1.1809211046792616e-08
1607,416,assistant,7,0.01,tool,-1,2.0335134012451974e-10,1.3616971024392938e-07,2.337759421699325e-05,0.9999753416531406,1.1443795808156487e-06
1608,417,assistant,7,0.01,tool,-1,1.9924990172445025e-12,2.8686681553691417e-09,4.506506472091899e-06,0.9999954798715094,1.075135791896055e-08
1609,418,assistant,7,0.01,tool,-1,9.378355415963675e-10,5.17807458109181e-07,1.1376700642002343e-05,0.999988049919979,5.463408544619433e-08
1610,419,assistant,7,0.01,tool,-1,3.5155664968726665e-09,3.0764593107032024e-07,1.1052483248296616e-05,0.9999886043307653,3.2024488929002674e-08
1611,420,assistant,7,0.01,tool,-1,2.8143343193223393e-07,0.0001394974787585611,0.0006061591011700224,0.9992537131896184,3.487970210283477e-07
1612,421,assistant,7,0.01,tool,-1,1.6910391890973844e-14,5.67913154496695e-11,9.14027325795106e-08,0.9999999084771757,6.32833623446439e-11
1613,422,assistant,7,0.01,tool,-1,1.3899955982116917e-12,1.654407808483627e-08,7.348496252568768e-07,0.9999992427806162,5.824290332191657e-09
1614,423,assistant,7,0.01,tool,-1,2.4551533264315745e-10,4.1832757512251956e-07,0.00013765278290011436,0.9998615225886703,4.0605533917889733e-07
1615,424,assistant,7,0.01,tool,-1,3.1892956016243408e-09,4.825248400725395e-07,0.00013550173604207717,0.9998629398241932,1.072725629073968e-06
1616,425,assistant,7,0.01,tool,-1,8.105024325736534e-12,2.2503943762024876e-09,2.1751778801617233e-06,0.9999978182096916,4.353928817169023e-09
1617,426,assistant,7,0.01,tool,-1,3.877567517959182e-11,1.3649193612160393e-08,3.0717226158620955e-05,0.9999691379687509,1.3111712133424543e-07
1618,427,assistant,7,0.01,tool,-1,1.1085650259326874e-10,1.8531269128768019e-07,0.00014948168654268707,0.9998501886104975,1.4427941210572126e-07
1619,428,assistant,7,0.01,tool,-1,2.683120791939706e-10,3.9272951901847294e-07,0.00034302782089594837,0.9996518012884327,4.777892840333114e-06
1620,429,assistant,7,0.01,tool,-1,1.0129530859484179e-08,8.004604578426086e-06,0.00016203697381076562,0.9998270302956481,2.9179964319584277e-06
1621,430,assistant,7,0.01,tool,-1,7.263014458019129e-10,2.952602413386799e-07,0.00015268168355142385,0.9998437018064341,3.3205234715768844e-06
1622,431,assistant,7,0.01,tool,-1,6.999218701955273e-11,2.268639273070987e-08,4.555996808877703e-06,0.9999951301055835,2.9114122274194997e-07
1623,432,assistant,7,0.01,tool,-1,9.655977508511406e-08,2.8577621866123874e-05,5.860853159816137e-05,0.999897011306093,1.570598066767297e-05
1624,433,assistant,7,0.01,tool,-1,2.27359101870632e-08,3.6733623152681505e-07,0.00017877742331110842,0.9998153915415942,5.440962953041079e-06
1625,434,assistant,7,0.01,tool,-1,4.244472906886985e-08,7.4676608928615635e-06,0.0005168349234936709,0.9994472537993621,2.8401171522222272e-05
1626,435,assistant,7,0.01,tool,-1,7.4132586025271895e-09,2.4602671201924604e-07,4.006806505773187e-05,0.9999589525482718,7.259466999167798e-07
1627,436,assistant,7,0.01,tool,-1,1.316928188096251e-09,1.5980060945135284e-07,5.625917386424192e-05,0.9999435782720424,1.4365556487961483e-09
1628,437,assistant,7,0.01,tool,-1,4.8184373225279634e-11,8.215947278544474e-09,4.329251238506159e-06,0.9999956540863851,8.398244698718241e-09
1629,438,assistant,7,0.01,tool,-1,9.353774099915178e-13,9.040751973901752e-12,4.170329764468131e-06,0.9999958294279773,2.3228213223076285e-10
1630,439,assistant,7,0.01,tool,-1,1.229143963366989e-12,5.160249568570107e-11,0.00043971867339389275,0.999560280522713,7.510613400165014e-10
1631,440,assistant,7,0.01,tool,-1,1.0673836610042368e-09,1.1196463900624455e-07,5.122133826178751e-05,0.9999485115930238,1.5403669176286096e-07
1632,441,assistant,7,0.01,tool,-1,1.0703254829309643e-10,1.1603700280747346e-09,0.0001758200222266636,0.99982390591718,2.7279319067861704e-07
1633,442,assistant,7,0.01,tool,-1,4.483422780018045e-11,1.5865009103106718e-09,1.4037651550716765e-05,0.9999859214142165,3.9302897673802826e-08
1634,443,assistant,7,0.01,tool,-1,1.2535116172815683e-10,6.248611886524703e-09,1.5520330140993466e-06,0.9999984291265572,1.2466465690345573e-08
1635,444,assistant,7,0.01,tool,-1,7.50080713951475e-12,1.2000733899985135e-09,6.013541203284365e-06,0.9999939563303162,2.8920906391515855e-08
1636,445,assistant,7,0.01,tool,-1,4.911017801337247e-13,1.0277296251015231e-10,3.085205198483302e-06,0.9999969144022095,2.893279189603406e-10
1637,446,assistant,7,0.01,tool,-1,3.949930447817911e-14,1.3951334413090038e-11,2.9204312194651154e-06,0.9999970794927411,6.204853467168366e-11
1638,447,assistant,7,0.01,tool,-1,2.2317248620485412e-07,3.7838240444368908e-06,0.00046843447032750583,0.9995242229355441,3.335597597751188e-06
1639,448,assistant,7,0.01,tool,-1,2.9669350572450624e-10,1.5528566561457993e-08,1.785887547092562e-06,0.9999981772601955,2.1026997413625464e-08
1640,449,assistant,7,0.01,tool,-1,5.52646724259299e-10,1.110229983549244e-07,0.00024274144867030687,0.999756524836043,6.221396414520117e-07
1641,450,assistant,7,0.01,tool,-1,7.924942006673799e-11,3.652035194146542e-09,1.0763975648326133e-05,0.9999892132818101,1.901125687130571e-08
1642,451,assistant,7,0.01,tool,-1,5.074354916501143e-12,7.826889339312073e-12,1.9189297317059227e-07,0.9999998078420277,2.520979409905969e-10
1643,452,assistant,7,0.01,tool,-1,5.370054021165002e-10,8.797426452851544e-08,1.4376253970037074e-05,0.9999854851999775,5.0034782593321355e-08
1644,453,assistant,7,0.01,tool,-1,1.1909985526288589e-11,4.3168866001296855e-09,8.187534002887097e-05,0.9999181058345749,1.449659979110588e-08
1645,454,assistant,7,0.01,tool,-1,4.1347261763542415e-10,1.7507006034546584e-09,4.964046085088477e-05,0.99995030605183,5.132314584550492e-08
1646,455,assistant,7,0.01,tool,-1,1.3848905642155802e-12,9.036426687808387e-11,1.251823005115434e-05,0.9999874805157233,1.1624763642808886e-09
1647,456,assistant,7,0.01,tool,-1,1.438456498588394e-11,4.5525819799573753e-10,1.0594043137718474e-06,0.9999989380744411,2.0516021554296095e-09
1648,457,assistant,7,0.01,tool,-1,1.9649552247037947e-11,8.87944841218217e-10,2.3339673009931345e-05,0.9999766522129514,7.2064442915139685e-09
1649,458,assistant,7,0.01,tool,-1,1.1362150640157226e-09,2.094148001444279e-07,0.006148034616597291,0.9938467356392122,5.019193175272622e-06
1650,459,assistant,7,0.01,tool,-1,1.010733118532437e-08,5.84641829352633e-07,0.0001366426856922771,0.9998616012390498,1.1613260974562282e-06
1651,460,assistant,7,0.01,tool,-1,3.467819504199207e-10,5.562962741159659e-08,8.63083778685768e-05,0.9999131159053555,5.197403666678521e-07
1652,461,assistant,7,0.01,tool,-1,6.071342639156066e-10,2.622835994977524e-09,9.839903323463864e-05,0.9999015089578721,8.877892287553857e-08
1653,462,assistant,7,0.01,tool,-1,2.6939181916166473e-09,5.7501680052684905e-08,0.0003272391929957329,0.9996713997375188,1.300873887110047e-06
1654,463,assistant,7,0.01,tool,-1,1.6385589709258547e-11,2.688622794198961e-11,8.465260264692372e-06,0.9999915334106761,1.2857875060830103e-09
1655,464,assistant,7,0.01,tool,-1,3.2470358248251266e-11,1.0033445891680619e-08,3.2784242992848516e-05,0.9999672039276271,1.7634637243705904e-09
1656,465,assistant,7,0.01,tool,-1,2.6378376306909735e-13,7.535062980045486e-11,7.49384589432993e-06,0.9999925058738813,2.046099599632155e-10
1657,466,assistant,7,0.01,tool,-1,1.2142023954098384e-10,2.073861486228866e-08,0.00020226807010365714,0.9997976275237205,8.354614068781851e-08
1658,467,assistant,7,0.01,tool,-1,1.989082371181435e-10,5.0581282266363015e-08,4.695529168924017e-05,0.9999529576413239,3.6286796493545485e-08
1659,468,assistant,7,0.01,tool,-1,1.9931971131815428e-10,1.0887033812686078e-08,0.00012828396362300323,0.9998715723067269,1.3264329654686818e-07
1660,469,assistant,7,0.01,tool,-1,8.224866889374214e-10,1.53729352698442e-08,0.00029255657630953473,0.9997064053057637,1.0219225046588722e-06
1661,470,assistant,7,0.01,tool,-1,3.898979427629202e-13,2.8554274458227618e-11,3.981675015103443e-06,0.9999960151411932,3.1548476545455752e-09
1662,471,assistant,7,0.01,tool,-1,6.821367374857915e-08,1.7411651796024979e-06,0.0031334305592626813,0.9968533657023575,1.1394359526475976e-05
1663,472,assistant,7,0.01,tool,-1,8.720353126798575e-08,9.56671327330916e-07,0.0035179601323807336,0.9964588966798397,2.2099312920871143e-05
1664,473,assistant,7,0.01,tool,-1,3.6536208302433443e-13,7.219938923297719e-12,1.527078910140238e-05,0.9999847286482418,5.550714533007073e-10
1665,474,assistant,7,0.01,tool,-1,6.588758961118299e-10,4.364987894831089e-09,0.00046064207840077745,0.9995392426955931,1.1020214231812397e-07
1666,475,assistant,7,0.01,tool,-1,4.783736265824837e-11,1.3589268974811666e-09,0.0001860862410146382,0.9998139032972798,9.054941463446116e-09
1667,476,assistant,7,0.01,tool,-1,4.3461296365285875e-09,4.7268921568761e-08,0.00017506889863610833,0.9998248584356909,2.10506218695669e-08
1668,477,assistant,7,0.01,tool,-1,9.109253065168831e-10,1.4063899983166438e-08,0.00018603950492885137,0.9998139098910903,3.562915562718621e-08
1669,478,assistant,7,0.01,tool,-1,3.736679788245044e-11,1.6247654340045448e-09,8.351593387269712e-06,0.999991645260906,1.4835743685734965e-09
1670,479,assistant,7,0.01,tool,-1,3.2775640335701e-11,1.9793412755430678e-08,3.1919263305409855e-05,0.9999680391643103,2.1746195821996414e-08
1671,480,assistant,7,0.01,tool,-1,2.2810339848108132e-10,7.008173334014504e-08,0.0004379046989772576,0.9995619882583447,3.6732841122053915e-08
1672,481,assistant,7,0.01,tool,-1,6.949416843856016e-09,3.2975175244608314e-08,7.391793696145858e-05,0.9999259942559506,4.7882495908014324e-08
1673,482,assistant,7,0.01,tool,-1,3.793667654468738e-09,1.5600955151191836e-07,0.00015459159867110437,0.9998448699705884,3.786275214326149e-07
1674,483,assistant,7,0.01,tool,-1,1.1786976890285709e-11,1.5758692029746296e-09,1.1954994193309082e-05,0.9999880424630466,9.551039945589126e-10
1675,484,assistant,7,0.01,tool,-1,1.1051124195821062e-12,4.778584164326478e-11,3.4353315231625257e-07,0.9999996562540581,1.6389865703657696e-10
1676,485,assistant,7,0.01,tool,-1,7.426641871620253e-11,6.364336827002063e-11,2.5774791716198976e-07,0.9999997410137227,1.100450266241595e-09
1677,486,assistant,7,0.01,tool,-1,8.998085615927328e-12,1.157501473072859e-10,7.219841875480369e-06,0.9999927797887234,2.446530197767977e-10
1678,487,assistant,7,0.01,tool,-1,8.612207901869794e-10,5.633647441518738e-09,2.9797956203249198e-06,0.9999970093650274,4.344484061960019e-09
1679,488,assistant,7,0.01,tool,-1,2.939242876595196e-12,1.0613114253572264e-11,1.6602685756047039e-06,0.9999983332399135,6.4779584494904635e-09
1680,489,assistant,7,0.01,tool,-1,4.757647953651883e-09,3.6100607512206283e-09,1.6941334731201357e-05,0.9999830265648566,2.3732703502063493e-08
1681,490,assistant,7,0.01,tool,-1,4.016041354565845e-12,2.909424948927235e-10,0.000122322494726511,0.9998776769148647,2.954500950333213e-10
1682,491,assistant,7,0.01,tool,-1,5.401285070163296e-10,2.796737318362834e-09,1.6936656836685836e-05,0.9999830548058909,5.20040667428865e-09
1683,492,assistant,7,0.01,tool,-1,5.615915943325616e-13,7.972923742869784e-12,9.55656766681339e-07,0.9999990442842469,5.0451889178535e-11
1684,493,assistant,7,0.01,tool,-1,1.0575849167893233e-12,1.2157359003529883e-12,3.7272619291029367e-06,0.9999962726946119,4.118571244971023e-11
1685,494,assistant,7,0.01,tool,-1,4.971551302597425e-12,2.8923233055119982e-11,8.84163723571488e-06,0.999991158195075,1.337944434007334e-10
1686,495,assistant,7,0.01,tool,-1,1.0889102913841588e-11,2.0777075967817876e-11,1.6245877732044305e-05,0.9999837420981463,1.1992455541857947e-08
1687,496,assistant,7,0.01,tool,-1,2.2318862291123896e-11,2.5741439265396987e-10,1.459518266487262e-05,0.9999853555142914,4.902331036138511e-08
1688,497,assistant,7,0.01,tool,-1,5.416627558667845e-14,1.2209358177535374e-12,4.586066962873581e-07,0.9999995407869141,6.051144162045131e-10
1689,498,assistant,7,0.01,tool,-1,6.834335527906524e-14,1.5418834731533525e-12,1.1441856223357278e-06,0.9999988553076087,5.051586226263949e-10
1690,499,assistant,7,0.01,tool,-1,3.2281103260692866e-13,1.9173152489052433e-12,1.4217794065451806e-05,0.9999857821154495,8.824477898571147e-11
1691,500,assistant,7,0.01,tool,-1,2.6553736428084564e-06,1.1075836659299592e-05,0.010933167910294651,0.9878341384774221,0.001218962401981286
1692,501,assistant,7,0.01,tool,-1,5.882000321728196e-10,1.4292064833342834e-08,5.3882785278703544e-05,0.9999459534035707,1.4893088582729603e-07
1693,502,assistant,7,0.01,tool,-1,7.561190217784932e-13,1.8813266202406294e-12,3.1249649043033415e-06,0.9999968742181521,8.1430605904022e-10
1694,503,assistant,7,0.01,tool,-1,1.5138244796381216e-10,3.6134838273050523e-10,2.459681488456905e-05,0.9999742783159962,1.1243563884542178e-06
1695,504,assistant,7,0.01,tool,-1,2.670978847702015e-11,8.091029801781524e-10,2.3284021811167597e-05,0.9999750095762612,1.7055661147196076e-06
1696,505,assistant,7,0.01,tool,-1,5.809589253573608e-10,1.3948286076310094e-08,0.00012194908841866126,0.9998725415971359,5.494785200529359e-06
1697,506,assistant,7,0.01,tool,-1,5.673596104242993e-15,3.856560474276588e-14,3.558352959734381e-07,0.9999996439983516,1.66308346106496e-10
1698,507,assistant,7,0.01,tool,-1,9.499426185233432e-13,2.003004267738631e-12,1.406612529900521e-06,0.9999985905250157,2.8595015631397185e-09
1699,508,assistant,7,0.01,tool,-1,5.421845685880453e-12,1.0199601506380981e-11,1.3013212132556913e-05,0.999986953607365,3.3164881162580336e-08
1700,509,assistant,7,0.01,tool,-1,7.762192644030283e-13,2.7419645338351483e-10,9.141584442735673e-06,0.999990780962125,7.717845948972273e-08
1701,510,assistant,7,0.01,tool,-1,2.985730136009167e-07,4.676634371953582e-05,0.01806559957701012,0.9818108514205376,7.648408571916917e-05
1702,511,assistant,7,0.01,tool,-1,1.7157027829921079e-09,7.60330292905171e-08,1.715731785647412e-05,0.999982282766774,4.821666374615872e-07
1703,512,assistant,7,0.01,tool,-1,8.22740457746708e-12,3.506337713591464e-11,3.482592453806822e-06,0.9999964768031626,4.0561092869797287e-08
978,1,user,2,0.01,tool,0,0.000506527075855923,0.5881511274583316,0.004589324655273915,3.673300415801533e-07,0.4067526534804969
979,2,user,2,0.01,tool,0,0.00010607717010807425,0.9972484201815232,9.472137406497388e-06,7.591994804187168e-10,0.0026360297517628944
980,3,user,2,0.01,tool,0,0.000739912024874095,0.6788763501407771,0.001592707306413528,1.0312182137664943e-07,0.3187909274061139
981,4,user,2,0.01,tool,0,0.0015479317936655647,0.959740331037396,0.0005408337141229385,8.809987861850675e-07,0.038170022456029136
982,5,user,2,0.01,tool,0,0.00023152914792612655,0.9979284060727202,3.170058252032546e-05,1.0380522075489015e-07,0.0018082603916126378
983,6,user,2,0.01,tool,0,0.008580387376185748,0.9857474325443962,0.0002935624246900747,2.9477355627200856e-07,0.0053783228811717975
984,7,user,2,0.01,tool,0,0.00034960882161794106,0.9974323426476858,5.527103764789538e-05,2.0915691244542786e-07,0.0021625683361361147
985,8,user,2,0.01,tool,0,2.6587698830084913e-05,0.999674068383096,1.0203384768631836e-06,4.4565127472313334e-10,0.0002983231339460251
986,9,user,2,0.01,tool,0,0.0006487001228801971,0.9857486776014421,0.00026546099742801087,3.028644619522955e-07,0.013336858413787856
987,10,user,2,0.01,tool,0,0.00020459087955270009,0.9787120540178651,0.0008154318960243205,2.7990522511884497e-06,0.020265124154306695
988,11,user,2,0.01,tool,0,0.00012644613146522773,0.9994065634310895,6.922249229246589e-06,3.440210345427726e-11,0.00046006815381409406
989,12,user,2,0.01,tool,0,3.741500966033026e-05,0.9833305451679089,0.0004691550159338517,4.919988611302659e-10,0.016162884314498135
990,13,user,2,0.01,tool,0,0.0041443301841045735,0.9951884444528291,5.298808804917741e-05,9.013727494129928e-10,0.0006142363736445783
991,14,user,2,0.01,tool,0,7.368826507260454e-05,0.9998707317397689,5.374033269037272e-06,3.147733543735419e-09,5.020281415596491e-05
992,15,user,2,0.01,tool,0,0.004222116645552155,0.9922633672076145,0.0004858308666116387,1.2549008850283898e-06,0.0030274303793365234
993,16,user,2,0.01,tool,0,0.0002471753069035756,0.99172386480751,0.0008967983882414328,5.8285851351544506e-08,0.007132103211493535
994,17,user,2,0.01,tool,0,0.0004495134625949903,0.9437067249876782,0.004616763459657575,7.563395274917045e-08,0.05122692245611642
995,18,user,2,0.01,tool,0,0.0002159791751964957,0.9878065367642944,0.003544241578982955,3.024540818048955e-08,0.008433212236118105
996,19,user,2,0.01,tool,0,0.00022611105984885745,0.9700785533064581,0.0018956274754838793,1.1866310532428416e-08,0.02779969629189883
997,20,user,2,0.01,tool,0,0.00024464332643623103,0.9972263228806266,0.0006836954682727648,5.603220457893654e-09,0.00184533272144408
998,21,user,2,0.01,tool,0,0.0037191875279503853,0.9854401091109425,0.0014998422426541335,7.664585919535539e-07,0.00934009465986119
999,22,user,2,0.01,tool,0,0.0012945451925381634,0.9895827976994652,0.002040092080263174,4.147904408322531e-07,0.0070821502372924675
1000,23,user,2,0.01,tool,0,0.004209255893073355,0.975238952333105,0.0009432739985056386,8.843480887300249e-07,0.019607633427227388
1001,24,user,2,0.01,tool,0,0.00033404266741216736,0.9945246841128634,0.0003998569660385919,2.6022915329460514e-06,0.004738813962152881
1002,25,user,2,0.01,tool,0,4.9864196631008885e-06,0.9999523258617395,6.132918055848204e-07,2.9898643823069206e-09,4.20714369275846e-05
1003,26,user,2,0.01,tool,0,8.595270971216682e-05,0.9973919619991699,0.0007188080398338845,7.642639358266331e-09,0.0018032696086444876
1004,27,user,2,0.01,tool,0,0.0003572784181907366,0.9437253721552123,0.043345767471456104,6.539501720439684e-08,0.012571516560123902
1005,28,user,2,0.01,tool,0,0.00036545555639208436,0.987364584691974,0.0005467071766698245,1.823429293194496e-06,0.011721429145670944
1006,29,user,2,0.01,tool,0,0.0003884342740602146,0.9984989779463885,0.00039433437051754236,0.0005472373052403856,0.00017101610379346017
1007,30,user,2,0.01,tool,0,0.0014781266968919924,0.9961420486100886,0.00015119889031667679,2.121313182422093e-05,0.0022074126708787095
1008,31,user,2,0.01,tool,0,0.00013544874756593397,0.999625609411323,4.343888434728501e-05,1.4232051416599626e-05,0.00018127090534710003
1009,32,user,2,0.01,tool,0,0.00040371762728642517,0.9992226473577798,2.3293278915356877e-05,9.702133825845218e-06,0.00034063960219248224
1010,33,user,2,0.01,tool,0,0.00020256040822820535,0.9952193509116005,0.0004380288600755413,2.869974484491049e-07,0.004139772822647423
1011,34,user,2,0.01,tool,0,0.0004036460962666659,0.9928564065748979,7.762140047095866e-05,1.0668045962614554e-06,0.006661259123768335
1012,35,user,2,0.01,tool,0,5.877650942214773e-05,0.9981566626076677,0.0006561479659706315,2.3662945524595264e-07,0.0011281762874841134
1013,36,user,2,0.01,tool,0,2.8373810011835835e-05,0.9968038874145518,0.0002789566146502876,3.5134965974900825e-08,0.00288874702582015
1014,37,user,2,0.01,tool,0,0.00013858800465113333,0.9764145208294004,6.391948809303175e-05,3.415903442368996e-07,0.023382630087511277
1015,38,user,2,0.01,tool,0,1.9699960833610028e-05,0.9992633787998267,5.826167127368883e-06,1.4000802903894032e-07,0.000710955064183217
1016,39,user,2,0.01,tool,0,1.0878950947016715e-05,0.999779413051503,9.066046947100927e-06,4.952753785321753e-07,0.00020014667522411483
1017,40,user,2,0.01,tool,0,5.337114093056239e-05,0.999817680505671,3.218162665585508e-05,5.886464111835468e-07,9.617808033153473e-05
1018,41,user,2,0.01,tool,0,4.376517381599501e-06,0.9995822189806137,0.0001936966436074854,1.575557450941893e-08,0.00021969210282279217
1019,42,user,2,0.01,tool,0,3.317232642161832e-05,0.9955439509205664,0.00020559530017003812,1.5010139349630522e-06,0.004215780438907187
1020,43,user,2,0.01,tool,0,3.36149277281056e-05,0.9983648273298698,2.635203549080895e-05,4.6291249665813487e-07,0.0015747427944146285
1021,44,user,2,0.01,tool,0,4.762692356341775e-05,0.9971894658385775,8.89584848740593e-05,1.3242337321993322e-06,0.0026726245192528787
1023,45,cot,3,0.01,tool,0,1.6559635112992233e-08,1.6137846906829176e-05,0.961722657990112,5.739686311579257e-06,0.038255447917034544
1024,46,cot,3,0.01,tool,0,6.327048084406921e-08,0.000133787591686957,0.8682743499944936,8.96232427110752e-07,0.1315909029109113
1025,47,cot,3,0.01,tool,0,3.8848358180448875e-09,4.485318647931912e-06,0.9016140309026099,4.67190607913681e-07,0.09838101270329827
1026,48,cot,3,0.01,tool,0,2.937230515382002e-07,0.0004732415084137389,0.9448983997506274,0.00010379443359708158,0.05452427058431025
1027,49,cot,3,0.01,tool,0,3.050231507763138e-06,0.021088694376492346,0.34011389193091757,8.143086462061994e-06,0.6387862203746203
1028,50,cot,3,0.01,tool,0,1.979467992696823e-07,0.00023843661553922147,0.26026646790737884,1.04180484403414e-06,0.7394938557254386
1029,51,cot,3,0.01,tool,0,1.0168245108267754e-06,0.001819992314094759,0.7992066311806653,2.7274769665151596e-05,0.19894508491106408
1030,52,cot,3,0.01,tool,0,3.600610223573028e-07,0.00020501656161128634,0.8483493423097005,0.00010311412262895021,0.151342166945037
1031,53,cot,3,0.01,tool,0,1.779209758372698e-10,8.944444757704054e-08,0.9922973326528277,3.426072575229373e-06,0.007699151652228477
1032,54,cot,3,0.01,tool,0,2.742514066191465e-07,0.00019342154685602866,0.9264022440425362,2.3316520793586914e-05,0.07338074363840756
1033,55,cot,3,0.01,tool,0,7.032902227363611e-05,0.07207980977929014,0.2569737497220846,6.912397946406532e-05,0.6708069874968876
1034,56,cot,3,0.01,tool,0,1.580137704844788e-05,0.14054268346632334,0.5159045411676882,2.1688204582964484e-05,0.34351528578435697
1035,57,cot,3,0.01,tool,0,8.99572623236965e-06,0.8491408208043386,0.028736543414831443,1.1018790481409061e-05,0.12210262126411608
1036,58,cot,3,0.01,tool,0,2.476881635040761e-07,0.006046175052566793,0.8440039692965767,5.0004151055977855e-06,0.14994460754758732
1037,59,cot,3,0.01,tool,0,0.00014047494978983025,0.15640217531214073,0.7813677597783383,0.02775725044264836,0.03433233951708295
1038,60,cot,3,0.01,tool,0,1.4084017258238759e-06,0.010730574355479245,0.7873914846687671,3.916108105534618e-05,0.20183737149297246
1039,61,cot,3,0.01,tool,0,3.156386232102562e-05,0.9464361976235709,0.040206008808321016,0.0019582160609028496,0.011368013644884193
1040,62,cot,3,0.01,tool,0,1.0618694723832668e-05,0.02931871048672944,0.8845569416554824,0.0002235468982227744,0.08589018226484162
1041,63,cot,3,0.01,tool,0,6.230376299821871e-05,0.5169959782625392,0.2590501928356097,0.025627314489923267,0.19826421064892974
1042,64,cot,3,0.01,tool,0,4.016960953090905e-06,0.013802819311394371,0.7939241657990117,4.829135096949498e-06,0.19226416879354385
1043,65,cot,3,0.01,tool,0,1.0075050726047625e-06,0.002380993535396306,0.710778181192949,0.00013321300381255704,0.28670660476276955
1044,66,cot,3,0.01,tool,0,3.2262261109374886e-06,0.0030076166922304273,0.45785023638448313,0.0010070079138111106,0.5381319127833644
1045,67,cot,3,0.01,tool,0,7.39309015660263e-05,0.07952177794390662,0.4777365837227619,0.0011635081066729755,0.4415041993250924
1046,68,cot,3,0.01,tool,0,3.433268197424112e-11,8.068451744830555e-08,0.9990966506754781,2.943054544550721e-06,0.0009003255511269327
1047,69,cot,3,0.01,tool,0,3.750563050656961e-10,1.0948748245602193e-08,0.989603168254903,0.00011828142676937863,0.010278538994523205
1048,70,cot,3,0.01,tool,0,1.741087570856406e-08,5.72027926375427e-06,0.9144939166365696,1.1441154815707875e-06,0.08549920155780924
1049,71,cot,3,0.01,tool,0,6.113348206053286e-07,0.0007965452418497407,0.7644835640338196,1.2257745748575178e-06,0.23471805361493522
1050,72,cot,3,0.01,tool,0,2.2531573538865842e-07,0.0037851542283866622,0.8505551842342939,2.7464424797519365e-05,0.1456319717967867
1051,73,cot,3,0.01,tool,0,4.382935874125591e-10,3.128834947721542e-06,0.9967735981134355,3.49137614949501e-06,0.0032197812371736003
1052,74,cot,3,0.01,tool,0,9.045087344532096e-11,2.444047398086153e-07,0.8772930363848405,3.565003474384015e-06,0.12270315411649454
1053,75,cot,3,0.01,tool,0,8.964784147324717e-09,8.812482376235428e-07,0.4754536247760527,1.4770384145432372e-05,0.5245307146267801
1054,76,cot,3,0.01,tool,0,1.0598784505095322e-06,0.0004912461519662392,0.9169221696224751,5.453140258213716e-05,0.08253099294452589
1055,77,cot,3,0.01,tool,0,1.9133208493934161e-07,1.8452631981847248e-05,0.7418783994832256,4.102857223563707e-06,0.2580988536954839
1056,78,cot,3,0.01,tool,0,1.9666487698149032e-07,0.00034403749909658036,0.961073418581763,4.222551807941248e-05,0.03854012173618391
1057,79,cot,3,0.01,tool,0,9.51459050625238e-06,0.0010696853223008409,0.9765727260901831,0.0027423648992952617,0.019605709097714686
1058,80,cot,3,0.01,tool,0,1.1295219747376568e-09,1.7483435455430056e-07,0.9925304145665388,2.3696729098026736e-05,0.0074457127404865065
1059,81,cot,3,0.01,tool,0,6.7434520739908e-08,5.3340629967398804e-05,0.9283268449552352,5.1451040430828884e-05,0.07156829593984593
1060,82,cot,3,0.01,tool,0,4.637215571875836e-05,0.001522928188430863,0.8008250011756924,0.001505875834812037,0.196099822645346
1061,83,cot,3,0.01,tool,0,1.3910867988014054e-05,0.0015096222462932533,0.9415049454909047,0.00010520951954074409,0.056866311875273384
1062,84,cot,3,0.01,tool,0,6.018573476236748e-11,8.331470581655296e-09,0.9988346125271235,2.2619351422144607e-05,0.0011427597297979366
1063,85,cot,3,0.01,tool,0,3.3302484012480214e-12,5.5580839660873743e-11,0.9997335838534076,8.355224045893217e-05,0.000182863847222411
1064,86,cot,3,0.01,tool,0,1.392148312691979e-10,1.417994954943054e-08,0.9900624371514685,0.0008030594678283417,0.009134489061538813
1065,87,cot,3,0.01,tool,0,3.4376166417816726e-08,3.0171740662036426e-06,0.9860333312669189,0.013701415564331104,0.00026220161851751725
1066,88,cot,3,0.01,tool,0,8.446623333463e-08,8.540987683539415e-06,0.960204464826148,0.010944386259134804,0.028842523460800174
1067,89,cot,3,0.01,tool,0,1.680752118576854e-06,8.366892127851474e-06,0.8959096332945772,0.06256767546237031,0.04151264359880611
1068,90,cot,3,0.01,tool,0,2.821782943296503e-07,6.080605653803226e-06,0.952521118398038,0.011891268937497113,0.03558124988051662
1069,91,cot,3,0.01,tool,0,9.338510943946554e-07,0.00012340494934989907,0.8488219716747708,0.00833324254927543,0.14272044697550945
1070,92,cot,3,0.01,tool,0,1.510741936707785e-07,1.1771877191590703e-05,0.9860216384268489,0.011350013918148197,0.0026164247036175267
1071,93,cot,3,0.01,tool,0,1.7594550801542573e-11,1.1186918113599803e-10,0.9916230562833385,0.008222249975820835,0.00015469361137691482
1072,94,cot,3,0.01,tool,0,6.211863245101464e-10,6.838480256038254e-08,0.989503555556959,0.0006406414105165721,0.009855734026535374
1073,95,cot,3,0.01,tool,0,1.0865223816770691e-07,1.23881935404074e-05,0.9380787602713536,0.002219129336756479,0.05968961354611143
1074,96,cot,3,0.01,tool,0,1.5074045116811056e-09,2.9247680448282994e-07,0.992859918091576,0.001934656424520588,0.0052051314996944585
1075,97,cot,3,0.01,tool,0,4.922653381495209e-08,2.861313818675623e-06,0.8720564467290437,0.002238720823395276,0.12570192190720852
1076,98,cot,3,0.01,tool,0,1.7455735242656297e-08,1.0823132423734492e-06,0.9318715377959196,0.003890876984641935,0.0642364854504609
1077,99,cot,3,0.01,tool,0,1.4815789902257793e-06,0.00012097166808424249,0.7679818258188422,0.00046960277201585723,0.23142611816206743
1078,100,cot,3,0.01,tool,0,1.6671813818695725e-06,3.110649924805552e-05,0.3620409759818804,0.012173700958928347,0.6257525493785614
1079,101,cot,3,0.01,tool,0,3.121851086472946e-05,0.01005892448618484,0.3637183188338915,0.028415863747275137,0.5977756744217837
1080,102,cot,3,0.01,tool,0,6.996790280190442e-08,4.869436079608231e-06,0.6455250623667727,0.013900718850821742,0.3405692793784232
1081,103,cot,3,0.01,tool,0,3.4020158558612646e-06,1.6847782470056457e-05,0.31456360249342846,0.03296428332581776,0.6524518643824279
1082,104,cot,3,0.01,tool,0,3.738850646667228e-07,1.1224584910352186e-05,0.6644343240372568,0.06947526125096884,0.2660788162417993
1083,105,cot,3,0.01,tool,0,1.4176349485910975e-09,4.2170963016114774e-08,0.9935089406264964,0.004489932784867333,0.002001083000038192
1084,106,cot,3,0.01,tool,0,1.4413942397445162e-08,1.9070012555351966e-06,0.9494853513973555,0.005344033392391914,0.045168693795054685
1085,107,cot,3,0.01,tool,0,0.00034389668516773104,0.027754053929063615,0.7185606381020894,0.1667603443820207,0.08658106690165847
1086,108,cot,3,0.01,tool,0,6.663472823643323e-05,0.002554468196792453,0.5964640280386667,0.200718352637032,0.20019651639927233
1087,109,cot,3,0.01,tool,0,6.03286560307575e-08,1.0851419034221193e-05,0.8822281454827007,0.10339091244708586,0.014370030322523332
1088,110,cot,3,0.01,tool,0,0.00046937291762787903,0.40345340078389946,0.3886259023987611,0.14158351593179078,0.06586780796792081
1089,111,cot,3,0.01,tool,0,1.105001763318012e-05,0.00020055715856817766,0.7897395521033773,0.017368089549448802,0.1926807511709725
1090,112,cot,3,0.01,tool,0,2.2901129050469646e-06,0.0001541044449754329,0.10227935042071352,0.8881371600355871,0.00942709498581895
1091,113,cot,3,0.01,tool,0,1.5541707350697347e-06,9.049798262154409e-06,0.22330807684783424,0.7718709341133436,0.004810385069824968
1092,114,cot,3,0.01,tool,0,1.7208182423044736e-06,0.00011445978350552954,0.9580861250292403,0.003824704006314069,0.0379729903626979
1093,115,cot,3,0.01,tool,0,0.0015344116247146284,0.02009248503854895,0.016206102690767405,0.0006672639765814187,0.9614997366693876
1094,116,cot,3,0.01,tool,0,0.00025699345015540965,0.0015029663505252192,0.014597959985154564,0.004033782466733851,0.9796082977474311
1095,117,cot,3,0.01,tool,0,2.6480945161903687e-06,4.603402830968393e-06,0.4908019090897439,0.018282477636927686,0.49090836177598113
1096,118,cot,3,0.01,tool,0,3.828174799319486e-05,0.0013925044051096493,0.31697641289840056,0.07078386401874276,0.6108089369297538
1097,119,cot,3,0.01,tool,0,8.465214864661948e-07,3.4335926957756276e-06,0.6854692929825236,0.007018324835983305,0.30750810206731094
1098,120,cot,3,0.01,tool,0,0.0003917479133564456,0.05095785834411677,0.2596735681811447,0.00039133807278911596,0.688585487488593
1099,121,cot,3,0.01,tool,0,8.106059198079952e-09,2.001962332433144e-07,0.9858160196359598,0.002949171835058416,0.01123460022668932
1100,122,cot,3,0.01,tool,0,7.050247434746211e-09,5.716516943339467e-07,0.930742790819833,0.036992392623961284,0.03226423785426397
1101,123,cot,3,0.01,tool,0,2.3300465810171214e-05,0.000983916493675183,0.7122923733837446,0.003965202122883986,0.282735207533886
1102,124,cot,3,0.01,tool,0,1.6607709055613483e-07,1.7993041634726678e-05,0.8730632045101,0.03933209640924397,0.08758653996193062
1103,125,cot,3,0.01,tool,0,1.6333019432018776e-08,6.080842515032055e-08,0.9534221003312325,0.03389762982859412,0.012680192698728637
1104,126,cot,3,0.01,tool,0,1.3217136347113723e-08,1.678607076454978e-08,0.8899900118657822,0.10495770068492549,0.0050522574460850735
1106,127,assistant,4,0.01,tool,0,3.2207418749332966e-12,1.1668938724598054e-10,0.13998192584521754,0.8600086526312622,9.42140361010602e-06
1107,128,assistant,4,0.01,tool,0,6.523061925002957e-12,2.898804932065188e-10,0.008149248217568947,0.9918498472697507,9.042162766917389e-07
1108,129,assistant,4,0.01,tool,0,9.245445961237444e-12,5.065913542577663e-11,0.02652371819764446,0.97347606921863,2.125238209125459e-07
1109,130,assistant,4,0.01,tool,0,1.6176256689812128e-09,4.9820644062988085e-09,0.001180370883260029,0.9988000812712251,1.9541245824769752e-05
1110,131,assistant,4,0.01,tool,0,1.96474519716e-11,3.1100613005079884e-10,0.0003250843138927966,0.9996738545418645,1.060813589121647e-06
1111,132,assistant,4,0.01,tool,0,6.723201282530171e-13,1.0395296910177758e-11,7.898329607227851e-05,0.9999208704225667,1.4627029348450528e-07
1112,133,assistant,4,0.01,tool,0,2.0524374738242233e-14,2.1495705032342055e-12,0.0001649540300566069,0.999835043382568,2.585205440464407e-09
1113,134,assistant,4,0.01,tool,0,1.0380512408735508e-11,1.0437156143419655e-10,0.00046397716091926567,0.9995350178793141,1.0048450145257594e-06
1114,135,assistant,4,0.01,tool,0,7.671162278158282e-11,5.395758429469211e-11,0.0005476439355510855,0.9994510359756751,1.319958104637061e-06
1115,136,assistant,4,0.01,tool,0,3.44494248285244e-12,3.000664588629082e-11,0.00011532105404659241,0.9998842677079752,4.112045264840632e-07
1116,137,assistant,4,0.01,tool,0,1.8505544646131846e-11,2.008465568372776e-11,0.028252593970086098,0.9717470090751361,3.9691618760602224e-07
1117,138,assistant,4,0.01,tool,0,5.871983248621728e-11,1.2725143826858096e-10,0.01138751935030224,0.9886098164215109,2.6640422155529996e-06
1118,139,assistant,4,0.01,tool,0,6.461744483497173e-10,1.394466730893898e-09,0.004771647292057498,0.9952023030510208,2.6047616280549308e-05
1119,140,assistant,4,0.01,tool,0,4.103153991201224e-06,0.003494773664211733,0.0021309259378723376,0.9925439673515575,0.0018262298923672345
1120,141,assistant,4,0.01,tool,0,4.3656263374245004e-11,9.546490028156238e-09,0.0002571432623626997,0.999736183412573,6.663734917933387e-06
1121,142,assistant,4,0.01,tool,0,1.537950404673745e-05,0.007305062792119989,0.047060537905063274,0.9417140307782802,0.0039049890204897585
1122,143,assistant,4,0.01,tool,0,1.7726877475516256e-07,7.181330152893578e-06,0.00032363085379628453,0.9996389204312102,3.009011606607778e-05
1123,144,assistant,4,0.01,tool,0,1.2788472757973369e-12,1.0942417845062445e-10,0.00021593556435999683,0.9997826729856183,1.3913393186855425e-06
1124,145,assistant,4,0.01,tool,0,1.0523229037586961e-08,9.855133514665156e-08,0.00016584427505456813,0.9998331007779888,9.458723924553068e-07
1125,146,assistant,4,0.01,tool,0,9.69769539619313e-11,6.575116194112287e-08,0.0037678154810147635,0.996231258395454,8.602753922331778e-07
1126,147,assistant,4,0.01,tool,0,1.464469070777347e-06,9.843366361218508e-05,0.010479715443638096,0.9893489577104314,7.142871324749982e-05
1127,148,assistant,4,0.01,tool,0,2.802459515427742e-05,0.02433896113294747,0.026068591920114043,0.9429244980733673,0.006639924278416917
1128,149,assistant,4,0.01,tool,0,0.00034109825366033,0.4380739917697778,0.006406878506174263,0.5540228449127342,0.0011551865576533969
1129,150,assistant,4,0.01,tool,0,1.3136362486042917e-05,0.018012517030725473,0.005237768137787502,0.9761493424592994,0.0005872360097015684
1130,151,assistant,4,0.01,tool,0,4.403618321605571e-06,0.0037650302928942158,0.06724848310764428,0.9280412635254348,0.0009408194557049964
1131,152,assistant,4,0.01,tool,0,4.446173167004331e-07,5.8765549373642814e-05,0.000951678911204149,0.9989540275851995,3.5083336906034344e-05
1132,153,assistant,4,0.01,tool,0,4.580740620285519e-09,1.3930834463240855e-05,0.0009255751866352776,0.9983393675701161,0.0007211218280447643
1133,154,assistant,4,0.01,tool,0,5.947173423738746e-09,1.0031685377268662e-06,0.00026756482479083185,0.999552771029276,0.00017865503022196507
1134,155,assistant,4,0.01,tool,0,2.7308746783594594e-06,0.0041846403308191185,0.09427276417745759,0.8840194800338119,0.01752038458323321
1135,156,assistant,4,0.01,tool,0,5.895204842229428e-09,2.2193320521450912e-05,0.002537466399983722,0.9972966831990774,0.00014365118521240334
1136,157,assistant,4,0.01,tool,0,5.81045701727762e-07,0.0009058052604297881,0.08031200273894083,0.8978118879786621,0.020969722976265523
1137,158,assistant,4,0.01,tool,0,2.2184412917927596e-05,0.0007297310478815726,0.06713714565091043,0.9302899959352304,0.0018209429530596614
1138,159,assistant,4,0.01,tool,0,2.3368408426982247e-08,8.554928176376206e-07,0.000979709000249449,0.9990097630703674,9.649068156905941e-06
1139,160,assistant,4,0.01,tool,0,0.0001075466892030478,0.26343172614025506,0.05371656615228076,0.6821284887980185,0.0006156722202427328
1140,161,assistant,4,0.01,tool,0,5.585223656749486e-09,1.7425702609917e-07,4.4371957281887425e-05,0.9999529916792766,2.456521191761211e-06
1141,162,assistant,4,0.01,tool,0,3.8877602634453835e-11,3.0528802468621863e-10,0.0006633502915396758,0.9993333261040546,3.3232602400392187e-06
1142,163,assistant,4,0.01,tool,0,2.5613364833849597e-08,6.007135336285365e-06,0.0014189212064177768,0.9984669378347631,0.00010810821011786616
1143,164,assistant,4,0.01,tool,0,1.5191345206805448e-13,7.093990695123399e-12,0.001415399274760358,0.9985845950755314,5.642462262587144e-09
1144,165,assistant,4,0.01,tool,0,4.015940202166966e-06,0.0002633922899944232,0.4730409735968428,0.5213411562877059,0.005350461885254739
1145,166,assistant,4,0.01,tool,0,3.4761826712707015e-11,5.286826866847762e-10,0.0002380068118358666,0.9997609537418533,1.0388828664097814e-06
1146,167,assistant,4,0.01,tool,0,5.5269318372133204e-08,9.433858175317428e-07,0.00021053407344631567,0.999787095207571,1.3720638467785415e-06
1147,168,assistant,4,0.01,tool,0,7.816895575657957e-10,5.306159498483424e-08,5.819747579274031e-05,0.9999354996375119,6.2490434108064545e-06
1148,169,assistant,4,0.01,tool,0,8.610905015785922e-10,4.2076279106425546e-08,2.356663192343296e-05,0.9999736837332415,2.706697465471465e-06
1149,170,assistant,4,0.01,tool,0,2.8454165816621966e-06,2.0561485309107742e-05,0.00425564835586779,0.9956545205849402,6.6424157301199e-05
1150,171,assistant,4,0.01,tool,0,3.0816278737372434e-09,1.868540760179671e-09,0.0004039906259259106,0.999576401193546,1.9603230359452615e-05
1151,172,assistant,4,0.01,tool,0,2.2497119293596985e-05,4.236099262980324e-05,0.06847160193105101,0.9277814986341554,0.0036820413228702536
1152,173,assistant,4,0.01,tool,0,4.616377890069598e-05,2.8629560753442798e-05,0.06958565324391494,0.9122612207524977,0.018078332663933078
1153,174,assistant,4,0.01,tool,0,1.0005858193156968e-08,2.8572410154519206e-07,0.00046538959179729517,0.9995307459532173,3.5687250255467173e-06
1154,175,assistant,4,0.01,tool,0,3.949468478116371e-05,0.0011199644832785539,0.00093352759965017,0.9973114848192495,0.0005955284130406659
1155,176,assistant,4,0.01,tool,0,7.347524170949856e-08,1.1990736538962012e-06,0.004503630139304983,0.9953127033181898,0.0001823939936096429
1156,177,assistant,4,0.01,tool,0,7.821143188825121e-07,1.8802913158924476e-07,0.005573581853914227,0.9942931474368676,0.00013230056576777997
1157,178,assistant,4,0.01,tool,0,6.770175133122144e-08,2.4079111408747106e-06,0.003862303138755368,0.9960620659379503,7.315531040215931e-05
1158,179,assistant,4,0.01,tool,0,3.3083575851351475e-09,7.426602768271638e-09,1.9987720714437312e-05,0.9999797441977054,2.5734661971467137e-07
1159,180,assistant,4,0.01,tool,0,2.5762683367130454e-07,1.3091831220421927e-06,0.00037850621601165287,0.999534659648629,8.526732540362842e-05
1160,181,assistant,4,0.01,tool,0,2.3471851363262013e-06,1.755621242146526e-05,0.0018608749316856405,0.9977642767286521,0.00035494494210462077
1161,182,assistant,4,0.01,tool,0,3.2457781022859497e-06,6.143401287955775e-05,0.010342872621262577,0.9890600038441948,0.0005324437435605863
1162,183,assistant,4,0.01,tool,0,2.0482214845790335e-07,1.3543203590055436e-06,0.006445721885834944,0.9934359178462159,0.00011680112544180231
1163,184,assistant,4,0.01,tool,0,1.202354333891553e-08,2.1387179971688194e-08,0.0005088784768229118,0.9994889539090277,2.134203426161078e-06
1164,185,assistant,4,0.01,tool,0,2.4197395125576187e-09,3.288419133987029e-09,1.884976789750493e-05,0.9999794352091224,1.7093148216240625e-06
1165,186,assistant,4,0.01,tool,0,6.519580742081106e-07,2.067362795178532e-06,0.0009061465982311497,0.9976806552610559,0.0014104788198436087
1166,187,assistant,4,0.01,tool,0,2.74081488982621e-05,7.02650839678097e-05,0.013538722137794492,0.9774964549343311,0.00886714969500815
1167,188,assistant,4,0.01,tool,0,2.851176835835464e-07,3.4326675801761726e-06,0.0023100232564054884,0.9973763467696122,0.0003099121887184799
1168,189,assistant,4,0.01,tool,0,1.2757624497961837e-08,1.6558403959445446e-07,0.00021492841037702877,0.9997654100136107,1.9483234348155427e-05
1169,190,assistant,4,0.01,tool,0,4.8372914408555555e-09,1.2223949937559966e-07,0.0001315204339591537,0.9998674424516037,9.100376461744274e-07
1170,191,assistant,4,0.01,tool,0,3.836090085897841e-08,1.1501705371464154e-07,9.276530753776348e-05,0.9999007471848613,6.334129646437878e-06
1171,192,assistant,4,0.01,tool,0,1.4464966303849125e-08,8.884817506665452e-08,0.00014535780614708375,0.9998479989252599,6.539955451604978e-06
1172,193,assistant,4,0.01,tool,0,5.313170761494664e-07,2.768849532755597e-06,0.002209199395906129,0.9954716907617958,0.002315809675689099
1173,194,assistant,4,0.01,tool,0,2.288014783726695e-10,1.6816817294067444e-09,1.9665260675624053e-05,0.9999799137901073,4.19038733878859e-07
1174,195,assistant,4,0.01,tool,0,2.0406356849151515e-10,5.170764478795608e-10,1.7283868661528485e-05,0.9999825304162366,1.8499396176853185e-07
1175,196,assistant,4,0.01,tool,0,1.6096424172944896e-07,2.8442673206684966e-07,0.0005975354243523811,0.9991327743902659,0.00026924479440799953
1176,197,assistant,4,0.01,tool,0,4.26174679939582e-06,8.105633866567381e-05,0.004572451808659077,0.9947449098946338,0.0005973202112420252
1177,198,assistant,4,0.01,tool,0,3.3255832072133694e-05,0.0004988604470344833,0.029904182597566338,0.8448053224863007,0.12475837863702649
1178,199,assistant,4,0.01,tool,0,0.04042824406345782,0.051490315612489276,0.2094864650597414,0.5002837375161062,0.19831123774820533
1179,200,assistant,4,0.01,tool,0,2.3476639010520142e-08,2.8347835884532016e-07,0.00025218535530808096,0.999550985740333,0.00019652194936116375
1180,201,assistant,4,0.01,tool,0,7.439319407576737e-08,4.4873634264817433e-07,0.0007856376075908993,0.9990335674315557,0.0001802718313165931
1181,202,assistant,4,0.01,tool,0,2.34567414414945e-05,2.6951929727207704e-05,0.018658149980647052,0.9765154279890916,0.004776013359092616
1182,203,assistant,4,0.01,tool,0,5.056241862914635e-07,4.5291414797558395e-06,0.005091747963674318,0.9946618984122584,0.00024131885840107255
1183,204,assistant,4,0.01,tool,0,9.785779615115342e-08,3.115571276803629e-07,0.0005358893446219109,0.9994409794740373,2.272176641689978e-05
1184,205,assistant,4,0.01,tool,0,8.722805761787132e-09,1.544636328888748e-07,0.00014115961867550194,0.9998571711358446,1.506059041327149e-06
1185,206,assistant,4,0.01,tool,0,3.758862357017339e-08,2.2077113407215288e-07,0.0010666090187890541,0.9988508246187794,8.230800267364941e-05
1186,207,assistant,4,0.01,tool,0,6.421303096808232e-07,2.1469824063983284e-07,0.000211516048610471,0.9997844527545606,3.1743682786200073e-06
1187,208,assistant,4,0.01,tool,0,1.0527235838673036e-07,4.009651826010525e-06,0.0002818280794491931,0.9996992859363224,1.477106004398758e-05
1188,209,assistant,4,0.01,tool,0,7.168064841048863e-06,0.00013534998656617882,0.06250417603173782,0.9372091760167821,0.00014412990007273057
1189,210,assistant,4,0.01,tool,0,3.3179030889971067e-06,4.890436912038835e-06,0.004537264566798264,0.9954094765204691,4.505057273149095e-05
1190,211,assistant,4,0.01,tool,0,2.174167835732707e-06,8.793971655183159e-07,0.0017121893732857804,0.9982570623774266,2.7694684286346044e-05
1191,212,assistant,4,0.01,tool,0,1.57358696245945e-11,4.28542942962466e-11,9.706608427517627e-06,0.9999902161799037,7.715307872234518e-08
1192,213,assistant,4,0.01,tool,0,1.3202464549494927e-12,3.0989329730683266e-12,9.429213894150678e-05,0.999905691039042,1.6817597269381636e-08
1193,214,assistant,4,0.01,tool,0,1.9948470202097091e-07,1.73128323712179e-06,0.0007912307168027303,0.9990278336242918,0.00017900489096621866
1194,215,assistant,4,0.01,tool,0,1.5508950538027939e-09,1.0927995739829544e-09,6.250884238077286e-05,0.9999322907143944,5.197799530326072e-06
1195,216,assistant,4,0.01,tool,0,3.674093402574884e-06,2.3965377259452947e-05,0.0037442122194694524,0.996136673370271,9.14749395975852e-05
1196,217,assistant,4,0.01,tool,0,1.7513072190053274e-07,1.0404367033358859e-05,0.00014092067396182702,0.9998164516377118,3.204819057107922e-05
1197,218,assistant,4,0.01,tool,0,6.489546555664034e-11,6.233132149241136e-09,8.576487453376558e-07,0.9999990102016245,1.2585160239125317e-07
1198,219,assistant,4,0.01,tool,0,7.292516970684392e-11,5.411778797082046e-10,8.94608962860422e-06,0.9999908319637931,2.2133247523776306e-07
1199,220,assistant,4,0.01,tool,0,4.097379004534826e-08,6.485687439932241e-07,0.0003572899725870487,0.9995857407085298,5.627977634928343e-05
1200,221,assistant,4,0.01,tool,0,6.042880958000394e-05,0.0032240511374156144,0.0754708306348793,0.8804010203366227,0.04084366908150253
1201,222,assistant,4,0.01,tool,0,3.4416540214871854e-07,1.6899988073644525e-05,0.005587724698007547,0.9940802712251848,0.0003147599233317402
1202,223,assistant,4,0.01,tool,0,4.1388936401658656e-08,2.8221913649040843e-06,0.0016542680856548087,0.9976318683281604,0.0007110000058834058
1203,224,assistant,4,0.01,tool,0,1.8845048293802844e-10,9.803456486576874e-10,8.863561063055711e-05,0.9999112422305724,1.2099000101190778e-07
1204,225,assistant,4,0.01,tool,0,1.0047230793634757e-07,1.4805333338495731e-06,0.010323248005481683,0.9895803701380628,9.480085081371874e-05
1205,226,assistant,4,0.01,tool,0,1.659159987649954e-09,2.479345837959943e-07,0.0008715910793627587,0.9989676466221253,0.00016051270476804817
1206,227,assistant,4,0.01,tool,0,8.974026459448122e-05,0.00033432759586795755,0.01356633818668552,0.9111846930699307,0.07482490088292146
1207,228,assistant,4,0.01,tool,0,6.6693499470331e-07,1.4459532303082817e-07,0.0007878616655276537,0.9988581037985883,0.0003532230055662608
1208,229,assistant,4,0.01,tool,0,1.3264480081007635e-09,1.0178709863275296e-09,0.00014837542832538998,0.9998453532746648,6.268952690817067e-06
1209,230,assistant,4,0.01,tool,0,1.377191649446225e-05,5.107030689363301e-06,0.0018287460651803596,0.9979018415390173,0.0002505334486184805
1210,231,assistant,4,0.01,tool,0,1.587033714207018e-05,8.207369511234118e-05,0.00887071112448095,0.9754103640849224,0.015620980758342123
1211,232,assistant,4,0.01,tool,0,8.521816712234009e-07,1.9070136210941323e-06,0.00021222344368771685,0.9997640956501395,2.0921710880566765e-05
1212,233,assistant,4,0.01,tool,0,5.607346541432866e-09,4.110336429261019e-08,0.00012624000724782355,0.9998638834317892,9.829850252176413e-06
1213,234,assistant,4,0.01,tool,0,2.1285904674462927e-09,3.752644136278171e-08,0.00015114957824680227,0.99977906658973,6.974417699130165e-05
1214,235,assistant,4,0.01,tool,0,1.0587724810829668e-06,0.0001525813780215303,0.012471331329927504,0.9847219814608639,0.002653047058705942
1215,236,assistant,4,0.01,tool,0,1.0161729596945519e-07,1.0881326188620497e-06,0.0001439126876402903,0.9996508708247019,0.0002040267377429908
1216,237,assistant,4,0.01,tool,0,1.067145441333171e-10,2.098054020305939e-10,1.810520012672737e-05,0.9999797604713492,2.134012004006676e-06
1217,238,assistant,4,0.01,tool,0,7.594594166453594e-07,1.9551928608091222e-05,0.00048146656665080836,0.9992657998238442,0.00023242222148031822
1218,239,assistant,4,0.01,tool,0,4.2066455741488147e-10,7.460847027470333e-10,1.3263332613454396e-05,0.9999865549529242,1.8054771308362995e-07
1219,240,assistant,4,0.01,tool,0,4.1874389606070023e-08,1.99705637941588e-08,0.00010869184156981749,0.9998776967198688,1.3549593608082988e-05
1220,241,assistant,4,0.01,tool,0,2.925808997982969e-08,1.1975639617106287e-07,0.00013494334627738938,0.9998495025023741,1.5405136862293822e-05
1221,242,assistant,4,0.01,tool,0,1.7447214752712264e-06,9.995110913522573e-06,0.029952444412671173,0.9675864729874027,0.002449342767537246
1222,243,assistant,4,0.01,tool,0,5.450520990110109e-07,5.386757493891232e-07,0.0047862222982598315,0.9948872889998474,0.00032540497404450435
1223,244,assistant,4,0.01,tool,0,4.207851091129197e-08,8.57285722060884e-08,0.0016789504996193275,0.997965663268442,0.00035525842485541605
1224,245,assistant,4,0.01,tool,0,6.129469154624171e-07,1.3414419053817214e-06,0.00972868462410809,0.9895310473568836,0.0007383136301876181
1225,246,assistant,4,0.01,tool,0,1.9014400734089832e-06,1.0788476645175524e-06,0.0090402666074164,0.9906771316597107,0.0002796214451350432
1436,247,user,5,0.01,tool,0,1.5460693962663306e-05,0.002370803295059576,0.6281372495586733,0.368050155332121,0.0014263311201832918
1437,248,user,5,0.01,tool,0,6.972556028124777e-06,0.00025246667447734335,0.2004199297139119,0.7979338407049369,0.0013867903506457622
1438,249,user,5,0.01,tool,0,1.6089353205759144e-10,4.944373765117929e-08,0.0014495147138040509,0.9985497108233954,7.248581693584858e-07
1439,250,user,5,0.01,tool,0,5.080681840328974e-07,0.00019911841467083963,0.02146235798230115,0.9781445829189619,0.00019343261588198167
1440,251,user,5,0.01,tool,0,3.396460080304761e-06,0.0036961113421610423,0.01051009203562207,0.9851280319983907,0.0006623681637458276
1441,252,user,5,0.01,tool,0,1.4686138416305578e-05,0.1739432605779565,0.06462348324489549,0.7605520718856446,0.0008664981530872219
1442,253,user,5,0.01,tool,0,7.246925922431489e-06,0.02649870801502412,0.22150333340218528,0.7437226408440999,0.00826807081276835
1443,254,user,5,0.01,tool,0,3.828193667467704e-06,0.001344692583034315,0.020575835892296737,0.9763543013783053,0.0017213419526963573
1444,255,user,5,0.01,tool,0,6.013646132548638e-05,0.7245685902705382,0.024292489492608222,0.24984528071162676,0.001233503063901358
1445,256,user,5,0.01,tool,0,0.00013728312538937746,0.4739523134792105,0.021232070488457107,0.48613236303865237,0.018545969868290678
1446,257,user,5,0.01,tool,0,5.977959076633678e-06,0.01686160339485741,0.9131475068785702,0.04488992052400763,0.02509499124348807
1447,258,user,5,0.01,tool,0,5.49249749766292e-05,0.3568454469052852,0.1146727251313603,0.36369992786826394,0.16472697512011394
1448,259,user,5,0.01,tool,0,5.6482833662059355e-06,0.1803537830546145,0.07226179481927675,0.7373543536023625,0.010024420240380132
1449,260,user,5,0.01,tool,0,1.6896686552932837e-05,0.9854072056790223,0.009222862268199695,0.0036551356862860765,0.0016978996799389713
1450,261,user,5,0.01,tool,0,0.00016386899729682898,0.22798714262696668,0.008062519604516873,0.7572477963763942,0.006538672394825524
1451,262,user,5,0.01,tool,0,1.3266609214091651e-06,0.05982940734925138,0.0015985119560032739,0.9384459505693842,0.0001248034644397765
1452,263,user,5,0.01,tool,0,7.010686718426793e-08,0.00027105641747404203,8.194399558167545e-05,0.9996447002140261,2.229266051059241e-06
1453,264,user,5,0.01,tool,0,2.422489119417706e-07,0.005371261614928439,0.001984111098045702,0.9926201650460492,2.421999206462999e-05
1454,265,user,5,0.01,tool,0,1.9841181021564605e-06,0.6981050241318054,0.0037851017135234234,0.29769067414623557,0.0004172158903334145
1455,266,user,5,0.01,tool,0,8.749353120714959e-06,0.31263464352948606,0.004533620513098463,0.6773499324931268,0.005473054111168002
1456,267,user,5,0.01,tool,0,3.2015581104287836e-06,0.9654052475207178,0.0002128069484671781,0.034071074350534594,0.00030766962217025135
1457,268,user,5,0.01,tool,0,3.8665270203553504e-07,0.011330915525001945,0.0026489379849724123,0.9860093305366482,1.042930067546481e-05
1458,269,user,5,0.01,tool,0,1.67361228145447e-05,0.5740010288850741,0.024959644371258697,0.40080154598265033,0.00022104463820228076
1459,270,user,5,0.01,tool,0,5.8797121774781215e-06,0.11305679331752358,0.12116171005680458,0.7653386474730051,0.0004369694404892898
1460,271,user,5,0.01,tool,0,3.0750023571751247e-06,0.9974946713351814,0.0003034193175822185,0.0015901912841206822,0.0006086430607585505
1461,272,user,5,0.01,tool,0,0.00013213600605581352,0.9062985982723155,0.0003716857605099184,0.09138938046524293,0.0018081994958757562
1462,273,user,5,0.01,tool,0,6.584904740915166e-05,0.9955262546964639,0.0012331326648851444,0.001990393084526371,0.0011843705067152012
1463,274,user,5,0.01,tool,0,5.851755048417667e-05,0.9971866993257563,0.0014936872572276036,0.0010573910662886432,0.0002037048002431862
1464,275,user,5,0.01,tool,0,8.477647875758049e-06,0.998037396640914,0.0002520744240566369,0.0015821549241108184,0.00011989636304285697
1465,276,user,5,0.01,tool,0,7.820534691612814e-06,0.9844461138585999,0.002083432737419784,0.013350239097582406,0.00011239377170617348
1466,277,user,5,0.01,tool,0,2.3692005816455413e-05,0.832801392729374,0.016824293076538814,0.12392948236473007,0.026421139823540496
1467,278,user,5,0.01,tool,0,2.709022548029964e-06,0.9832016340995213,0.01056195483010726,0.0033717953700954607,0.002861906677727957
1468,279,user,5,0.01,tool,0,1.3635532863972046e-06,0.010431488254209791,8.768863641713888e-05,0.9885811726859419,0.0008982868701446268
1469,280,user,5,0.01,tool,0,2.0549254650503366e-06,0.9602440611391582,0.0013703149820589412,0.03495855278358277,0.003425016169735035
1470,281,user,5,0.01,tool,0,2.857686006345558e-05,0.2753312910958809,0.0003625406303010094,0.7191893104725567,0.005088280941197839
1471,282,user,5,0.01,tool,0,0.0004152670161485277,0.2782489943568366,0.030190343911232282,0.6224041208155411,0.06874127390024165
1472,283,user,5,0.01,tool,0,1.5238648332729303e-06,0.9491612970376639,0.0009808138066385004,0.049481074149023516,0.00037529114184080053
1473,284,user,5,0.01,tool,0,4.358657906631491e-06,0.419699462349524,0.010512804888885256,0.5695562435255068,0.00022713057817751365
1474,285,user,5,0.01,tool,0,2.5368103062393064e-05,0.9707637984197554,0.01088332435557345,0.0171322820996414,0.0011952270219677305
1475,286,user,5,0.01,tool,0,1.113632738919556e-05,0.902334740027239,0.0010737541787273186,0.09228497302084443,0.0042953964457997105
1476,287,user,5,0.01,tool,0,0.00025704584003570583,0.7012791666788828,0.00299914648560918,0.2778514132063335,0.017613227789138746
1477,288,user,5,0.01,tool,0,1.0666759818562281e-05,0.030933999527168334,0.003025117402870211,0.9649969178528712,0.0010332984572717547
1478,289,user,5,0.01,tool,0,2.723209520681555e-05,0.7601867503733877,0.0013706862299006006,0.23304284355362684,0.005372487747877992
1479,290,user,5,0.01,tool,0,8.227958201041353e-05,0.8398017683686808,0.058692474063124715,0.07399097025132485,0.027432507734859283
1480,291,user,5,0.01,tool,0,7.2459647769000274e-06,0.0999132569848072,0.0034567409761322282,0.8960295703303142,0.0005931857439695612
1481,292,user,5,0.01,tool,0,2.0986068755288543e-05,0.9388192117181835,0.022891685238522322,0.038146213238684765,0.00012190373585401053
1482,293,user,5,0.01,tool,0,5.138892666615083e-05,0.958980460895351,0.00433108800005348,0.03501318191000003,0.0016238802679292776
1483,294,user,5,0.01,tool,0,8.39878788875145e-07,0.0015826556548752678,0.0003761208874730654,0.9980064976767158,3.3885902147056635e-05
1484,295,user,5,0.01,tool,0,3.595686800404743e-05,0.08386815007927537,0.02676962101491376,0.8888219256032497,0.0005043464345570021
1485,296,user,5,0.01,tool,0,1.3915776738920146e-05,0.028813511267053164,0.023648386571873077,0.9456601672415237,0.0018640191428109867
1486,297,user,5,0.01,tool,0,6.853809837144813e-06,0.9820822585176787,0.004094364179656882,0.013686610363100008,0.00012991312972753132
1488,298,cot,6,0.01,tool,0,1.8448339037345016e-11,2.106179476523989e-08,0.6633521296381153,0.33660708486525637,4.076441638535936e-05
1489,299,cot,6,0.01,tool,0,4.93979513661667e-09,4.742275490723485e-06,0.9918695154659793,0.003644195122250542,0.004481542196484254
1490,300,cot,6,0.01,tool,0,2.0298004895211277e-08,6.046844605755278e-05,0.9699262321193125,0.005267555852084039,0.024745723284540905
1491,301,cot,6,0.01,tool,0,1.8527108285070283e-10,2.1521564435721966e-06,0.9921275935786448,0.00667886489276534,0.001191389186875179
1492,302,cot,6,0.01,tool,0,5.079109693803354e-06,0.6270000950078685,0.20252001404987005,0.16319045669054494,0.0072843551420226854
1493,303,cot,6,0.01,tool,0,2.9443484460350296e-06,0.7132870482740123,0.003191317881407408,0.2774788924915744,0.0060397970045597
1494,304,cot,6,0.01,tool,0,3.053844873553134e-05,0.6253724549436244,0.015275711495322869,0.325060287698375,0.03426100741394238
1495,305,cot,6,0.01,tool,0,1.2456813155111202e-05,0.3955786953702813,0.2518272619930538,0.2626746303222102,0.08990695550129962
1496,306,cot,6,0.01,tool,0,1.5910182936510419e-06,0.9809957710077595,0.0097052845388038,0.0008768005503413661,0.008420552884801405
1497,307,cot,6,0.01,tool,0,2.9903626756317956e-08,0.006520750562695971,0.9745392255991004,0.011332962773089265,0.0076070311614872665
1498,308,cot,6,0.01,tool,0,2.5797856788677607e-05,0.3504329754779495,0.05964803878202157,0.49326786580178744,0.0966253220814528
1499,309,cot,6,0.01,tool,0,2.65173602387731e-06,0.17241627702066356,0.06241079046676572,0.7427237282450927,0.02244655253145417
1500,310,cot,6,0.01,tool,0,1.5639857066820439e-07,0.00033883814698265673,0.0012959599573196415,0.9982821450282634,8.290046886355793e-05
1501,311,cot,6,0.01,tool,0,5.664636725582859e-07,0.03725909602290464,0.9457840756992899,0.008981156903723945,0.007975104910408981
1502,312,cot,6,0.01,tool,0,5.74724348535829e-07,0.01582747312556706,0.8590008662403098,0.08313648991977939,0.04203459598999526
1503,313,cot,6,0.01,tool,0,3.5290239233528986e-06,0.40134836622917747,0.031750054099201945,0.5541744216553806,0.0127236289923167
1504,314,cot,6,0.01,tool,0,4.477776643200455e-07,0.006789576818530553,0.3256725138589439,0.665601792716324,0.0019356688285371282
1505,315,cot,6,0.01,tool,0,5.30292414995634e-09,0.0006939971706328761,0.9977120161525791,0.0010603966033882683,0.000533584770475647
1506,316,cot,6,0.01,tool,0,2.3079922994846438e-06,0.030238718612588453,0.7890447328780507,0.007289539068477754,0.1734247014485836
1507,317,cot,6,0.01,tool,0,0.0001705251010790657,0.4973464161103787,0.007317669862773032,0.46417404348544994,0.030991345440319253
1508,318,cot,6,0.01,tool,0,3.3690506071629075e-06,0.9838818152837524,0.007771646123076217,0.0006377804314426333,0.0077053891111215946
1509,319,cot,6,0.01,tool,0,1.727501129059213e-05,0.8925596680811456,0.06628564565168593,0.0283246760346595,0.012812735221218292
1510,320,cot,6,0.01,tool,0,1.7931567555409922e-08,0.005972576253835029,0.9856903308176679,0.003771191732836254,0.004565883264093345
1511,321,cot,6,0.01,tool,0,3.7106000501837353e-07,0.11785067203570325,0.7867288208978606,0.03700309310812276,0.0584170428983084
1512,322,cot,6,0.01,tool,0,3.000595402032532e-06,0.30752489680276246,0.42359006047732867,0.006068142373525819,0.26281389975098113
1513,323,cot,6,0.01,tool,0,1.0203175743691357e-06,0.7523135764134468,0.1589114825436088,0.0793234337020218,0.009450487023348253
1514,324,cot,6,0.01,tool,0,1.0195479908892827e-08,0.0007211447998167988,0.9932316278430644,0.001813054411544214,0.0042341627500945365
1515,325,cot,6,0.01,tool,0,1.8855649502479553e-06,0.03703848968557038,0.8905771998765721,0.022740771908319003,0.049641652964588286
1516,326,cot,6,0.01,tool,0,2.4132184397866543e-05,0.012236891823105568,0.008131360970549187,0.9718505504434459,0.007757064578501523
1517,327,cot,6,0.01,tool,0,9.145369691643458e-07,0.015499385924905254,0.014747057286725745,0.9680205817542501,0.0017320604971497856
1518,328,cot,6,0.01,tool,0,5.030012543529575e-08,0.0005002025170225183,0.9772794900017192,0.021351537809802038,0.000868719371330802
1519,329,cot,6,0.01,tool,0,5.112222165477371e-09,6.405371691185032e-05,0.9388410658981581,0.03657274013768397,0.02452213513502399
1520,330,cot,6,0.01,tool,0,8.68309392869233e-06,0.0772408933163756,0.07426895147701253,0.8303171350028389,0.01816433710984421
1521,331,cot,6,0.01,tool,0,3.984343444233943e-08,0.0010482379863991967,0.8546698553114781,0.14386516755453846,0.0004166993041499335
1522,332,cot,6,0.01,tool,0,9.22884989352789e-09,1.9873023536632053e-05,0.9823133514364919,0.017314284620074668,0.00035248169104681404
1523,333,cot,6,0.01,tool,0,7.353457232534322e-08,0.004660730162071397,0.9125143124412606,0.0824935405936938,0.00033134326840187354
1524,334,cot,6,0.01,tool,0,2.4774151460552004e-10,1.3610778744882692e-07,0.7361679457658243,0.26375023402650755,8.168385213904976e-05
1525,335,cot,6,0.01,tool,0,2.1095117779643964e-10,7.075939910588396e-08,0.9868646832626788,0.012849236418002757,0.0002860093489683371
1526,336,cot,6,0.01,tool,0,3.061527063244518e-09,3.000765861149557e-07,0.9892422680751142,0.008240003258721101,0.00251742552805169
1527,337,cot,6,0.01,tool,0,2.6466676033217125e-10,4.182641680882906e-07,0.9889634312269149,0.0026428167445871477,0.008393333499663166
1528,338,cot,6,0.01,tool,0,1.7854970841706295e-08,1.8389965296869326e-05,0.9746603536140704,0.01792147341934416,0.0073997651463178216
1529,339,cot,6,0.01,tool,0,5.31695169163596e-08,3.0399393107572818e-05,0.7976007174656787,0.18632469704968008,0.01604413292201666
1530,340,cot,6,0.01,tool,0,6.21362673361636e-08,0.0004011498505719804,0.43939650499391875,0.55786693309031,0.0023353499289319457
1531,341,cot,6,0.01,tool,0,2.6452545760045586e-10,9.029157325266089e-07,0.5961496495990066,0.4029786336865036,0.0008708135342318181
1532,342,cot,6,0.01,tool,0,1.330366927641805e-06,7.711218203816348e-06,0.013249750902005754,0.9838389119436762,0.00290229556918664
1533,343,cot,6,0.01,tool,0,4.071930724277236e-06,0.0002406140374762014,0.13826232349723466,0.7558524104793299,0.10564058005523494
1534,344,cot,6,0.01,tool,0,3.770022863822234e-05,0.0027080435401386524,0.061156638378121034,0.9137119306641547,0.022385687188947314
1535,345,cot,6,0.01,tool,0,2.8262748167372444e-06,0.0007078430430339026,0.026321660184504523,0.9707093605211764,0.00225830997646837
1536,346,cot,6,0.01,tool,0,7.114795073237908e-06,0.0027524957070591883,0.22862990042259052,0.7428673977624092,0.025743091312867915
1537,347,cot,6,0.01,tool,0,2.7276350322412036e-06,0.00015246801220581896,0.12705202436879814,0.8715827282205694,0.001210051763394343
1538,348,cot,6,0.01,tool,0,1.0228946100855412e-07,8.115484108570728e-07,0.015352107245709169,0.9846080322408524,3.8946675566581886e-05
1539,349,cot,6,0.01,tool,0,1.2725490530407376e-05,0.0013028538763362523,0.4829920253585331,0.5015272899199711,0.014165105354629183
1540,350,cot,6,0.01,tool,0,2.0159157907462316e-07,9.043071323479592e-05,0.9178651167660671,0.07713283334494446,0.004911417584174428
1541,351,cot,6,0.01,tool,0,3.993416771200776e-09,9.226765482446416e-07,0.904455873218312,0.0841081141091329,0.011435086002590071
1542,352,cot,6,0.01,tool,0,5.783787218967469e-06,0.0003465366230522128,0.7397590614754479,0.011973795400696296,0.24791482271358461
1543,353,cot,6,0.01,tool,0,1.6238603494594514e-05,0.0031339038459981946,0.059944991193814925,0.9314920919324032,0.005412774424288955
1544,354,cot,6,0.01,tool,0,5.099585147256523e-06,0.0022369759513074404,0.19057362189998195,0.7820865381031518,0.025097764460411544
1545,355,cot,6,0.01,tool,0,1.4529588577399357e-08,3.2499052203149187e-06,0.965692437457647,0.033558480500889304,0.0007458176066549641
1546,356,cot,6,0.01,tool,0,1.6536771222763747e-08,2.4181073203187974e-06,0.7391450346279032,0.24484814844480224,0.016004382283203146
1547,357,cot,6,0.01,tool,0,0.00013054076688998308,0.12346083249559446,0.2769453877795016,0.34239080423495644,0.2570724347230575
1548,358,cot,6,0.01,tool,0,4.504912122964785e-07,0.0014480638020103018,0.9380534585136389,0.01611780511013706,0.04438022208300145
1549,359,cot,6,0.01,tool,0,7.243178735508322e-06,0.0011177981869598425,0.729485694059249,0.20957438388229813,0.059814880692757574
1550,360,cot,6,0.01,tool,0,3.6617580637883334e-06,2.7130153280933572e-05,0.07483328884361415,0.9233359999383005,0.0017999193067406512
1551,361,cot,6,0.01,tool,0,1.8940071383703658e-06,0.0007129563083167074,0.9558145604419231,0.023893391128484813,0.019577198114136985
1552,362,cot,6,0.01,tool,0,2.5126509134743672e-05,0.0037386191008715844,0.9603101336847245,0.0010988216590300938,0.03482729904623893
1553,363,cot,6,0.01,tool,0,4.1349556585272934e-05,0.00879143328105955,0.8605593139149065,0.07611378014824746,0.05449412309920115
1554,364,cot,6,0.01,tool,0,1.7440293522838283e-07,2.9396847894093695e-06,0.9649810654017433,0.033393230525936485,0.0016225899845956973
1555,365,cot,6,0.01,tool,0,1.3518004606808253e-09,2.0515445537163924e-06,0.968002745722929,0.02534679418570814,0.006648407195008726
1556,366,cot,6,0.01,tool,0,5.504708353455749e-06,0.006701198827217103,0.22927681210450923,0.021727080406988564,0.7422894039529316
1557,367,cot,6,0.01,tool,0,3.691283974273683e-07,4.003940600668276e-06,0.11619015192501121,0.8706480533015737,0.01315742170441705
1558,368,cot,6,0.01,tool,0,6.151447601341715e-07,2.2060100956609702e-05,0.5021771555731307,0.45471947150686803,0.043080697674284546
1559,369,cot,6,0.01,tool,0,3.792718386027998e-08,1.600040971913689e-05,0.9209331769199433,0.05386391135784727,0.025186873385306417
1560,370,cot,6,0.01,tool,0,1.0919789508983665e-05,0.0052811618065905196,0.4334541885963277,0.44584085879649643,0.11541287101107643
1561,371,cot,6,0.01,tool,0,2.6360914238645108e-09,8.745482097220172e-07,0.92739532112802,0.0712806502850853,0.001323151402593682
1562,372,cot,6,0.01,tool,0,4.259498485313935e-07,3.085039635215846e-05,0.7568002568227634,0.15205619403385695,0.091112272797179
1563,373,cot,6,0.01,tool,0,0.00014638722850077328,0.04112502572544039,0.3266095535808032,0.554754314186941,0.07736471927831455
1564,374,cot,6,0.01,tool,0,1.269267618378815e-07,0.00021761095470512637,0.388818187371343,0.6082361778976538,0.0027278968495361767
1565,375,cot,6,0.01,tool,0,0.0004665127302195996,0.10250912816817317,0.29855581597279723,0.3657541226001825,0.23271442052862754
1566,376,cot,6,0.01,tool,0,6.080297934249486e-07,3.8046915124195926e-05,0.23598149490329168,0.7437833638624547,0.020196486289336162
1567,377,cot,6,0.01,tool,0,6.562267401947527e-05,0.004439450235360625,0.40403539173932207,0.5458452646282909,0.045614270723007076
1568,378,cot,6,0.01,tool,0,4.383143954818976e-07,7.046529994058957e-05,0.008230887607851158,0.9908326895279824,0.0008655192498304371
1569,379,cot,6,0.01,tool,0,5.695036709134265e-07,0.00012673951547956735,0.22300183104001883,0.7750979450034997,0.0017729149373309247
1570,380,cot,6,0.01,tool,0,8.57433845148883e-09,3.4541319674825283e-07,0.13749439631139643,0.862081370781132,0.00042387891993637234
1571,381,cot,6,0.01,tool,0,2.988605409066132e-10,3.457478354882216e-08,0.8199058293247705,0.1799546291771704,0.00013950662441495427
1572,382,cot,6,0.01,tool,0,2.8551871774879627e-06,5.561074411251168e-05,0.19599312725775903,0.7997291968592981,0.004219209951653004
1573,383,cot,6,0.01,tool,0,5.5498205007521974e-09,1.993172730612697e-08,0.25617470342532445,0.7434757276201934,0.00034954347293433553
1574,384,cot,6,0.01,tool,0,6.693557907732273e-09,4.520126883767154e-07,0.9451195735384325,0.044923975754722775,0.009955992000598506
1575,385,cot,6,0.01,tool,0,3.8965559445263806e-07,0.0013714344868876684,0.9593268635588255,0.031503132106702754,0.007798180191989793
1576,386,cot,6,0.01,tool,0,2.4068481530365614e-06,0.001531650308124564,0.8501524196782799,0.12916119176981622,0.01915233139562633
1577,387,cot,6,0.01,tool,0,1.6174904681154784e-10,1.0686269410704179e-08,0.9121562205043666,0.08766667235281961,0.00017709629479517797
1578,388,cot,6,0.01,tool,0,5.553314708051461e-10,5.517986869572709e-08,0.7031158707994944,0.2947609566672833,0.00212311679802206
1579,389,cot,6,0.01,tool,0,6.619036328135502e-10,6.418140494400892e-08,0.37539309274920496,0.6245403152077686,6.652719971771111e-05
1580,390,cot,6,0.01,tool,0,4.8908528749483924e-12,3.139114261894959e-11,0.3920311064145925,0.607959734410796,9.159138329492199e-06
1581,391,cot,6,0.01,tool,0,3.381191253629438e-11,7.623119850766083e-11,0.6281640000825043,0.3717927329802785,4.326682717416386e-05
1582,392,cot,6,0.01,tool,0,1.3718061003532833e-10,1.5121765948548179e-09,0.7952847152804613,0.20333420920230572,0.0013810738678758832
1584,393,assistant,7,0.01,tool,0,2.5970510177354036e-11,3.6752092402255337e-10,0.00012031098038720679,0.9998795518363889,1.3678973257600398e-07
1585,394,assistant,7,0.01,tool,0,1.3817329623520593e-10,2.8874741292103503e-08,0.000372783160260679,0.9996270742276597,1.1359916489890887e-07
1586,395,assistant,7,0.01,tool,0,7.209293481152996e-11,3.377861129326307e-09,9.487114832657846e-05,0.9999047410541707,3.8434754862491224e-07
1587,396,assistant,7,0.01,tool,0,9.526212603300048e-12,1.9418277752425987e-09,4.436886607492459e-06,0.999995524514275,3.66477635291268e-08
1588,397,assistant,7,0.01,tool,0,2.8563458935002773e-09,8.336728069053405e-08,0.00010247396977368562,0.9998854079387427,1.2031867857230128e-05
1589,398,assistant,7,0.01,tool,0,1.7802379615431506e-10,1.162481599125463e-08,2.8672341394209566e-05,0.9999678505477168,3.465308049267471e-06
1590,399,assistant,7,0.01,tool,0,7.403763583957202e-11,3.210826712908779e-08,9.231404805260276e-05,0.9999065794662294,1.0743034131607292e-06
1591,400,assistant,7,0.01,tool,0,1.5396567923296061e-09,4.880455932910798e-07,0.00017836039046777752,0.9998023155705381,1.8834453744040092e-05
1592,401,assistant,7,0.01,tool,0,8.985012060842117e-10,2.7412579036572464e-07,0.00025183422305529113,0.9997448309670633,3.0597855898124745e-06
1593,402,assistant,7,0.01,tool,0,1.1042578073591592e-11,6.403774274898856e-09,5.405413055292141e-05,0.9999441856818346,1.7537727956219824e-06
1594,403,assistant,7,0.01,tool,0,3.533514417016049e-10,8.755665737298525e-08,1.416391629295062e-05,0.9999854497808969,2.983928014567837e-07
1595,404,assistant,7,0.01,tool,0,1.1417856031278362e-11,2.296719997350887e-10,0.00023098946717783414,0.9997689177504074,9.25413247333222e-08
1596,405,assistant,7,0.01,tool,0,2.562546669327418e-11,5.598304904631579e-10,0.00046563602208099297,0.9995342199409449,1.4345151810398728e-07
1597,406,assistant,7,0.01,tool,0,7.383791495562205e-11,1.5720915056853213e-09,0.0010555527633522512,0.9989439054891583,5.401015599761322e-07
1598,407,assistant,7,0.01,tool,0,8.052812656753628e-11,2.943774970801106e-09,4.505391212349901e-05,0.9999542746349367,6.68428636720841e-07
1599,408,assistant,7,0.01,tool,0,1.2989552561243546e-10,9.456338607301615e-09,2.1579010468724355e-05,0.9999754166024304,2.9948008669746944e-06
1600,409,assistant,7,0.01,tool,0,6.726598666822989e-10,1.2130729933157451e-06,6.787125633752239e-05,0.999922876014925,8.038983084425103e-06
1601,410,assistant,7,0.01,tool,0,2.731795478991013e-12,2.2470447251535005e-10,8.728183322680573e-06,0.9999912528278692,1.8761372068038942e-08
1602,411,assistant,7,0.01,tool,0,8.917721940925238e-10,6.557646325386141e-07,0.00029802310623832355,0.9996873371299873,1.3983107369762954e-05
1603,412,assistant,7,0.01,tool,0,2.011752795473149e-09,7.85673630625878e-08,4.938056846611443e-05,0.9999502358950214,3.029573966370685e-07
1604,413,assistant,7,0.01,tool,0,6.399725293226542e-11,4.577416203169691e-09,5.421109964212601e-06,0.9999944362215923,1.380270299510047e-07
1605,414,assistant,7,0.01,tool,0,1.6052373781158567e-12,4.912334675683866e-11,2.623748294311037e-06,0.9999973574051428,1.879583419217229e-08
1606,415,assistant,7,0.01,tool,0,6.000361753136589e-12,1.257999441509853e-08,5.1260008006615255e-05,0.999948497997006,2.294089924977044e-07
1607,416,assistant,7,0.01,tool,0,8.922151974081488e-10,6.676653089370101e-07,0.00010796626733369899,0.9998691356049024,2.2229570239591197e-05
1608,417,assistant,7,0.01,tool,0,8.74298328862356e-12,1.4066872959642813e-08,2.0814559528707313e-05,0.9999789625010235,2.0886383184650411e-07
1609,418,assistant,7,0.01,tool,0,4.115060238711583e-09,2.5390633197325433e-06,5.254501660212196e-05,0.9999438504722421,1.0613327757123806e-06
1610,419,assistant,7,0.01,tool,0,1.5425735118906217e-08,1.5085421476685681e-06,5.104769200923503e-05,0.9999468062244254,6.221156823968415e-07
1611,420,assistant,7,0.01,tool,0,1.2315545511443227e-06,0.0006821816695527914,0.0027920956396439017,0.9965177335885078,6.7575477441656556e-06
1612,421,assistant,7,0.01,tool,0,7.420313155334832e-14,2.784878231378568e-10,4.221758968459841e-07,0.9999995763161317,1.2294093067404094e-09
1613,422,assistant,7,0.01,tool,0,6.099312726733518e-12,8.112706566511233e-08,3.3941548084715776e-06,0.9999964115635057,1.131485208735405e-07
1614,423,assistant,7,0.01,tool,0,1.0767802472088914e-09,2.050315403087797e-06,0.0006354759952892555,0.999354588150334,7.884462193562207e-06
1615,424,assistant,7,0.01,tool,0,1.3987534414079709e-08,2.3649490566734146e-06,0.0006255426807034525,0.9993512491419522,2.0829240753472e-05
1616,425,assistant,7,0.01,tool,0,3.556473452887979e-11,1.1035184609580123e-08,1.0046752883130665e-05,0.9999898575930017,8.458336562710592e-08
1617,426,assistant,7,0.01,tool,0,1.7012914843740635e-10,6.692402830288017e-08,0.00014186231679418353,0.9998555236581963,2.546930851964939e-06
1618,427,assistant,7,0.01,tool,0,4.861760282978205e-10,9.08224581950026e-07,0.0006900587244527586,0.9993062311648075,2.8013999816872993e-06
1619,428,assistant,7,0.01,tool,0,1.17579414427678e-09,1.9232703414006133e-06,0.0015822900828130568,0.9983230884319484,9.269703910301752e-05
1620,429,assistant,7,0.01,tool,0,4.4418770448793586e-08,3.922588983516587e-05,0.0007479232225163186,0.9991561564125109,5.665005636715264e-05
1621,430,assistant,7,0.01,tool,0,3.1850676392246454e-09,1.4469797114485978e-06,0.000704781319419642,0.9992293001451271,6.446837067416432e-05
1622,431,assistant,7,0.01,tool,0,3.0712045395885225e-10,1.1124495983552467e-07,2.1043030355723386e-05,0.9999731895234841,5.655894079792305e-06
1623,432,assistant,7,0.01,tool,0,4.2344658847040505e-07,0.00014005035005900505,0.00027053840590365234,0.9992840538047627,0.00030493399268615145
1624,433,assistant,7,0.01,tool,0,9.969101051153065e-08,1.79996118517688e-06,0.0008251293211962304,0.9990673481938245,0.0001056228327836879
1625,434,assistant,7,0.01,tool,0,1.8579817783573285e-07,3.6530699942035807e-05,0.002381415796805599,0.9970314500848313,0.0005504176202432584
1626,435,assistant,7,0.01,tool,0,3.252435188555681e-08,1.2062504377553657e-06,0.0001850391243262619,0.9997996213374959,1.4100763388079747e-05
1627,436,assistant,7,0.01,tool,0,5.77752860691215e-09,7.834551914783338e-07,0.00025979994500614176,0.999739382919919,2.7902354624897985e-08
1628,437,assistant,7,0.01,tool,0,2.1143069375181212e-10,4.028795143454759e-08,1.9995869969547845e-05,0.9999798004800263,1.6315062209923108e-07
1629,438,assistant,7,0.01,tool,0,4.1043938384925e-12,4.433252065946279e-11,1.9261860838448136e-05,0.9999807335782338,4.5124909374375546e-09
1630,439,assistant,7,0.01,tool,0,5.384940614167633e-12,2.52641442478872e-10,0.0020277703479036247,0.9979722148263372,1.4567732641539855e-08
1631,440,assistant,7,0.01,tool,0,4.682818636806986e-09,5.48938122029911e-07,0.00023653935162699222,0.9997599151116874,2.991915744877196e-06
1632,441,assistant,7,0.01,tool,0,4.693600787317467e-10,5.686466770637029e-09,0.0008115668638960175,0.9991831308068618,5.2961734154389384e-06
1633,442,assistant,7,0.01,tool,0,1.96723399672195e-10,7.779333194430835e-09,6.483454662516273e-05,0.9999343939768871,7.635004309766496e-07
1634,443,assistant,7,0.01,tool,0,5.500403115431491e-10,3.064117584704675e-08,7.168574526098368e-06,0.9999925580488953,2.4218536250719315e-07
1635,444,assistant,7,0.01,tool,0,3.291296594317032e-11,5.88467588396543e-09,2.777505999598374e-05,0.999971657186743,5.61835672202109e-07
1636,445,assistant,7,0.01,tool,0,2.1549408948238574e-12,5.039627657015423e-10,1.424995859427387e-05,0.99998574391456,5.620728227109984e-09
1637,446,assistant,7,0.01,tool,0,1.733219489760842e-13,6.841251948647e-11,1.3488907959553546e-05,0.9999865098180466,1.2054079021307178e-09
1638,447,assistant,7,0.01,tool,0,9.77553166369825e-07,1.8521936384235695e-05,0.0021598036669800633,0.9977560106230219,6.468622044752513e-05
1639,448,assistant,7,0.01,tool,0,1.3018883607855342e-09,7.614699905540796e-08,8.248699953717457e-06,0.9999912653612293,4.0848992947868366e-07
1640,449,assistant,7,0.01,tool,0,2.4228682889833433e-09,5.439398512124463e-07,0.0011201903795533402,0.9988671876646654,1.2075593061632258e-05
1641,450,assistant,7,0.01,tool,0,3.4773445409033774e-10,1.790780287760336e-08,4.9715296120062784e-05,0.9999498971300244,3.6931831837675016e-07
1642,451,assistant,7,0.01,tool,0,2.2266360807650096e-11,3.838073756377535e-11,8.863253431455541e-07,0.9999991087164913,4.897518552223795e-09
1643,452,assistant,7,0.01,tool,0,2.3562654560701574e-09,4.313769415650391e-07,6.639830478087023e-05,0.9999321959850582,9.71976954037617e-07
1644,453,assistant,7,0.01,tool,0,5.224577262829151e-11,2.116246647831935e-08,0.00037805826103087337,0.9996216389814341,2.8154282289623115e-07
1645,454,assistant,7,0.01,tool,0,1.8139989646291873e-09,8.583370974776198e-09,0.00022924072823217955,0.9997697519965653,9.968778326235323e-07
1646,455,assistant,7,0.01,tool,0,6.076653583562714e-12,4.430997169729272e-10,5.7817278391831654e-05,0.9999421596899566,2.2582475256777822e-08
1647,456,assistant,7,0.01,tool,0,6.311952998891823e-11,2.2324437203739247e-09,4.893216754123703e-06,0.9999950646312376,3.985644501368786e-08
1648,457,assistant,7,0.01,tool,0,8.621535584954851e-11,4.353852133658987e-09,0.00010779346367501718,0.9998920621080705,1.3998818705224974e-07
1649,458,assistant,7,0.01,tool,0,4.876777903960391e-09,1.0044666612170953e-06,0.02777630243508445,0.9721273109850567,9.537723641988029e-05
1650,459,assistant,7,0.01,tool,0,4.4328211203162576e-08,2.8654267772523605e-06,0.0006308059669502711,0.9993437348108728,2.2549467188425638e-05
1651,460,assistant,7,0.01,tool,0,1.5211964830238019e-09,2.727034921644074e-07,0.0003985175717816453,0.9995911144274716,1.0093776058067237e-05
1652,461,assistant,7,0.01,tool,0,2.663165231379854e-09,1.2857017195552104e-08,0.0004543284090888586,0.9995439319739927,1.7240967359075256e-06
1653,462,assistant,7,0.01,tool,0,1.180670218279614e-08,2.8163100169353765e-07,0.0015096463172484362,0.9984648185921425,2.5241652904988637e-05
1654,463,assistant,7,0.01,tool,0,7.189810887940493e-11,1.318381159555331e-10,3.909861735997764e-05,0.9999608762005978,2.4978306001444326e-08
1655,464,assistant,7,0.01,tool,0,1.424637043587242e-10,4.919522892931145e-08,0.00015140771520832485,0.999848508692249,3.425485013184548e-08
1656,465,assistant,7,0.01,tool,0,1.157457320696365e-12,3.6948731552758853e-10,3.46120544196625e-05,0.9999653836000734,3.974862280085435e-09
1657,466,assistant,7,0.01,tool,0,5.324039999561857e-10,1.0162152108238251e-07,0.0009335621778689987,0.9990647138020687,1.6218661371044783e-06
1658,467,assistant,7,0.01,tool,0,8.726644953493261e-10,2.479933834237219e-07,0.00021684268425610243,0.9997822036242796,7.048254163913898e-07
1659,468,assistant,7,0.01,tool,0,8.742110769670849e-10,5.336190775654615e-08,0.000592248703818426,0.9994051213928403,2.5756672224534236e-06
1660,469,assistant,7,0.01,tool,0,3.6052039167667963e-09,7.53032074970588e-08,0.00134982203816563,0.9986302674737842,1.9831579638895093e-05
1661,470,assistant,7,0.01,tool,0,1.7108556429211034e-12,1.4001974193597996e-10,1.8390516481930895e-05,0.9999815480532576,6.128852987879805e-08
1662,471,assistant,7,0.01,tool,0,2.959034524943876e-07,8.44061879343896e-06,0.014307519966780865,0.9854649134908826,0.0002188300200907053
1663,472,assistant,7,0.01,tool,0,3.776872750851301e-07,4.630381341106078e-06,0.016038172784468258,0.9835330635557062,0.0004237555912093302
1664,473,assistant,7,0.01,tool,0,1.6031279148108499e-12,3.5402501182019334e-11,7.052967368121998e-05,0.9999294595065025,1.0782810760648228e-08
1665,474,assistant,7,0.01,tool,0,2.886343881412771e-09,2.1368951642357635e-08,0.0021240940998705354,0.9978737443084525,2.137336381501862e-06
1666,475,assistant,7,0.01,tool,0,2.0977005672780264e-10,6.659292369068002e-09,0.0008589269386236839,0.9991408903998298,1.7579248418167276e-07
1667,476,assistant,7,0.01,tool,0,1.905882260019626e-08,2.316460002870533e-07,0.0008081055403624067,0.9991912350622748,4.086925399308086e-07
1668,477,assistant,7,0.01,tool,0,3.994467323525852e-09,6.89187822346229e-08,0.0008587108965463303,0.9991405244866225,6.917035816484566e-07
1669,478,assistant,7,0.01,tool,0,1.6396133606674752e-10,7.96713098351728e-09,3.857363802757109e-05,0.999961389410263,2.882061713367635e-08
1670,479,assistant,7,0.01,tool,0,1.438035212500748e-10,9.704982060871498e-08,0.00014741337452627677,0.9998520670161813,4.224156683052029e-07
1671,480,assistant,7,0.01,tool,0,9.993379071561137e-10,3.431161505735909e-07,0.00201941651903978,0.9979795268840983,7.124813735109198e-07
1672,481,assistant,7,0.01,tool,0,3.0486001154632505e-08,1.616571551921903e-07,0.0003413246313605024,0.9996575532590602,9.299664229475839e-07
1673,482,assistant,7,0.01,tool,0,1.6637259612605255e-08,7.645914207999528e-07,0.0007136316344333033,0.9992782356856764,7.351451209828365e-06
1674,483,assistant,7,0.01,tool,0,5.1719264360507895e-11,7.727264810945355e-09,5.5216003543062255e-05,0.9999447576634128,1.8554060026366208e-08
1675,484,assistant,7,0.01,tool,0,4.849250556079807e-12,2.343274274262749e-10,1.586728098692473e-06,0.9999984098486593,3.184065173506636e-09
1676,485,assistant,7,0.01,tool,0,3.258823006163343e-10,3.120880707421639e-10,1.1904993144396522e-06,0.9999987874842216,2.13784936221009e-08
1677,486,assistant,7,0.01,tool,0,3.9482757636570215e-11,5.675898619722557e-10,3.334653674111502e-05,0.9999666481034214,4.752764838743193e-09
1678,487,assistant,7,0.01,tool,0,3.779013840106767e-09,2.7625450094619717e-08,1.3763096280866093e-05,0.9999861210996193,8.439963615951637e-08
1679,488,assistant,7,0.01,tool,0,1.289738069002605e-11,5.204327338579756e-11,7.668494069261576e-06,0.9999922055940699,1.2584692019697008e-07
1680,489,assistant,7,0.01,tool,0,2.087536995107271e-08,1.770158312103381e-08,7.82447477305662e-05,0.9999212556471275,4.6102818870742787e-07
1681,490,assistant,7,0.01,tool,0,1.7614676588256148e-11,1.4260651825741681e-09,0.0005647399625731848,0.9994352528565598,5.737187195907667e-09
1682,491,assistant,7,0.01,tool,0,2.3699497636130594e-09,1.3713535623964364e-08,7.82231719466217e-05,0.999921659722155,1.0102241282923182e-07
1683,492,assistant,7,0.01,tool,0,2.4642672332499783e-12,3.909673893190968e-11,4.414025483588265e-06,0.9999955849528269,9.80128517740958e-10
1684,493,assistant,7,0.01,tool,0,4.640642317263673e-12,5.961531041053966e-12,1.7215452976007347e-05,0.9999827837363152,8.001065387348886e-10
1685,494,assistant,7,0.01,tool,0,2.181457390003292e-11,1.4182649381016207e-10,4.083694024911557e-05,0.9999591602969603,2.5991495888757024e-09
1686,495,assistant,7,0.01,tool,0,4.777879364996211e-11,1.0187866044579178e-10,7.503293791245919e-05,0.9999247339480173,2.3296441269441376e-07
1687,496,assistant,7,0.01,tool,0,9.793037731822542e-11,1.2622166985569464e-09,6.740942200666754e-05,0.9999316368901864,9.523276598666747e-07
1688,497,assistant,7,0.01,tool,0,2.3768236234190476e-13,5.987100320390873e-12,2.1182346376982373e-06,0.9999978700035627,1.1755574791152069e-08
1689,498,assistant,7,0.01,tool,0,2.998908395612394e-13,7.56091189703885e-12,5.28480641077094e-06,0.9999947053720218,9.813706446803269e-09
1690,499,assistant,7,0.01,tool,0,1.416428737462234e-12,9.401466593589852e-12,6.566656109983624e-05,0.9999343317138337,1.7142484642314084e-09
1691,500,assistant,7,0.01,tool,0,1.0970773382869009e-05,5.113801507701563e-05,0.04754702137953598,0.9300941845770718,0.022296685254932433
1692,501,assistant,7,0.01,tool,0,2.5805237266184323e-09,7.00702247862679e-08,0.000248827595545069,0.9997482070365309,2.8927171754719206e-06
1693,502,assistant,7,0.01,tool,0,3.31782864109597e-12,9.225368213097058e-12,1.4433598678070325e-05,0.9999855505693848,1.5819394018286717e-08
1694,503,assistant,7,0.01,tool,0,6.641964896489998e-10,1.7717518215544374e-09,0.00011359667461304627,0.9998645603463712,2.184054306739449e-05
1695,504,assistant,7,0.01,tool,0,1.1718955700583098e-10,3.967144185212808e-09,0.0001075330971975607,0.9998593325151597,3.313030330893363e-05
1696,505,assistant,7,0.01,tool,0,2.5478774721092677e-09,6.836119992901081e-08,0.0005629597722055182,0.9993302796861502,0.0001066896325668071
1697,506,assistant,7,0.01,tool,0,2.4895827207363105e-14,1.8911414416363106e-13,1.6435497819253042e-06,0.9999983532191258,3.230878147374958e-09
1698,507,assistant,7,0.01,tool,0,4.168346803230508e-12,9.822093577038485e-12,6.496906960049106e-06,0.9999934475276251,5.555142444394064e-08
1699,508,assistant,7,0.01,tool,0,2.37900383150803e-11,5.001346149340441e-11,6.010328252914542e-05,0.9999392523782453,6.442654219450307e-07
1700,509,assistant,7,0.01,tool,0,3.4059489766865282e-12,1.3445324064977858e-09,4.2222202990376356e-05,0.9999562771501957,1.4992988755639726e-06
1701,510,assistant,7,0.01,tool,0,1.2279117381356468e-06,0.0002149343048420084,0.07820502741875003,0.920186211400353,0.0013925989643166976
1702,511,assistant,7,0.01,tool,0,7.528003413678913e-09,3.728170502719416e-07,7.924152813169739e-05,0.999911011713944,9.36641287069152e-06
1703,512,assistant,7,0.01,tool,0,3.610154279739158e-11,1.7193819818228355e-10,1.6085377436129876e-05,0.999983126442235,7.879722892029095e-07
978,1,user,2,0.01,tool,1,0.00020561925986760574,0.266812259603036,0.0019609910035814464,3.398199475865848e-08,0.7310210961515202
979,2,user,2,0.01,tool,1,9.418761758816049e-05,0.9895345538245891,8.852900221707994e-06,1.5362400494617441e-10,0.010362405503977077
980,3,user,2,0.01,tool,1,0.0003405877601308387,0.34921697898448506,0.0007717037608408513,1.0817597549243101e-08,0.6496707186769457
981,4,user,2,0.01,tool,1,0.0012446809794567526,0.8624138021678887,0.00045775772528974166,1.6144062736693845e-07,0.13588359768673758
982,5,user,2,0.01,tool,1,0.00020608274271926053,0.9926383677546421,2.970085067539159e-05,2.105651250827577e-08,0.0071258275954507455
983,6,user,2,0.01,tool,1,0.007564515299493416,0.9711707313854739,0.00027242086640736404,5.922349394357786e-08,0.020992273225131232
984,7,user,2,0.01,tool,1,0.0003108645810487125,0.9911240785209519,5.173115458444098e-05,4.238306657841657e-08,0.008513283360348437
985,8,user,2,0.01,tool,1,2.3770740958346238e-05,0.9987944391847001,9.602226061656938e-07,9.080053676262011e-11,0.001180829760934769
986,9,user,2,0.01,tool,1,0.0005584687178318688,0.9483677889983848,0.00024055882096448008,5.9420250957160524e-08,0.050833124042568074
987,10,user,2,0.01,tool,1,0.00017272128613700285,0.923358287484523,0.0007246244475714742,5.385200700636083e-07,0.07574382826169855
988,11,user,2,0.01,tool,1,0.00011299634766998652,0.9980602909833654,6.511361154217734e-06,7.0060809489867325e-12,0.0018202013008042145
989,12,user,2,0.01,tool,1,3.1951831260515364e-05,0.938437043511974,0.00042172752737465815,9.575143335306121e-11,0.06110927703363958
990,13,user,2,0.01,tool,1,0.0037033912153219815,0.9938166952011402,4.984127984910771e-05,1.835612309746031e-10,0.002430072120127522
991,14,user,2,0.01,tool,1,6.592976745216405e-05,0.999730147419651,5.061150553608246e-06,6.418188508039582e-10,0.00019886102052465117
992,15,user,2,0.01,tool,1,0.003746291418504921,0.9839069054439737,0.0004537557349017431,2.5375350497060416e-07,0.011892793649114504
993,16,user,2,0.01,tool,1,0.00021662293800547616,0.9712831271830448,0.0008272939953279602,1.1641094055136604e-08,0.027672944242527957
994,17,user,2,0.01,tool,1,0.0003493488646564025,0.8196140668588149,0.0037767648934567835,1.3395678787186752e-08,0.1762598059873932
995,18,user,2,0.01,tool,1,0.00018859884627423886,0.9639505813528059,0.0032577380688905535,6.018910665073832e-09,0.032603075713118886
996,19,user,2,0.01,tool,1,0.00018696411648368323,0.8963942862168668,0.0016498905842882803,2.236060033746399e-09,0.10176885684630121
997,20,user,2,0.01,tool,1,0.00021774030049173575,0.9918703288303791,0.0006405216877737699,1.1365131074664525e-09,0.007271408044842399
998,21,user,2,0.01,tool,1,0.003239993923389812,0.9593610323952889,0.0013753315110565595,1.521654693727565e-07,0.03602349000479527
999,22,user,2,0.01,tool,1,0.001134892545990025,0.9694945788466406,0.0018825780495192019,8.287004231206174e-08,0.027487867687807612
1000,23,user,2,0.01,tool,1,0.003561548440246755,0.9221472737590276,0.0008401117976117216,1.7052500171207763e-07,0.07345089547811214
1001,24,user,2,0.01,tool,1,0.0002947943540408183,0.9808181771129599,0.00037143906580812527,5.233647415035987e-07,0.01851506610244974
1002,25,user,2,0.01,tool,1,4.461482964161577e-06,0.9998283061572395,5.77594790951755e-07,6.096396375184643e-10,0.00016665415536560614
1003,26,user,2,0.01,tool,1,7.650899658753803e-05,0.9921435605929211,0.0006734906223572555,1.5503422914808335e-09,0.007106438237791746
1004,27,user,2,0.01,tool,1,0.00030899111468827407,0.9120960183478078,0.03945950186216602,1.2888879416154477e-08,0.04813547578645859
1005,28,user,2,0.01,tool,1,0.00031607342031922544,0.9543038434018639,0.0004977071446266393,3.593963219994666e-07,0.04488201663686815
1006,29,user,2,0.01,tool,1,0.00034758316835331176,0.9984918842396715,0.00037142533155801936,0.0001115958858189166,0.0006775113745983877
1007,30,user,2,0.01,tool,1,0.0013143288478883843,0.9898499657629416,0.00014151636880667675,4.298614151770767e-06,0.008689890406211464
1008,31,user,2,0.01,tool,1,0.00012114301310118554,0.9991172838414879,4.089476658260006e-05,2.900829316411953e-06,0.0007177775495117721
1009,32,user,2,0.01,tool,1,0.00036091623791016463,0.9982669633430572,2.191921668528799e-05,1.9766385652527257e-06,0.0013482245637820036
1010,33,user,2,0.01,tool,1,0.00017907154296886352,0.9832105827013946,0.0004076058711852785,5.7820433297128034e-08,0.0162026820640181
1011,34,user,2,0.01,tool,1,0.00035422625474591866,0.9736932371937707,7.170132118846616e-05,2.1335172710962282e-07,0.02588062187856788
1012,35,user,2,0.01,tool,1,5.242260801585377e-05,0.9948767067406025,0.000616002269975006,4.809666130817164e-08,0.004454820284745174
1013,36,user,2,0.01,tool,1,2.5175050612600034e-05,0.9883667788796149,0.0002605283885357425,7.104336557419922e-09,0.011347510576900305
1014,37,user,2,0.01,tool,1,0.0001159837532068964,0.9131906711728112,5.63080513424185e-05,6.514909637510345e-08,0.0866369718735434
1015,38,user,2,0.01,tool,1,1.7591271339615586e-05,0.9971662175344164,5.476215077593533e-06,2.849155159679403e-08,0.002810686487614578
1016,39,user,2,0.01,tool,1,9.729148473995744e-06,0.9991891805925263,8.534370043509328e-06,1.0094059147909228e-07,0.0007924549483647707
1017,40,user,2,0.01,tool,1,4.774528901337531e-05,0.9995409066860752,3.030384424947944e-05,1.2000789948756373e-07,0.00038092417276256455
1018,41,user,2,0.01,tool,1,3.9137721426884325e-06,0.9989439538470206,0.00018232854603894433,3.2109416832352276e-09,0.000869800623856219
1019,42,user,2,0.01,tool,1,2.9318270644493903e-05,0.9832831063531975,0.00019126755019697954,3.0232804628246827e-07,0.016496005497914745
1020,43,user,2,0.01,tool,1,2.9940427682551217e-05,0.9937355134222107,2.4706184366445894e-05,9.396281452250471e-08,0.006209746002925921
1021,44,user,2,0.01,tool,1,4.228414051395156e-05,0.9893691868515063,8.313387972733143e-05,2.679297374581345e-07,0.010505127198515003
1023,45,cot,3,0.01,tool,1,1.4013374433365324e-08,1.5261361335262463e-05,0.8566580589338264,1.1069077170458015e-06,0.1433255587837468
1024,46,cot,3,0.01,tool,1,4.227355044657866e-08,9.98939407592128e-05,0.6106470375646403,1.3646445246318975e-07,0.3892528897565975
1025,47,cot,3,0.01,tool,1,2.8057239831375094e-09,3.6201060854909177e-06,0.6854229316560942,7.689492412775722e-08,0.3145733685371722
1026,48,cot,3,0.01,tool,1,2.3753369916217587e-07,0.0004276867059987975,0.8043369268889144,1.912901281223708e-05,0.19521601985857537
1027,49,cot,3,0.01,tool,1,9.503248886150432e-07,0.007342512828050065,0.11153967248788406,5.781754415387236e-07,0.8811162861837358
1028,50,cot,3,0.01,tool,1,5.578823550595484e-08,7.509703854988114e-05,0.07721080020773533,6.691320132924426e-08,0.9227139800522779
1029,51,cot,3,0.01,tool,1,5.897783903296765e-07,0.0011796906132677022,0.48794134771734093,3.60524875146578e-06,0.5108747666422496
1030,52,cot,3,0.01,tool,1,2.3032605359225616e-07,0.00014655870611856407,0.5712252245114718,1.5031987331683496e-05,0.4286129544690244
1031,53,cot,3,0.01,tool,1,1.649577601247911e-10,9.26733165562316e-08,0.9683962887139926,7.238914574802371e-07,0.03160289455627559
1032,54,cot,3,0.01,tool,1,2.1092431099475558e-07,0.00016624107861022672,0.7499685768701826,4.0867005527821245e-06,0.24986088442634335
1033,55,cot,3,0.01,tool,1,2.1177133635445843e-05,0.024255037459536246,0.08144924303589784,4.743431397884904e-06,0.8942697989395326
1034,56,cot,3,0.01,tool,1,7.114636966244018e-06,0.07071666486288848,0.2445078756412969,2.225423673512099e-06,0.6847661194351748
1035,57,cot,3,0.01,tool,1,5.919110315997118e-06,0.6243895756341081,0.019903086254081784,1.65228676196489e-06,0.3556997667147321
1036,58,cot,3,0.01,tool,1,1.5887525218683603e-07,0.004333985333645107,0.5698508262785968,7.309511478145e-07,0.42581429856135805
1037,59,cot,3,0.01,tool,1,0.00012154752422446834,0.15123271235179295,0.7116532102347396,0.005473372044251859,0.13151915784499127
1038,60,cot,3,0.01,tool,1,8.120359328989078e-07,0.006913968355922112,0.47786487128883326,5.145583913694609e-06,0.5152152027353981
1039,61,cot,3,0.01,tool,1,2.7427975077922603e-05,0.9190743978199587,0.03677564196847978,0.00038778902000959217,0.04373474321647391
1040,62,cot,3,0.01,tool,1,7.899776629577788e-06,0.02437497963553521,0.6926840132343094,3.7900384721633775e-05,0.2828952069688043
1041,63,cot,3,0.01,tool,1,3.592841747149297e-05,0.3331706190398516,0.15724376137062582,0.003367892363125937,0.5061817988089251
1042,64,cot,3,0.01,tool,1,2.359685207148136e-06,0.009061080380582119,0.4909092037904224,6.464829998252853e-07,0.5000267096607884
1043,65,cot,3,0.01,tool,1,4.987165447136657e-07,0.00131710522104032,0.37034485510151494,1.5027420876538324e-05,0.6283225135400236
1044,66,cot,3,0.01,tool,1,1.1249053389796164e-06,0.001171923824262473,0.1680390866640631,8.001756916455539e-05,0.8307078470371709
1045,67,cot,3,0.01,tool,1,2.9029581963685913e-05,0.034894467998703035,0.19745538055932088,0.00010411552351789921,0.7675170063364946
1046,68,cot,3,0.01,tool,1,3.2523049477205055e-11,8.541407767491412e-08,0.9962233704250224,6.35350146468569e-07,0.0037759087782303236
1047,69,cot,3,0.01,tool,1,3.4497612470473456e-10,1.1254151538258116e-08,0.958118749208264,2.4793647197679666e-05,0.04185644554541078
1048,70,cot,3,0.01,tool,1,1.2982163240798221e-08,4.766497861872121e-06,0.7177496092466296,1.9441403182524908e-07,0.2822454168593135
1049,71,cot,3,0.01,tool,1,3.3139049525498053e-07,0.00048253307042651233,0.43620913982582626,1.514268254990315e-07,0.5633078442864264
1050,72,cot,3,0.01,tool,1,1.4590235808075983e-07,0.0027391138801557474,0.579747624468562,4.0529625450470925e-06,0.41750906278637906
1051,73,cot,3,0.01,tool,1,4.121358506605467e-10,3.28786253940805e-06,0.9865917903175212,7.481750350018461e-07,0.013404173232768561
1052,74,cot,3,0.01,tool,1,6.167016752717394e-11,1.862205940340046e-07,0.6296116257678376,5.539283778647395e-07,0.3703876340215204
1053,75,cot,3,0.01,tool,1,3.175936632068317e-09,3.488879527736104e-07,0.17729882095549646,1.1924909066945376e-06,0.8226996344897075
1054,76,cot,3,0.01,tool,1,7.962372169288723e-07,0.000412421495643451,0.7250777487588995,9.336075887592771e-06,0.2744996974323525
1055,77,cot,3,0.01,tool,1,9.946528248460703e-08,1.0720073354166583e-05,0.405958964526048,4.86072906710384e-07,0.5940297298624085
1056,78,cot,3,0.01,tool,1,1.662911286598102e-07,0.00032509012588907547,0.8553907217850512,8.136704744177576e-06,0.144275885093187
1057,79,cot,3,0.01,tool,1,8.521220064653414e-06,0.0010705906269736513,0.9206233039909933,0.0005597166360604576,0.07773786752590771
1058,80,cot,3,0.01,tool,1,1.0480730020226293e-09,1.8129229400342512e-07,0.9694074805124239,5.0109093611001575e-06,0.030587326237847906
1059,81,cot,3,0.01,tool,1,5.210971194473675e-08,4.6062791985269033e-05,0.7550974435106943,9.060702117371948e-06,0.24484738088549113
1060,82,cot,3,0.01,tool,1,2.7066998353080407e-05,0.000993385820639585,0.4920238187584511,0.0002003102943573612,0.5067554181281989
1061,83,cot,3,0.01,tool,1,1.117767733450955e-05,0.0013555681212667164,0.7963163603811222,1.9265650208058872e-05,0.2022976281700686
1062,84,cot,3,0.01,tool,1,5.697014354217683e-11,8.813149403128575e-09,0.9952060871926925,4.879386147654225e-06,0.004789024551040382
1063,85,cot,3,0.01,tool,1,3.1621670674205715e-12,5.897785952908856e-11,0.9992131889210059,1.8079964649823333e-05,0.0007687310522043599
1064,86,cot,3,0.01,tool,1,1.2857292654576397e-10,1.4635057400060199e-08,0.9624813015764919,0.00016902191765274388,0.03734966174222503
1065,87,cot,3,0.01,tool,1,3.298451806352108e-08,3.2352570067457086e-06,0.9958868298130795,0.0029960525922675396,0.0011138493531280544
1066,88,cot,3,0.01,tool,1,7.403378115967008e-08,8.365860512409787e-06,0.885882693598961,0.002186097407991852,0.11192276909875375
1067,89,cot,3,0.01,tool,1,1.4729253043727532e-06,8.194018613564315e-06,0.8264316777691114,0.012495636131500188,0.16106301915547064
1068,90,cot,3,0.01,tool,1,2.426557858905038e-07,5.84345369015983e-06,0.8621986801936238,0.002330378917245958,0.13546485477965417
1069,91,cot,3,0.01,tool,1,6.114079205211527e-07,9.029043118621545e-05,0.5849728831805998,0.0012433653067683663,0.4136928496735251
1070,92,cot,3,0.01,tool,1,1.4359633982739763e-07,1.2504160179999928e-05,0.9865184781939772,0.002458559784240417,0.011010314265262609
1071,93,cot,3,0.01,tool,1,1.6815220931649562e-11,1.1947872346057712e-10,0.9975546643905819,0.001790797026388274,0.0006545384467357795
1072,94,cot,3,0.01,tool,1,5.723440120459582e-10,7.041263148796003e-08,0.9596620256295805,0.00013451835852708947,0.040203385026916866
1073,95,cot,3,0.01,tool,1,8.676837319963298e-08,1.1055705977401633e-05,0.7885473459840822,0.00040386543641240616,0.21103764610515474
1074,96,cot,3,0.01,tool,1,1.4106668696543603e-09,3.0587346689433386e-07,0.9780213330134139,0.0004126005475573791,0.021565759154895073
1075,97,cot,3,0.01,tool,1,3.337472743311251e-08,2.1679021866322814e-06,0.6223414981919928,0.00034589931631644893,0.37731040121477666
1076,98,cot,3,0.01,tool,1,1.3786194909917197e-08,9.552454125797745e-07,0.7746901048080261,0.0007003015093622984,0.22460862465100395
1077,99,cot,3,0.01,tool,1,8.081851816732847e-07,7.374379137203742e-05,0.4409635665048008,5.837783952756117e-05,0.5589035036791179
1078,100,cot,3,0.01,tool,1,5.285444759360311e-07,1.1020607746378137e-05,0.12081534734740366,0.0008795339540620513,0.8782935695463119
1079,101,cot,3,0.01,tool,1,1.0245221848743131e-05,0.0036890662291734202,0.12564350762345217,0.0021252074983973807,0.8685319734271284
1080,102,cot,3,0.01,tool,1,3.1942146603634135e-08,2.484274786817033e-06,0.3102016071959704,0.0014462181100368752,0.6883496584770593
1081,103,cot,3,0.01,tool,1,1.0541556689935994e-06,5.834006144306574e-06,0.10259887021021068,0.0023277875846390065,0.8950664540433371
1082,104,cot,3,0.01,tool,1,1.9748399181167405e-07,6.625517267861594e-06,0.36941245433915004,0.008362868402020208,0.62221785425757
1083,105,cot,3,0.01,tool,1,1.3428950849120983e-09,4.4642336035474406e-08,0.9906383718334081,0.0009692790069989191,0.008392303174361893
1084,106,cot,3,0.01,tool,1,1.200532836463504e-08,1.7749983778180558e-06,0.8324252079410888,0.0010143590734244038,0.1665586459817808
1085,107,cot,3,0.01,tool,1,0.00028443686006857403,0.025653110650017276,0.6255859737698855,0.03143271997322956,0.3170437587467992
1086,108,cot,3,0.01,tool,1,4.26371136817873e-05,0.0018265997218192523,0.4017326384491919,0.029268842297021994,0.5671292824182851
1087,109,cot,3,0.01,tool,1,5.938836334113593e-08,1.1937680775492002e-05,0.914164408375384,0.02319483933609853,0.06262875521937868
1088,110,cot,3,0.01,tool,1,0.000396333105588271,0.38070749228464934,0.3454138596989295,0.027244968476908934,0.24623734643392386
1089,111,cot,3,0.01,tool,1,6.544156720132346e-06,0.00013273474162324935,0.49231186510384906,0.002344088822619437,0.5052047671751881
1090,112,cot,3,0.01,tool,1,6.506534266778005e-06,0.0004892870409947588,0.3058767603791231,0.5750480868141198,0.11857935923149567
1091,113,cot,3,0.01,tool,1,3.5953860804756584e-06,2.3395989848780824e-05,0.5437721120094702,0.40693288472030453,0.049268011894296165
1092,114,cot,3,0.01,tool,1,1.461285568487736e-06,0.00010861973390327123,0.8563875363932879,0.0007401661485349552,0.14276221643870532
1093,115,cot,3,0.01,tool,1,0.0003570025432927111,0.005224188081807967,0.00396893247248772,3.5380046829430155e-05,0.9904144968555822
1094,116,cot,3,0.01,tool,1,5.90079280949875e-05,0.00038564995838556113,0.00352814295038138,0.00021107270651433892,0.9958161264566238
1095,117,cot,3,0.01,tool,1,9.828904617734916e-07,1.9094414218514567e-06,0.1917536217125827,0.0015464574802059308,0.8066970284753276
1096,118,cot,3,0.01,tool,1,1.2528358439805438e-05,0.0005092777568080633,0.10919306331567825,0.005279198244206723,0.8850059323248671
1097,119,cot,3,0.01,tool,1,4.0609085361576074e-07,1.8407284255982322e-06,0.3461297430113582,0.0007672731158648135,0.6531007370534979
1098,120,cot,3,0.01,tool,1,0.00011592466503622571,0.0168514022479639,0.08088399558576587,2.6390799900557395e-05,0.9021222867013333
1099,121,cot,3,0.01,tool,1,7.449828309878407e-09,2.0561183797734438e-07,0.9536698605991049,0.000617686151762647,0.04571224018746621
1100,122,cot,3,0.01,tool,1,6.23375435931368e-09,5.648492302222998e-07,0.8662449187358374,0.00745399404886084,0.12630051613231733
1101,123,cot,3,0.01,tool,1,1.1629640159993754e-05,0.0005488019365241187,0.3742188514999185,0.0004510225935316539,0.6247696943298656
1102,124,cot,3,0.01,tool,1,1.2622271794534918e-07,1.5282278326091978e-05,0.6984562020791125,0.006812494876952807,0.29471589454289077
1103,125,cot,3,0.01,tool,1,1.5301090214944022e-08,6.366128101755591e-08,0.9401709003589455,0.007236965859554514,0.0525920548191289
1104,126,cot,3,0.01,tool,1,1.3444407164230552e-08,1.908134819285196e-08,0.9529170827221125,0.024330435832983263,0.022752448919148974
1106,127,assistant,4,0.01,tool,1,9.379593136369742e-12,3.797651953414694e-10,0.42910713697529124,0.5707713889863291,0.00012147364923477027
1107,128,assistant,4,0.01,tool,1,2.780293492159319e-11,1.3807461908178775e-09,0.03656136329546196,0.9634215725136347,1.7062782354415264e-05
1108,129,assistant,4,0.01,tool,1,3.701606133209534e-11,2.2666049644238865e-10,0.11177957138832444,0.888216661237617,3.7671103819603102e-06
1109,130,assistant,4,0.01,tool,1,7.065450466266422e-09,2.431794569636727e-08,0.005426827381632258,0.9941952624908978,0.0003778787440735964
1110,131,assistant,4,0.01,tool,1,8.611044698842019e-11,1.5232608403630959e-09,0.0014997239098466422,0.9984796906088478,2.0583871934487044e-05
1111,132,assistant,4,0.01,tool,1,2.9493039532031505e-12,5.096077663814023e-11,0.000364707224354403,0.9996324519395158,2.8407822198288136e-06
1112,133,assistant,4,0.01,tool,1,9.000765524735462e-14,1.0534572763391307e-11,0.0007614442939353353,0.9992385055024623,5.0192977918987874e-08
1113,134,assistant,4,0.01,tool,1,4.547271362483814e-11,5.109400911494113e-10,0.002139411748827692,0.9978410995924459,1.9488102313512037e-05
1114,135,assistant,4,0.01,tool,1,3.3593826980720506e-10,2.640623776619607e-10,0.0025244239234362134,0.9974499839114522,2.559156511084981e-05
1115,136,assistant,4,0.01,tool,1,1.5110059876504328e-11,1.4708127420823452e-10,0.0005324250822444956,0.9994595896532414,7.985102322802672e-06
1116,137,assistant,4,0.01,tool,1,7.367000777780024e-11,8.935296237628607e-11,0.11838941255605723,0.8816035916635989,6.995617320825917e-06
1117,138,assistant,4,0.01,tool,1,2.474541805499547e-10,5.992781004416201e-10,0.05051319148683569,0.9494371038795083,4.9703786923795225e-05
1118,139,assistant,4,0.01,tool,1,2.785981801202395e-09,6.7188101907021255e-09,0.021655216104842712,0.9778475700984711,0.0004972042918941914
1119,140,assistant,4,0.01,tool,1,1.7065767161750006e-05,0.016243618253960878,0.009329149414959048,0.9407821048465893,0.03362806171732895
1120,141,assistant,4,0.01,tool,1,1.913630234289805e-10,4.6763919780684094e-08,0.0011864578277713353,0.9986841746604939,0.0001293205564521077
1121,142,assistant,4,0.01,tool,1,5.3103482169754945e-05,0.02818774559983073,0.1710421904499727,0.7410218341542887,0.0596951263137382
1122,143,assistant,4,0.01,tool,1,7.764969284698883e-07,3.515346290336874e-05,0.001492186517211867,0.9978883447053164,0.0005835388176398885
1123,144,assistant,4,0.01,tool,1,5.607083456918272e-12,5.361512868466695e-10,0.0009965709125524648,0.9989764207098736,2.7007835815719123e-05
1124,145,assistant,4,0.01,tool,1,4.614763091786347e-08,4.829682933748949e-07,0.0007655376687571348,0.9992155690443937,1.8364170924925813e-05
1125,146,assistant,4,0.01,tool,1,4.1980602507941523e-10,3.18082137325007e-07,0.01716862236102714,0.9828145715911254,1.6487545903997354e-05
1126,147,assistant,4,0.01,tool,1,6.181161620276389e-06,0.00046428993106844397,0.04655915386944849,0.9516356214068965,0.001334753630966355
1127,148,assistant,4,0.01,tool,1,9.374335096683456e-05,0.09098271324363316,0.0917876801056844,0.7188021041208275,0.09833375917888812
1128,149,assistant,4,0.01,tool,1,0.000543137717993906,0.7795314796414887,0.010738475960111142,0.20104322137738947,0.00814368530301655
1129,150,assistant,4,0.01,tool,1,5.239592564758135e-05,0.08028834728952551,0.02199046212660973,0.8872989210956796,0.010369873562537752
1130,151,assistant,4,0.01,tool,1,1.5150536685411934e-05,0.014475798949238415,0.2435378868344336,0.7276406081555662,0.014330555524076367
1131,152,assistant,4,0.01,tool,1,1.942595465485674e-06,0.000286929048606176,0.004376753989831528,0.994655740888057,0.0006786334780399569
1132,153,assistant,4,0.01,tool,1,1.977037778343705e-08,6.719115696061427e-05,0.004204909603078623,0.9819486066878158,0.013779272781767216
1133,154,assistant,4,0.01,tool,1,2.5985512322303605e-08,4.898355534509296e-06,0.0012305956984319504,0.9953084753091423,0.0034560046513790366
1134,155,assistant,4,0.01,tool,1,7.1313179605306455e-06,0.012211861970727983,0.2591313542005875,0.52609134763637,0.20255830487435394
1135,156,assistant,4,0.01,tool,1,2.556365513580722e-08,0.00010754792997221827,0.01158217288998008,0.9855523971948722,0.0027578564215205736
1136,157,assistant,4,0.01,tool,1,1.5171142571716199e-06,0.0026430084754190575,0.22072633196904928,0.5342255348534343,0.2424036075878403
1137,158,assistant,4,0.01,tool,1,7.608470667587778e-05,0.0027968422754158684,0.2423695168213205,0.7271082549834715,0.027649301213116196
1138,159,assistant,4,0.01,tool,1,1.0216035323397993e-07,4.179509720019222e-06,0.004508333577018553,0.9953006276989652,0.0001867570539429102
1139,160,assistant,4,0.01,tool,1,0.00021119945511538586,0.5781220662235613,0.11103750226431351,0.30527639904474285,0.005352833012266822
1140,161,assistant,4,0.01,tool,1,2.4503018292908033e-08,8.543287742645497e-07,0.0002049053486690692,0.9997465026882206,4.771313131765121e-05
1141,162,assistant,4,0.01,tool,1,1.70176797511935e-10,1.4933663438906775e-09,0.0030563950507490885,0.9968792006545715,6.440263113629142e-05
1142,163,assistant,4,0.01,tool,1,1.115940291424472e-07,2.924808656938064e-05,0.00650726203803827,0.9913780646188767,0.0020853136624866125
1143,164,assistant,4,0.01,tool,1,6.632023561396279e-13,3.460956674634708e-11,0.00650420902751601,0.9934956818793742,1.0905783699265375e-07
1144,165,assistant,4,0.01,tool,1,6.2678345516250875e-06,0.0004593979631078653,0.777131906179311,0.1854315342123298,0.03697089381069973
1145,166,assistant,4,0.01,tool,1,1.524014455441528e-10,2.590223891601346e-09,0.001098352078801528,0.9988814804923339,2.0164686239260216e-05
1146,167,assistant,4,0.01,tool,1,2.423312394238818e-07,4.622430163126948e-06,0.0009716578904188564,0.9989968432494671,2.6634098711476956e-05
1147,168,assistant,4,0.01,tool,1,3.4289525276602586e-09,2.601136737931389e-07,0.00026871815185039644,0.9996096573204898,0.00012136098503356046
1148,169,assistant,4,0.01,tool,1,3.777972013439591e-09,2.0630178490614714e-07,0.00010883614483681463,0.9998383777147319,5.2576060674266256e-05
1149,170,assistant,4,0.01,tool,1,1.2280485952191093e-05,9.91699053800605e-05,0.019333083337384788,0.979286254366625,0.0012692119046580131
1150,171,assistant,4,0.01,tool,1,1.3497638771608981e-08,9.14609912488399e-09,0.0018625785143811093,0.9977572587810888,0.00038014006079209976
1151,172,assistant,4,0.01,tool,1,7.502041315300748e-05,0.00015786083259144865,0.24034147506538944,0.7050656262365281,0.054360017452337865
1152,173,assistant,4,0.01,tool,1,0.0001277852571746137,8.856248712012422e-05,0.20275183850531484,0.5754795654187245,0.22155224833166587
1153,174,assistant,4,0.01,tool,1,4.382916800265025e-08,1.3986578245371361e-06,0.0021458098903843668,0.9977835389757396,6.920864688357784e-05
1154,175,assistant,4,0.01,tool,1,0.00017009584878060292,0.005390326025614522,0.004232022017495965,0.9788523260240743,0.011355230084034712
1155,176,assistant,4,0.01,tool,1,3.1619331535615685e-07,5.766512556722605e-06,0.0204004652071616,0.9761184058909615,0.0034750461960049556
1156,177,assistant,4,0.01,tool,1,3.3560495371573446e-06,9.016520747870028e-07,0.025174346330070728,0.9723080156147872,0.002513380353530102
1157,178,assistant,4,0.01,tool,1,2.925899092617758e-07,1.162935471752704e-05,0.017569989071786512,0.9810183608643049,0.0013997281192816853
1158,179,assistant,4,0.01,tool,1,1.4516023442244928e-08,3.641506857856587e-08,9.231328004055449e-05,0.9999026366859977,4.9991028699209606e-06
1159,180,assistant,4,0.01,tool,1,1.1271503015436886e-06,6.400985654332411e-06,0.0017431286665156728,0.9965977169912611,0.0016516262062674259
1160,181,assistant,4,0.01,tool,1,1.0163797791154427e-05,8.495622711929774e-05,0.00848186876650392,0.984618325817845,0.006804685390740583
1161,182,assistant,4,0.01,tool,1,1.3596809155176136e-05,0.000287595959850896,0.04560632159555649,0.9442176405078504,0.00987484512758708
1162,183,assistant,4,0.01,tool,1,8.764286311531029e-07,6.476148025984971e-06,0.029031996026272346,0.9687479385584201,0.0022127128386506146
1163,184,assistant,4,0.01,tool,1,5.26605068133765e-08,1.0467954007823938e-07,0.002346023388083412,0.9976124358152412,4.1383456628589114e-05
1164,185,assistant,4,0.01,tool,1,1.0616809156115726e-08,1.612383263179396e-08,8.705567651993683e-05,0.9998797139317266,3.320365111159088e-05
1165,186,assistant,4,0.01,tool,1,2.7794229617432725e-06,9.84934589685527e-06,0.004066297323082055,0.9692991197785369,0.026621954129522417
1166,187,assistant,4,0.01,tool,1,9.916867229710173e-05,0.0002841123313562861,0.051562998225103254,0.8060115754452155,0.14204214532602777
1167,188,assistant,4,0.01,tool,1,1.23372565607874e-06,1.6598999470606425e-05,0.010521471614736051,0.9835236349701446,0.005937060689992688
1168,189,assistant,4,0.01,tool,1,5.591711940625568e-08,8.110528770202678e-07,0.0009915953814402636,0.9986294657322807,0.0003780719162824038
1169,190,assistant,4,0.01,tool,1,2.1215672927377223e-08,5.991310681184469e-07,0.0006071744444525346,0.9993745345677574,1.767064104901949e-05
1170,191,assistant,4,0.01,tool,1,1.68252223173711e-07,5.637544368450073e-07,0.0004282755643073852,0.9994479946268832,0.00012299780214935794
1171,192,assistant,4,0.01,tool,1,6.343154095210627e-08,4.3540365252846566e-07,0.0006709526748802137,0.9992015785206235,0.00012696996930277658
1172,193,assistant,4,0.01,tool,1,2.21897098081546e-06,1.2922689953093592e-05,0.00971177154668127,0.9474538323023459,0.042819254490039
1173,194,assistant,4,0.01,tool,1,1.0039065088143063e-09,8.245822273783127e-09,9.082383685364955e-05,0.9999010268647487,8.140048668920546e-06
1174,195,assistant,4,0.01,tool,1,8.953761830486875e-10,2.5354236568594422e-09,7.982643086916485e-05,0.9999165764864608,3.59365187026844e-06
1175,196,assistant,4,0.01,tool,1,7.013172923911535e-07,1.384877219245435e-06,0.002740403350962394,0.9920638824046204,0.005193628049905511
1176,197,assistant,4,0.01,tool,1,1.8193318532389183e-05,0.0003866935986216589,0.020546559490345114,0.9677591791301999,0.011289374462300899
1177,198,assistant,4,0.01,tool,1,4.28038538329793e-05,0.0007175461620756284,0.04051470519518621,0.2478009627246293,0.7109239820642759
1178,199,assistant,4,0.01,tool,1,0.030850190381692545,0.04390907052331817,0.16826532605873384,0.08700027981653558,0.6699751332197199
1179,200,assistant,4,0.01,tool,1,1.0255090528821649e-07,1.3838187372492863e-06,0.0011595490724998492,0.9950383569899238,0.0038006075679338064
1180,201,assistant,4,0.01,tool,1,3.244380968614154e-07,2.1869839915286583e-06,0.0036065054886087566,0.9929102966667449,0.0034806864225579623
1181,202,assistant,4,0.01,tool,1,8.90607023311833e-05,0.00011435733369720332,0.07456803658530739,0.844945773865271,0.08028277151339319
1182,203,assistant,4,0.01,tool,1,2.1690349752495688e-06,2.1712524556972462e-05,0.022991711785953377,0.9724012113318309,0.0045831953226835665
1183,204,assistant,4,0.01,tool,1,4.283912626660536e-07,1.5241881663670285e-06,0.0024693689835245352,0.9970883003977037,0.00044037803934271984
1184,205,assistant,4,0.01,tool,1,3.8255227592425905e-08,7.57036037191178e-07,0.000651644536131081,0.9993183176405339,2.9242532070225344e-05
1185,206,assistant,4,0.01,tool,1,1.6405743953955282e-07,1.0768061203404289e-06,0.004900162148286067,0.9935081472159978,0.001590449772156409
1186,207,assistant,4,0.01,tool,1,2.815353171632499e-06,1.0519471438989887e-06,0.0009761548824562786,0.9989583601273159,6.161768991241052e-05
1187,208,assistant,4,0.01,tool,1,4.6133386151333976e-07,1.9636467513214902e-05,0.0013000226969872265,0.9983932961003956,0.0002865834012423837
1188,209,assistant,4,0.01,tool,1,2.558448424954113e-05,0.0005398693585146704,0.2348277782302338,0.7623292216198632,0.0022775463071386583
1189,210,assistant,4,0.01,tool,1,1.4311719520279868e-05,2.3573903468569573e-05,0.02060098171244052,0.9785007991820921,0.0008603334824784779
1190,211,assistant,4,0.01,tool,1,9.47663692408374e-06,4.283531424531709e-06,0.007855587420455324,0.9915962160689776,0.0005344363422184075
1191,212,assistant,4,0.01,tool,1,6.904680415541276e-11,2.101371808146799e-10,4.483178561755195e-05,0.9999536691324421,1.4988027562930264e-06
1192,213,assistant,4,0.01,tool,1,5.7912913287452695e-12,1.519106793505361e-11,0.00043537309113384685,0.999564300282951,3.266049327552267e-07
1193,214,assistant,4,0.01,tool,1,8.699759207486062e-07,8.437649494283264e-06,0.0036321725194535907,0.9929023034891504,0.003456216365980925
1194,215,assistant,4,0.01,tool,1,6.803169577466615e-09,5.357042884455458e-09,0.000288626388402716,0.9996104159893899,0.0001009454619948672
1195,216,assistant,4,0.01,tool,1,1.587840271687265e-05,0.00011574349981877627,0.017032671461523756,0.9810854685091698,0.0017502381267706863
1196,217,assistant,4,0.01,tool,1,7.676009041983768e-07,5.096177247722965e-05,0.0006501499667989229,0.9986762285552025,0.0006218921046170284
1197,218,assistant,4,0.01,tool,1,2.8476112010009235e-10,3.05652811648445e-08,3.961334261445497e-06,0.9999935629023086,2.4449133877254562e-06
1198,219,assistant,4,0.01,tool,1,3.199855171957404e-10,2.653680487211124e-09,4.131919122366641e-05,0.9999543781524487,4.299682661735235e-06
1199,220,assistant,4,0.01,tool,1,1.7937542166056232e-07,3.172988754606307e-06,0.0016464301803308437,0.9972594113776561,0.0010908060778369053
1200,221,assistant,4,0.01,tool,1,0.00013007507447325577,0.007755462216941949,0.17099951064027585,0.4318787896536637,0.38923616241464515
1201,222,assistant,4,0.01,tool,1,1.4718079158236729e-06,8.076552919446153e-05,0.025152700436089186,0.9688056731002211,0.005959389126579334
1202,223,assistant,4,0.01,tool,1,1.7821179533893468e-07,1.3579830785893503e-05,0.007497625844256896,0.97893484421492,0.013553771898241742
1203,224,assistant,4,0.01,tool,1,8.266576879031211e-10,4.805774628519408e-09,0.0004092629107100677,0.9995883817357207,2.3497211368628353e-06
1204,225,assistant,4,0.01,tool,1,4.24280418921693e-07,6.986835541938357e-06,0.04588689428819082,0.9523333129888182,0.0017723816070300822
1205,226,assistant,4,0.01,tool,1,7.236194781208891e-09,1.2084113979393376e-06,0.004001293907462743,0.9928981464237164,0.003099344021228085
1206,227,assistant,4,0.01,tool,1,0.0001620831764975702,0.0006748053847923307,0.025791638093722095,0.37504925164206715,0.5983222217029209
1207,228,assistant,4,0.01,tool,1,2.8993783940319563e-06,7.024757856446173e-07,0.003605263863881354,0.9895927022038236,0.006798432078115407
1208,229,assistant,4,0.01,tool,1,5.81668658082485e-09,4.988085479964797e-09,0.0006848778340744074,0.9991934034488497,0.00012170791230402507
1209,230,assistant,4,0.01,tool,1,5.975614626216568e-05,2.476352066449139e-05,0.008352323345801329,0.9867504180280859,0.00481273895918615
1210,231,assistant,4,0.01,tool,1,5.274412554024373e-05,0.0003048229422501201,0.031032164848162614,0.7387654959882127,0.22984477209583426
1211,232,assistant,4,0.01,tool,1,3.73504406228118e-06,9.340563041771894e-06,0.0009790899466268052,0.9986018596004042,0.0004059748458652057
1212,233,assistant,4,0.01,tool,1,2.4589462874938558e-08,2.0143027050359221e-07,0.0005827125202608648,0.9992262181518784,0.0001908433081272708
1213,234,assistant,4,0.01,tool,1,9.323216717118062e-09,1.8368207176841684e-07,0.0006968612243886417,0.9979504995351005,0.0013524462352223633
1214,235,assistant,4,0.01,tool,1,4.244322320378483e-06,0.0006835384762118526,0.05262404450080276,0.8996024701329236,0.04708570256774159
1215,236,assistant,4,0.01,tool,1,4.4399631135517083e-07,5.313115753136568e-06,0.0006618758043193473,0.9953856390327711,0.003946728050845002
1216,237,assistant,4,0.01,tool,1,4.682165798067542e-10,1.0287161580565197e-09,8.361654097288818e-05,0.9998749287277345,4.145323435987263e-05
1217,238,assistant,4,0.01,tool,1,3.312305244342748e-06,9.529521716925989e-05,0.0022103324979625676,0.9932031739685405,0.004487886011083139
1218,239,assistant,4,0.01,tool,1,1.8457902050505871e-09,3.658392267700362e-09,6.125827577566847e-05,0.9999352288887082,3.507331333697442e-06
1219,240,assistant,4,0.01,tool,1,1.8362758813495678e-07,9.786682219825366e-08,0.0005017092185836237,0.9992349497211069,0.00026305956589911566
1220,241,assistant,4,0.01,tool,1,1.28285979137382e-07,5.867966973496533e-07,0.0006228025626379462,0.999077436923229,0.0002990454314565533
1221,242,assistant,4,0.01,tool,1,6.636664229136655e-06,4.248807717988963e-05,0.11992830711954806,0.8387737325168018,0.04124883562224114
1222,243,assistant,4,0.01,tool,1,2.337194725072103e-06,2.581309180421439e-06,0.021603068370642183,0.9722144177796094,0.00617759534584314
1223,244,assistant,4,0.01,tool,1,1.8233976834432592e-07,4.151474239543915e-07,0.007658163279355561,0.9855256436771626,0.0068155955562896504
1224,245,assistant,4,0.01,tool,1,2.564431105880238e-06,6.271851427254751e-06,0.04284380072603849,0.9434717296840329,0.013675633307395513
1225,246,assistant,4,0.01,tool,1,8.039050548076482e-06,5.097273808911352e-06,0.040231761563736604,0.9545211350924094,0.005233967019497058
1436,247,user,5,0.01,tool,1,2.0503903948967545e-05,0.003513652582342597,0.876855069221375,0.11123613092090603,0.008374643371427454
1437,248,user,5,0.01,tool,1,1.746476291685009e-05,0.0007066924666017407,0.5284176077857288,0.45547952589012103,0.015378709094631566
1438,249,user,5,0.01,tool,1,7.023106646169216e-10,2.4118910800035157e-07,0.006660073147438475,0.9933256767685411,1.4008192601817348e-05
1439,250,user,5,0.01,tool,1,2.0604324929947296e-06,0.0009024092468521468,0.0916177281341729,0.9040048045765268,0.003472997609955095
1440,251,user,5,0.01,tool,1,1.399832609486017e-05,0.017023558900782425,0.04559548128046996,0.9252808267714105,0.012086134721242165
1441,252,user,5,0.01,tool,1,3.340918581107078e-05,0.4422029158760549,0.15474418258699577,0.3942925058314597,0.008726986519678645
1442,253,user,5,0.01,tool,1,1.5456143401502904e-05,0.06315790805498121,0.49727116427509277,0.36148444443545613,0.07807102709106832
1443,254,user,5,0.01,tool,1,1.5113867248623456e-05,0.005932809898023582,0.08550763280808199,0.8784568643105727,0.030087579116073005
1444,255,user,5,0.01,tool,1,6.698573036059633e-05,0.9019441626778335,0.02848276489020489,0.0634230134025924,0.006083073299008612
1445,256,user,5,0.01,tool,1,0.00018426456749767796,0.7109106859863306,0.029997337893711593,0.14869984045296705,0.11020787109949304
1446,257,user,5,0.01,tool,1,5.427765933842936e-06,0.017108926623307052,0.8727197500837045,0.009288558140954887,0.10087733738609975
1447,258,user,5,0.01,tool,1,4.124357696132789e-05,0.2994486339266523,0.0906384108811061,0.06223876478610597,0.5476329468291743
1448,259,user,5,0.01,tool,1,1.1526237449579023e-05,0.4112937049741124,0.1552192294905908,0.34290879847781297,0.09056674082003424
1449,260,user,5,0.01,tool,1,1.5095919508061998e-05,0.9838513321487905,0.008673401290604453,0.0007442054076954202,0.006715965233401572
1450,261,user,5,0.01,tool,1,0.0003524434486894446,0.5479724469884302,0.018252784355758563,0.37116067697703276,0.06226164823008907
1451,262,user,5,0.01,tool,1,4.688468887366557e-06,0.23628792208696558,0.005946380341934203,0.755808306379151,0.0019527027230620128
1452,263,user,5,0.01,tool,1,3.072015629284254e-07,0.0013273280577368583,0.0003779598692058811,0.9982511571579658,4.324771352856407e-05
1453,264,user,5,0.01,tool,1,1.0334418952125743e-06,0.025606855740835356,0.008909552848121989,0.9650251153611934,0.0004574426079539516
1454,265,user,5,0.01,tool,1,2.323807428994747e-06,0.9137115197310935,0.0046663344646576165,0.07945644680021244,0.0021633751966075323
1455,266,user,5,0.01,tool,1,1.6422971877376628e-05,0.6557957925674894,0.008957496814625222,0.2897478287973781,0.045482458848629954
1456,267,user,5,0.01,tool,1,2.94202821498891e-06,0.9914043498268249,0.00020584339781242603,0.007135141115130171,0.001251723632017609
1457,268,user,5,0.01,tool,1,1.6096969689291463e-06,0.05271616383268736,0.011608084508994424,0.9354819139584344,0.0001922280029147802
1458,269,user,5,0.01,tool,1,2.20192961085328e-05,0.8439504885149426,0.03456628163480083,0.12017365211015582,0.001287558443992387
1459,270,user,5,0.01,tool,1,1.3666287945970129e-05,0.29366141260433837,0.29643234357181464,0.4053959806598828,0.004496596876018148
1460,271,user,5,0.01,tool,1,2.7502013630146045e-06,0.9969774715065872,0.00028564587747460514,0.000324115427034248,0.002410016987540998
1461,272,user,5,0.01,tool,1,0.00012679007976590216,0.9718318499544258,0.0003754098955199522,0.01998440059413719,0.007681549476151066
1462,273,user,5,0.01,tool,1,5.8815713192678666e-05,0.993693180516041,0.0011593628136412897,0.00040514829823388694,0.004683492658891105
1463,274,user,5,0.01,tool,1,5.2381068384547176e-05,0.9975172424661384,0.001407387155486595,0.00021570248311999506,0.0008072868268706468
1464,275,user,5,0.01,tool,1,7.593104290080016e-06,0.9989563827398112,0.00023765035529715303,0.00032294182281068713,0.0004754319777909282
1465,276,user,5,0.01,tool,1,7.071774133524157e-06,0.9948087665274836,0.0019830657407284144,0.002751137345281663,0.0004499586123726942
1466,277,user,5,0.01,tool,1,2.1663778243890114e-05,0.85099994917451,0.0161932823851012,0.025824879317631996,0.10696022534451283
1467,278,user,5,0.01,tool,1,2.4116477239798887e-06,0.9781367174983775,0.009897174987530866,0.0006840593033489049,0.011279636563018754
1468,279,user,5,0.01,tool,1,5.6574527782066465e-06,0.04836718557441692,0.0003829638965595743,0.9347434970440371,0.01650069603220824
1469,280,user,5,0.01,tool,1,1.8720832207254642e-06,0.9776117821348106,0.0013140599411332217,0.007257947395709447,0.01381433844512584
1470,281,user,5,0.01,tool,1,5.778655789270477e-05,0.6221908351927334,0.0007716754729628482,0.33142619874438584,0.04555350403202526
1471,282,user,5,0.01,tool,1,0.000526105704107202,0.39394436894996604,0.040260515083727376,0.17970051702792966,0.3855684932342697
1472,283,user,5,0.01,tool,1,1.417971295899312e-06,0.9869990491123419,0.0009606678499674439,0.01049280025638967,0.00154606481000504
1473,284,user,5,0.01,tool,1,7.134852175677204e-06,0.767761496918228,0.01811408881707092,0.21247121740714198,0.001646062005383403
1474,285,user,5,0.01,tool,1,2.2946632833852666e-05,0.9812965364361245,0.010362349575750067,0.0035316485959729018,0.004786518759318702
1475,286,user,5,0.01,tool,1,1.0610395958777612e-05,0.9607557664808681,0.001076862271810272,0.02003788523556759,0.018118875615795216
1476,287,user,5,0.01,tool,1,0.000276867448145737,0.8441273579060822,0.0034003583640801263,0.06820327390913708,0.08399214237255485
1477,288,user,5,0.01,tool,1,4.067320091688002e-05,0.131815848877662,0.01214181924219909,0.8385579025797085,0.017443756099513423
1478,289,user,5,0.01,tool,1,2.934843459481691e-05,0.9155454340100335,0.0015549184901921672,0.0572362207113304,0.02563407835384884
1479,290,user,5,0.01,tool,1,7.225922854195748e-05,0.8242021614528353,0.05425619757655465,0.014808506498079396,0.10666087524398869
1480,291,user,5,0.01,tool,1,2.2494178710781154e-05,0.34661931484761993,0.01129552584941581,0.6339099359328236,0.008152729191429935
1481,292,user,5,0.01,tool,1,1.9386666470365394e-05,0.9691918112683431,0.022259505207340092,0.008030725355190985,0.0004985715026554761
1482,293,user,5,0.01,tool,1,4.708274585700767e-05,0.9818784198532285,0.004176908265645091,0.007310635150108323,0.0065869539851609715
1483,294,user,5,0.01,tool,1,3.655552355326943e-06,0.007698011389638401,0.0017231756164015207,0.989922186527772,0.0006529709138326962
1484,295,user,5,0.01,tool,1,0.00011005152874274191,0.2868580277183969,0.08624265941697316,0.6199551575821417,0.0068341037537454465
1485,296,user,5,0.01,tool,1,4.954559470837373e-05,0.1146435165883895,0.08862674570895421,0.7672978541085856,0.029382337999362258
1486,297,user,5,0.01,tool,1,6.199690025975048e-06,0.9927536935036673,0.003898433119381323,0.002821402997181897,0.0005202706897436307
1488,298,cot,6,0.01,tool,1,2.3800035282435924e-11,3.036487002658992e-08,0.9008036778219454,0.09896346124826944,0.00023283054111527114
1489,299,cot,6,0.01,tool,1,4.639506138289409e-09,4.977431770561342e-06,0.980580046056105,0.0007800020282773404,0.018634969844340783
1490,300,cot,6,0.01,tool,1,1.793467307567702e-08,5.9706916093560806e-05,0.9020788699759001,0.0010606706579155752,0.09680073451541758
1491,301,cot,6,0.01,tool,1,1.7626093987587164e-10,2.2881157992747012e-06,0.9935315520334433,0.0014480461191177494,0.005018113555378728
1492,302,cot,6,0.01,tool,1,5.165347342731412e-06,0.7125826855366237,0.2167931624723749,0.03782143393577854,0.03279755270788015
1493,303,cot,6,0.01,tool,1,3.3065812832690285e-06,0.8951793534001767,0.003772469673970673,0.07101518859877565,0.03002968174579363
1494,304,cot,6,0.01,tool,1,3.2462179830337865e-05,0.7428911348750337,0.01709219534761838,0.07874553108856952,0.1612386765089483
1495,305,cot,6,0.01,tool,1,1.0691982896024843e-05,0.37943721087443827,0.22752008536648285,0.05138078424897496,0.341651227527208
1496,306,cot,6,0.01,tool,1,1.3907734098190066e-06,0.9583056777097968,0.00893007633923773,0.00017466798630186382,0.032588187191253795
1497,307,cot,6,0.01,tool,1,2.79642013632589e-08,0.006814466569474875,0.9592759911162736,0.0024152011877378167,0.03149431316231263
1498,308,cot,6,0.01,tool,1,2.5937165250456588e-05,0.393730962185282,0.06312490587661504,0.11301940058124303,0.4300987941916095
1499,309,cot,6,0.01,tool,1,5.031617988782639e-06,0.3656043515226477,0.12465300404328335,0.3211707348972718,0.1885668779188083
1500,310,cot,6,0.01,tool,1,6.811438844703617e-07,0.0016491269938711164,0.005941052063680715,0.9908106809584589,0.0015984588401048332
1501,311,cot,6,0.01,tool,1,5.271729821895428e-07,0.03874976874778226,0.9264858088809245,0.0019047792813791692,0.0328591159169319
1502,312,cot,6,0.01,tool,1,5.099943233249918e-07,0.015695423938732182,0.8023521866825436,0.016812361661571074,0.16513951772282967
1503,313,cot,6,0.01,tool,1,5.310293456249133e-06,0.6749026588045738,0.050289125340500326,0.1900385420756497,0.08476436348581998
1504,314,cot,6,0.01,tool,1,8.768803362475417e-07,0.014858546627247343,0.6713124544742198,0.2970459816250761,0.01678214039312045
1505,315,cot,6,0.01,tool,1,5.033258026363229e-09,0.0007361175972024588,0.9967923026350685,0.00022936830306048088,0.0022422064314105024
1506,316,cot,6,0.01,tool,1,1.4126433206297839e-06,0.02068317797599444,0.5083531082978976,0.001016785927500005,0.46994551515528726
1507,317,cot,6,0.01,tool,1,0.00021139698750715253,0.6890094710786855,0.009548804114458936,0.13113620875746573,0.1700941190618826
1508,318,cot,6,0.01,tool,1,2.950256198700159e-06,0.9628327434388417,0.007163593064242559,0.00012727839229589733,0.029873434848421188
1509,319,cot,6,0.01,tool,1,1.5281874291728473e-05,0.8823710728677256,0.06172249415301231,0.005710242188371709,0.05018090891659876
1510,320,cot,6,0.01,tool,1,1.6832543228095563e-08,0.006265401481881321,0.9739522640149088,0.0008067544859527201,0.018975563184713908
1511,321,cot,6,0.01,tool,1,3.024423733676425e-07,0.10734610112366498,0.6749774206597573,0.006873339785742202,0.21080283598846197
1512,322,cot,6,0.01,tool,1,1.5352403866000736e-06,0.17583484747702613,0.2281289498978385,0.0007075481554087734,0.59532711922934
1513,323,cot,6,0.01,tool,1,9.55428884142252e-07,0.7872589726040101,0.15663325464416084,0.01692761601163743,0.039179201311307414
1514,324,cot,6,0.01,tool,1,9.569211505093896e-09,0.0007563915651921532,0.9812613981628592,0.0003878025072434604,0.01759439819549386
1515,325,cot,6,0.01,tool,1,1.566369493365305e-06,0.034384420485847784,0.7787355215179262,0.0043051591997732815,0.18257333242695936
1516,326,cot,6,0.01,tool,1,8.678171542187306e-05,0.04917659295303719,0.030779426935107254,0.7964570750359785,0.12350012336045507
1517,327,cot,6,0.01,tool,1,3.502386208882833e-06,0.06633351034516458,0.05944753192477583,0.8448481422130727,0.02936731313077795
1518,328,cot,6,0.01,tool,1,4.8460521044947435e-08,0.0005385432718370889,0.9910680806773825,0.004687912157042167,0.0037054154332172595
1519,329,cot,6,0.01,tool,1,4.625598245435578e-09,6.476766603623305e-05,0.8941614903864554,0.007541313320051898,0.09823242400185828
1520,330,cot,6,0.01,tool,1,2.0000428767827075e-05,0.1988235461713078,0.18006851919931505,0.4358530622725311,0.18523487192807822
1521,331,cot,6,0.01,tool,1,4.2593595677428063e-08,0.0012522849214860908,0.9617265750685491,0.03504890764833651,0.001972189768032674
1522,332,cot,6,0.01,tool,1,8.878016083830512e-09,2.1364267769138243e-05,0.9946816028579248,0.0037958076056532086,0.0015012163906366128
1523,333,cot,6,0.01,tool,1,7.457920935023975e-08,0.005282455949545584,0.9741628918821932,0.01906678378838635,0.001487793800665559
1524,334,cot,6,0.01,tool,1,2.9656742725518293e-10,1.8208046588736113e-07,0.9276139220659394,0.07195298391945387,0.00043291163757344707
1525,335,cot,6,0.01,tool,1,2.022593040399963e-10,7.581696767499056e-08,0.9959782503668156,0.002807599575361667,0.0012140740385957606
1526,336,cot,6,0.01,tool,1,2.903832811524497e-09,3.180689946268777e-07,0.9876472599919723,0.0017811159093310861,0.010571303125869102
1527,337,cot,6,0.01,tool,1,2.453455545467e-10,4.3329649241014873e-07,0.9649942339706932,0.0005583122229357778,0.034447020264533196
1528,338,cot,6,0.01,tool,1,1.679995587300378e-08,1.9336845437971214e-05,0.9653126326318894,0.003842855039151095,0.030825158683565605
1529,339,cot,6,0.01,tool,1,5.578661999435154e-08,3.564412586816701e-05,0.880883680133677,0.04455218954183966,0.07452843041199515
1530,340,cot,6,0.01,tool,1,1.0348577431503157e-07,0.0007466169549592909,0.7702962514652596,0.21173731757252193,0.017219710521484785
1531,341,cot,6,0.01,tool,1,3.6576934572582e-10,1.3952202531066473e-06,0.8676824582828935,0.1269852110930777,0.005330935038006529
1532,342,cot,6,0.01,tool,1,5.299924844011209e-06,3.433025142587309e-05,0.055561207811408005,0.8932099671318949,0.051189194880427114
1533,343,cot,6,0.01,tool,1,5.182128111438128e-06,0.00034220349881868185,0.18521549168703258,0.21921792421607067,0.5952191984699666
1534,344,cot,6,0.01,tool,1,0.00010059442200299873,0.008074976715637056,0.17176679581567383,0.5556105778230602,0.264447055223626
1535,345,cot,6,0.01,tool,1,1.0882157173182735e-05,0.003045743274536328,0.10667915741547083,0.8517676018235413,0.038496615329278526
1536,346,cot,6,0.01,tool,1,1.350038441874101e-05,0.005836683046610299,0.45664894640645803,0.3212375702477527,0.21626329991476015
1537,347,cot,6,0.01,tool,1,8.072462734453357e-06,0.0005042596846537239,0.3957920547319433,0.587840763507163,0.015854849613505473
1538,348,cot,6,0.01,tool,1,4.2493378263495076e-07,3.7675629829784267e-06,0.06713114552829327,0.9321483550481816,0.0007163069267595226
1539,349,cot,6,0.01,tool,1,1.8526604938881586e-05,0.002119691891630395,0.7401623026699498,0.16639764375202454,0.09130183508145662
1540,350,cot,6,0.01,tool,1,2.00474216743087e-07,0.0001004980917030106,0.9607949172914965,0.0174806153873663,0.02162376875521742
1541,351,cot,6,0.01,tool,1,3.908100802164969e-09,1.0090816814700668e-06,0.9316959252857303,0.018758163149317175,0.049544898575170325
1542,352,cot,6,0.01,tool,1,3.0774840116141958e-06,0.00020605746730411768,0.41432342214064816,0.0014519331638996292,0.5840155097441365
1543,353,cot,6,0.01,tool,1,5.361725877631436e-05,0.011563713332119243,0.2083408938586498,0.7009166802101536,0.07912509534030111
1544,354,cot,6,0.01,tool,1,1.035551370513133e-05,0.005076376627937869,0.4073477122166033,0.3619286016227127,0.22563695401904107
1545,355,cot,6,0.01,tool,1,1.414145297679086e-08,3.5348186099387985e-06,0.9893392532416134,0.007443450404983401,0.003213747393340256
1546,356,cot,6,0.01,tool,1,1.8279011820227446e-08,2.9869866922813928e-06,0.8599978244928886,0.061677976017977226,0.07832119422342995
1547,357,cot,6,0.01,tool,1,7.931854007162139e-05,0.08383270388998625,0.17712847458073358,0.047411308167521655,0.691548194821687
1548,358,cot,6,0.01,tool,1,3.7882619955633414e-07,0.0013608087756779056,0.8303228045215814,0.0030888077458855983,0.1652272001306556
1549,359,cot,6,0.01,tool,1,6.69613274306246e-06,0.0011548191409571872,0.7098675519831164,0.04415341959487531,0.2448175131483083
1550,360,cot,6,0.01,tool,1,1.2321076435741015e-05,0.00010201569041607085,0.265044948236676,0.7080274049801102,0.026813310016361978
1551,361,cot,6,0.01,tool,1,1.7233700738772897e-06,0.0007249625496560844,0.91545346150073,0.004954570611202371,0.07886528196833764
1552,362,cot,6,0.01,tool,1,2.1485343095028894e-05,0.003572539823483577,0.8643454353871732,0.00021412562471049686,0.13184641382153758
1553,363,cot,6,0.01,tool,1,3.52120030719767e-05,0.00836633555868542,0.7713764523189062,0.01477115515320298,0.20545084496613353
1554,364,cot,6,0.01,tool,1,1.6923422658048062e-07,3.1877987558445317e-06,0.9856413077329208,0.007384551791134506,0.006970783442962195
1555,365,cot,6,0.01,tool,1,1.2823749124472742e-09,2.174899014987708e-06,0.9665953590605112,0.005479699658922729,0.027922765099176163
1556,366,cot,6,0.01,tool,1,1.5549508018142594e-06,0.0021153905624873553,0.06817233448488216,0.0013986691757101335,0.9283120508261186
1557,367,cot,6,0.01,tool,1,9.740209695573962e-07,1.1806854086782052e-05,0.32271998641583566,0.5235579722921048,0.1537092604170032
1558,368,cot,6,0.01,tool,1,7.474618294069659e-07,2.995538505956259e-05,0.6422946969104132,0.125917628603638,0.23175697163905973
1559,369,cot,6,0.01,tool,1,3.4694290316025874e-08,1.6356645280286812e-05,0.8867500538062267,0.011228883915572594,0.10200467093863004
1560,370,cot,6,0.01,tool,1,1.0160402274191921e-05,0.005491384206800524,0.42452721193713705,0.09453830180279851,0.4754329416509896
1561,371,cot,6,0.01,tool,1,2.6406204036186307e-09,9.79005162689126e-07,0.977858691650961,0.01627228168603533,0.00586804501722037
1562,372,cot,6,0.01,tool,1,3.4498790384171124e-07,2.792298661966258e-05,0.6451970364081149,0.028066018665735652,0.326708676951626
1563,373,cot,6,0.01,tool,1,0.00017044828413848248,0.05351202036587977,0.4002985551451207,0.14720461560924733,0.3988143605956138
1564,374,cot,6,0.01,tool,1,2.265717487809067e-07,0.0004340992455660617,0.7305750239549333,0.24743213288803975,0.021558517339712247
1565,375,cot,6,0.01,tool,1,0.00030235464478797357,0.07424571701361374,0.2036781185289458,0.05402237452128186,0.6677514352913706
1566,376,cot,6,0.01,tool,1,1.198424743630163e-06,8.380329160552442e-05,0.4895866290325549,0.3340901422592093,0.17623822699188674
1567,377,cot,6,0.01,tool,1,8.672688684197661e-05,0.006556691445926851,0.5620629214788762,0.16439956917001658,0.26689409101833855
1568,378,cot,6,0.01,tool,1,1.8387293223939761e-06,0.0003303414668216637,0.03634497984581796,0.9472479803801234,0.0160748595779146
1569,379,cot,6,0.01,tool,1,1.3580177853042648e-06,0.00033773548473010087,0.5597357582089767,0.4212081923511904,0.018716955937317564
1570,380,cot,6,0.01,tool,1,2.4993199583163174e-08,1.1251641379095868e-06,0.42186347615095127,0.572665195887225,0.00547017780448619
1571,381,cot,6,0.01,tool,1,3.303547063678878e-10,4.27097579936723e-08,0.9539850913464012,0.045332141661413465,0.0006827239520724872
1572,382,cot,6,0.01,tool,1,7.010018075609221e-06,0.00015258048113125724,0.5065135748430454,0.44746471965732243,0.04586211500042529
1573,383,cot,6,0.01,tool,1,1.2595150588588376e-08,5.055045683126475e-08,0.6119646880373077,0.3845231719435785,0.003512076873506335
1574,384,cot,6,0.01,tool,1,6.379953341818213e-09,4.814673308624591e-07,0.9482283346428017,0.00975820541469057,0.04201297209522365
1575,385,cot,6,0.01,tool,1,3.700327389870551e-07,0.0014554256386774015,0.9589402189043622,0.006817800091393663,0.032786185332827775
1576,386,cot,6,0.01,tool,1,2.381091291061538e-06,0.0016933342706690463,0.885298734661938,0.029119954534500607,0.08388559544160122
1577,387,cot,6,0.01,tool,1,1.648980238289318e-10,1.2174624083858104e-08,0.9788330810151777,0.020367584979316785,0.0007993216659831149
1578,388,cot,6,0.01,tool,1,6.799887292255083e-10,7.55067559496607e-08,0.9062374868107774,0.08225279795481454,0.011509639047663375
1579,389,cot,6,0.01,tool,1,1.2308441606186614e-09,1.3337463534543686e-07,0.7347849892374887,0.2646671721260645,0.0005477040309671802
1580,390,cot,6,0.01,tool,1,8.872382848656385e-12,6.363829264450992e-11,0.7485863375558529,0.2513401011925098,7.356117912661497e-05
1581,391,cot,6,0.01,tool,1,4.531641009780141e-11,1.141758437645236e-10,0.8861852114851716,0.11355805683109306,0.00025673152424312776
1582,392,cot,6,0.01,tool,1,1.5420931625154578e-10,1.8996610319645604e-09,0.9410359412299919,0.052090632028050574,0.006873424688087259
1584,393,assistant,7,0.01,tool,1,1.139092642556351e-10,1.8014257060509318e-09,0.0005554558239359455,0.9994418860015083,2.6562592208026075e-06
1585,394,assistant,7,0.01,tool,1,6.054891672432199e-10,1.414021724067422e-07,0.001719508149895616,0.9982781459226401,2.2039198027669682e-06
1586,395,assistant,7,0.01,tool,1,3.1623450299395587e-10,1.6558235615076357e-08,0.00043804264983081023,0.999554476348167,7.464127532014541e-06
1587,396,assistant,7,0.01,tool,1,4.180052206434229e-11,9.521993165413407e-09,2.049299618574488e-05,0.9999787854936153,7.119464053160985e-07
1588,397,assistant,7,0.01,tool,1,1.252627936083371e-08,4.085664033330857e-07,0.0004730320307913351,0.9992929415517902,0.00023360532473604885
1589,398,assistant,7,0.01,tool,1,7.810412201295126e-10,5.6995124251306994e-08,0.00013241120856402703,0.9998002215510798,6.730946419069229e-05
1590,399,assistant,7,0.01,tool,1,3.247637431537454e-10,1.573937866083766e-07,0.00042623438777131283,0.9995527447215888,2.086317208957007e-05
1591,400,assistant,7,0.01,tool,1,6.749334699310662e-09,2.390854567076725e-06,0.0008230024932368392,0.9988090653288583,0.00036553457400311293
1592,401,assistant,7,0.01,tool,1,3.9388262733116766e-09,1.3429312471782278e-06,0.0011620601367348922,0.9987772078858731,5.9385107318473716e-05
1593,402,assistant,7,0.01,tool,1,4.844402233139699e-11,3.139506978857461e-08,0.00024961133139161923,0.9997162943395589,3.406288553570027e-05
1594,403,assistant,7,0.01,tool,1,1.550425049977097e-09,4.293275941060374e-07,6.541735098986899e-05,0.9999283552069311,5.7965640597826295e-06
1595,404,assistant,7,0.01,tool,1,5.0059861699673154e-11,1.12530138929761e-09,0.0010660141102580118,0.9989321884130821,1.796301298744728e-06
1596,405,assistant,7,0.01,tool,1,1.1225563266067645e-10,2.7406187639953393e-09,0.00214708195570968,0.9978501330455509,2.782145865025532e-06
1597,406,assistant,7,0.01,tool,1,3.227661810944108e-10,7.679662613898916e-09,0.004856844954353215,0.9951326944892188,1.045255399916141e-05
1598,407,assistant,7,0.01,tool,1,3.532971588219495e-10,1.4432875925273752e-08,0.00020806103294499206,0.9997789408541703,1.2983326711793306e-05
1599,408,assistant,7,0.01,tool,1,5.699083286540704e-10,4.6364923490723704e-08,9.96570509289739e-05,0.9998421235915198,5.8172422719345975e-05
1600,409,assistant,7,0.01,tool,1,2.950469949682408e-09,5.946183855894121e-06,0.00031336267115713857,0.999524576591728,0.00015611160278905018
1601,410,assistant,7,0.01,tool,1,1.198679339621384e-11,1.1018494903692217e-09,4.0312932441638546e-05,0.9999593214870484,3.6446667368081457e-07
1602,411,assistant,7,0.01,tool,1,3.9078835789216234e-09,3.211377800572474e-06,0.001374685401430847,0.9983508118202218,0.00027128749266315354
1603,412,assistant,7,0.01,tool,1,8.825984434827534e-09,3.852001445813349e-07,0.00022803962717457926,0.9997656818612536,5.884485442967044e-06
1604,413,assistant,7,0.01,tool,1,2.8081506694984617e-10,2.2445805564578467e-08,2.5038769584415305e-05,0.9999722571037928,2.6814000022572296e-06
1605,414,assistant,7,0.01,tool,1,7.043746143078132e-12,2.4088408071083324e-10,1.2118595634280237e-05,0.9999875160122217,3.651442162651223e-07
1606,415,assistant,7,0.01,tool,1,2.6324718020524806e-11,6.167688940549763e-08,0.00023671765875323176,0.9997587647412696,4.455896763137779e-06
1607,416,assistant,7,0.01,tool,1,3.911918027892984e-09,3.271407622258199e-06,0.0004982805208068491,0.9990669354312097,0.0004315087284429744
1608,417,assistant,7,0.01,tool,1,3.836135571487856e-11,6.897434492172219e-08,9.613183160555145e-05,0.9998997418668234,4.057288864747295e-06
1609,418,assistant,7,0.01,tool,1,1.8053006014199983e-08,1.2448086049409831e-05,0.00024264455871831226,0.9997242752536607,2.0614048565618337e-05
1610,419,assistant,7,0.01,tool,1,6.767477125675658e-08,7.395952204295362e-06,0.00023573427470750428,0.9997447186617919,1.2083436525001075e-05
1611,420,assistant,7,0.01,tool,1,5.335283932545868e-06,0.0033026279287017932,0.012732094896964164,0.9838303340139906,0.00012960787641078702
1612,421,assistant,7,0.01,tool,1,3.256044007631957e-13,1.365620296923693e-09,1.9499665438436535e-06,0.9999980247837382,2.3883772045036058e-08
1613,422,assistant,7,0.01,tool,1,2.6763519845441095e-11,3.9781743873618404e-07,1.5676881248744205e-05,0.9999817271636562,2.198110893033573e-06
1614,423,assistant,7,0.01,tool,1,4.713372570395034e-09,1.0029541617433816e-05,0.0029279896238709586,0.9969091790062559,0.00015279711488312955
1615,424,assistant,7,0.01,tool,1,6.121495700863975e-08,1.156628505108546e-05,0.0028816353361124534,0.9967031584895019,0.0004035786743773542
1616,425,assistant,7,0.01,tool,1,1.560528813526683e-10,5.4111247198312724e-08,4.64027409098764e-05,0.9999518998479935,1.6431437965709797e-06
1617,426,assistant,7,0.01,tool,1,7.461120401271946e-10,3.2799189711287404e-07,0.000654874472543729,0.9992953451307389,4.9451658708252065e-05
1618,427,assistant,7,0.01,tool,1,2.127919380347178e-09,4.4423277926815285e-06,0.00317916722844572,0.996762103903719,5.428441212325126e-05
1619,428,assistant,7,0.01,tool,1,5.121298203752931e-09,9.361486743945033e-06,0.007254384512114411,0.990948720181649,0.0017875286981946115
1620,429,assistant,7,0.01,tool,1,1.9415256913292012e-07,0.00019160424814294353,0.003441116059059035,0.9952708210564398,0.001096264483789049
1621,430,assistant,7,0.01,tool,1,1.3924010742147338e-08,7.0690955571212135e-06,0.0032431405308374385,0.9955020172708022,0.0012477591787925782
1622,431,assistant,7,0.01,tool,1,1.3474074053911474e-09,5.454139641232029e-07,9.717715133201835e-05,0.9997924185534497,0.00010985753384672403
1623,432,assistant,7,0.01,tool,1,1.8449084254774687e-06,0.0006818927847436126,0.0012407114667341208,0.9921936133444469,0.005881937495649847
1624,433,assistant,7,0.01,tool,1,4.3529602163891484e-07,8.78309459504797e-06,0.0037924198694509214,0.9941565067316014,0.0020418550083307896
1625,434,assistant,7,0.01,tool,1,8.001602420569357e-07,0.00017581229055424992,0.010795342898803413,0.9785334363087447,0.010494608341655555
1626,435,assistant,7,0.01,tool,1,1.4258432756686534e-07,5.909576311298687e-06,0.0008538712649044176,0.9988663958852836,0.000273680689173038
1627,436,assistant,7,0.01,tool,1,2.5328013520283474e-08,3.838211550065936e-06,0.0011988470335991535,0.9987967478772017,5.415496354751256e-07
1628,437,assistant,7,0.01,tool,1,9.276922771517985e-10,1.9754535019771322e-07,9.235106405810329e-05,0.9999042811652434,3.1692976559926938e-06
1629,438,assistant,7,0.01,tool,1,1.8008909883093907e-11,2.1737847790748092e-10,8.89615481596201e-05,0.9999109505581357,8.765831728177467e-08
1630,439,assistant,7,0.01,tool,1,2.3457093603815553e-11,1.2298541061211168e-09,0.00929774742078046,0.9907019703794033,2.809465051004377e-07
1631,440,assistant,7,0.01,tool,1,2.0529557426913602e-08,2.689374988689847e-06,0.0010915442452539845,0.9988476747576294,5.807109257060352e-05
1632,441,assistant,7,0.01,tool,1,2.053330966452995e-09,2.780039937139287e-08,0.0037371696111949014,0.9961602227317068,0.00010257780336795197
1633,442,assistant,7,0.01,tool,1,8.630117716871849e-10,3.8138077074097054e-08,0.0002993869529633546,0.9996857451651515,1.482888079636746e-05
1634,443,assistant,7,0.01,tool,1,2.4135148099202693e-09,1.5025073196584148e-07,3.310960096690436e-05,0.9999620329286932,4.7048060931051534e-06
1635,444,assistant,7,0.01,tool,1,1.444067753149311e-10,2.8853521010348345e-08,0.0001282747712210522,0.9998607826254111,1.0913605440182904e-05
1636,445,assistant,7,0.01,tool,1,9.455437485772023e-12,2.4711575548562037e-09,6.581510227590233e-05,0.9999340732285253,1.0918858565077573e-07
1637,446,assistant,7,0.01,tool,1,7.605032262687601e-13,3.354585011231823e-10,6.230027755832838e-05,0.9999376759698339,2.341638877612209e-08
1638,447,assistant,7,0.01,tool,1,4.250910291879321e-06,9.00085285509435e-05,0.009886020821909616,0.9887743688973663,0.0012453508418814035
1639,448,assistant,7,0.01,tool,1,5.712498333824373e-09,3.733884287252288e-07,3.809811969435239e-05,0.9999535873197715,7.93545960712324e-06
1640,449,assistant,7,0.01,tool,1,1.0586304098770408e-08,2.6559577246440657e-06,0.005151955359572821,0.9946117842394316,0.00023359385696672
1641,450,assistant,7,0.01,tool,1,1.5255811552848563e-09,8.779820109461268e-08,0.00022958489748269205,0.999763152349302,7.173429433122895e-06
1642,451,assistant,7,0.01,tool,1,9.770493851989327e-11,1.882072332704042e-10,4.0937954077198845e-06,0.9999958107746042,9.514407591199462e-08
1643,452,assistant,7,0.01,tool,1,1.0336656128696455e-08,2.114796095436337e-06,0.00030660450893485767,0.9996723926092381,1.8877749075546443e-05
1644,453,assistant,7,0.01,tool,1,2.2894112215777821e-10,1.0363218495055852e-07,0.0017438016203313374,0.9982506324706876,5.462047855010505e-06
1645,454,assistant,7,0.01,tool,1,7.953121474355033e-09,4.2054665663717307e-08,0.0010579327309033664,0.9989226672640117,1.9349997298003702e-05
1646,455,assistant,7,0.01,tool,1,2.6658895016289552e-11,2.1723753119656755e-09,0.00026699369353561493,0.9997325654882715,4.3861915863716757e-07
1647,456,assistant,7,0.01,tool,1,2.7696471823490393e-10,1.0947045731982674e-08,2.2600645338768664e-05,0.9999766138513646,7.742792861033665e-07
1648,457,assistant,7,0.01,tool,1,3.781662989025733e-10,2.1341630375933483e-08,0.0004976870250129937,0.9994995727637106,2.7184914796901874e-06
1649,458,assistant,7,0.01,tool,1,1.9413766358625332e-08,4.4685648847643e-06,0.11639034262957075,0.8819241994623652,0.0016809699294129802
1650,459,assistant,7,0.01,tool,1,1.9398748687751223e-07,1.4013239541974428e-05,0.0029057282556508553,0.9966431784610522,0.0004368860562680501
1651,460,assistant,7,0.01,tool,1,6.664184648645609e-09,1.3350825792278728e-06,0.001837701111421076,0.9979651837057496,0.00019577343606531886
1652,461,assistant,7,0.01,tool,1,1.1666472438710738e-08,6.294154400612793e-08,0.0020949662675388246,0.9978715210341911,3.3438090253835236e-05
1653,462,assistant,7,0.01,tool,1,5.150267503188266e-08,1.372895111148525e-06,0.00693173710936874,0.9925793578696784,0.00048748062316661167
1654,463,assistant,7,0.01,tool,1,3.1544563930481854e-10,6.464036041902505e-10,0.00018056524183791034,0.9998189486101223,4.851861905440045e-07
1655,464,assistant,7,0.01,tool,1,6.247908870405841e-10,2.411066340143291e-07,0.0006989468516242601,0.9993001463108763,6.651060747004236e-07
1656,465,assistant,7,0.01,tool,1,5.078310661738982e-12,1.8116301217652934e-09,0.00015984805275490548,0.9998400729203231,7.721021357123277e-08
1657,466,assistant,7,0.01,tool,1,2.328263599305399e-09,4.966291993208309e-07,0.004297340639789392,0.9956707593481594,3.1401054588452316e-05
1658,467,assistant,7,0.01,tool,1,3.826214281327226e-09,1.2151161574700259e-06,0.0010007657864190675,0.9989843335124989,1.3681758710200955e-05
1659,468,assistant,7,0.01,tool,1,3.827670459368226e-09,2.6109905718826477e-07,0.002729531104323136,0.9972202757153407,4.992825360837659e-05
1660,469,assistant,7,0.01,tool,1,1.5737082389506463e-08,3.673360738643148e-07,0.006202068979292982,0.9934142909601018,0.00038325698744886915
1661,470,assistant,7,0.01,tool,1,7.506762560511813e-12,6.865691831595053e-10,8.493739404627257e-05,0.9999138713364751,1.190575402731317e-06
1662,471,assistant,7,0.01,tool,1,1.2297570251103611e-06,3.9201193252960075e-05,0.06258919038768285,0.9333440004344186,0.004026378227620655
1663,472,assistant,7,0.01,tool,1,1.5548830642124254e-06,2.1302857394692774e-05,0.06950018515939885,0.9227533671151325,0.00772358998500988
1664,473,assistant,7,0.01,tool,1,7.032762677119794e-12,1.7355912511420035e-10,0.0003256831978647466,0.9996741071967198,2.094248235159181e-07
1665,474,assistant,7,0.01,tool,1,1.2568232281817018e-08,1.0398365130416767e-07,0.009735663899742454,0.9902230157366718,4.120381170232918e-05
1666,475,assistant,7,0.01,tool,1,9.176201665134481e-10,3.2553917372808117e-08,0.003954953402554881,0.9960416085882198,3.404537687666531e-06
1667,476,assistant,7,0.01,tool,1,8.338595136212691e-08,1.132602058779168e-06,0.0037216077553856156,0.996269259780235,7.9164763691299e-06
1668,477,assistant,7,0.01,tool,1,1.747328008580098e-08,3.3690610527479927e-07,0.003953923231585361,0.9960323264248042,1.339596422502692e-05
1669,478,assistant,7,0.01,tool,1,7.193649773335178e-10,3.906299331176963e-08,0.00017814110246326488,0.9998212592937648,5.598214136579294e-07
1670,479,assistant,7,0.01,tool,1,6.306712924801169e-10,4.756461651890971e-07,0.0006805125261248615,0.9993108093446303,8.201852408447157e-06
1671,480,assistant,7,0.01,tool,1,4.353239436241413e-09,1.670309974927698e-06,0.009259590724325289,0.9907249938099654,1.3740802494822234e-05
1672,481,assistant,7,0.01,tool,1,1.336057977613901e-07,7.917270718245954e-07,0.001574556198883709,0.9984064745645679,1.804390367886619e-05
1673,482,assistant,7,0.01,tool,1,7.280653674613084e-08,3.739157171676454e-06,0.0032872169412424376,0.9965665415628965,0.0001424295321525616
1674,483,assistant,7,0.01,tool,1,2.2689979930360905e-10,3.7884650831216664e-08,0.0002549837100978537,0.9997446177996477,3.603787038984487e-07
1675,484,assistant,7,0.01,tool,1,2.127849024206535e-11,1.1490661507026282e-09,7.3288256847180955e-06,0.9999926081473025,6.185666819651497e-08
1676,485,assistant,7,0.01,tool,1,1.4299716795467977e-09,1.5303809525998218e-09,5.498718736859969e-06,0.9999940830015732,4.153193372122403e-07
1677,486,assistant,7,0.01,tool,1,1.7323025270207437e-10,2.7829577375788295e-09,0.00015400424450602498,0.9998459004782047,9.232110125756621e-08
1678,487,assistant,7,0.01,tool,1,1.6581538757278793e-08,1.3546011219392084e-07,6.356648385093894e-05,0.9999346419220604,1.6395524377760873e-06
1679,488,assistant,7,0.01,tool,1,5.659227667717522e-11,2.551972392877823e-10,3.541860288515177e-05,0.9999621363230957,2.444762229712578e-06
1680,489,assistant,7,0.01,tool,1,9.157484275948052e-08,8.677803866276829e-08,0.0003612957799771303,0.9996295720572292,8.953809912101151e-06
1681,490,assistant,7,0.01,tool,1,7.713592007353477e-11,6.9787411081579755e-09,0.002603132080903609,0.9973967496338693,1.1122935012197041e-07
1682,491,assistant,7,0.01,tool,1,1.0396426539983462e-08,6.7227987163571e-08,0.0003611986055062439,0.9996367617607198,1.962009360189336e-06
1683,492,assistant,7,0.01,tool,1,1.0813083660367504e-11,1.9171584828212912e-10,2.0387420957596607e-05,0.9999795933358018,1.9040711609811814e-08
1684,493,assistant,7,0.01,tool,1,2.0361967487169634e-11,2.923177409530994e-11,7.951073927907435e-05,0.9999204736683774,1.554274966589268e-08
1685,494,assistant,7,0.01,tool,1,9.570866151241637e-11,6.953726339656934e-10,0.00018859205649266876,0.9998113566660529,5.048637308866826e-08
1686,495,assistant,7,0.01,tool,1,2.095965416888783e-10,4.994452404956136e-10,0.00034647075091355853,0.9996490039742786,4.524565766105555e-06
1687,496,assistant,7,0.01,tool,1,4.2960821864600223e-10,6.187921493151969e-09,0.00031127299901383197,0.9996702242930054,1.8496090451128667e-05
1688,497,assistant,7,0.01,tool,1,1.0429469971274e-12,2.935874849067739e-11,9.783743121611675e-06,0.999989987852013,2.2837446372962403e-07
1689,498,assistant,7,0.01,tool,1,1.315901923115345e-12,3.7075773432797665e-11,2.440928724456561e-05,0.9999754000265745,1.9064778921917716e-07
1690,499,assistant,7,0.01,tool,1,6.213842327250195e-12,4.609107392283926e-11,0.00030323230436360486,0.999696734348436,3.329489561504835e-08
1691,500,assistant,7,0.01,tool,1,3.0407434206953665e-05,0.0001583952373017208,0.13871759170047235,0.5874903733073971,0.273603232320622
1692,501,assistant,7,0.01,tool,1,1.131259965384201e-08,3.4327627795193875e-07,0.0011482033185642865,0.9987952986647689,5.614342778914664e-05
1693,502,assistant,7,0.01,tool,1,1.4557937388183047e-11,4.5236117661693726e-11,6.666320880621958e-05,0.9999330294232147,3.073081849547721e-07
1694,503,assistant,7,0.01,tool,1,2.9121390136212778e-09,8.68108752691549e-09,0.0005242601388226012,0.9990517756235754,0.00042395264437539973
1695,504,assistant,7,0.01,tool,1,5.137167068967266e-10,1.9434281225703176e-08,0.0004961838509264956,0.9988608145520197,0.0006429816490559493
1696,505,assistant,7,0.01,tool,1,1.1135558619531433e-08,3.338865058695424e-07,0.0025898614144837942,0.9953453924816246,0.002064401081827014
1697,506,assistant,7,0.01,tool,1,1.0924275850029497e-13,9.273545969203217e-13,7.591273759995182e-06,0.999992345959115,6.276608849808847e-08
1698,507,assistant,7,0.01,tool,1,1.8290344914044814e-11,4.8163477740622826e-11,3.000753984217169e-05,0.9999689132192925,1.0791744113461589e-06
1699,508,assistant,7,0.01,tool,1,1.0436725029983224e-10,2.4519507018640805e-10,0.0002775447297312449,0.9997099416075833,1.2513313123177057e-05
1700,509,assistant,7,0.01,tool,1,1.4942679836997496e-11,6.592002271906548e-09,0.00019498308452081407,0.9997758885928261,2.9121715707950805e-05
1701,510,assistant,7,0.01,tool,1,4.114571154249442e-06,0.0008048572930198309,0.27584034802685464,0.7026910813366305,0.02065959877234097
1702,511,assistant,7,0.01,tool,1,3.3017821786754586e-08,1.8273431022230493e-06,0.00036583659583426704,0.9994504249894992,0.00018187805374244394
1703,512,assistant,7,0.01,tool,1,1.5840281018597974e-10,8.430730601181841e-10,7.429063481882021e-05,0.999910401491585,1.5306872120470143e-05
978,1,user,2,0.05,user,-1,0.00027365082175773327,2.3892278956203447e-05,0.17019691134118686,0.024376581323481774,0.8051289642346174
979,2,user,2,0.05,user,-1,0.010023711226815422,0.007085728857250826,0.06144172670902944,0.008812208865825127,0.9126366243410793
980,3,user,2,0.05,user,-1,0.000573219614658047,3.954633019515104e-05,0.08470045264473246,0.009813270973562577,0.9048735104368518
981,4,user,2,0.05,user,-1,0.005396999019034228,0.00025161053164663246,0.12944136278186114,0.37730980166825906,0.48760022599919894
982,5,user,2,0.05,user,-1,0.010592026628162486,0.003432790713961369,0.09955187282891907,0.5833307161543161,0.303092593674641
983,6,user,2,0.05,user,-1,0.10127920049066841,0.0008748902465108014,0.23786066933485467,0.42738979561712903,0.23259544431083712
984,7,user,2,0.05,user,-1,0.009240630614306447,0.0019823358049928493,0.10028261424966843,0.6790686924357849,0.20942572689524735
985,8,user,2,0.05,user,-1,0.020148944901848095,0.05696453236161102,0.05307923123570984,0.041484797102510775,0.8283224943983203
986,9,user,2,0.05,user,-1,0.006177368566788423,0.0007058302840775075,0.17352779848372663,0.3542665179090124,0.465322484756395
987,10,user,2,0.05,user,-1,0.000431331392111715,0.00015515089533934921,0.11801067493166063,0.7248665549352605,0.15653628784562773
988,11,user,2,0.05,user,-1,0.05342875008957417,0.031753106209889415,0.2007823350097203,0.0017855693549948153,0.7122502393358213
989,12,user,2,0.05,user,-1,0.00040847972230981564,0.000807232654165261,0.3516007606150316,0.0006597980029000494,0.6465237290055933
990,13,user,2,0.05,user,-1,0.4056016754713894,0.00732361098285206,0.3559856094494699,0.010836076797046675,0.22025302729924195
991,14,user,2,0.05,user,-1,0.0677057569360943,0.06907894136529019,0.33895060886834677,0.3552609616283316,0.1690037312019372
992,15,user,2,0.05,user,-1,0.020810443633314194,0.000367749948416925,0.1643785011633302,0.759771144327477,0.054672160927461716
993,16,user,2,0.05,user,-1,0.0025971116516776355,0.0007835213844931519,0.6468285178006911,0.07522651479229199,0.27456433437084615
994,17,user,2,0.05,user,-1,0.0008738295292625485,0.00013794171298348403,0.6160705363613728,0.018060221408188377,0.36485747098819277
995,18,user,2,0.05,user,-1,0.0007763502569004371,0.00026698832441496935,0.8745365005851395,0.013354496892296275,0.11106566394124878
996,19,user,2,0.05,user,-1,0.0009673752729565624,0.0003120718755360673,0.5567176276324793,0.006236072340847127,0.43576685287818095
997,20,user,2,0.05,user,-1,0.004472354623260448,0.0013707906836081351,0.8579744637455228,0.012582380891532043,0.12360001005607647
998,21,user,2,0.05,user,-1,0.01581832895470121,0.0003151500004715545,0.43789189685224267,0.40042711825249144,0.14554750594009308
999,22,user,2,0.05,user,-1,0.005929849123454386,0.00034084200840705527,0.64148277406652,0.23338741033686808,0.11885912446475051
1000,23,user,2,0.05,user,-1,0.016870595121369004,0.0002939074974170591,0.25952054165678273,0.43538210473800704,0.2879328509864241
1001,24,user,2,0.05,user,-1,0.0009155064250610193,0.00020495077818297002,0.07522685772657663,0.8760676846921024,0.047585000378077044
1002,25,user,2,0.05,user,-1,0.0077467436871905306,0.11681112500443012,0.06540430330822426,0.5705636617025588,0.2394741662975963
1003,26,user,2,0.05,user,-1,0.0015066402775923478,0.001314590277436742,0.8649116128652445,0.016455672140450465,0.11581148443927593
1004,27,user,2,0.05,user,-1,0.00011791401936015411,2.3419566023023086e-05,0.9820060398164598,0.0026510967518142054,0.01520152984634284
1005,28,user,2,0.05,user,-1,0.0011986264462221013,0.0002435013555826906,0.12308719159424651,0.7346161511414655,0.1408545294624832
1006,29,user,2,0.05,user,-1,5.776139807835247e-06,1.1164578430052487e-06,0.00040252567471924666,0.9995812642550155,9.317472614370647e-06
1007,30,user,2,0.05,user,-1,0.0005629381368329624,2.8526259878223454e-05,0.003952814333114093,0.9923755596457853,0.0030801616243894925
1008,31,user,2,0.05,user,-1,7.730867052029197e-05,4.290077484268186e-05,0.0017019260086842216,0.9977987920462934,0.00037907249965951135
1009,32,user,2,0.05,user,-1,0.00033781418679929085,6.286906363358554e-05,0.0013379491268854435,0.9972170411836588,0.0010443264390227482
1010,33,user,2,0.05,user,-1,0.0025079649961967203,0.0009265316733744873,0.37228748249626537,0.43648286719338175,0.18779515364078173
1011,34,user,2,0.05,user,-1,0.0025031750828908225,0.000462968522618457,0.0330430970574277,0.8126388992734225,0.15135186006364051
1012,35,user,2,0.05,user,-1,0.00074993966745823,0.000957625707507001,0.5746893160017642,0.37086307722104017,0.05274004140223029
1013,36,user,2,0.05,user,-1,0.0008308067317191179,0.0021946568489233497,0.5606964620742906,0.12637004680877523,0.30990802753629176
1014,37,user,2,0.05,user,-1,0.0010480819884272807,0.0005552369965646057,0.033182698825473506,0.31732001068215715,0.6478939715073775
1015,38,user,2,0.05,user,-1,0.0009705600899878711,0.003701788390398429,0.01970374626005508,0.8472903628244719,0.1283335424350869
1016,39,user,2,0.05,user,-1,0.00017468123579116065,0.0012070853475495981,0.009992772548492509,0.9768507952836794,0.01177466558448728
1017,40,user,2,0.05,user,-1,0.0007116489428396524,0.001002431453878582,0.029456158990195377,0.964131074970489,0.004698685642597475
1018,41,user,2,0.05,user,-1,0.0002715617828780711,0.004663726428340668,0.825032183919887,0.12008713845199746,0.049945389416896885
1019,42,user,2,0.05,user,-1,0.0001549787740956091,0.0003497287052933518,0.06593534380641163,0.8613968390644917,0.07216310964970775
1020,43,user,2,0.05,user,-1,0.0005207647763278037,0.001162982670255261,0.028024146066316195,0.8809080595720316,0.08938404691506911
1021,44,user,2,0.05,user,-1,0.00026654329582091697,0.00041963090671201075,0.03417522740141129,0.9103368837897096,0.0548017146063462
1023,45,cot,3,0.05,user,-1,2.476665109884928e-10,1.81483299105076e-11,0.9873591895284075,0.010544523025098571,0.002096287180679146
1024,46,cot,3,0.05,user,-1,1.0510937159694352e-09,1.6712087158513085e-10,0.9901615952752154,0.0018288716028133556,0.008009531903756762
1025,47,cot,3,0.05,user,-1,6.23477850696895e-11,5.412728123769956e-12,0.9932940257648595,0.0009210107990940085,0.0057849633682861374
1026,48,cot,3,0.05,user,-1,3.7747832726539775e-09,4.573107090848961e-10,0.8335811885050782,0.16385145879996255,0.002567348462865199
1027,49,cot,3,0.05,user,-1,1.1429307070875572e-07,5.941708512122825e-08,0.8748231573471198,0.03747989822829922,0.08769677071442514
1028,50,cot,3,0.05,user,-1,9.561089532360694e-09,8.659770872397741e-10,0.862950572182025,0.006181125085875411,0.13086829230503322
1029,51,cot,3,0.05,user,-1,1.7251643018886618e-08,2.321820073784515e-09,0.9307913455034382,0.05684179798029804,0.012366836942800547
1030,52,cot,3,0.05,user,-1,5.038957962868962e-09,2.1573873201014073e-10,0.8149822573037036,0.1772576692585165,0.0077600681830833785
1031,53,cot,3,0.05,user,-1,2.594913424360695e-12,9.808975693323843e-14,0.9934507600172715,0.006137825512997795,0.00041141446703774477
1032,54,cot,3,0.05,user,-1,4.110124784859464e-09,2.1796439036652477e-10,0.9530474935809902,0.04292320568514942,0.004029296405771133
1033,55,cot,3,0.05,user,-1,2.460034226577824e-06,1.8958097515145153e-07,0.6170269495334623,0.2970007601511773,0.08596964070015867
1034,56,cot,3,0.05,user,-1,4.016929469417723e-07,2.686470419151504e-07,0.9002796268380279,0.06772439436967058,0.03199530845231264
1035,57,cot,3,0.05,user,-1,2.3838863607140215e-06,1.692012586499121e-05,0.5227483226256479,0.3586786303171785,0.11855374304494792
1036,58,cot,3,0.05,user,-1,4.1909837963871645e-09,7.692473289497771e-09,0.9803113236089915,0.010392954974352619,0.009295709533198636
1037,59,cot,3,0.05,user,-1,4.0560709127706944e-08,3.395658399453254e-09,0.015487129964343021,0.9844765056463634,3.632043292615895e-05
1038,60,cot,3,0.05,user,-1,2.363076762309068e-08,1.3537822029018695e-08,0.906882029541521,0.08071016064981242,0.012407772640076996
1039,61,cot,3,0.05,user,-1,1.2971135645543335e-07,2.924514331679525e-07,0.011341947314185707,0.9884864661352661,0.00017116438775855732
1040,62,cot,3,0.05,user,-1,1.1999271983401164e-07,2.491168927290468e-08,0.6861488794951314,0.3102949223929989,0.0035560532074606953
1041,63,cot,3,0.05,user,-1,1.9676273974370657e-08,1.2276944690351612e-08,0.005615925070554754,0.9941546321691648,0.00022941080706183304
1042,64,cot,3,0.05,user,-1,7.199301775084207e-08,1.8600949868114822e-08,0.9767436377988993,0.010631251249451835,0.012625020357681116
1043,65,cot,3,0.05,user,-1,1.5217951407984876e-08,2.704218124014369e-09,0.7369734474359261,0.24715979799212195,0.01586673664978244
1044,66,cot,3,0.05,user,-1,2.0536571317011556e-08,1.4395613356996263e-09,0.20006235656940177,0.7873870688655394,0.012550552588926244
1045,67,cot,3,0.05,user,-1,4.169079432987007e-07,3.371900883756443e-08,0.18493174536855686,0.8059458060548563,0.009121997949634664
1046,68,cot,3,0.05,user,-1,4.979519464743244e-13,8.799225770031843e-14,0.9947089103226741,0.005243246474138753,4.7843202601226034e-05
1047,69,cot,3,0.05,user,-1,4.546244197111859e-12,9.979190424641021e-15,0.8234290175990918,0.17611449515786282,0.00045648723848919036
1048,70,cot,3,0.05,user,-1,2.7536124867615063e-10,6.802585201731641e-12,0.992822999677224,0.002222666624079143,0.0049543334165330554
1049,71,cot,3,0.05,user,-1,1.1429274087907437e-08,1.1197588757807041e-09,0.9811072134226573,0.002814960999320111,0.016077813028989325
1050,72,cot,3,0.05,user,-1,3.6170012983444644e-09,4.5689380875613406e-09,0.9372780349581908,0.05415641511280971,0.008565541743060175
1051,73,cot,3,0.05,user,-1,6.364610326236559e-12,3.4163621967448103e-12,0.9936010232660384,0.006227670149282947,0.0001713065748978433
1052,74,cot,3,0.05,user,-1,1.480150468092595e-12,3.007303620633572e-13,0.9854772102368772,0.007165975482451773,0.007356814278890212
1053,75,cot,3,0.05,user,-1,2.4646374143436934e-10,1.821738399050939e-12,0.8972844966409499,0.049880092366393715,0.052835410744370793
1054,76,cot,3,0.05,user,-1,1.5153490716587502e-08,5.281172313800609e-10,0.8999075592653648,0.09576913215500386,0.004323292898023397
1055,77,cot,3,0.05,user,-1,3.6530594542702203e-09,2.649121077239507e-11,0.9723227880282541,0.009622271334786485,0.01805493695740869
1056,78,cot,3,0.05,user,-1,2.7582403649307923e-09,3.628153377674527e-10,0.925274667667402,0.07274489987376614,0.0019804293377760815
1057,79,cot,3,0.05,user,-1,2.355288157012912e-08,1.9910608577380645e-10,0.1659462104208882,0.8338759471130234,0.00017781871410064165
1058,80,cot,3,0.05,user,-1,1.58930233961208e-11,1.8497505454982076e-13,0.9586596838180282,0.04095646834515606,0.0003838478207377292
1059,81,cot,3,0.05,user,-1,9.59141195383986e-10,5.7047019753228027e-11,0.9063793031393647,0.08989109881737468,0.0037295970270725216
1060,82,cot,3,0.05,user,-1,1.9268305059862696e-07,4.758172739647513e-10,0.22841922436452902,0.7685951696594661,0.0029854128171370475
1061,83,cot,3,0.05,user,-1,1.7889175244974595e-07,1.4597514914319254e-09,0.8311272014842707,0.1661932517083574,0.0026793664558679327
1062,84,cot,3,0.05,user,-1,8.435562972831797e-13,8.78044893379087e-15,0.9609988986666073,0.03894241778001717,5.868355252345755e-05
1063,85,cot,3,0.05,user,-1,4.2213550340434024e-14,5.29754806646447e-17,0.8698980037561471,0.13009350357735178,8.492666458825738e-06
1064,86,cot,3,0.05,user,-1,8.354220251485078e-13,6.398374448565971e-15,0.40784186183045923,0.5919573002834613,0.00020083788523778156
1065,87,cot,3,0.05,user,-1,1.9635657278014628e-11,1.2958744211938207e-13,0.03866236329768814,0.9613370879454355,5.487371110487656e-07
1066,88,cot,3,0.05,user,-1,5.98892878809548e-11,4.553534885898902e-13,0.04673460149443118,0.9531904711181526,7.492732707173582e-05
1067,89,cot,3,0.05,user,-1,2.1695089736081914e-10,8.120756801195282e-14,0.007938360023582211,0.992042007099701,1.9632659684692558e-05
1068,90,cot,3,0.05,user,-1,1.8489180887151135e-10,2.995818219223997e-13,0.04284276404913089,0.9570718164217945,8.541934388310529e-05
1069,91,cot,3,0.05,user,-1,8.627561625326528e-10,8.572698844189777e-12,0.05383142199608082,0.945685476507612,0.00048310062497828807
1070,92,cot,3,0.05,user,-1,1.0334280015299065e-10,6.05494515862659e-13,0.04630044734888131,0.9536929950343992,6.5575127713232635e-06
1071,93,cot,3,0.05,user,-1,1.632070524499464e-14,7.802715072076144e-18,0.06314168326434764,0.9368577909919323,5.257437038072794e-07
1072,94,cot,3,0.05,user,-1,4.235733590391648e-12,3.506234022332909e-14,0.46316199023684707,0.5365917821827659,0.0002462275761163294
1073,95,cot,3,0.05,user,-1,3.222190424478043e-10,2.762454024242775e-12,0.19096801334652264,0.8083834231968648,0.000648563131630948
1074,96,cot,3,0.05,user,-1,4.929098027735396e-12,7.191237380188836e-14,0.22286117939058625,0.7770764600001966,6.236060421610748e-05
1075,97,cot,3,0.05,user,-1,1.4680630499460372e-10,6.416312307025379e-13,0.17852492096860179,0.8201015799298785,0.001373498954071702
1076,98,cot,3,0.05,user,-1,3.2197856025269747e-11,1.501123180201464e-13,0.1179922972222551,0.8815735809968818,0.00043412174851519236
1077,99,cot,3,0.05,user,-1,1.3317600901511359e-08,8.176348716761603e-11,0.4738718704048792,0.5185063693440825,0.00762174685167397
1078,100,cot,3,0.05,user,-1,1.0950273990130897e-09,1.536270968141544e-12,0.016323326319309907,0.9821708086704614,0.0015058639136650387
1079,101,cot,3,0.05,user,-1,8.874892484600331e-09,2.1501908845863193e-10,0.007097818566526736,0.9922795422328793,0.0006226301106824428
1080,102,cot,3,0.05,user,-1,3.99119800348814e-11,2.0886113684297515e-13,0.025277046465348188,0.9740111651838047,0.0007117883107261729
1081,103,cot,3,0.05,user,-1,8.352291552005869e-10,3.110187776012078e-13,0.005301351293977602,0.9941117551091841,0.000586892761297945
1082,104,cot,3,0.05,user,-1,4.357339622615978e-11,9.836217767131507e-14,0.005315500402192895,0.9945708848457279,0.00011361470840768447
1083,105,cot,3,0.05,user,-1,2.2875122997457215e-12,5.1166663314312606e-15,0.11004735478327934,0.889940814660125,1.1830554303072667e-05
1084,106,cot,3,0.05,user,-1,1.9970065164140718e-11,1.9866539730196842e-13,0.09030125168120927,0.9094694635351962,0.00022928476342560535
1085,107,cot,3,0.05,user,-1,1.6747951911394186e-08,1.0163298816315227e-10,0.002402182177102481,0.9975823520715041,1.5448901808667914e-05
1086,108,cot,3,0.05,user,-1,2.6980982864936646e-09,7.777359722851464e-12,0.0016578689349333858,0.9983124284845958,2.9699874595168475e-05
1087,109,cot,3,0.05,user,-1,4.727714093528919e-12,6.394235687983055e-14,0.004745885594078644,0.9952499884298254,4.1259713041765e-06
1088,110,cot,3,0.05,user,-1,2.6947059378454104e-08,1.7416516019872832e-09,0.001531559581796273,0.9984545566977033,1.3855031789466328e-05
1089,111,cot,3,0.05,user,-1,5.049526378799944e-09,6.891287893556927e-12,0.024773100517368373,0.9749042924903498,0.00032260193586426005
1090,112,cot,3,0.05,user,-1,2.0990679978211793e-11,1.0620851346975809e-13,6.43526411771897e-05,0.9999353307540916,3.1658363443263584e-07
1091,113,cot,3,0.05,user,-1,1.6389340981690456e-11,7.175897277973805e-15,0.00016165010712484952,0.9998381640174894,1.8585898922894055e-07
1092,114,cot,3,0.05,user,-1,3.2121922190169937e-09,1.6065490728471147e-11,0.12276650059987876,0.8769737899898495,0.0002597061820139356
1093,115,cot,3,0.05,user,-1,1.7718334887887978e-05,1.7445733370341215e-08,0.012846014674452696,0.9464571660539299,0.04067908349099599
1094,116,cot,3,0.05,user,-1,5.139033245291072e-07,2.259868564648056e-10,0.002003827547228272,0.9908184956192766,0.007177162704183773
1095,117,cot,3,0.05,user,-1,1.1608245714818153e-09,1.5173530505793177e-13,0.014768900180915015,0.9844426480287256,0.0007884506293830353
1096,118,cot,3,0.05,user,-1,4.3907455151713926e-09,1.2009298381973018e-11,0.0024956418179411114,0.9972476732930808,0.0002566804862232395
1097,119,cot,3,0.05,user,-1,9.299604311760487e-10,2.836284633274437e-13,0.05169199459115949,0.9470702799111157,0.001237724567480845
1098,120,cot,3,0.05,user,-1,5.725751452868417e-06,5.600302919366493e-08,0.26053276414286636,0.7025870823639836,0.03687437173866786
1099,121,cot,3,0.05,user,-1,1.8852435306505134e-11,3.500968000219369e-14,0.1573846457239333,0.84251962244605,9.573181112909623e-05
1100,122,cot,3,0.05,user,-1,1.5300112664258313e-12,9.328167072345784e-15,0.013865283441643951,0.9861090627013016,2.5653855515020127e-05
1101,123,cot,3,0.05,user,-1,4.33903110860626e-08,1.3777199671363215e-10,0.09105320900054636,0.9070176728970841,0.0019290745742863466
1102,124,cot,3,0.05,user,-1,3.395140438342219e-11,2.76584062654405e-13,0.012251873440874611,0.9876825231246252,6.560340027210905e-05
1103,125,cot,3,0.05,user,-1,3.861863223513433e-12,1.0811070929645072e-15,0.015474777935499003,0.9845142371323246,1.0984928313475698e-05
1104,126,cot,3,0.05,user,-1,1.0203450479944996e-12,9.743910625414855e-17,0.004716323920051161,0.9952822470660994,1.4290128290018527e-06
1106,127,assistant,4,0.05,user,-1,3.0485360719079355e-17,8.305032358613933e-20,9.095282314507878e-05,0.9999090468501227,3.2673224116002286e-10
1107,128,assistant,4,0.05,user,-1,5.354036380288943e-17,1.7890536291844412e-19,4.591516655987122e-06,0.9999954084561519,2.719212206192709e-11
1108,129,assistant,4,0.05,user,-1,7.731677192533139e-17,3.1855041394044386e-20,1.5226113239597688e-05,0.9999847738802484,6.511700665673531e-12
1109,130,assistant,4,0.05,user,-1,1.3184902270638114e-14,3.053393481811083e-18,6.604290600307024e-07,0.999999338987358,5.835688441232489e-10
1110,131,assistant,4,0.05,user,-1,1.6000205643157713e-16,1.9044204184833218e-19,1.8172896132314322e-07,0.9999998182393868,3.165186955874206e-11
1111,132,assistant,4,0.05,user,-1,5.473790892172672e-18,6.363902810572332e-21,4.414242054333034e-08,0.9999999558532162,4.363240843830303e-12
1112,133,assistant,4,0.05,user,-1,1.6711648114706585e-19,1.3160597052806508e-21,9.219791053839068e-08,0.9999999078020124,7.712325882890786e-14
1113,134,assistant,4,0.05,user,-1,8.454703984647288e-17,6.391993825347702e-20,2.5940898795999707e-07,0.9999997405610259,2.998607763611685e-11
1114,135,assistant,4,0.05,user,-1,6.248521318583086e-16,3.3047844233964764e-20,3.0621267971323474e-07,0.9999996937479269,3.9392831369117204e-11
1115,136,assistant,4,0.05,user,-1,2.804852019819754e-17,1.8370457939019e-20,6.445333335621923e-08,0.9999999355343999,1.2266674151962445e-11
1116,137,assistant,4,0.05,user,-1,1.5503128403581093e-16,1.2651919346017913e-20,1.6247427288365997e-05,0.9999837525605283,1.2183084262459093e-11
1117,138,assistant,4,0.05,user,-1,4.835427044749222e-16,7.879293502451673e-20,6.437065920274024e-06,0.9999935628537022,8.03770557904014e-11
1118,139,assistant,4,0.05,user,-1,5.285851837496877e-15,8.577246938789779e-19,2.679429537698812e-06,0.9999973197897751,7.806819793726695e-10
1119,140,assistant,4,0.05,user,-1,3.365466397202839e-11,2.1553661000907024e-12,1.1997882364730165e-06,0.9999987452947212,5.488123220563308e-08
1120,141,assistant,4,0.05,user,-1,3.5549936462445613e-16,5.84535029843891e-18,1.437395295020873e-07,0.9999998560616544,1.9881582276313147e-10
1121,142,assistant,4,0.05,user,-1,1.329501552407665e-10,4.748375141353072e-12,2.7926223304950882e-05,0.9999719499567687,1.236822278224906e-07
1122,143,assistant,4,0.05,user,-1,1.443666066630301e-12,4.397582038956018e-15,1.8092276901968218e-07,0.9999998181779421,8.978407912557543e-10
1123,144,assistant,4,0.05,user,-1,1.0413357197466708e-17,6.699770542528642e-20,1.206993859356758e-07,0.9999998792591046,4.150936651240599e-11
1124,145,assistant,4,0.05,user,-1,8.568389758100197e-14,6.033749198807188e-17,9.269567606103135e-08,0.9999999072760203,2.8217835958612117e-11
1125,146,assistant,4,0.05,user,-1,7.924743201031758e-16,4.04012351282124e-17,2.1135624606363866e-06,0.9999978864117818,2.5756990841621526e-11
1126,147,assistant,4,0.05,user,-1,1.205052236085499e-11,6.090372695391208e-14,5.919485496982575e-06,0.9999940783489185,2.153473142648061e-09
1127,148,assistant,4,0.05,user,-1,2.4195431316816874e-10,1.5800491965807597e-11,1.544971228310582e-05,0.9999843399918472,2.1003811490075597e-07
1128,149,assistant,4,0.05,user,-1,5.012180795675392e-09,4.840266271553863e-10,6.462529256801574e-06,0.9999934697817053,6.219283053315932e-08
1129,150,assistant,4,0.05,user,-1,1.0955577843962235e-10,1.1295595217786092e-11,2.998577210943488e-06,0.9999969833581629,1.7943774724709024e-08
1130,151,assistant,4,0.05,user,-1,3.862802688854686e-11,2.4833382688679167e-12,4.049339119943875e-05,0.9999594763305912,3.023709810913799e-08
1131,152,assistant,4,0.05,user,-1,3.6234175273684036e-12,3.6010517225167204e-14,5.323916734653989e-07,0.9999994665571191,1.0475478398179306e-09
1132,153,assistant,4,0.05,user,-1,3.735381907657174e-14,8.541831358045229e-15,5.181074231959927e-07,0.999999460347411,2.154511992335306e-08
1133,154,assistant,4,0.05,user,-1,4.843759254103344e-14,6.14356419743973e-16,1.4959248156644432e-07,0.9999998450762302,5.331239086318003e-09
1134,155,assistant,4,0.05,user,-1,2.5147310197107178e-11,2.8974934045457864e-12,5.959156775043104e-05,0.9999398172859554,5.911182495909227e-07
1135,156,assistant,4,0.05,user,-1,4.8122884093121463e-14,1.362227313632628e-14,1.4218764098817943e-06,0.999998573827146,4.296382361860242e-09
1136,157,assistant,4,0.05,user,-1,5.2684234026468215e-12,6.175608654828521e-13,4.998729486332056e-05,0.9999493160662646,6.966329860445174e-07
1137,158,assistant,4,0.05,user,-1,1.9412871976654938e-10,4.801525351011337e-13,4.032863520913106e-05,0.9999596127881569,5.8382025033522035e-08
1138,159,assistant,4,0.05,user,-1,1.9043067429845634e-13,5.242020194620332e-16,5.480417821810493e-07,0.9999994516699331,2.880939306228413e-10
1139,160,assistant,4,0.05,user,-1,1.283481089770241e-09,2.3639324263147453e-10,4.400575464527776e-05,0.9999559658049909,2.6920489436776423e-08
1140,161,assistant,4,0.05,user,-1,4.547144079031007e-14,1.066750845517554e-16,2.4797935961400015e-08,0.999999975128743,7.327564090039432e-11
1141,162,assistant,4,0.05,user,-1,3.167135805084126e-16,1.8700427279315577e-19,3.709530407021022e-07,0.999999628947768,9.919105862257525e-11
1142,163,assistant,4,0.05,user,-1,2.0883839263843728e-13,3.6828639354866035e-15,7.941650806929129e-07,0.9999992026051469,3.2295599265108046e-09
1143,164,assistant,4,0.05,user,-1,1.2384793452367174e-18,4.348682503676157e-21,7.921005329847286e-07,0.9999992078992984,1.685396790739023e-13
1144,165,assistant,4,0.05,user,-1,6.267908898258039e-11,3.091099945658294e-13,0.0005068074605330387,0.9994928865143481,3.0596213083886804e-07
1145,166,assistant,4,0.05,user,-1,2.8306365017484633e-16,3.237063002142586e-19,1.330392233069252e-07,0.9999998669297815,3.099481584782201e-11
1146,167,assistant,4,0.05,user,-1,4.500432703700801e-13,5.776091411104891e-16,1.1767964733865917e-07,0.9999998822789679,4.093411907994772e-11
1147,168,assistant,4,0.05,user,-1,6.364144773053616e-15,3.248333356340314e-17,3.252510370650329e-08,0.9999999672884836,1.8640615397740421e-10
1148,169,assistant,4,0.05,user,-1,7.010321949428976e-15,2.5757341929893126e-17,1.3170294461151742e-08,0.999999986748962,8.073648638137426e-11
1149,170,assistant,4,0.05,user,-1,2.3265580399161713e-11,1.2641455151469566e-14,2.388595279424583e-06,0.9999976093915248,1.9899174054301294e-09
1150,171,assistant,4,0.05,user,-1,2.5098157613808476e-14,1.1442970433718635e-18,2.2586125555631476e-07,0.9999997735537538,5.849655040922838e-10
1151,172,assistant,4,0.05,user,-1,1.9739719723201578e-10,2.794825842152145e-14,4.124139631149913e-05,0.999958640035706,1.1837055752326905e-07
1152,173,assistant,4,0.05,user,-1,4.119467781173963e-10,1.9210072080848077e-14,4.2625380448420874e-05,0.9999567831373422,5.910702435561259e-07
1153,174,assistant,4,0.05,user,-1,8.149591011604246e-14,1.749858363552542e-16,2.6019978795304154e-07,0.9999997396936338,1.0649654563687732e-10
1154,175,assistant,4,0.05,user,-1,3.2239280279628476e-10,6.874252616337506e-13,5.230975064299769e-07,0.9999994587683381,1.7811075184696822e-08
1155,176,assistant,4,0.05,user,-1,6.009773676904192e-13,7.374583642171061e-16,2.5286493646350364e-06,0.9999974658840467,5.4659869490510145e-09
1156,177,assistant,4,0.05,user,-1,6.4037175742146945e-12,1.1576082796540595e-16,3.1326012570222203e-06,0.9999968634234899,3.968849205180617e-09
1157,178,assistant,4,0.05,user,-1,5.533377526121786e-13,1.4798081196783051e-15,2.1669333673183603e-06,0.9999978308754065,2.190671307670694e-09
1158,179,assistant,4,0.05,user,-1,2.6933883535016586e-14,4.546228706812008e-18,1.1170139772335343e-08,0.999999988822157,7.67619441906675e-12
1159,180,assistant,4,0.05,user,-1,2.09831597003986e-12,8.017791144789761e-16,2.1162238648316248e-07,0.9999997858310087,2.5445055053531173e-09
1160,181,assistant,4,0.05,user,-1,1.9151230336893893e-11,1.0770967404136093e-14,1.042258199110183e-06,0.9999989471117617,1.0610877224713537e-08
1161,182,assistant,4,0.05,user,-1,2.6715996773093807e-11,3.8022090577267794e-14,5.843896746741323e-06,0.9999941400193942,1.6057105055578047e-08
1162,183,assistant,4,0.05,user,-1,1.678468613064349e-12,8.34511384098045e-16,3.6259070907420237e-06,0.9999963705843226,3.50690740243976e-09
1163,184,assistant,4,0.05,user,-1,9.793368406831933e-14,1.3098684879076357e-17,2.8452635683846747e-07,0.9999997154098546,6.369075482129783e-11
1164,185,assistant,4,0.05,user,-1,1.9699503670909415e-14,2.0130213721860135e-18,1.0534197985075632e-08,0.9999999894147965,5.098585313005147e-11
1165,186,assistant,4,0.05,user,-1,5.319926343559971e-12,1.2684612329307242e-15,5.075668115575015e-07,0.9999994502588494,4.21690176816187e-08
1166,187,assistant,4,0.05,user,-1,2.2826471103410877e-10,4.400207856006797e-14,7.740081751278477e-06,0.9999919891171775,2.7057276244256675e-07
1167,188,assistant,4,0.05,user,-1,2.3272458506194903e-12,2.1068053391672884e-15,1.2943247754815804e-06,0.9999986964046453,9.268249833044975e-09
1168,189,assistant,4,0.05,user,-1,1.0388417547919553e-13,1.0138474349307416e-16,1.2013850134628867e-07,0.9999998792801196,5.812749406528529e-10
1169,190,assistant,4,0.05,user,-1,3.9385606367161985e-14,7.483786617266097e-17,7.350845872642929e-08,0.9999999264643541,2.7147860246950035e-11
1170,191,assistant,4,0.05,user,-1,3.1232706733684004e-13,7.041377295548066e-17,5.184599528033169e-08,0.9999999479647415,1.889508013887435e-10
1171,192,assistant,4,0.05,user,-1,1.177771797099027e-13,5.439597773581646e-17,8.124392289343891e-08,0.9999999185608583,1.9510099236634806e-10
1172,193,assistant,4,0.05,user,-1,4.345122577446881e-12,1.7026373863925563e-15,1.240200710386985e-06,0.9999986904057099,6.938923296719894e-08
1173,194,assistant,4,0.05,user,-1,1.862710172190187e-15,1.0294489549571132e-18,1.098993108463617e-08,0.999999988997568,1.2499182033082862e-11
1174,195,assistant,4,0.05,user,-1,1.661310466121565e-15,3.1652982097752087e-19,9.65906487691296e-09,0.9999999903354154,5.5180272582336234e-12
1175,196,assistant,4,0.05,user,-1,1.3115468099304852e-12,1.7426065823115188e-16,3.3421569899907144e-07,0.9999996577450879,8.03790126093105e-09
1176,197,assistant,4,0.05,user,-1,3.4878077315906126e-11,4.9879997878929445e-14,2.5687558649072136e-06,0.9999974132984861,1.791072090721328e-08
1177,198,assistant,4,0.05,user,-1,3.204633839999556e-10,3.6146330794487545e-13,1.97811407557833e-05,0.9999758137882384,4.404750181013217e-06
1178,199,assistant,4,0.05,user,-1,6.577172006333786e-07,6.298750792116396e-11,0.00023394786743027366,0.9997535736683113,1.1820684070298693e-05
1179,200,assistant,4,0.05,user,-1,1.9120913984333028e-13,1.7360698180795272e-16,1.4099424627034567e-07,0.9999998531411465,5.8644157749093e-09
1180,201,assistant,4,0.05,user,-1,6.062205761540405e-13,2.7495603894287384e-16,4.3946929127101716e-07,0.999999555147822,5.382280186376278e-09
1181,202,assistant,4,0.05,user,-1,1.9555170743911684e-10,1.6895005926753305e-14,1.0677542599716009e-05,0.9999891763802617,1.4588157000227022e-07
1182,203,assistant,4,0.05,user,-1,4.138365583962486e-12,2.7873496587694057e-15,2.8607289665619867e-06,0.9999971320303144,7.236577873394396e-09
1183,204,assistant,4,0.05,user,-1,7.97105653025544e-13,1.9082387070874804e-16,2.996431690789402e-07,0.9999996996779181,6.781152533461541e-10
1184,205,assistant,4,0.05,user,-1,7.102249797011616e-14,9.456720154957572e-17,7.889673284643739e-08,0.9999999210582675,4.4928581080498595e-11
1185,206,assistant,4,0.05,user,-1,3.0636085402137076e-13,1.352987201560246e-16,5.967479031311161e-07,0.9999994007939148,2.457875472906125e-09
1186,207,assistant,4,0.05,user,-1,5.2287091049104645e-12,1.3145416409657222e-16,1.1822884235410704e-07,0.9999998816712246,9.470427544683635e-11
1187,208,assistant,4,0.05,user,-1,8.572799038807969e-13,2.455214864935368e-15,1.5754381335728115e-07,0.9999998420146089,4.407181319202038e-10
1188,209,assistant,4,0.05,user,-1,6.226255618745026e-11,8.840112455304469e-14,3.7268580999900706e-05,0.9999627267697409,4.586908439272752e-09
1189,210,assistant,4,0.05,user,-1,2.7135545730929828e-11,3.0074407187663206e-15,2.5472863508689575e-06,0.9999974513365655,1.3499452161086885e-09
1190,211,assistant,4,0.05,user,-1,1.7730786478358488e-11,5.392554537761419e-16,9.585075366469096e-07,0.9999990406472239,8.27508219243268e-10
1191,212,assistant,4,0.05,user,-1,1.2810696333710106e-16,2.6233176852304372e-20,5.42448234074106e-09,0.9999999945732163,2.3013157676451754e-12
1192,213,assistant,4,0.05,user,-1,1.0749139231479794e-17,1.8971663478545985e-21,5.269907194719109e-08,0.9999999473004265,5.016763067991677e-13
1193,214,assistant,4,0.05,user,-1,1.6255845201333633e-12,1.060822283719644e-15,4.426004987773187e-07,0.9999995520533901,5.344484479533199e-09
1194,215,assistant,4,0.05,user,-1,1.2626690744186051e-14,6.68993966779434e-19,3.493472995182598e-08,0.999999964910209,1.5504851909906432e-10
1195,216,assistant,4,0.05,user,-1,3.002673363502211e-11,1.4727082507661205e-14,2.100521622306545e-06,0.9999978967092797,2.739056521758696e-09
1196,217,assistant,4,0.05,user,-1,1.4260007893972222e-12,6.370120440780147e-15,7.876638993211125e-08,0.9999999202760809,9.560968925257706e-10
1197,218,assistant,4,0.05,user,-1,5.283144914473712e-16,3.8155667606659645e-18,4.792878603180917e-10,0.9999999995169577,3.753858384262143e-12
1198,219,assistant,4,0.05,user,-1,5.93689228237686e-16,3.3128083250004715e-19,4.999467703767274e-09,0.9999999949939298,6.601883037589281e-12
1199,220,assistant,4,0.05,user,-1,3.337057879885489e-13,3.971807285735764e-16,1.9975020372767306e-07,0.9999997985700745,1.6793875479641503e-09
1200,221,assistant,4,0.05,user,-1,5.587529605985411e-10,2.2415698227809503e-12,4.790311218409167e-05,0.9999507126281899,1.3836986313618588e-06
1201,222,assistant,4,0.05,user,-1,2.818526537287026e-12,1.0406767875275974e-14,3.141222650688824e-06,0.9999968493300999,9.444420457639153e-09
1202,223,assistant,4,0.05,user,-1,3.377468304048282e-13,1.7316815341538316e-15,9.266627566126504e-07,0.9999990520791399,2.125776415029995e-08
1203,224,assistant,4,0.05,user,-1,1.5343114402664484e-15,6.001641437479432e-19,4.953741167497388e-08,0.9999999504589776,3.6091647999199996e-12
1204,225,assistant,4,0.05,user,-1,8.265526354211247e-13,9.158342427023037e-16,5.829741513267576e-06,0.999994167400218,2.857441419375914e-09
1205,226,assistant,4,0.05,user,-1,1.3521173020265874e-14,1.519279806360027e-16,4.875820203327344e-07,0.9999995076253074,4.792658468117512e-09
1206,227,assistant,4,0.05,user,-1,8.017777388339697e-10,2.2460189954366425e-13,8.320282819433796e-06,0.9999892295487403,2.449366437919778e-06
1207,228,assistant,4,0.05,user,-1,5.435722204125904e-12,8.861404165014836e-17,4.407907976051407e-07,0.9999995486559227,1.0547843893259895e-08
1208,229,assistant,4,0.05,user,-1,1.0800282231117379e-14,6.231780662123106e-19,8.293076274770532e-08,0.9999999168822096,1.8701688939833273e-10
1209,230,assistant,4,0.05,user,-1,1.1235278699508716e-10,3.132798686979151e-15,1.0241219520266323e-06,0.9999989682771693,7.488522687685516e-09
1210,231,assistant,4,0.05,user,-1,1.3245675571927585e-10,5.150702886216407e-14,5.082240338253983e-06,0.9999944399469729,4.77680180640849e-07
1211,232,assistant,4,0.05,user,-1,6.939246942311247e-12,1.1676387515993242e-15,1.1862666264982008e-07,0.9999998807422048,6.241921664041023e-10
1212,233,assistant,4,0.05,user,-1,4.5655618035514876e-14,2.5164525783376985e-17,7.055741179625589e-08,0.9999999291493015,2.932410023036275e-10
1213,234,assistant,4,0.05,user,-1,1.7332682328714086e-14,2.2976591231958193e-17,8.448690591912778e-08,0.9999999134323138,2.080762836100661e-09
1214,235,assistant,4,0.05,user,-1,8.753135369294011e-12,9.484994518614742e-14,7.077544668288559e-06,0.9999928420851905,8.036129333386208e-08
1215,236,assistant,4,0.05,user,-1,8.27555233018068e-13,6.663244288087527e-16,8.045207327515682e-08,0.9999999134593399,6.087758346435519e-09
1216,237,assistant,4,0.05,user,-1,8.687806518198218e-16,1.2843333038603495e-19,1.0118092794132427e-08,0.9999999898182527,6.36538020327246e-11
1217,238,assistant,4,0.05,user,-1,6.1872999289300575e-12,1.197735030381876e-14,2.6925980928931253e-07,0.9999997237962962,6.937695102439938e-09
1218,239,assistant,4,0.05,user,-1,3.424676075661122e-15,4.567160396767697e-19,7.412164336479269e-09,0.9999999925824468,5.385382232769989e-12
1219,240,assistant,4,0.05,user,-1,3.4094107261754487e-13,1.2226318655785122e-17,6.074864315064252e-08,0.9999999388468144,4.042016364481748e-10
1220,241,assistant,4,0.05,user,-1,2.3822593750139053e-13,7.331896794701126e-17,7.542292144308654e-08,0.9999999241172723,4.5956780723448143e-10
1221,242,assistant,4,0.05,user,-1,1.4679339473949043e-11,6.3232823768750845e-15,1.7299019159954905e-05,0.9999826254619844,7.550416989683916e-08
1222,243,assistant,4,0.05,user,-1,4.460060026194067e-12,3.31439803703218e-16,2.6884647991316815e-06,0.9999973017748292,9.755911199161083e-09
1223,244,assistant,4,0.05,user,-1,3.4325912569074654e-13,5.2584999179963726e-17,9.401744030692248e-07,0.9999990492071472,1.0618106562386581e-08
1224,245,assistant,4,0.05,user,-1,5.042765631819295e-12,8.298361325660376e-16,5.494255441000512e-06,0.9999944834845067,2.225500881807387e-08
1225,246,assistant,4,0.05,user,-1,1.562521592033199e-11,6.666195742913741e-16,5.099568441554354e-06,0.9999948919970427,8.418889802723966e-09
1436,247,user,5,0.05,user,-1,3.4165333056083275e-10,3.939369776437334e-12,0.0009528400980986274,0.9990470440733248,1.1548298399622801e-07
1437,248,user,5,0.05,user,-1,7.112821201139982e-11,1.9365489976955832e-13,0.00014034585349197328,0.9998596022427461,5.183244008194737e-08
1438,249,user,5,0.05,user,-1,1.3117355372810131e-15,3.031053091278628e-17,8.11220894904421e-07,0.9999991887574515,2.165218358943413e-11
1439,250,user,5,0.05,user,-1,4.228548917057887e-12,1.2461070024952565e-13,1.2261838599399022e-05,0.9999877322585685,5.898478877962599e-09
1440,251,user,5,0.05,user,-1,2.8067839256631964e-11,2.2966883259829343e-12,5.9620798289867605e-06,0.9999940178347966,2.0055009891044302e-08
1441,252,user,5,0.05,user,-1,1.571939286690852e-10,1.3999428573128371e-10,4.74818154403813e-05,0.9999524839063244,3.398104705506301e-08
1442,253,user,5,0.05,user,-1,7.931368697047698e-11,2.1806881718969413e-11,0.00016641151893916892,0.9998332568372412,3.315426989887031e-07
1443,254,user,5,0.05,user,-1,3.191971907024347e-11,8.430682238838861e-13,1.177691251197293e-05,0.999988170468345,5.2586380266752004e-08
1444,255,user,5,0.05,user,-1,1.959389592448627e-09,1.775157873148493e-09,5.433300847930878e-05,0.9999455160039823,1.4725299095028604e-07
1445,256,user,5,0.05,user,-1,2.2989486435086983e-09,5.967896884613758e-10,2.440693590527793e-05,0.9999744522722119,1.1378961443483526e-06
1446,257,user,5,0.05,user,-1,1.0719277999650359e-09,2.2734531967696869e-10,0.011239897112752606,0.988743614627025,1.6486960949388084e-05
1447,258,user,5,0.05,user,-1,1.2291984721880092e-09,6.00491487363484e-10,0.00017616558847667835,0.9998103256150522,1.350696678132735e-05
1448,259,user,5,0.05,user,-1,6.235826287523973e-11,1.4971914545057352e-10,5.4763989394009684e-05,0.9999448303107576,4.0548777086987914e-07
1449,260,user,5,0.05,user,-1,3.758008196359665e-08,1.6479592190591957e-07,0.0014080909260930188,0.9985778707421029,1.3835955800221864e-05
1450,261,user,5,0.05,user,-1,1.761707578876156e-09,1.8429855632054318e-10,5.949995147001959e-06,0.9999937905052798,2.575535670482407e-07
1451,262,user,5,0.05,user,-1,1.1508745811903668e-11,3.9026294157482244e-11,9.519031235298537e-07,0.999999044079584,3.966757639851232e-09
1452,263,user,5,0.05,user,-1,5.709428177949078e-13,1.6598402771992946e-13,4.5809757345096314e-08,0.9999999541229884,6.651734710514465e-11
1453,264,user,5,0.05,user,-1,1.9868084451962924e-12,3.3124171105439857e-12,1.117040578809865e-06,0.999998882226327,7.277950926816619e-10
1454,265,user,5,0.05,user,-1,5.425964230960401e-11,1.4355050408715228e-09,7.105518310008261e-06,0.9999928511885633,4.1803362109629036e-08
1455,266,user,5,0.05,user,-1,1.0515716400352937e-10,2.8253650765025445e-10,3.740389992313462e-06,0.9999960182131111,2.410092028783832e-07
1456,267,user,5,0.05,user,-1,7.649827838141864e-10,1.7345006972607897e-08,3.49047778295239e-06,0.9999962220629252,2.693493021739336e-07
1457,268,user,5,0.05,user,-1,3.1923986170622408e-12,7.034538608446193e-12,1.501331708145183e-06,0.9999984983425702,3.154948082726271e-10
1458,269,user,5,0.05,user,-1,3.399288977628468e-10,8.766383264750125e-10,3.4800094757868014e-05,0.9999651822391189,1.6449556028159967e-08
1459,270,user,5,0.05,user,-1,6.253767567657985e-11,9.04184136507234e-11,8.846263360315605e-05,0.9999115201848895,1.7028551163169657e-08
1460,271,user,5,0.05,user,-1,1.5740640058517327e-08,3.8393885962353084e-07,0.00010661761510488399,0.9998815675829574,1.1415122437903444e-05
1461,272,user,5,0.05,user,-1,1.177069028854399e-08,6.070530095790807e-09,2.2728222996721767e-06,0.9999971191787975,5.901576824316442e-07
1462,273,user,5,0.05,user,-1,2.692341164608934e-07,3.0606090915811817e-07,0.00034609808654670294,0.9996355843501084,1.774226831934659e-05
1463,274,user,5,0.05,user,-1,4.5017626742396173e-07,5.768295306982681e-07,0.0007887964274151629,0.9992044348907477,5.741676039041013e-06
1464,275,user,5,0.05,user,-1,4.361785190937021e-08,3.861093029621586e-07,8.902797286775809e-05,0.9999082821572103,2.2601427671090635e-06
1465,276,user,5,0.05,user,-1,4.768558771236782e-09,4.513538932271597e-08,8.720451643625922e-05,0.9999124944870222,2.5109259342440055e-07
1466,277,user,5,0.05,user,-1,1.5562136674323135e-09,4.113233731410486e-09,7.586003192692434e-05,0.9999177757220157,6.358576609938256e-06
1467,278,user,5,0.05,user,-1,6.529178084468821e-09,1.7818167506677604e-07,0.001747426838512137,0.9982271162927234,2.527215791141567e-05
1468,279,user,5,0.05,user,-1,1.1228907061010236e-11,6.459311033661952e-12,4.956983702703217e-08,0.9999999233092237,2.710325111252239e-08
1469,280,user,5,0.05,user,-1,4.785304520546472e-10,1.6813947502489885e-08,2.190497255920596e-05,0.9999751554867862,2.922248176511668e-06
1470,281,user,5,0.05,user,-1,3.234810257050809e-10,2.343497129691117e-10,2.817083956526265e-07,0.9999995067027285,2.1103104508858317e-07
1471,282,user,5,0.05,user,-1,5.431496623055013e-09,2.7365301110928725e-10,2.7106218718200694e-05,0.9999695938711713,3.29420496063554e-06
1472,283,user,5,0.05,user,-1,2.5071490588035446e-10,1.1742167755016232e-08,1.1077176619790034e-05,0.9999886846042529,2.262262445490447e-07
1473,284,user,5,0.05,user,-1,6.230019751965388e-11,4.5107587825078195e-10,1.0314876794830088e-05,0.9999896727151368,1.1894692243280248e-08
1474,285,user,5,0.05,user,-1,1.2050233027758527e-08,3.467333180435924e-08,0.0003548769779026606,0.9996429961285777,2.080169955028242e-06
1475,286,user,5,0.05,user,-1,9.823931190491873e-10,5.985294872454393e-09,6.502150093171422e-06,0.9999921025687419,1.388313476824319e-06
1476,287,user,5,0.05,user,-1,7.531340209711425e-09,1.544995344105386e-09,6.032094910591029e-06,0.9999920680461303,1.8907826235049758e-06
1477,288,user,5,0.05,user,-1,8.99877838798659e-11,1.9622831119338783e-11,1.7518708077018977e-06,0.9999982160808412,3.193874047776375e-08
1478,289,user,5,0.05,user,-1,9.513083305011603e-10,1.9968024008845385e-09,3.2869045634816796e-06,0.999996022514436,6.876328897425139e-07
1479,290,user,5,0.05,user,-1,9.048858800476926e-09,6.944693302222027e-09,0.00044309102458720977,0.9995458392682273,1.1053713633498016e-05
1480,291,user,5,0.05,user,-1,6.583406511516144e-11,6.825777410766968e-11,2.155907351193342e-06,0.9999978242122393,1.9746317847177885e-08
1481,292,user,5,0.05,user,-1,4.477253963070823e-09,1.50604225747197e-08,0.0003352487794273558,0.9996646363948071,9.528808905319132e-08
1482,293,user,5,0.05,user,-1,1.1947721044016707e-08,1.6764856371317978e-08,6.912280231509142e-05,0.9999294652038391,1.383281268478475e-06
1483,294,user,5,0.05,user,-1,6.851109264249513e-12,9.707452311038996e-13,2.1061074977369919e-07,0.9999997883686736,1.0127547694697638e-09
1484,295,user,5,0.05,user,-1,3.293347216850324e-10,5.7760012671655073e-11,1.6830874789752297e-05,0.9999831518132359,1.692487944851198e-08
1485,296,user,5,0.05,user,-1,1.1979646493937615e-10,1.8651221810039807e-11,1.3974840755671247e-05,0.9999859662274906,5.879330611927983e-08
1486,297,user,5,0.05,user,-1,4.07606542492998e-09,4.3916883408203555e-08,0.00016714922460005016,0.9998325197064151,2.830760359585463e-07
1488,298,cot,6,0.05,user,-1,4.456908632907995e-16,3.826012526103583e-17,0.0011000929689307158,0.9988999034228018,3.608266887776429e-09
1489,299,cot,6,0.05,user,-1,9.578107350782473e-12,6.914043267202548e-13,0.13201829093004286,0.867949871540761,3.183751892664705e-05
1490,300,cot,6,0.05,user,-1,2.844006386680003e-11,6.370603469439286e-12,0.09328777203895791,0.9065851944066541,0.00012703351957748867
1491,301,cot,6,0.05,user,-1,2.0851942230251702e-13,1.8213242170355938e-13,0.07665053726942755,0.9233445498803279,4.9128498540406716e-06
1492,302,cot,6,0.05,user,-1,2.5320303612641867e-10,2.3503009409695732e-09,0.0006930396257208319,0.9993056272753305,1.3304954446906419e-06
1493,303,cot,6,0.05,user,-1,8.638412126120652e-11,1.5735610767824313e-09,6.427226159368101e-06,0.9999929218697808,6.49244114615322e-07
1494,304,cot,6,0.05,user,-1,7.648002601177951e-10,1.1776448964943198e-09,2.6261002651439176e-05,0.9999705933472844,3.143707618914779e-06
1495,305,cot,6,0.05,user,-1,3.8585978162393344e-10,9.213613898243147e-10,0.0005354687234636953,0.9994543262895651,1.0203679750146799e-05
1496,306,cot,6,0.05,user,-1,1.4677429481226346e-08,6.804818023900812e-07,0.0061459907631921185,0.9935686999843968,0.00028461409317917443
1497,307,cot,6,0.05,user,-1,2.0495834073054326e-11,3.3605771640676583e-10,0.04585111053273968,0.9541297862727116,1.9102837995073667e-05
1498,308,cot,6,0.05,user,-1,4.257421604773018e-10,4.348530791887426e-10,6.757219121433517e-05,0.9999265844989097,5.842449280735145e-06
1499,309,cot,6,0.05,user,-1,2.9064305241969453e-11,1.420962025710655e-10,4.695676205058029e-05,0.9999521416611499,9.014056390725107e-07
1500,310,cot,6,0.05,user,-1,1.275430802762549e-12,2.0777389006387216e-13,7.254784325412635e-07,0.9999992720431067,2.4769775627922922e-09
1501,311,cot,6,0.05,user,-1,4.849223792740986e-10,2.3983194461277098e-09,0.0555777502186637,0.9443972332213764,2.5013676717929332e-05
1502,312,cot,6,0.05,user,-1,5.595497034627957e-11,1.1586845319390997e-10,0.0057409197556026244,0.9942440857477419,1.499432483211551e-05
1503,313,cot,6,0.05,user,-1,5.1840796402187996e-11,4.433157009270069e-10,3.201624048023516e-05,0.9999672984560507,6.848083127143311e-07
1504,314,cot,6,0.05,user,-1,5.475287300355194e-12,6.242545888291037e-12,0.0002733596399601977,0.9997265536288736,8.671944831803342e-08
1505,315,cot,6,0.05,user,-1,2.6682220488551307e-11,2.625661913384177e-10,0.3446041931237778,0.6553859698526235,9.836734350231791e-06
1506,316,cot,6,0.05,user,-1,2.4289282224662077e-09,2.3928653481602403e-09,0.05700208641788441,0.9423292073404931,0.0006687014198289638
1507,317,cot,6,0.05,user,-1,2.9907527669853675e-09,6.558820442574907e-10,8.80995746073368e-06,0.999989194926711,1.9914691935036435e-06
1508,318,cot,6,0.05,user,-1,4.269832598607117e-08,9.376069091167886e-07,0.006761221011801764,0.9928799999049869,0.00035779877797618244
1509,319,cot,6,0.05,user,-1,4.95858392803305e-09,1.9264207094869933e-08,0.001306073509217175,0.9986804274736938,1.3474794298065997e-05
1510,320,cot,6,0.05,user,-1,3.3774906995584554e-11,8.458866280748057e-10,0.12744570466048874,0.8725227849481538,3.150951169577037e-05
1511,321,cot,6,0.05,user,-1,8.067406955963493e-11,1.926621639112784e-09,0.011741502662823903,0.9882119613334417,4.653399643872555e-05
1512,322,cot,6,0.05,user,-1,3.869635087456582e-09,2.9820670603460385e-08,0.03749877971867653,0.9612593859846414,0.0012418006063762471
1513,323,cot,6,0.05,user,-1,1.0459817811697217e-10,5.799121440000349e-09,0.0011182858604607132,0.9988781585991097,3.5496367101005448e-06
1514,324,cot,6,0.05,user,-1,3.5047757898673014e-11,1.864015822334723e-10,0.23437533670810717,0.7655713343604531,5.332870999045617e-05
1515,325,cot,6,0.05,user,-1,6.605173097622441e-10,9.755971594050904e-10,0.021415246636212734,0.9785210384562427,6.37132714301691e-05
1516,326,cot,6,0.05,user,-1,2.0214953998813948e-10,7.707646608921007e-12,4.675716430939972e-06,0.999995085998328,2.380753839471395e-07
1517,327,cot,6,0.05,user,-1,7.691139624934193e-12,9.801182431781467e-12,8.513410962992625e-06,0.9999914332020057,5.3369538902323816e-08
1518,328,cot,6,0.05,user,-1,1.8700283928028698e-11,1.398297420521055e-11,0.024940589729165043,0.9750582269252425,1.1833129092464134e-06
1519,329,cot,6,0.05,user,-1,1.1218516053127995e-12,1.0569260013617186e-12,0.014142512590126917,0.985837771129368,1.971627832623728e-05
1520,330,cot,6,0.05,user,-1,8.51307085930149e-11,5.6942114262429995e-11,4.998363579507315e-05,0.9999493637345259,6.524876061838614e-07
1521,331,cot,6,0.05,user,-1,2.247187832143002e-12,4.445463541131833e-12,0.0033089468825811532,0.9966909670021621,8.610856408096346e-08
1522,332,cot,6,0.05,user,-1,4.205957198458933e-12,6.81013568247641e-13,0.030730959123549187,0.9692684523060738,5.885654900070501e-07
1523,333,cot,6,0.05,user,-1,7.212285541375746e-12,3.437239964141263e-11,0.006143697556664909,0.9938561833322703,1.1906948017643162e-07
1524,334,cot,6,0.05,user,-1,7.63496032654069e-15,3.1540278351349753e-16,0.0015573768015393068,0.9984426139751773,9.223275281583074e-09
1525,335,cot,6,0.05,user,-1,1.2815359999419885e-13,3.232269346209494e-15,0.041154304326750345,0.958845059068112,6.366050063346461e-07
1526,336,cot,6,0.05,user,-1,2.834545603029846e-12,2.0890652606775794e-14,0.06287193279718833,0.9371195274935177,8.53970643851619e-06
1527,337,cot,6,0.05,user,-1,6.742266976483988e-13,8.011830567038383e-14,0.17294004935392127,0.8269816109302089,7.833971511532286e-05
1528,338,cot,6,0.05,user,-1,7.871460185205064e-12,6.096093490140793e-13,0.02949566960023103,0.9704923779929556,1.195239833238758e-05
1529,339,cot,6,0.05,user,-1,2.317561302859378e-12,9.963409514128869e-14,0.0023865077754170834,0.9976109299472096,2.562274955981676e-06
1530,340,cot,6,0.05,user,-1,9.06360791610855e-13,4.3998425506006655e-13,0.0004399682621260089,0.9995599069266727,1.2480985482524958e-07
1531,341,cot,6,0.05,user,-1,5.339545294622533e-15,1.3704354116886083e-15,0.0008260396520249893,0.9991738959454374,6.440253094899279e-08
1532,342,cot,6,0.05,user,-1,1.1008341129663582e-11,4.797864548373549e-15,7.526047485482884e-06,0.9999923859515573,8.798994417268165e-08
1533,343,cot,6,0.05,user,-1,4.385255644447677e-11,1.9484535070242312e-13,0.0001022132477461671,0.9998936183380602,4.168370146231916e-06
1534,344,cot,6,0.05,user,-1,3.358890670051806e-10,1.8141871143801314e-12,3.740281514026785e-05,0.9999618661064867,7.307406697639335e-07
1535,345,cot,6,0.05,user,-1,2.370261713315894e-11,4.463683898853909e-13,1.5153187328638589e-05,0.9999847773969978,6.939152467120398e-08
1536,346,cot,6,0.05,user,-1,7.795674556843302e-11,2.26773606228857e-12,0.00017196225577618927,0.9998270042056788,1.033458320504263e-06
1537,347,cot,6,0.05,user,-1,2.5475340071235544e-11,1.0707473790295694e-13,8.145619533936651e-05,0.9999185023716132,4.1407465009080704e-08
1538,348,cot,6,0.05,user,-1,8.457489601128287e-13,5.0454460328277e-16,8.713394542805728e-06,0.999991285424774,1.1798368033922563e-09
1539,349,cot,6,0.05,user,-1,2.0645417512863898e-10,1.5893494599040932e-12,0.0005378954858774813,0.9994612623103063,8.41995772671008e-07
1540,350,cot,6,0.05,user,-1,2.113642322523719e-11,7.129344766794215e-13,0.006606124833364799,0.9933919884270382,1.8867177475407956e-06
1541,351,cot,6,0.05,user,-1,3.8422061679420183e-13,6.675135114192037e-15,0.0059735459956486905,0.9940224229702804,4.031033679778305e-06
1542,352,cot,6,0.05,user,-1,3.79889828367767e-09,1.7114690443561744e-11,0.03335373341440762,0.9660496551218729,0.0005966076477064607
1543,353,cot,6,0.05,user,-1,1.4191606246601502e-10,2.059411312448888e-12,3.596206134735602e-05,0.9999638644766375,1.7331803952561973e-07
1544,354,cot,6,0.05,user,-1,5.3076005087446394e-11,1.7506496689818152e-12,0.00013615543088292038,0.9998628874538112,9.570604791285305e-07
1545,355,cot,6,0.05,user,-1,3.4689656348443926e-12,5.834342593739048e-14,0.01582684366429436,0.9841725039226783,6.524095000959603e-07
1546,356,cot,6,0.05,user,-1,5.489069697808015e-13,6.03529009809289e-15,0.0016841721922004316,0.9983138814260152,1.9463812295338066e-06
1547,357,cot,6,0.05,user,-1,3.102385915658978e-09,2.2062433452172798e-10,0.0004518066290112957,0.9995258056130626,2.238443491583498e-05
1548,358,cot,6,0.05,user,-1,2.2035521391847103e-10,5.3259766247432946e-11,0.03149730513903088,0.9684231579103119,7.95366770422204e-05
1549,359,cot,6,0.05,user,-1,2.8081550578265705e-10,3.258590856344322e-12,0.0019414108981987658,0.9980500922780976,8.496539629417323e-06
1550,360,cot,6,0.05,user,-1,3.228404354843077e-11,1.7985606051201727e-14,4.528995735325148e-05,0.9999546518680352,5.8142309342431315e-08
1551,361,cot,6,0.05,user,-1,6.312033342405368e-10,1.7865909928340933e-11,0.02186603889858927,0.978110055979392,2.390447294925195e-05
1552,362,cot,6,0.05,user,-1,1.249938896787586e-07,1.3984353680972373e-09,0.32792682239784127,0.6714382797578856,0.0006347714519480475
1553,363,cot,6,0.05,user,-1,4.394815970821846e-09,7.025934119243567e-11,0.006278551316050178,0.9937002234815318,2.1220737342881308e-05
1554,364,cot,6,0.05,user,-1,4.184225308518782e-11,5.303182692376371e-14,0.015892377238449093,0.9841061964191793,1.4263004763037376e-06
1555,365,cot,6,0.05,user,-1,4.251015326251185e-13,4.851048145933723e-14,0.020896111226288906,0.9790962285988686,7.660174368993529e-06
1556,366,cot,6,0.05,user,-1,2.0484121429729996e-09,1.8750380373455182e-10,0.005856686308654572,0.9931312724468385,0.0010120390085908589
1557,367,cot,6,0.05,user,-1,3.4512783068438864e-12,2.814911217716717e-15,7.45728335818246e-05,0.9999249764352287,4.5072773530651825e-07
1558,368,cot,6,0.05,user,-1,1.1006325297524762e-11,2.9678849558628485e-14,0.000616780691252984,0.9993803951415482,2.8241561628461266e-06
1559,369,cot,6,0.05,user,-1,5.677989686034532e-12,1.8011490661954446e-13,0.009464134913124833,0.9905220498158387,1.38152651781929e-05
1560,370,cot,6,0.05,user,-1,1.9928421324336735e-10,7.247073309779144e-12,0.0005430135101841277,0.9994492691884315,7.717094853009278e-06
1561,371,cot,6,0.05,user,-1,2.98895991578811e-13,7.456206529118019e-15,0.007218273353097231,0.9927811769663525,5.496802440037317e-07
1562,372,cot,6,0.05,user,-1,2.2741446366005906e-11,1.2384968710410908e-13,0.0027736374120629673,0.9972085397024807,1.7822862590894322e-05
1563,373,cot,6,0.05,user,-1,2.14751185051993e-09,4.5364185164966566e-11,0.00032890468978585347,0.9996669348127376,4.158304600516503e-06
1564,374,cot,6,0.05,user,-1,1.6982573987478321e-12,2.1893017311669436e-13,0.00035711302264796385,0.9996427532483975,1.3372703739372195e-07
1565,375,cot,6,0.05,user,-1,1.0378765574378954e-08,1.7148229790056362e-10,0.0004559492866980943,0.9995250710745252,1.896908852883563e-05
1566,376,cot,6,0.05,user,-1,6.653938680450196e-12,3.1307467250398685e-14,0.0001772722200408037,0.999821917986429,8.097868449059486e-07
1567,377,cot,6,0.05,user,-1,9.783211102890775e-10,4.976582923437527e-12,0.0004134811468627215,0.999584026322165,2.4915476745683287e-06
1568,378,cot,6,0.05,user,-1,3.6013150989209153e-12,4.353366627354277e-14,4.642274965177498e-06,0.9999953316662697,2.605512032026848e-08
1569,379,cot,6,0.05,user,-1,5.980642362985342e-12,1.0007783433721587e-13,0.0001607564975182741,0.9998391752813565,6.821504472599846e-08
1570,380,cot,6,0.05,user,-1,8.096389445398754e-14,2.452473058430833e-16,8.912192690130349e-05,0.9999108634083052,1.4664712429709666e-08
1571,381,cot,6,0.05,user,-1,1.3485867985889106e-14,1.1731251543365668e-16,0.0025397039913299096,0.9974602729440462,2.306461026147088e-08
1572,382,cot,6,0.05,user,-1,2.9060951535879283e-11,4.256067461678593e-14,0.0001369382866229892,0.9998629043413024,1.573429710749106e-07
1573,383,cot,6,0.05,user,-1,6.075839034996856e-14,1.6407666156556596e-17,0.00019251845443572202,0.9998074675248103,1.4020693127368131e-08
1574,384,cot,6,0.05,user,-1,1.1988850457889236e-12,6.087594211760223e-15,0.011620266201917124,0.9883732002949842,6.533501893566402e-06
1575,385,cot,6,0.05,user,-1,9.900868281354758e-11,2.6202455036326547e-11,0.016732767409636355,0.9832599726327114,7.259832441002856e-06
1576,386,cot,6,0.05,user,-1,1.5114644111342083e-10,7.232416161010907e-12,0.0036648384122622713,0.996330754745995,4.406683363976164e-06
1577,387,cot,6,0.05,user,-1,1.4933684777854524e-14,7.41866772916939e-17,0.00578100407544492,0.9942189360177999,5.990674030527865e-08
1578,388,cot,6,0.05,user,-1,1.5317272184341042e-14,1.1444171513908382e-16,0.0013312660183142024,0.9986685194240248,2.1455764544551928e-07
1579,389,cot,6,0.05,user,-1,8.625140349876118e-15,6.28861745721072e-17,0.0003357890152255014,0.9996642078085383,3.176227587717683e-09
1580,390,cot,6,0.05,user,-1,6.54682980078435e-17,3.15957105988549e-20,0.0003602266021837773,0.9996397729486136,4.492023651496937e-10
1581,391,cot,6,0.05,user,-1,7.396678077255296e-16,1.2539328491187444e-19,0.0009432978086381936,0.9990566987234896,3.467871476433969e-09
1582,392,cot,6,0.05,user,-1,5.480393125700321e-15,4.542511612666143e-18,0.002180973658714444,0.9978188241898327,2.0215144732025164e-07
1584,393,assistant,7,0.05,user,-1,2.114513715349077e-16,2.2500213874110747e-19,6.724253729052545e-08,0.9999999327533821,4.080604366149608e-12
1585,394,assistant,7,0.05,user,-1,1.1252881844402197e-15,1.7682036946806546e-17,2.0840336537413955e-07,0.9999997915932438,3.3896569177515057e-12
1586,395,assistant,7,0.05,user,-1,5.8696444666011e-16,2.0679280914630322e-18,5.302272571015562e-08,0.9999999469658084,1.146526693201785e-11
1587,396,assistant,7,0.05,user,-1,7.755324130401475e-17,1.1886799682938471e-18,2.4795154291296975e-09,0.9999999975193914,1.0931207154258203e-12
1588,397,assistant,7,0.05,user,-1,2.3256174833584003e-14,5.103847305117326e-17,5.727298889219475e-08,0.9999999423680648,3.5892317725089567e-10
1589,398,assistant,7,0.05,user,-1,1.4493382517837882e-15,7.11626865565534e-18,1.6023731435620762e-08,0.9999999838729017,1.0336523787152588e-10
1590,399,assistant,7,0.05,user,-1,6.027966572208497e-16,1.965665935878208e-17,5.1593488040628016e-08,0.9999999483744646,3.2046913823502066e-11
1591,400,assistant,7,0.05,user,-1,1.2536822637170014e-14,2.988123249105615e-16,9.969440263590179e-08,0.9999998997436866,5.618980857549883e-10
1592,401,assistant,7,0.05,user,-1,7.316564022994654e-15,1.6784675945658106e-16,1.4077063269935222e-07,0.9999998591380704,9.12894250654266e-11
1593,402,assistant,7,0.05,user,-1,8.99026404544322e-17,3.920238912321959e-18,3.020923004701142e-08,0.9999999697384561,5.23137993039591e-11
1594,403,assistant,7,0.05,user,-1,2.8766758315058365e-15,5.3597900922070466e-17,7.915460936285736e-09,0.9999999920756358,8.900478655110273e-12
1595,404,assistant,7,0.05,user,-1,9.297423577309633e-17,1.4062439196910567e-19,1.2911569376530772e-07,0.9999998708815452,2.760925773291209e-12
1596,405,assistant,7,0.05,user,-1,2.0871407845032032e-16,3.428554524414056e-19,2.603366625320573e-07,0.9999997396590563,4.28081119654566e-12
1597,406,assistant,7,0.05,user,-1,6.017495965599163e-16,9.633603234062455e-19,5.905071108764603e-07,0.9999994094767616,1.612697003742249e-11
1598,407,assistant,7,0.05,user,-1,6.556094195965184e-16,1.80209112904411e-18,2.5179024372199334e-08,0.9999999748010364,1.9938551337829646e-11
1599,408,assistant,7,0.05,user,-1,1.0575054255759575e-15,5.7887657908135445e-18,1.205948439272632e-08,0.9999999878511844,8.932999855438077e-11
1600,409,assistant,7,0.05,user,-1,5.4765459695268295e-15,7.426303702816784e-16,3.7932014713504724e-08,0.9999999618281769,2.398022753437282e-10
1601,410,assistant,7,0.05,user,-1,2.2239740733867704e-17,1.3755228399487714e-19,4.877690039596469e-09,0.9999999951217504,5.596121028864959e-13
1602,411,assistant,7,0.05,user,-1,7.262186611443746e-15,4.0154666119210525e-16,1.6659893324082202e-07,0.9999998329838459,4.1721329026399084e-10
1603,412,assistant,7,0.05,user,-1,1.6378493611013847e-14,4.809678760322452e-17,2.7597149662732633e-08,0.999999972393797,9.036949731038299e-12
1604,413,assistant,7,0.05,user,-1,5.210045172017294e-16,2.802045029501236e-18,3.029543373444441e-09,0.9999999969663389,4.117041677796263e-12
1605,414,assistant,7,0.05,user,-1,1.306827160656047e-17,3.007055107705112e-20,1.466256191757345e-09,0.9999999985331831,5.606366146950424e-13
1606,415,assistant,7,0.05,user,-1,4.885145807161249e-17,7.701141374677214e-18,2.8647555379375797e-08,0.9999999713456015,6.84307812587339e-12
1607,416,assistant,7,0.05,user,-1,7.264473915600395e-15,4.087595524142579e-16,6.034363123137797e-08,0.999999938993219,6.631420737210443e-10
1608,417,assistant,7,0.05,user,-1,7.117812133540779e-17,8.611107073003957e-18,1.1632227816237297e-08,0.9999999883615419,6.2300434904046685e-12
1609,418,assistant,7,0.05,user,-1,3.350258453802423e-14,1.554354938970344e-15,2.9365841455871437e-08,0.9999999706024647,3.165881499734623e-11
1610,419,assistant,7,0.05,user,-1,1.2558758261664686e-13,9.234913484030902e-16,2.8528947126908614e-08,0.9999999714523692,1.8557221208509805e-11
1611,420,assistant,7,0.05,user,-1,1.0061105038522128e-11,4.1905075405763266e-13,1.565781370171782e-06,0.999998434005884,2.0226564166817432e-10
1612,421,assistant,7,0.05,user,-1,6.040879311161762e-19,1.7047421015447648e-19,2.359283668020956e-10,0.999999999764035,3.6670377926176274e-14
1613,422,assistant,7,0.05,user,-1,4.965468146290016e-17,4.96614754335698e-17,1.8967921654398165e-09,0.9999999980998329,3.374963995963229e-12
1614,423,assistant,7,0.05,user,-1,8.771725980492155e-15,1.255894625285609e-15,3.553578614796414e-07,0.9999996444068019,2.353265974202911e-10
1615,424,assistant,7,0.05,user,-1,1.1394639706662981e-13,1.4486243160152706e-15,3.498043274498317e-07,0.999999649573867,6.216899308679432e-10
1616,425,assistant,7,0.05,user,-1,2.8953542981619945e-16,6.7551702336360346e-18,5.614572127385186e-09,0.9999999943829048,2.5229466663586654e-12
1617,426,assistant,7,0.05,user,-1,1.3852213764416068e-15,4.0972935700608976e-17,7.92896144901494e-08,0.9999999206344042,7.597987505700927e-11
1618,427,assistant,7,0.05,user,-1,3.960705210253107e-15,5.563483211282101e-16,3.858991578092758e-07,0.9999996140172207,8.361709279143202e-11
1619,428,assistant,7,0.05,user,-1,9.588209908161357e-15,1.1792913849832582e-15,8.857295781019358e-07,0.9999991115008365,2.769574593950477e-09
1620,429,assistant,7,0.05,user,-1,3.619184497347207e-13,2.4032090224850136e-14,4.183213300854562e-07,0.9999995799871207,1.6911631259639923e-09
1621,430,assistant,7,0.05,user,-1,2.5949623951014487e-14,8.864401164394417e-16,3.9416276417063246e-07,0.999999603912788,1.924420911758483e-09
1622,431,assistant,7,0.05,user,-1,2.500334543784971e-15,6.80995551231222e-17,1.1759976749208142e-08,0.9999999880713143,1.6870642081621298e-10
1623,432,assistant,7,0.05,user,-1,3.449747851157185e-12,8.57921327838219e-14,1.5129565040239963e-07,0.9999998395988414,9.101972498393363e-09
1624,433,assistant,7,0.05,user,-1,8.123417463603524e-13,1.10286020279498e-15,4.615445165959547e-07,0.999999535301252,3.1534180502679493e-09
1625,434,assistant,7,0.05,user,-1,1.5170844159665372e-12,2.242853161730729e-14,1.3347881066002628e-06,0.9999986487438428,1.6466511020783403e-08
1626,435,assistant,7,0.05,user,-1,2.648337800631169e-13,7.385446620167739e-16,1.0342775411506719e-07,0.9999998961513038,4.2067656359262083e-10
1627,436,assistant,7,0.05,user,-1,4.704711338671277e-14,4.797109054463841e-16,1.4522411342480628e-07,0.9999998547750066,8.324778670355948e-13
1628,437,assistant,7,0.05,user,-1,1.721291974695062e-15,2.4662451561808085e-17,1.1174693355420452e-08,0.9999999888204384,4.866494169318201e-12
1629,438,assistant,7,0.05,user,-1,3.3414512625466415e-17,2.7138327581274356e-20,1.0764482260216599e-08,0.9999999892353831,1.3459948893516769e-13
1630,439,assistant,7,0.05,user,-1,4.392782660242718e-17,1.549665418960741e-19,1.1354979846368492e-06,0.99999886450158,4.354033084148676e-13
1631,440,assistant,7,0.05,user,-1,3.81319752117262e-14,3.361088186600976e-16,1.3221909110806723e-07,0.9999998676916073,8.926316618842895e-11
1632,441,assistant,7,0.05,user,-1,3.8241824047184036e-15,3.483770263510772e-18,4.539056189187713e-07,0.9999995459362757,1.5810136228261336e-10
1633,442,assistant,7,0.05,user,-1,1.6016301657813041e-15,4.762370103067748e-18,3.623443539880814e-08,0.9999999637427881,2.27748995177329e-11
1634,443,assistant,7,0.05,user,-1,4.477911344383447e-15,1.875689512218415e-17,4.006107303524219e-09,0.9999999959866643,7.223868421187719e-12
1635,444,assistant,7,0.05,user,-1,2.679520378179227e-16,3.602360259551304e-18,1.5522220592154707e-08,0.9999999844610206,1.6758699670072144e-11
1636,445,assistant,7,0.05,user,-1,1.754362324655226e-17,3.085012522039756e-19,7.963543068316624e-09,0.9999999920362893,1.6765537456156683e-13
1637,446,assistant,7,0.05,user,-1,1.4110329674849075e-18,4.187875217869792e-20,7.538226623005725e-09,0.9999999924617374,3.5954942218435156e-14
1638,447,assistant,7,0.05,user,-1,7.976148832324714e-12,1.1363544105431326e-14,1.2096951461632779e-06,0.9999987883630929,1.933773493704693e-09
1639,448,assistant,7,0.05,user,-1,1.0598765345177312e-14,4.6613195516694234e-17,4.609733735237855e-09,0.9999999953780712,1.2184391674979924e-11
1640,449,assistant,7,0.05,user,-1,1.974692732540354e-14,3.3334592575005124e-16,6.267153934289275e-07,0.999999372923992,3.6059454736770077e-10
1641,450,assistant,7,0.05,user,-1,2.831047868244291e-15,1.0962670115211582e-17,2.77842271711305e-08,0.9999999722047536,1.1016440743904648e-11
1642,451,assistant,7,0.05,user,-1,1.8127059920957954e-16,2.349448857541819e-20,4.953134225594524e-10,0.9999999995045403,1.4608148739182934e-13
1643,452,assistant,7,0.05,user,-1,1.918365650189985e-14,2.640819093767449e-16,3.710846295391049e-08,0.9999999628625238,2.8993730983875045e-11
1644,453,assistant,7,0.05,user,-1,4.254937221679266e-16,1.2959338540161575e-17,2.1135354401739227e-07,0.9999997886380547,8.400931153884796e-12
1645,454,assistant,7,0.05,user,-1,1.477116425321606e-14,5.255452644291497e-18,1.2813809805504083e-07,0.9999998718321459,2.974134436514207e-11
1646,455,assistant,7,0.05,user,-1,4.9472895224795106e-17,2.712556991941208e-19,3.2312405749847754e-08,0.9999999676869206,6.736205924108448e-13
1647,456,assistant,7,0.05,user,-1,5.138586124434914e-16,1.3665796649361153e-18,2.734532813176121e-09,0.9999999972642779,1.1888290448662889e-12
1648,457,assistant,7,0.05,user,-1,7.019549155368401e-16,2.665463999320353e-18,6.024566785311738e-08,0.9999999397501554,4.175965940134231e-12
1649,458,assistant,7,0.05,user,-1,4.0839520908987935e-14,6.324959358303375e-16,1.596727829843034e-05,0.9999840297952625,2.9263977873300517e-09
1650,459,assistant,7,0.05,user,-1,3.611128144854219e-13,1.7551997972454277e-15,3.5275021570372494e-07,0.9999996465763829,6.730385534590344e-10
1651,460,assistant,7,0.05,user,-1,1.2389123156610402e-14,1.6700155238607896e-16,2.2279812642590602e-07,0.9999997769006643,3.0119647637215757e-10
1652,461,assistant,7,0.05,user,-1,2.1690714411969675e-14,7.873911334340774e-18,2.540121202012468e-07,0.9999997459364088,5.1449165838024605e-11
1653,462,assistant,7,0.05,user,-1,9.626606408572616e-14,1.7266313351745288e-16,8.449453505268577e-07,0.9999991543004976,7.540555865208264e-10
1654,463,assistant,7,0.05,user,-1,5.853453744523377e-16,8.070682504454857e-20,2.1850678377457775e-08,0.9999999781485758,7.450727316795647e-13
1655,464,assistant,7,0.05,user,-1,1.1599726089780024e-15,3.0119033988665206e-17,8.462531703754769e-08,0.99999991537366,1.0218956191474736e-12
1656,465,assistant,7,0.05,user,-1,9.423185771227905e-18,2.261865893118445e-19,1.9343227792192593e-08,0.9999999806566536,1.1856481199833874e-13
1657,466,assistant,7,0.05,user,-1,4.3383561708342674e-15,6.226502068298453e-17,5.2219888980094e-07,0.999999477752684,4.842168126671566e-11
1658,467,assistant,7,0.05,user,-1,7.105908217006728e-15,1.5184025758608363e-16,1.2120648669595713e-07,0.9999998787724782,2.102784695589589e-11
1659,468,assistant,7,0.05,user,-1,7.121186041532907e-15,3.268450604156117e-17,3.311684437628228e-07,0.9999996687546773,7.687174544467142e-11
1660,469,assistant,7,0.05,user,-1,2.9390198703555826e-14,4.615945946055848e-17,7.553669935423912e-07,0.999999244040637,5.923398629789784e-10
1661,470,assistant,7,0.05,user,-1,1.3928332220474482e-17,8.571356816262502e-20,1.027752349278988e-08,0.9999999897206483,1.828125130574373e-12
1662,471,assistant,7,0.05,user,-1,2.444460820963334e-12,5.2430244906096314e-15,8.113462078735552e-06,0.9999918799120726,6.62339892029985e-09
1663,472,assistant,7,0.05,user,-1,3.126202937671357e-12,2.8818815361250114e-15,9.112730010699563e-06,0.9999908744157332,1.2851127120693359e-08
1664,473,assistant,7,0.05,user,-1,1.3051984130303352e-17,2.16728915532722e-20,3.941749639795547e-08,0.9999999605821819,3.216483353941648e-13
1665,474,assistant,7,0.05,user,-1,2.3547765429722568e-14,1.3108693116459707e-17,1.1895540582731995e-06,0.9999988103820306,6.388743783844036e-11
1666,475,assistant,7,0.05,user,-1,1.7092055535406476e-15,4.079936778373414e-18,4.804141879780273e-07,0.9999995195805623,5.247978741219588e-12
1667,476,assistant,7,0.05,user,-1,1.5528338762691203e-13,1.4191499506716745e-16,4.5196605166623023e-07,0.9999995480215926,1.2200190270414004e-11
1668,477,assistant,7,0.05,user,-1,3.254691513363502e-14,4.2224362857675693e-17,4.802935274788128e-07,0.9999995196857903,2.064961444979234e-11
1669,478,assistant,7,0.05,user,-1,1.3348607066721534e-15,4.87720498669491e-18,2.155727703348974e-08,0.9999999784418618,8.596837960398377e-13
1670,479,assistant,7,0.05,user,-1,1.1708775452724405e-15,5.941707179601192e-17,8.23924934676605e-08,0.9999999175949038,1.2601520192543882e-11
1671,480,assistant,7,0.05,user,-1,8.152071492132901e-15,2.1046085499295692e-16,1.1308117804213985e-06,0.9999988691669164,2.1294629945237973e-11
1672,481,assistant,7,0.05,user,-1,2.482715001362238e-13,9.899104065274668e-17,1.9081074973106007e-07,0.9999998091612536,2.774818869524351e-11
1673,482,assistant,7,0.05,user,-1,1.3554170140127134e-13,4.683765154451988e-16,3.990929300989371e-07,0.9999996006874992,2.1943463812180887e-10
1674,483,assistant,7,0.05,user,-1,4.210697660379928e-16,4.730445757666165e-18,3.0858548294332415e-08,0.9999999691408977,5.53454141335141e-13
1675,484,assistant,7,0.05,user,-1,3.9477810298316647e-17,1.434419258573713e-19,8.867266182396022e-10,0.9999999991131783,9.497325970763729e-14
1676,485,assistant,7,0.05,user,-1,2.653010942420897e-15,1.9104249767302104e-19,6.652980013161993e-10,0.9999999993340616,6.37670509236381e-13
1677,486,assistant,7,0.05,user,-1,3.2143983462876263e-16,3.4745726675644414e-19,1.8635959403915214e-08,0.9999999813638986,1.4176842307589046e-13
1678,487,assistant,7,0.05,user,-1,3.076537747492703e-14,1.6910937304514383e-17,7.69145874700861e-09,0.9999999923059929,2.51747579815177e-12
1679,488,assistant,7,0.05,user,-1,1.0499839090399965e-16,3.185813003308587e-20,4.285485322830105e-09,0.9999999957107608,3.753744253873162e-12
1680,489,assistant,7,0.05,user,-1,1.6995975745934204e-13,1.0836738209107665e-17,4.3729641609598035e-08,0.9999999562564358,1.3752459238619751e-11
1681,490,assistant,7,0.05,user,-1,1.4348206347826132e-16,8.734476244904155e-19,3.1577683113580435e-07,0.9999996842229975,1.7122332433067005e-13
1682,491,assistant,7,0.05,user,-1,1.929527118298826e-14,8.39529065909966e-18,4.3717565610066466e-08,0.9999999562794014,3.013494808462744e-12
1683,492,assistant,7,0.05,user,-1,2.0061687450022677e-17,2.393286787753723e-20,2.4667395401353153e-09,0.9999999975332312,2.923503697385066e-14
1684,493,assistant,7,0.05,user,-1,3.7780118006892107e-17,3.649367289834445e-21,9.620828433740481e-09,0.9999999903791478,2.3865690154348894e-14
1685,494,assistant,7,0.05,user,-1,1.7759968970010816e-16,8.682152024251539e-20,2.282219776238842e-08,0.9999999771777247,7.752962932368536e-14
1686,495,assistant,7,0.05,user,-1,3.8899640899979213e-16,6.236891504791314e-20,4.19344706344457e-08,0.9999999580585797,6.949298392466848e-12
1687,496,assistant,7,0.05,user,-1,7.973056533577241e-16,7.72708853606518e-19,3.767357381745416e-08,0.9999999622980177,2.8407615311157925e-11
1688,497,assistant,7,0.05,user,-1,1.9349761712579854e-18,3.664964332413158e-21,1.1837541995405792e-09,0.9999999988158952,3.5064164808244903e-13
1689,498,assistant,7,0.05,user,-1,2.4414241686778813e-18,4.628377442357686e-21,2.9533704424724826e-09,0.9999999970463369,2.927211256958793e-13
1690,499,assistant,7,0.05,user,-1,1.1531902852608515e-17,5.7554118173594455e-21,3.669943011857166e-08,0.9999999633005188,5.1135320100753776e-14
1691,500,assistant,7,0.05,user,-1,9.602301522116418e-11,3.365553612174704e-14,2.8567366849515635e-05,0.9999707175151632,7.150219307230381e-07
1692,501,assistant,7,0.05,user,-1,2.1013331094589096e-14,4.290373573662088e-17,1.3908951454883272e-07,0.9999998608241598,8.630460820256389e-11
1693,502,assistant,7,0.05,user,-1,2.7010832206109615e-17,5.647318392270692e-21,8.066171291324555e-09,0.999999991933357,4.718618006126787e-13
1694,503,assistant,7,0.05,user,-1,5.4079555600068746e-15,1.084710832729492e-18,6.349082316770365e-08,0.9999999358576318,6.515397775839279e-10
1695,504,assistant,7,0.05,user,-1,9.54174317134094e-16,2.4287977204665523e-18,6.010211654761806e-08,0.9999999389095451,9.883373005326666e-10
1696,505,assistant,7,0.05,user,-1,2.075616408844965e-14,4.187480377707639e-17,3.148144949208119e-07,0.999999682001054,3.1844302450655947e-09
1697,506,assistant,7,0.05,user,-1,2.0267725661359518e-19,1.1576493148485478e-22,9.184808813309365e-10,0.9999999990814228,9.636958731071688e-14
1698,507,assistant,7,0.05,user,-1,3.393473251004632e-17,6.0125569665838716e-21,3.630747394372803e-09,0.9999999963675956,1.656978026435431e-12
1699,508,assistant,7,0.05,user,-1,1.9368645542300255e-16,3.061720730914301e-20,3.359008500677198e-08,0.9999999663906967,1.9218075588494732e-11
1700,509,assistant,7,0.05,user,-1,2.772904149993169e-17,8.230809413162488e-19,2.3596435929687757e-08,0.9999999763588415,4.472248216189643e-11
1701,510,assistant,7,0.05,user,-1,1.086296862634844e-11,1.4297551272064154e-13,4.749247998169061e-05,0.9999524623703789,4.5138633384996813e-08
1702,511,assistant,7,0.05,user,-1,6.129092534084841e-14,2.282373352230362e-16,4.42871786787501e-08,0.9999999554333572,2.7940272182112193e-10
1703,512,assistant,7,0.05,user,-1,2.9390760745343957e-16,1.0525239528909509e-19,8.98928444569625e-09,0.9999999909872116,2.3503740015215868e-11
978,1,user,2,0.05,user,0,0.000506527075855923,0.5881511274583316,0.004589324655273915,3.673300415801533e-07,0.4067526534804969
979,2,user,2,0.05,user,0,0.00010607717010807425,0.9972484201815232,9.472137406497388e-06,7.591994804187168e-10,0.0026360297517628944
980,3,user,2,0.05,user,0,0.000739912024874095,0.6788763501407771,0.001592707306413528,1.0312182137664943e-07,0.3187909274061139
981,4,user,2,0.05,user,0,0.0015479317936655647,0.959740331037396,0.0005408337141229385,8.809987861850675e-07,0.038170022456029136
982,5,user,2,0.05,user,0,0.00023152914792612655,0.9979284060727202,3.170058252032546e-05,1.0380522075489015e-07,0.0018082603916126378
983,6,user,2,0.05,user,0,0.008580387376185748,0.9857474325443962,0.0002935624246900747,2.9477355627200856e-07,0.0053783228811717975
984,7,user,2,0.05,user,0,0.00034960882161794106,0.9974323426476858,5.527103764789538e-05,2.0915691244542786e-07,0.0021625683361361147
985,8,user,2,0.05,user,0,2.6587698830084913e-05,0.999674068383096,1.0203384768631836e-06,4.4565127472313334e-10,0.0002983231339460251
986,9,user,2,0.05,user,0,0.0006487001228801971,0.9857486776014421,0.00026546099742801087,3.028644619522955e-07,0.013336858413787856
987,10,user,2,0.05,user,0,0.00020459087955270009,0.9787120540178651,0.0008154318960243205,2.7990522511884497e-06,0.020265124154306695
988,11,user,2,0.05,user,0,0.00012644613146522773,0.9994065634310895,6.922249229246589e-06,3.440210345427726e-11,0.00046006815381409406
989,12,user,2,0.05,user,0,3.741500966033026e-05,0.9833305451679089,0.0004691550159338517,4.919988611302659e-10,0.016162884314498135
990,13,user,2,0.05,user,0,0.0041443301841045735,0.9951884444528291,5.298808804917741e-05,9.013727494129928e-10,0.0006142363736445783
991,14,user,2,0.05,user,0,7.368826507260454e-05,0.9998707317397689,5.374033269037272e-06,3.147733543735419e-09,5.020281415596491e-05
992,15,user,2,0.05,user,0,0.004222116645552155,0.9922633672076145,0.0004858308666116387,1.2549008850283898e-06,0.0030274303793365234
993,16,user,2,0.05,user,0,0.0002471753069035756,0.99172386480751,0.0008967983882414328,5.8285851351544506e-08,0.007132103211493535
994,17,user,2,0.05,user,0,0.0004495134625949903,0.9437067249876782,0.004616763459657575,7.563395274917045e-08,0.05122692245611642
995,18,user,2,0.05,user,0,0.0002159791751964957,0.9878065367642944,0.003544241578982955,3.024540818048955e-08,0.008433212236118105
996,19,user,2,0.05,user,0,0.00022611105984885745,0.9700785533064581,0.0018956274754838793,1.1866310532428416e-08,0.02779969629189883
997,20,user,2,0.05,user,0,0.00024464332643623103,0.9972263228806266,0.0006836954682727648,5.603220457893654e-09,0.00184533272144408
998,21,user,2,0.05,user,0,0.0037191875279503853,0.9854401091109425,0.0014998422426541335,7.664585919535539e-07,0.00934009465986119
999,22,user,2,0.05,user,0,0.0012945451925381634,0.9895827976994652,0.002040092080263174,4.147904408322531e-07,0.0070821502372924675
1000,23,user,2,0.05,user,0,0.004209255893073355,0.975238952333105,0.0009432739985056386,8.843480887300249e-07,0.019607633427227388
1001,24,user,2,0.05,user,0,0.00033404266741216736,0.9945246841128634,0.0003998569660385919,2.6022915329460514e-06,0.004738813962152881
1002,25,user,2,0.05,user,0,4.9864196631008885e-06,0.9999523258617395,6.132918055848204e-07,2.9898643823069206e-09,4.20714369275846e-05
1003,26,user,2,0.05,user,0,8.595270971216682e-05,0.9973919619991699,0.0007188080398338845,7.642639358266331e-09,0.0018032696086444876
1004,27,user,2,0.05,user,0,0.0003572784181907366,0.9437253721552123,0.043345767471456104,6.539501720439684e-08,0.012571516560123902
1005,28,user,2,0.05,user,0,0.00036545555639208436,0.987364584691974,0.0005467071766698245,1.823429293194496e-06,0.011721429145670944
1006,29,user,2,0.05,user,0,0.0003884342740602146,0.9984989779463885,0.00039433437051754236,0.0005472373052403856,0.00017101610379346017
1007,30,user,2,0.05,user,0,0.0014781266968919924,0.9961420486100886,0.00015119889031667679,2.121313182422093e-05,0.0022074126708787095
1008,31,user,2,0.05,user,0,0.00013544874756593397,0.999625609411323,4.343888434728501e-05,1.4232051416599626e-05,0.00018127090534710003
1009,32,user,2,0.05,user,0,0.00040371762728642517,0.9992226473577798,2.3293278915356877e-05,9.702133825845218e-06,0.00034063960219248224
1010,33,user,2,0.05,user,0,0.00020256040822820535,0.9952193509116005,0.0004380288600755413,2.869974484491049e-07,0.004139772822647423
1011,34,user,2,0.05,user,0,0.0004036460962666659,0.9928564065748979,7.762140047095866e-05,1.0668045962614554e-06,0.006661259123768335
1012,35,user,2,0.05,user,0,5.877650942214773e-05,0.9981566626076677,0.0006561479659706315,2.3662945524595264e-07,0.0011281762874841134
1013,36,user,2,0.05,user,0,2.8373810011835835e-05,0.9968038874145518,0.0002789566146502876,3.5134965974900825e-08,0.00288874702582015
1014,37,user,2,0.05,user,0,0.00013858800465113333,0.9764145208294004,6.391948809303175e-05,3.415903442368996e-07,0.023382630087511277
1015,38,user,2,0.05,user,0,1.9699960833610028e-05,0.9992633787998267,5.826167127368883e-06,1.4000802903894032e-07,0.000710955064183217
1016,39,user,2,0.05,user,0,1.0878950947016715e-05,0.999779413051503,9.066046947100927e-06,4.952753785321753e-07,0.00020014667522411483
1017,40,user,2,0.05,user,0,5.337114093056239e-05,0.999817680505671,3.218162665585508e-05,5.886464111835468e-07,9.617808033153473e-05
1018,41,user,2,0.05,user,0,4.376517381599501e-06,0.9995822189806137,0.0001936966436074854,1.575557450941893e-08,0.00021969210282279217
1019,42,user,2,0.05,user,0,3.317232642161832e-05,0.9955439509205664,0.00020559530017003812,1.5010139349630522e-06,0.004215780438907187
1020,43,user,2,0.05,user,0,3.36149277281056e-05,0.9983648273298698,2.635203549080895e-05,4.6291249665813487e-07,0.0015747427944146285
1021,44,user,2,0.05,user,0,4.762692356341775e-05,0.9971894658385775,8.89584848740593e-05,1.3242337321993322e-06,0.0026726245192528787
1023,45,cot,3,0.05,user,0,1.6559635112992233e-08,1.6137846906829176e-05,0.961722657990112,5.739686311579257e-06,0.038255447917034544
1024,46,cot,3,0.05,user,0,6.327048084406921e-08,0.000133787591686957,0.8682743499944936,8.96232427110752e-07,0.1315909029109113
1025,47,cot,3,0.05,user,0,3.8848358180448875e-09,4.485318647931912e-06,0.9016140309026099,4.67190607913681e-07,0.09838101270329827
1026,48,cot,3,0.05,user,0,2.937230515382002e-07,0.0004732415084137389,0.9448983997506274,0.00010379443359708158,0.05452427058431025
1027,49,cot,3,0.05,user,0,3.050231507763138e-06,0.021088694376492346,0.34011389193091757,8.143086462061994e-06,0.6387862203746203
1028,50,cot,3,0.05,user,0,1.979467992696823e-07,0.00023843661553922147,0.26026646790737884,1.04180484403414e-06,0.7394938557254386
1029,51,cot,3,0.05,user,0,1.0168245108267754e-06,0.001819992314094759,0.7992066311806653,2.7274769665151596e-05,0.19894508491106408
1030,52,cot,3,0.05,user,0,3.600610223573028e-07,0.00020501656161128634,0.8483493423097005,0.00010311412262895021,0.151342166945037
1031,53,cot,3,0.05,user,0,1.779209758372698e-10,8.944444757704054e-08,0.9922973326528277,3.426072575229373e-06,0.007699151652228477
1032,54,cot,3,0.05,user,0,2.742514066191465e-07,0.00019342154685602866,0.9264022440425362,2.3316520793586914e-05,0.07338074363840756
1033,55,cot,3,0.05,user,0,7.032902227363611e-05,0.07207980977929014,0.2569737497220846,6.912397946406532e-05,0.6708069874968876
1034,56,cot,3,0.05,user,0,1.580137704844788e-05,0.14054268346632334,0.5159045411676882,2.1688204582964484e-05,0.34351528578435697
1035,57,cot,3,0.05,user,0,8.99572623236965e-06,0.8491408208043386,0.028736543414831443,1.1018790481409061e-05,0.12210262126411608
1036,58,cot,3,0.05,user,0,2.476881635040761e-07,0.006046175052566793,0.8440039692965767,5.0004151055977855e-06,0.14994460754758732
1037,59,cot,3,0.05,user,0,0.00014047494978983025,0.15640217531214073,0.7813677597783383,0.02775725044264836,0.03433233951708295
1038,60,cot,3,0.05,user,0,1.4084017258238759e-06,0.010730574355479245,0.7873914846687671,3.916108105534618e-05,0.20183737149297246
1039,61,cot,3,0.05,user,0,3.156386232102562e-05,0.9464361976235709,0.040206008808321016,0.0019582160609028496,0.011368013644884193
1040,62,cot,3,0.05,user,0,1.0618694723832668e-05,0.02931871048672944,0.8845569416554824,0.0002235468982227744,0.08589018226484162
1041,63,cot,3,0.05,user,0,6.230376299821871e-05,0.5169959782625392,0.2590501928356097,0.025627314489923267,0.19826421064892974
1042,64,cot,3,0.05,user,0,4.016960953090905e-06,0.013802819311394371,0.7939241657990117,4.829135096949498e-06,0.19226416879354385
1043,65,cot,3,0.05,user,0,1.0075050726047625e-06,0.002380993535396306,0.710778181192949,0.00013321300381255704,0.28670660476276955
1044,66,cot,3,0.05,user,0,3.2262261109374886e-06,0.0030076166922304273,0.45785023638448313,0.0010070079138111106,0.5381319127833644
1045,67,cot,3,0.05,user,0,7.39309015660263e-05,0.07952177794390662,0.4777365837227619,0.0011635081066729755,0.4415041993250924
1046,68,cot,3,0.05,user,0,3.433268197424112e-11,8.068451744830555e-08,0.9990966506754781,2.943054544550721e-06,0.0009003255511269327
1047,69,cot,3,0.05,user,0,3.750563050656961e-10,1.0948748245602193e-08,0.989603168254903,0.00011828142676937863,0.010278538994523205
1048,70,cot,3,0.05,user,0,1.741087570856406e-08,5.72027926375427e-06,0.9144939166365696,1.1441154815707875e-06,0.08549920155780924
1049,71,cot,3,0.05,user,0,6.113348206053286e-07,0.0007965452418497407,0.7644835640338196,1.2257745748575178e-06,0.23471805361493522
1050,72,cot,3,0.05,user,0,2.2531573538865842e-07,0.0037851542283866622,0.8505551842342939,2.7464424797519365e-05,0.1456319717967867
1051,73,cot,3,0.05,user,0,4.382935874125591e-10,3.128834947721542e-06,0.9967735981134355,3.49137614949501e-06,0.0032197812371736003
1052,74,cot,3,0.05,user,0,9.045087344532096e-11,2.444047398086153e-07,0.8772930363848405,3.565003474384015e-06,0.12270315411649454
1053,75,cot,3,0.05,user,0,8.964784147324717e-09,8.812482376235428e-07,0.4754536247760527,1.4770384145432372e-05,0.5245307146267801
1054,76,cot,3,0.05,user,0,1.0598784505095322e-06,0.0004912461519662392,0.9169221696224751,5.453140258213716e-05,0.08253099294452589
1055,77,cot,3,0.05,user,0,1.9133208493934161e-07,1.8452631981847248e-05,0.7418783994832256,4.102857223563707e-06,0.2580988536954839
1056,78,cot,3,0.05,user,0,1.9666487698149032e-07,0.00034403749909658036,0.961073418581763,4.222551807941248e-05,0.03854012173618391
1057,79,cot,3,0.05,user,0,9.51459050625238e-06,0.0010696853223008409,0.9765727260901831,0.0027423648992952617,0.019605709097714686
1058,80,cot,3,0.05,user,0,1.1295219747376568e-09,1.7483435455430056e-07,0.9925304145665388,2.3696729098026736e-05,0.0074457127404865065
1059,81,cot,3,0.05,user,0,6.7434520739908e-08,5.3340629967398804e-05,0.9283268449552352,5.1451040430828884e-05,0.07156829593984593
1060,82,cot,3,0.05,user,0,4.637215571875836e-05,0.001522928188430863,0.8008250011756924,0.001505875834812037,0.196099822645346
1061,83,cot,3,0.05,user,0,1.3910867988014054e-05,0.0015096222462932533,0.9415049454909047,0.00010520951954074409,0.056866311875273384
1062,84,cot,3,0.05,user,0,6.018573476236748e-11,8.331470581655296e-09,0.9988346125271235,2.2619351422144607e-05,0.0011427597297979366
1063,85,cot,3,0.05,user,0,3.3302484012480214e-12,5.5580839660873743e-11,0.9997335838534076,8.355224045893217e-05,0.000182863847222411
1064,86,cot,3,0.05,user,0,1.392148312691979e-10,1.417994954943054e-08,0.9900624371514685,0.0008030594678283417,0.009134489061538813
1065,87,cot,3,0.05,user,0,3.4376166417816726e-08,3.0171740662036426e-06,0.9860333312669189,0.013701415564331104,0.00026220161851751725
1066,88,cot,3,0.05,user,0,8.446623333463e-08,8.540987683539415e-06,0.960204464826148,0.010944386259134804,0.028842523460800174
1067,89,cot,3,0.05,user,0,1.680752118576854e-06,8.366892127851474e-06,0.8959096332945772,0.06256767546237031,0.04151264359880611
1068,90,cot,3,0.05,user,0,2.821782943296503e-07,6.080605653803226e-06,0.952521118398038,0.011891268937497113,0.03558124988051662
1069,91,cot,3,0.05,user,0,9.338510943946554e-07,0.00012340494934989907,0.8488219716747708,0.00833324254927543,0.14272044697550945
1070,92,cot,3,0.05,user,0,1.510741936707785e-07,1.1771877191590703e-05,0.9860216384268489,0.011350013918148197,0.0026164247036175267
1071,93,cot,3,0.05,user,0,1.7594550801542573e-11,1.1186918113599803e-10,0.9916230562833385,0.008222249975820835,0.00015469361137691482
1072,94,cot,3,0.05,user,0,6.211863245101464e-10,6.838480256038254e-08,0.989503555556959,0.0006406414105165721,0.009855734026535374
1073,95,cot,3,0.05,user,0,1.0865223816770691e-07,1.23881935404074e-05,0.9380787602713536,0.002219129336756479,0.05968961354611143
1074,96,cot,3,0.05,user,0,1.5074045116811056e-09,2.9247680448282994e-07,0.992859918091576,0.001934656424520588,0.0052051314996944585
1075,97,cot,3,0.05,user,0,4.922653381495209e-08,2.861313818675623e-06,0.8720564467290437,0.002238720823395276,0.12570192190720852
1076,98,cot,3,0.05,user,0,1.7455735242656297e-08,1.0823132423734492e-06,0.9318715377959196,0.003890876984641935,0.0642364854504609
1077,99,cot,3,0.05,user,0,1.4815789902257793e-06,0.00012097166808424249,0.7679818258188422,0.00046960277201585723,0.23142611816206743
1078,100,cot,3,0.05,user,0,1.6671813818695725e-06,3.110649924805552e-05,0.3620409759818804,0.012173700958928347,0.6257525493785614
1079,101,cot,3,0.05,user,0,3.121851086472946e-05,0.01005892448618484,0.3637183188338915,0.028415863747275137,0.5977756744217837
1080,102,cot,3,0.05,user,0,6.996790280190442e-08,4.869436079608231e-06,0.6455250623667727,0.013900718850821742,0.3405692793784232
1081,103,cot,3,0.05,user,0,3.4020158558612646e-06,1.6847782470056457e-05,0.31456360249342846,0.03296428332581776,0.6524518643824279
1082,104,cot,3,0.05,user,0,3.738850646667228e-07,1.1224584910352186e-05,0.6644343240372568,0.06947526125096884,0.2660788162417993
1083,105,cot,3,0.05,user,0,1.4176349485910975e-09,4.2170963016114774e-08,0.9935089406264964,0.004489932784867333,0.002001083000038192
1084,106,cot,3,0.05,user,0,1.4413942397445162e-08,1.9070012555351966e-06,0.9494853513973555,0.005344033392391914,0.045168693795054685
1085,107,cot,3,0.05,user,0,0.00034389668516773104,0.027754053929063615,0.7185606381020894,0.1667603443820207,0.08658106690165847
1086,108,cot,3,0.05,user,0,6.663472823643323e-05,0.002554468196792453,0.5964640280386667,0.200718352637032,0.20019651639927233
1087,109,cot,3,0.05,user,0,6.03286560307575e-08,1.0851419034221193e-05,0.8822281454827007,0.10339091244708586,0.014370030322523332
1088,110,cot,3,0.05,user,0,0.00046937291762787903,0.40345340078389946,0.3886259023987611,0.14158351593179078,0.06586780796792081
1089,111,cot,3,0.05,user,0,1.105001763318012e-05,0.00020055715856817766,0.7897395521033773,0.017368089549448802,0.1926807511709725
1090,112,cot,3,0.05,user,0,2.2901129050469646e-06,0.0001541044449754329,0.10227935042071352,0.8881371600355871,0.00942709498581895
1091,113,cot,3,0.05,user,0,1.5541707350697347e-06,9.049798262154409e-06,0.22330807684783424,0.7718709341133436,0.004810385069824968
1092,114,cot,3,0.05,user,0,1.7208182423044736e-06,0.00011445978350552954,0.9580861250292403,0.003824704006314069,0.0379729903626979
1093,115,cot,3,0.05,user,0,0.0015344116247146284,0.02009248503854895,0.016206102690767405,0.0006672639765814187,0.9614997366693876
1094,116,cot,3,0.05,user,0,0.00025699345015540965,0.0015029663505252192,0.014597959985154564,0.004033782466733851,0.9796082977474311
1095,117,cot,3,0.05,user,0,2.6480945161903687e-06,4.603402830968393e-06,0.4908019090897439,0.018282477636927686,0.49090836177598113
1096,118,cot,3,0.05,user,0,3.828174799319486e-05,0.0013925044051096493,0.31697641289840056,0.07078386401874276,0.6108089369297538
1097,119,cot,3,0.05,user,0,8.465214864661948e-07,3.4335926957756276e-06,0.6854692929825236,0.007018324835983305,0.30750810206731094
1098,120,cot,3,0.05,user,0,0.0003917479133564456,0.05095785834411677,0.2596735681811447,0.00039133807278911596,0.688585487488593
1099,121,cot,3,0.05,user,0,8.106059198079952e-09,2.001962332433144e-07,0.9858160196359598,0.002949171835058416,0.01123460022668932
1100,122,cot,3,0.05,user,0,7.050247434746211e-09,5.716516943339467e-07,0.930742790819833,0.036992392623961284,0.03226423785426397
1101,123,cot,3,0.05,user,0,2.3300465810171214e-05,0.000983916493675183,0.7122923733837446,0.003965202122883986,0.282735207533886
1102,124,cot,3,0.05,user,0,1.6607709055613483e-07,1.7993041634726678e-05,0.8730632045101,0.03933209640924397,0.08758653996193062
1103,125,cot,3,0.05,user,0,1.6333019432018776e-08,6.080842515032055e-08,0.9534221003312325,0.03389762982859412,0.012680192698728637
1104,126,cot,3,0.05,user,0,1.3217136347113723e-08,1.678607076454978e-08,0.8899900118657822,0.10495770068492549,0.0050522574460850735
1106,127,assistant,4,0.05,user,0,3.2207418749332966e-12,1.1668938724598054e-10,0.13998192584521754,0.8600086526312622,9.42140361010602e-06
1107,128,assistant,4,0.05,user,0,6.523061925002957e-12,2.898804932065188e-10,0.008149248217568947,0.9918498472697507,9.042162766917389e-07
1108,129,assistant,4,0.05,user,0,9.245445961237444e-12,5.065913542577663e-11,0.02652371819764446,0.97347606921863,2.125238209125459e-07
1109,130,assistant,4,0.05,user,0,1.6176256689812128e-09,4.9820644062988085e-09,0.001180370883260029,0.9988000812712251,1.9541245824769752e-05
1110,131,assistant,4,0.05,user,0,1.96474519716e-11,3.1100613005079884e-10,0.0003250843138927966,0.9996738545418645,1.060813589121647e-06
1111,132,assistant,4,0.05,user,0,6.723201282530171e-13,1.0395296910177758e-11,7.898329607227851e-05,0.9999208704225667,1.4627029348450528e-07
1112,133,assistant,4,0.05,user,0,2.0524374738242233e-14,2.1495705032342055e-12,0.0001649540300566069,0.999835043382568,2.585205440464407e-09
1113,134,assistant,4,0.05,user,0,1.0380512408735508e-11,1.0437156143419655e-10,0.00046397716091926567,0.9995350178793141,1.0048450145257594e-06
1114,135,assistant,4,0.05,user,0,7.671162278158282e-11,5.395758429469211e-11,0.0005476439355510855,0.9994510359756751,1.319958104637061e-06
1115,136,assistant,4,0.05,user,0,3.44494248285244e-12,3.000664588629082e-11,0.00011532105404659241,0.9998842677079752,4.112045264840632e-07
1116,137,assistant,4,0.05,user,0,1.8505544646131846e-11,2.008465568372776e-11,0.028252593970086098,0.9717470090751361,3.9691618760602224e-07
1117,138,assistant,4,0.05,user,0,5.871983248621728e-11,1.2725143826858096e-10,0.01138751935030224,0.9886098164215109,2.6640422155529996e-06
1118,139,assistant,4,0.05,user,0,6.461744483497173e-10,1.394466730893898e-09,0.004771647292057498,0.9952023030510208,2.6047616280549308e-05
1119,140,assistant,4,0.05,user,0,4.103153991201224e-06,0.003494773664211733,0.0021309259378723376,0.9925439673515575,0.0018262298923672345
1120,141,assistant,4,0.05,user,0,4.3656263374245004e-11,9.546490028156238e-09,0.0002571432623626997,0.999736183412573,6.663734917933387e-06
1121,142,assistant,4,0.05,user,0,1.537950404673745e-05,0.007305062792119989,0.047060537905063274,0.9417140307782802,0.0039049890204897585
1122,143,assistant,4,0.05,user,0,1.7726877475516256e-07,7.181330152893578e-06,0.00032363085379628453,0.9996389204312102,3.009011606607778e-05
1123,144,assistant,4,0.05,user,0,1.2788472757973369e-12,1.0942417845062445e-10,0.00021593556435999683,0.9997826729856183,1.3913393186855425e-06
1124,145,assistant,4,0.05,user,0,1.0523229037586961e-08,9.855133514665156e-08,0.00016584427505456813,0.9998331007779888,9.458723924553068e-07
1125,146,assistant,4,0.05,user,0,9.69769539619313e-11,6.575116194112287e-08,0.0037678154810147635,0.996231258395454,8.602753922331778e-07
1126,147,assistant,4,0.05,user,0,1.464469070777347e-06,9.843366361218508e-05,0.010479715443638096,0.9893489577104314,7.142871324749982e-05
1127,148,assistant,4,0.05,user,0,2.802459515427742e-05,0.02433896113294747,0.026068591920114043,0.9429244980733673,0.006639924278416917
1128,149,assistant,4,0.05,user,0,0.00034109825366033,0.4380739917697778,0.006406878506174263,0.5540228449127342,0.0011551865576533969
1129,150,assistant,4,0.05,user,0,1.3136362486042917e-05,0.018012517030725473,0.005237768137787502,0.9761493424592994,0.0005872360097015684
1130,151,assistant,4,0.05,user,0,4.403618321605571e-06,0.0037650302928942158,0.06724848310764428,0.9280412635254348,0.0009408194557049964
1131,152,assistant,4,0.05,user,0,4.446173167004331e-07,5.8765549373642814e-05,0.000951678911204149,0.9989540275851995,3.5083336906034344e-05
1132,153,assistant,4,0.05,user,0,4.580740620285519e-09,1.3930834463240855e-05,0.0009255751866352776,0.9983393675701161,0.0007211218280447643
1133,154,assistant,4,0.05,user,0,5.947173423738746e-09,1.0031685377268662e-06,0.00026756482479083185,0.999552771029276,0.00017865503022196507
1134,155,assistant,4,0.05,user,0,2.7308746783594594e-06,0.0041846403308191185,0.09427276417745759,0.8840194800338119,0.01752038458323321
1135,156,assistant,4,0.05,user,0,5.895204842229428e-09,2.2193320521450912e-05,0.002537466399983722,0.9972966831990774,0.00014365118521240334
1136,157,assistant,4,0.05,user,0,5.81045701727762e-07,0.0009058052604297881,0.08031200273894083,0.8978118879786621,0.020969722976265523
1137,158,assistant,4,0.05,user,0,2.2184412917927596e-05,0.0007297310478815726,0.06713714565091043,0.9302899959352304,0.0018209429530596614
1138,159,assistant,4,0.05,user,0,2.3368408426982247e-08,8.554928176376206e-07,0.000979709000249449,0.9990097630703674,9.649068156905941e-06
1139,160,assistant,4,0.05,user,0,0.0001075466892030478,0.26343172614025506,0.05371656615228076,0.6821284887980185,0.0006156722202427328
1140,161,assistant,4,0.05,user,0,5.585223656749486e-09,1.7425702609917e-07,4.4371957281887425e-05,0.9999529916792766,2.456521191761211e-06
1141,162,assistant,4,0.05,user,0,3.8877602634453835e-11,3.0528802468621863e-10,0.0006633502915396758,0.9993333261040546,3.3232602400392187e-06
1142,163,assistant,4,0.05,user,0,2.5613364833849597e-08,6.007135336285365e-06,0.0014189212064177768,0.9984669378347631,0.00010810821011786616
1143,164,assistant,4,0.05,user,0,1.5191345206805448e-13,7.093990695123399e-12,0.001415399274760358,0.9985845950755314,5.642462262587144e-09
1144,165,assistant,4,0.05,user,0,4.015940202166966e-06,0.0002633922899944232,0.4730409735968428,0.5213411562877059,0.005350461885254739
1145,166,assistant,4,0.05,user,0,3.4761826712707015e-11,5.286826866847762e-10,0.0002380068118358666,0.9997609537418533,1.0388828664097814e-06
1146,167,assistant,4,0.05,user,0,5.5269318372133204e-08,9.433858175317428e-07,0.00021053407344631567,0.999787095207571,1.3720638467785415e-06
1147,168,assistant,4,0.05,user,0,7.816895575657957e-10,5.306159498483424e-08,5.819747579274031e-05,0.9999354996375119,6.2490434108064545e-06
1148,169,assistant,4,0.05,user,0,8.610905015785922e-10,4.2076279106425546e-08,2.356663192343296e-05,0.9999736837332415,2.706697465471465e-06
1149,170,assistant,4,0.05,user,0,2.8454165816621966e-06,2.0561485309107742e-05,0.00425564835586779,0.9956545205849402,6.6424157301199e-05
1150,171,assistant,4,0.05,user,0,3.0816278737372434e-09,1.868540760179671e-09,0.0004039906259259106,0.999576401193546,1.9603230359452615e-05
1151,172,assistant,4,0.05,user,0,2.2497119293596985e-05,4.236099262980324e-05,0.06847160193105101,0.9277814986341554,0.0036820413228702536
1152,173,assistant,4,0.05,user,0,4.616377890069598e-05,2.8629560753442798e-05,0.06958565324391494,0.9122612207524977,0.018078332663933078
1153,174,assistant,4,0.05,user,0,1.0005858193156968e-08,2.8572410154519206e-07,0.00046538959179729517,0.9995307459532173,3.5687250255467173e-06
1154,175,assistant,4,0.05,user,0,3.949468478116371e-05,0.0011199644832785539,0.00093352759965017,0.9973114848192495,0.0005955284130406659
1155,176,assistant,4,0.05,user,0,7.347524170949856e-08,1.1990736538962012e-06,0.004503630139304983,0.9953127033181898,0.0001823939936096429
1156,177,assistant,4,0.05,user,0,7.821143188825121e-07,1.8802913158924476e-07,0.005573581853914227,0.9942931474368676,0.00013230056576777997
1157,178,assistant,4,0.05,user,0,6.770175133122144e-08,2.4079111408747106e-06,0.003862303138755368,0.9960620659379503,7.315531040215931e-05
1158,179,assistant,4,0.05,user,0,3.3083575851351475e-09,7.426602768271638e-09,1.9987720714437312e-05,0.9999797441977054,2.5734661971467137e-07
1159,180,assistant,4,0.05,user,0,2.5762683367130454e-07,1.3091831220421927e-06,0.00037850621601165287,0.999534659648629,8.526732540362842e-05
1160,181,assistant,4,0.05,user,0,2.3471851363262013e-06,1.755621242146526e-05,0.0018608749316856405,0.9977642767286521,0.00035494494210462077
1161,182,assistant,4,0.05,user,0,3.2457781022859497e-06,6.143401287955775e-05,0.010342872621262577,0.9890600038441948,0.0005324437435605863
1162,183,assistant,4,0.05,user,0,2.0482214845790335e-07,1.3543203590055436e-06,0.006445721885834944,0.9934359178462159,0.00011680112544180231
1163,184,assistant,4,0.05,user,0,1.202354333891553e-08,2.1387179971688194e-08,0.0005088784768229118,0.9994889539090277,2.134203426161078e-06
1164,185,assistant,4,0.05,user,0,2.4197395125576187e-09,3.288419133987029e-09,1.884976789750493e-05,0.9999794352091224,1.7093148216240625e-06
1165,186,assistant,4,0.05,user,0,6.519580742081106e-07,2.067362795178532e-06,0.0009061465982311497,0.9976806552610559,0.0014104788198436087
1166,187,assistant,4,0.05,user,0,2.74081488982621e-05,7.02650839678097e-05,0.013538722137794492,0.9774964549343311,0.00886714969500815
1167,188,assistant,4,0.05,user,0,2.851176835835464e-07,3.4326675801761726e-06,0.0023100232564054884,0.9973763467696122,0.0003099121887184799
1168,189,assistant,4,0.05,user,0,1.2757624497961837e-08,1.6558403959445446e-07,0.00021492841037702877,0.9997654100136107,1.9483234348155427e-05
1169,190,assistant,4,0.05,user,0,4.8372914408555555e-09,1.2223949937559966e-07,0.0001315204339591537,0.9998674424516037,9.100376461744274e-07
1170,191,assistant,4,0.05,user,0,3.836090085897841e-08,1.1501705371464154e-07,9.276530753776348e-05,0.9999007471848613,6.334129646437878e-06
1171,192,assistant,4,0.05,user,0,1.4464966303849125e-08,8.884817506665452e-08,0.00014535780614708375,0.9998479989252599,6.539955451604978e-06
1172,193,assistant,4,0.05,user,0,5.313170761494664e-07,2.768849532755597e-06,0.002209199395906129,0.9954716907617958,0.002315809675689099
1173,194,assistant,4,0.05,user,0,2.288014783726695e-10,1.6816817294067444e-09,1.9665260675624053e-05,0.9999799137901073,4.19038733878859e-07
1174,195,assistant,4,0.05,user,0,2.0406356849151515e-10,5.170764478795608e-10,1.7283868661528485e-05,0.9999825304162366,1.8499396176853185e-07
1175,196,assistant,4,0.05,user,0,1.6096424172944896e-07,2.8442673206684966e-07,0.0005975354243523811,0.9991327743902659,0.00026924479440799953
1176,197,assistant,4,0.05,user,0,4.26174679939582e-06,8.105633866567381e-05,0.004572451808659077,0.9947449098946338,0.0005973202112420252
1177,198,assistant,4,0.05,user,0,3.3255832072133694e-05,0.0004988604470344833,0.029904182597566338,0.8448053224863007,0.12475837863702649
1178,199,assistant,4,0.05,user,0,0.04042824406345782,0.051490315612489276,0.2094864650597414,0.5002837375161062,0.19831123774820533
1179,200,assistant,4,0.05,user,0,2.3476639010520142e-08,2.8347835884532016e-07,0.00025218535530808096,0.999550985740333,0.00019652194936116375
1180,201,assistant,4,0.05,user,0,7.439319407576737e-08,4.4873634264817433e-07,0.0007856376075908993,0.9990335674315557,0.0001802718313165931
1181,202,assistant,4,0.05,user,0,2.34567414414945e-05,2.6951929727207704e-05,0.018658149980647052,0.9765154279890916,0.004776013359092616
1182,203,assistant,4,0.05,user,0,5.056241862914635e-07,4.5291414797558395e-06,0.005091747963674318,0.9946618984122584,0.00024131885840107255
1183,204,assistant,4,0.05,user,0,9.785779615115342e-08,3.115571276803629e-07,0.0005358893446219109,0.9994409794740373,2.272176641689978e-05
1184,205,assistant,4,0.05,user,0,8.722805761787132e-09,1.544636328888748e-07,0.00014115961867550194,0.9998571711358446,1.506059041327149e-06
1185,206,assistant,4,0.05,user,0,3.758862357017339e-08,2.2077113407215288e-07,0.0010666090187890541,0.9988508246187794,8.230800267364941e-05
1186,207,assistant,4,0.05,user,0,6.421303096808232e-07,2.1469824063983284e-07,0.000211516048610471,0.9997844527545606,3.1743682786200073e-06
1187,208,assistant,4,0.05,user,0,1.0527235838673036e-07,4.009651826010525e-06,0.0002818280794491931,0.9996992859363224,1.477106004398758e-05
1188,209,assistant,4,0.05,user,0,7.168064841048863e-06,0.00013534998656617882,0.06250417603173782,0.9372091760167821,0.00014412990007273057
1189,210,assistant,4,0.05,user,0,3.3179030889971067e-06,4.890436912038835e-06,0.004537264566798264,0.9954094765204691,4.505057273149095e-05
1190,211,assistant,4,0.05,user,0,2.174167835732707e-06,8.793971655183159e-07,0.0017121893732857804,0.9982570623774266,2.7694684286346044e-05
1191,212,assistant,4,0.05,user,0,1.57358696245945e-11,4.28542942962466e-11,9.706608427517627e-06,0.9999902161799037,7.715307872234518e-08
1192,213,assistant,4,0.05,user,0,1.3202464549494927e-12,3.0989329730683266e-12,9.429213894150678e-05,0.999905691039042,1.6817597269381636e-08
1193,214,assistant,4,0.05,user,0,1.9948470202097091e-07,1.73128323712179e-06,0.0007912307168027303,0.9990278336242918,0.00017900489096621866
1194,215,assistant,4,0.05,user,0,1.5508950538027939e-09,1.0927995739829544e-09,6.250884238077286e-05,0.9999322907143944,5.197799530326072e-06
1195,216,assistant,4,0.05,user,0,3.674093402574884e-06,2.3965377259452947e-05,0.0037442122194694524,0.996136673370271,9.14749395975852e-05
1196,217,assistant,4,0.05,user,0,1.7513072190053274e-07,1.0404367033358859e-05,0.00014092067396182702,0.9998164516377118,3.204819057107922e-05
1197,218,assistant,4,0.05,user,0,6.489546555664034e-11,6.233132149241136e-09,8.576487453376558e-07,0.9999990102016245,1.2585160239125317e-07
1198,219,assistant,4,0.05,user,0,7.292516970684392e-11,5.411778797082046e-10,8.94608962860422e-06,0.9999908319637931,2.2133247523776306e-07
1199,220,assistant,4,0.05,user,0,4.097379004534826e-08,6.485687439932241e-07,0.0003572899725870487,0.9995857407085298,5.627977634928343e-05
1200,221,assistant,4,0.05,user,0,6.042880958000394e-05,0.0032240511374156144,0.0754708306348793,0.8804010203366227,0.04084366908150253
1201,222,assistant,4,0.05,user,0,3.4416540214871854e-07,1.6899988073644525e-05,0.005587724698007547,0.9940802712251848,0.0003147599233317402
1202,223,assistant,4,0.05,user,0,4.1388936401658656e-08,2.8221913649040843e-06,0.0016542680856548087,0.9976318683281604,0.0007110000058834058
1203,224,assistant,4,0.05,user,0,1.8845048293802844e-10,9.803456486576874e-10,8.863561063055711e-05,0.9999112422305724,1.2099000101190778e-07
1204,225,assistant,4,0.05,user,0,1.0047230793634757e-07,1.4805333338495731e-06,0.010323248005481683,0.9895803701380628,9.480085081371874e-05
1205,226,assistant,4,0.05,user,0,1.659159987649954e-09,2.479345837959943e-07,0.0008715910793627587,0.9989676466221253,0.00016051270476804817
1206,227,assistant,4,0.05,user,0,8.974026459448122e-05,0.00033432759586795755,0.01356633818668552,0.9111846930699307,0.07482490088292146
1207,228,assistant,4,0.05,user,0,6.6693499470331e-07,1.4459532303082817e-07,0.0007878616655276537,0.9988581037985883,0.0003532230055662608
1208,229,assistant,4,0.05,user,0,1.3264480081007635e-09,1.0178709863275296e-09,0.00014837542832538998,0.9998453532746648,6.268952690817067e-06
1209,230,assistant,4,0.05,user,0,1.377191649446225e-05,5.107030689363301e-06,0.0018287460651803596,0.9979018415390173,0.0002505334486184805
1210,231,assistant,4,0.05,user,0,1.587033714207018e-05,8.207369511234118e-05,0.00887071112448095,0.9754103640849224,0.015620980758342123
1211,232,assistant,4,0.05,user,0,8.521816712234009e-07,1.9070136210941323e-06,0.00021222344368771685,0.9997640956501395,2.0921710880566765e-05
1212,233,assistant,4,0.05,user,0,5.607346541432866e-09,4.110336429261019e-08,0.00012624000724782355,0.9998638834317892,9.829850252176413e-06
1213,234,assistant,4,0.05,user,0,2.1285904674462927e-09,3.752644136278171e-08,0.00015114957824680227,0.99977906658973,6.974417699130165e-05
1214,235,assistant,4,0.05,user,0,1.0587724810829668e-06,0.0001525813780215303,0.012471331329927504,0.9847219814608639,0.002653047058705942
1215,236,assistant,4,0.05,user,0,1.0161729596945519e-07,1.0881326188620497e-06,0.0001439126876402903,0.9996508708247019,0.0002040267377429908
1216,237,assistant,4,0.05,user,0,1.067145441333171e-10,2.098054020305939e-10,1.810520012672737e-05,0.9999797604713492,2.134012004006676e-06
1217,238,assistant,4,0.05,user,0,7.594594166453594e-07,1.9551928608091222e-05,0.00048146656665080836,0.9992657998238442,0.00023242222148031822
1218,239,assistant,4,0.05,user,0,4.2066455741488147e-10,7.460847027470333e-10,1.3263332613454396e-05,0.9999865549529242,1.8054771308362995e-07
1219,240,assistant,4,0.05,user,0,4.1874389606070023e-08,1.99705637941588e-08,0.00010869184156981749,0.9998776967198688,1.3549593608082988e-05
1220,241,assistant,4,0.05,user,0,2.925808997982969e-08,1.1975639617106287e-07,0.00013494334627738938,0.9998495025023741,1.5405136862293822e-05
1221,242,assistant,4,0.05,user,0,1.7447214752712264e-06,9.995110913522573e-06,0.029952444412671173,0.9675864729874027,0.002449342767537246
1222,243,assistant,4,0.05,user,0,5.450520990110109e-07,5.386757493891232e-07,0.0047862222982598315,0.9948872889998474,0.00032540497404450435
1223,244,assistant,4,0.05,user,0,4.207851091129197e-08,8.57285722060884e-08,0.0016789504996193275,0.997965663268442,0.00035525842485541605
1224,245,assistant,4,0.05,user,0,6.129469154624171e-07,1.3414419053817214e-06,0.00972868462410809,0.9895310473568836,0.0007383136301876181
1225,246,assistant,4,0.05,user,0,1.9014400734089832e-06,1.0788476645175524e-06,0.0090402666074164,0.9906771316597107,0.0002796214451350432
1436,247,user,5,0.05,user,0,1.5460693962663306e-05,0.002370803295059576,0.6281372495586733,0.368050155332121,0.0014263311201832918
1437,248,user,5,0.05,user,0,6.972556028124777e-06,0.00025246667447734335,0.2004199297139119,0.7979338407049369,0.0013867903506457622
1438,249,user,5,0.05,user,0,1.6089353205759144e-10,4.944373765117929e-08,0.0014495147138040509,0.9985497108233954,7.248581693584858e-07
1439,250,user,5,0.05,user,0,5.080681840328974e-07,0.00019911841467083963,0.02146235798230115,0.9781445829189619,0.00019343261588198167
1440,251,user,5,0.05,user,0,3.396460080304761e-06,0.0036961113421610423,0.01051009203562207,0.9851280319983907,0.0006623681637458276
1441,252,user,5,0.05,user,0,1.4686138416305578e-05,0.1739432605779565,0.06462348324489549,0.7605520718856446,0.0008664981530872219
1442,253,user,5,0.05,user,0,7.246925922431489e-06,0.02649870801502412,0.22150333340218528,0.7437226408440999,0.00826807081276835
1443,254,user,5,0.05,user,0,3.828193667467704e-06,0.001344692583034315,0.020575835892296737,0.9763543013783053,0.0017213419526963573
1444,255,user,5,0.05,user,0,6.013646132548638e-05,0.7245685902705382,0.024292489492608222,0.24984528071162676,0.001233503063901358
1445,256,user,5,0.05,user,0,0.00013728312538937746,0.4739523134792105,0.021232070488457107,0.48613236303865237,0.018545969868290678
1446,257,user,5,0.05,user,0,5.977959076633678e-06,0.01686160339485741,0.9131475068785702,0.04488992052400763,0.02509499124348807
1447,258,user,5,0.05,user,0,5.49249749766292e-05,0.3568454469052852,0.1146727251313603,0.36369992786826394,0.16472697512011394
1448,259,user,5,0.05,user,0,5.6482833662059355e-06,0.1803537830546145,0.07226179481927675,0.7373543536023625,0.010024420240380132
1449,260,user,5,0.05,user,0,1.6896686552932837e-05,0.9854072056790223,0.009222862268199695,0.0036551356862860765,0.0016978996799389713
1450,261,user,5,0.05,user,0,0.00016386899729682898,0.22798714262696668,0.008062519604516873,0.7572477963763942,0.006538672394825524
1451,262,user,5,0.05,user,0,1.3266609214091651e-06,0.05982940734925138,0.0015985119560032739,0.9384459505693842,0.0001248034644397765
1452,263,user,5,0.05,user,0,7.010686718426793e-08,0.00027105641747404203,8.194399558167545e-05,0.9996447002140261,2.229266051059241e-06
1453,264,user,5,0.05,user,0,2.422489119417706e-07,0.005371261614928439,0.001984111098045702,0.9926201650460492,2.421999206462999e-05
1454,265,user,5,0.05,user,0,1.9841181021564605e-06,0.6981050241318054,0.0037851017135234234,0.29769067414623557,0.0004172158903334145
1455,266,user,5,0.05,user,0,8.749353120714959e-06,0.31263464352948606,0.004533620513098463,0.6773499324931268,0.005473054111168002
1456,267,user,5,0.05,user,0,3.2015581104287836e-06,0.9654052475207178,0.0002128069484671781,0.034071074350534594,0.00030766962217025135
1457,268,user,5,0.05,user,0,3.8665270203553504e-07,0.011330915525001945,0.0026489379849724123,0.9860093305366482,1.042930067546481e-05
1458,269,user,5,0.05,user,0,1.67361228145447e-05,0.5740010288850741,0.024959644371258697,0.40080154598265033,0.00022104463820228076
1459,270,user,5,0.05,user,0,5.8797121774781215e-06,0.11305679331752358,0.12116171005680458,0.7653386474730051,0.0004369694404892898
1460,271,user,5,0.05,user,0,3.0750023571751247e-06,0.9974946713351814,0.0003034193175822185,0.0015901912841206822,0.0006086430607585505
1461,272,user,5,0.05,user,0,0.00013213600605581352,0.9062985982723155,0.0003716857605099184,0.09138938046524293,0.0018081994958757562
1462,273,user,5,0.05,user,0,6.584904740915166e-05,0.9955262546964639,0.0012331326648851444,0.001990393084526371,0.0011843705067152012
1463,274,user,5,0.05,user,0,5.851755048417667e-05,0.9971866993257563,0.0014936872572276036,0.0010573910662886432,0.0002037048002431862
1464,275,user,5,0.05,user,0,8.477647875758049e-06,0.998037396640914,0.0002520744240566369,0.0015821549241108184,0.00011989636304285697
1465,276,user,5,0.05,user,0,7.820534691612814e-06,0.9844461138585999,0.002083432737419784,0.013350239097582406,0.00011239377170617348
1466,277,user,5,0.05,user,0,2.3692005816455413e-05,0.832801392729374,0.016824293076538814,0.12392948236473007,0.026421139823540496
1467,278,user,5,0.05,user,0,2.709022548029964e-06,0.9832016340995213,0.01056195483010726,0.0033717953700954607,0.002861906677727957
1468,279,user,5,0.05,user,0,1.3635532863972046e-06,0.010431488254209791,8.768863641713888e-05,0.9885811726859419,0.0008982868701446268
1469,280,user,5,0.05,user,0,2.0549254650503366e-06,0.9602440611391582,0.0013703149820589412,0.03495855278358277,0.003425016169735035
1470,281,user,5,0.05,user,0,2.857686006345558e-05,0.2753312910958809,0.0003625406303010094,0.7191893104725567,0.005088280941197839
1471,282,user,5,0.05,user,0,0.0004152670161485277,0.2782489943568366,0.030190343911232282,0.6224041208155411,0.06874127390024165
1472,283,user,5,0.05,user,0,1.5238648332729303e-06,0.9491612970376639,0.0009808138066385004,0.049481074149023516,0.00037529114184080053
1473,284,user,5,0.05,user,0,4.358657906631491e-06,0.419699462349524,0.010512804888885256,0.5695562435255068,0.00022713057817751365
1474,285,user,5,0.05,user,0,2.5368103062393064e-05,0.9707637984197554,0.01088332435557345,0.0171322820996414,0.0011952270219677305
1475,286,user,5,0.05,user,0,1.113632738919556e-05,0.902334740027239,0.0010737541787273186,0.09228497302084443,0.0042953964457997105
1476,287,user,5,0.05,user,0,0.00025704584003570583,0.7012791666788828,0.00299914648560918,0.2778514132063335,0.017613227789138746
1477,288,user,5,0.05,user,0,1.0666759818562281e-05,0.030933999527168334,0.003025117402870211,0.9649969178528712,0.0010332984572717547
1478,289,user,5,0.05,user,0,2.723209520681555e-05,0.7601867503733877,0.0013706862299006006,0.23304284355362684,0.005372487747877992
1479,290,user,5,0.05,user,0,8.227958201041353e-05,0.8398017683686808,0.058692474063124715,0.07399097025132485,0.027432507734859283
1480,291,user,5,0.05,user,0,7.2459647769000274e-06,0.0999132569848072,0.0034567409761322282,0.8960295703303142,0.0005931857439695612
1481,292,user,5,0.05,user,0,2.0986068755288543e-05,0.9388192117181835,0.022891685238522322,0.038146213238684765,0.00012190373585401053
1482,293,user,5,0.05,user,0,5.138892666615083e-05,0.958980460895351,0.00433108800005348,0.03501318191000003,0.0016238802679292776
1483,294,user,5,0.05,user,0,8.39878788875145e-07,0.0015826556548752678,0.0003761208874730654,0.9980064976767158,3.3885902147056635e-05
1484,295,user,5,0.05,user,0,3.595686800404743e-05,0.08386815007927537,0.02676962101491376,0.8888219256032497,0.0005043464345570021
1485,296,user,5,0.05,user,0,1.3915776738920146e-05,0.028813511267053164,0.023648386571873077,0.9456601672415237,0.0018640191428109867
1486,297,user,5,0.05,user,0,6.853809837144813e-06,0.9820822585176787,0.004094364179656882,0.013686610363100008,0.00012991312972753132
1488,298,cot,6,0.05,user,0,1.8448339037345016e-11,2.106179476523989e-08,0.6633521296381153,0.33660708486525637,4.076441638535936e-05
1489,299,cot,6,0.05,user,0,4.93979513661667e-09,4.742275490723485e-06,0.9918695154659793,0.003644195122250542,0.004481542196484254
1490,300,cot,6,0.05,user,0,2.0298004895211277e-08,6.046844605755278e-05,0.9699262321193125,0.005267555852084039,0.024745723284540905
1491,301,cot,6,0.05,user,0,1.8527108285070283e-10,2.1521564435721966e-06,0.9921275935786448,0.00667886489276534,0.001191389186875179
1492,302,cot,6,0.05,user,0,5.079109693803354e-06,0.6270000950078685,0.20252001404987005,0.16319045669054494,0.0072843551420226854
1493,303,cot,6,0.05,user,0,2.9443484460350296e-06,0.7132870482740123,0.003191317881407408,0.2774788924915744,0.0060397970045597
1494,304,cot,6,0.05,user,0,3.053844873553134e-05,0.6253724549436244,0.015275711495322869,0.325060287698375,0.03426100741394238
1495,305,cot,6,0.05,user,0,1.2456813155111202e-05,0.3955786953702813,0.2518272619930538,0.2626746303222102,0.08990695550129962
1496,306,cot,6,0.05,user,0,1.5910182936510419e-06,0.9809957710077595,0.0097052845388038,0.0008768005503413661,0.008420552884801405
1497,307,cot,6,0.05,user,0,2.9903626756317956e-08,0.006520750562695971,0.9745392255991004,0.011332962773089265,0.0076070311614872665
1498,308,cot,6,0.05,user,0,2.5797856788677607e-05,0.3504329754779495,0.05964803878202157,0.49326786580178744,0.0966253220814528
1499,309,cot,6,0.05,user,0,2.65173602387731e-06,0.17241627702066356,0.06241079046676572,0.7427237282450927,0.02244655253145417
1500,310,cot,6,0.05,user,0,1.5639857066820439e-07,0.00033883814698265673,0.0012959599573196415,0.9982821450282634,8.290046886355793e-05
1501,311,cot,6,0.05,user,0,5.664636725582859e-07,0.03725909602290464,0.9457840756992899,0.008981156903723945,0.007975104910408981
1502,312,cot,6,0.05,user,0,5.74724348535829e-07,0.01582747312556706,0.8590008662403098,0.08313648991977939,0.04203459598999526
1503,313,cot,6,0.05,user,0,3.5290239233528986e-06,0.40134836622917747,0.031750054099201945,0.5541744216553806,0.0127236289923167
1504,314,cot,6,0.05,user,0,4.477776643200455e-07,0.006789576818530553,0.3256725138589439,0.665601792716324,0.0019356688285371282
1505,315,cot,6,0.05,user,0,5.30292414995634e-09,0.0006939971706328761,0.9977120161525791,0.0010603966033882683,0.000533584770475647
1506,316,cot,6,0.05,user,0,2.3079922994846438e-06,0.030238718612588453,0.7890447328780507,0.007289539068477754,0.1734247014485836
1507,317,cot,6,0.05,user,0,0.0001705251010790657,0.4973464161103787,0.007317669862773032,0.46417404348544994,0.030991345440319253
1508,318,cot,6,0.05,user,0,3.3690506071629075e-06,0.9838818152837524,0.007771646123076217,0.0006377804314426333,0.0077053891111215946
1509,319,cot,6,0.05,user,0,1.727501129059213e-05,0.8925596680811456,0.06628564565168593,0.0283246760346595,0.012812735221218292
1510,320,cot,6,0.05,user,0,1.7931567555409922e-08,0.005972576253835029,0.9856903308176679,0.003771191732836254,0.004565883264093345
1511,321,cot,6,0.05,user,0,3.7106000501837353e-07,0.11785067203570325,0.7867288208978606,0.03700309310812276,0.0584170428983084
1512,322,cot,6,0.05,user,0,3.000595402032532e-06,0.30752489680276246,0.42359006047732867,0.006068142373525819,0.26281389975098113
1513,323,cot,6,0.05,user,0,1.0203175743691357e-06,0.7523135764134468,0.1589114825436088,0.0793234337020218,0.009450487023348253
1514,324,cot,6,0.05,user,0,1.0195479908892827e-08,0.0007211447998167988,0.9932316278430644,0.001813054411544214,0.0042341627500945365
1515,325,cot,6,0.05,user,0,1.8855649502479553e-06,0.03703848968557038,0.8905771998765721,0.022740771908319003,0.049641652964588286
1516,326,cot,6,0.05,user,0,2.4132184397866543e-05,0.012236891823105568,0.008131360970549187,0.9718505504434459,0.007757064578501523
1517,327,cot,6,0.05,user,0,9.145369691643458e-07,0.015499385924905254,0.014747057286725745,0.9680205817542501,0.0017320604971497856
1518,328,cot,6,0.05,user,0,5.030012543529575e-08,0.0005002025170225183,0.9772794900017192,0.021351537809802038,0.000868719371330802
1519,329,cot,6,0.05,user,0,5.112222165477371e-09,6.405371691185032e-05,0.9388410658981581,0.03657274013768397,0.02452213513502399
1520,330,cot,6,0.05,user,0,8.68309392869233e-06,0.0772408933163756,0.07426895147701253,0.8303171350028389,0.01816433710984421
1521,331,cot,6,0.05,user,0,3.984343444233943e-08,0.0010482379863991967,0.8546698553114781,0.14386516755453846,0.0004166993041499335
1522,332,cot,6,0.05,user,0,9.22884989352789e-09,1.9873023536632053e-05,0.9823133514364919,0.017314284620074668,0.00035248169104681404
1523,333,cot,6,0.05,user,0,7.353457232534322e-08,0.004660730162071397,0.9125143124412606,0.0824935405936938,0.00033134326840187354
1524,334,cot,6,0.05,user,0,2.4774151460552004e-10,1.3610778744882692e-07,0.7361679457658243,0.26375023402650755,8.168385213904976e-05
1525,335,cot,6,0.05,user,0,2.1095117779643964e-10,7.075939910588396e-08,0.9868646832626788,0.012849236418002757,0.0002860093489683371
1526,336,cot,6,0.05,user,0,3.061527063244518e-09,3.000765861149557e-07,0.9892422680751142,0.008240003258721101,0.00251742552805169
1527,337,cot,6,0.05,user,0,2.6466676033217125e-10,4.182641680882906e-07,0.9889634312269149,0.0026428167445871477,0.008393333499663166
1528,338,cot,6,0.05,user,0,1.7854970841706295e-08,1.8389965296869326e-05,0.9746603536140704,0.01792147341934416,0.0073997651463178216
1529,339,cot,6,0.05,user,0,5.31695169163596e-08,3.0399393107572818e-05,0.7976007174656787,0.18632469704968008,0.01604413292201666
1530,340,cot,6,0.05,user,0,6.21362673361636e-08,0.0004011498505719804,0.43939650499391875,0.55786693309031,0.0023353499289319457
1531,341,cot,6,0.05,user,0,2.6452545760045586e-10,9.029157325266089e-07,0.5961496495990066,0.4029786336865036,0.0008708135342318181
1532,342,cot,6,0.05,user,0,1.330366927641805e-06,7.711218203816348e-06,0.013249750902005754,0.9838389119436762,0.00290229556918664
1533,343,cot,6,0.05,user,0,4.071930724277236e-06,0.0002406140374762014,0.13826232349723466,0.7558524104793299,0.10564058005523494
1534,344,cot,6,0.05,user,0,3.770022863822234e-05,0.0027080435401386524,0.061156638378121034,0.9137119306641547,0.022385687188947314
1535,345,cot,6,0.05,user,0,2.8262748167372444e-06,0.0007078430430339026,0.026321660184504523,0.9707093605211764,0.00225830997646837
1536,346,cot,6,0.05,user,0,7.114795073237908e-06,0.0027524957070591883,0.22862990042259052,0.7428673977624092,0.025743091312867915
1537,347,cot,6,0.05,user,0,2.7276350322412036e-06,0.00015246801220581896,0.12705202436879814,0.8715827282205694,0.001210051763394343
1538,348,cot,6,0.05,user,0,1.0228946100855412e-07,8.115484108570728e-07,0.015352107245709169,0.9846080322408524,3.8946675566581886e-05
1539,349,cot,6,0.05,user,0,1.2725490530407376e-05,0.0013028538763362523,0.4829920253585331,0.5015272899199711,0.014165105354629183
1540,350,cot,6,0.05,user,0,2.0159157907462316e-07,9.043071323479592e-05,0.9178651167660671,0.07713283334494446,0.004911417584174428
1541,351,cot,6,0.05,user,0,3.993416771200776e-09,9.226765482446416e-07,0.904455873218312,0.0841081141091329,0.011435086002590071
1542,352,cot,6,0.05,user,0,5.783787218967469e-06,0.0003465366230522128,0.7397590614754479,0.011973795400696296,0.24791482271358461
1543,353,cot,6,0.05,user,0,1.6238603494594514e-05,0.0031339038459981946,0.059944991193814925,0.9314920919324032,0.005412774424288955
1544,354,cot,6,0.05,user,0,5.099585147256523e-06,0.0022369759513074404,0.19057362189998195,0.7820865381031518,0.025097764460411544
1545,355,cot,6,0.05,user,0,1.4529588577399357e-08,3.2499052203149187e-06,0.965692437457647,0.033558480500889304,0.0007458176066549641
1546,356,cot,6,0.05,user,0,1.6536771222763747e-08,2.4181073203187974e-06,0.7391450346279032,0.24484814844480224,0.016004382283203146
1547,357,cot,6,0.05,user,0,0.00013054076688998308,0.12346083249559446,0.2769453877795016,0.34239080423495644,0.2570724347230575
1548,358,cot,6,0.05,user,0,4.504912122964785e-07,0.0014480638020103018,0.9380534585136389,0.01611780511013706,0.04438022208300145
1549,359,cot,6,0.05,user,0,7.243178735508322e-06,0.0011177981869598425,0.729485694059249,0.20957438388229813,0.059814880692757574
1550,360,cot,6,0.05,user,0,3.6617580637883334e-06,2.7130153280933572e-05,0.07483328884361415,0.9233359999383005,0.0017999193067406512
1551,361,cot,6,0.05,user,0,1.8940071383703658e-06,0.0007129563083167074,0.9558145604419231,0.023893391128484813,0.019577198114136985
1552,362,cot,6,0.05,user,0,2.5126509134743672e-05,0.0037386191008715844,0.9603101336847245,0.0010988216590300938,0.03482729904623893
1553,363,cot,6,0.05,user,0,4.1349556585272934e-05,0.00879143328105955,0.8605593139149065,0.07611378014824746,0.05449412309920115
1554,364,cot,6,0.05,user,0,1.7440293522838283e-07,2.9396847894093695e-06,0.9649810654017433,0.033393230525936485,0.0016225899845956973
1555,365,cot,6,0.05,user,0,1.3518004606808253e-09,2.0515445537163924e-06,0.968002745722929,0.02534679418570814,0.006648407195008726
1556,366,cot,6,0.05,user,0,5.504708353455749e-06,0.006701198827217103,0.22927681210450923,0.021727080406988564,0.7422894039529316
1557,367,cot,6,0.05,user,0,3.691283974273683e-07,4.003940600668276e-06,0.11619015192501121,0.8706480533015737,0.01315742170441705
1558,368,cot,6,0.05,user,0,6.151447601341715e-07,2.2060100956609702e-05,0.5021771555731307,0.45471947150686803,0.043080697674284546
1559,369,cot,6,0.05,user,0,3.792718386027998e-08,1.600040971913689e-05,0.9209331769199433,0.05386391135784727,0.025186873385306417
1560,370,cot,6,0.05,user,0,1.0919789508983665e-05,0.0052811618065905196,0.4334541885963277,0.44584085879649643,0.11541287101107643
1561,371,cot,6,0.05,user,0,2.6360914238645108e-09,8.745482097220172e-07,0.92739532112802,0.0712806502850853,0.001323151402593682
1562,372,cot,6,0.05,user,0,4.259498485313935e-07,3.085039635215846e-05,0.7568002568227634,0.15205619403385695,0.091112272797179
1563,373,cot,6,0.05,user,0,0.00014638722850077328,0.04112502572544039,0.3266095535808032,0.554754314186941,0.07736471927831455
1564,374,cot,6,0.05,user,0,1.269267618378815e-07,0.00021761095470512637,0.388818187371343,0.6082361778976538,0.0027278968495361767
1565,375,cot,6,0.05,user,0,0.0004665127302195996,0.10250912816817317,0.29855581597279723,0.3657541226001825,0.23271442052862754
1566,376,cot,6,0.05,user,0,6.080297934249486e-07,3.8046915124195926e-05,0.23598149490329168,0.7437833638624547,0.020196486289336162
1567,377,cot,6,0.05,user,0,6.562267401947527e-05,0.004439450235360625,0.40403539173932207,0.5458452646282909,0.045614270723007076
1568,378,cot,6,0.05,user,0,4.383143954818976e-07,7.046529994058957e-05,0.008230887607851158,0.9908326895279824,0.0008655192498304371
1569,379,cot,6,0.05,user,0,5.695036709134265e-07,0.00012673951547956735,0.22300183104001883,0.7750979450034997,0.0017729149373309247
1570,380,cot,6,0.05,user,0,8.57433845148883e-09,3.4541319674825283e-07,0.13749439631139643,0.862081370781132,0.00042387891993637234
1571,381,cot,6,0.05,user,0,2.988605409066132e-10,3.457478354882216e-08,0.8199058293247705,0.1799546291771704,0.00013950662441495427
1572,382,cot,6,0.05,user,0,2.8551871774879627e-06,5.561074411251168e-05,0.19599312725775903,0.7997291968592981,0.004219209951653004
1573,383,cot,6,0.05,user,0,5.5498205007521974e-09,1.993172730612697e-08,0.25617470342532445,0.7434757276201934,0.00034954347293433553
1574,384,cot,6,0.05,user,0,6.693557907732273e-09,4.520126883767154e-07,0.9451195735384325,0.044923975754722775,0.009955992000598506
1575,385,cot,6,0.05,user,0,3.8965559445263806e-07,0.0013714344868876684,0.9593268635588255,0.031503132106702754,0.007798180191989793
1576,386,cot,6,0.05,user,0,2.4068481530365614e-06,0.001531650308124564,0.8501524196782799,0.12916119176981622,0.01915233139562633
1577,387,cot,6,0.05,user,0,1.6174904681154784e-10,1.0686269410704179e-08,0.9121562205043666,0.08766667235281961,0.00017709629479517797
1578,388,cot,6,0.05,user,0,5.553314708051461e-10,5.517986869572709e-08,0.7031158707994944,0.2947609566672833,0.00212311679802206
1579,389,cot,6,0.05,user,0,6.619036328135502e-10,6.418140494400892e-08,0.37539309274920496,0.6245403152077686,6.652719971771111e-05
1580,390,cot,6,0.05,user,0,4.8908528749483924e-12,3.139114261894959e-11,0.3920311064145925,0.607959734410796,9.159138329492199e-06
1581,391,cot,6,0.05,user,0,3.381191253629438e-11,7.623119850766083e-11,0.6281640000825043,0.3717927329802785,4.326682717416386e-05
1582,392,cot,6,0.05,user,0,1.3718061003532833e-10,1.5121765948548179e-09,0.7952847152804613,0.20333420920230572,0.0013810738678758832
1584,393,assistant,7,0.05,user,0,2.5970510177354036e-11,3.6752092402255337e-10,0.00012031098038720679,0.9998795518363889,1.3678973257600398e-07
1585,394,assistant,7,0.05,user,0,1.3817329623520593e-10,2.8874741292103503e-08,0.000372783160260679,0.9996270742276597,1.1359916489890887e-07
1586,395,assistant,7,0.05,user,0,7.209293481152996e-11,3.377861129326307e-09,9.487114832657846e-05,0.9999047410541707,3.8434754862491224e-07
1587,396,assistant,7,0.05,user,0,9.526212603300048e-12,1.9418277752425987e-09,4.436886607492459e-06,0.999995524514275,3.66477635291268e-08
1588,397,assistant,7,0.05,user,0,2.8563458935002773e-09,8.336728069053405e-08,0.00010247396977368562,0.9998854079387427,1.2031867857230128e-05
1589,398,assistant,7,0.05,user,0,1.7802379615431506e-10,1.162481599125463e-08,2.8672341394209566e-05,0.9999678505477168,3.465308049267471e-06
1590,399,assistant,7,0.05,user,0,7.403763583957202e-11,3.210826712908779e-08,9.231404805260276e-05,0.9999065794662294,1.0743034131607292e-06
1591,400,assistant,7,0.05,user,0,1.5396567923296061e-09,4.880455932910798e-07,0.00017836039046777752,0.9998023155705381,1.8834453744040092e-05
1592,401,assistant,7,0.05,user,0,8.985012060842117e-10,2.7412579036572464e-07,0.00025183422305529113,0.9997448309670633,3.0597855898124745e-06
1593,402,assistant,7,0.05,user,0,1.1042578073591592e-11,6.403774274898856e-09,5.405413055292141e-05,0.9999441856818346,1.7537727956219824e-06
1594,403,assistant,7,0.05,user,0,3.533514417016049e-10,8.755665737298525e-08,1.416391629295062e-05,0.9999854497808969,2.983928014567837e-07
1595,404,assistant,7,0.05,user,0,1.1417856031278362e-11,2.296719997350887e-10,0.00023098946717783414,0.9997689177504074,9.25413247333222e-08
1596,405,assistant,7,0.05,user,0,2.562546669327418e-11,5.598304904631579e-10,0.00046563602208099297,0.9995342199409449,1.4345151810398728e-07
1597,406,assistant,7,0.05,user,0,7.383791495562205e-11,1.5720915056853213e-09,0.0010555527633522512,0.9989439054891583,5.401015599761322e-07
1598,407,assistant,7,0.05,user,0,8.052812656753628e-11,2.943774970801106e-09,4.505391212349901e-05,0.9999542746349367,6.68428636720841e-07
1599,408,assistant,7,0.05,user,0,1.2989552561243546e-10,9.456338607301615e-09,2.1579010468724355e-05,0.9999754166024304,2.9948008669746944e-06
1600,409,assistant,7,0.05,user,0,6.726598666822989e-10,1.2130729933157451e-06,6.787125633752239e-05,0.999922876014925,8.038983084425103e-06
1601,410,assistant,7,0.05,user,0,2.731795478991013e-12,2.2470447251535005e-10,8.728183322680573e-06,0.9999912528278692,1.8761372068038942e-08
1602,411,assistant,7,0.05,user,0,8.917721940925238e-10,6.557646325386141e-07,0.00029802310623832355,0.9996873371299873,1.3983107369762954e-05
1603,412,assistant,7,0.05,user,0,2.011752795473149e-09,7.85673630625878e-08,4.938056846611443e-05,0.9999502358950214,3.029573966370685e-07
1604,413,assistant,7,0.05,user,0,6.399725293226542e-11,4.577416203169691e-09,5.421109964212601e-06,0.9999944362215923,1.380270299510047e-07
1605,414,assistant,7,0.05,user,0,1.6052373781158567e-12,4.912334675683866e-11,2.623748294311037e-06,0.9999973574051428,1.879583419217229e-08
1606,415,assistant,7,0.05,user,0,6.000361753136589e-12,1.257999441509853e-08,5.1260008006615255e-05,0.999948497997006,2.294089924977044e-07
1607,416,assistant,7,0.05,user,0,8.922151974081488e-10,6.676653089370101e-07,0.00010796626733369899,0.9998691356049024,2.2229570239591197e-05
1608,417,assistant,7,0.05,user,0,8.74298328862356e-12,1.4066872959642813e-08,2.0814559528707313e-05,0.9999789625010235,2.0886383184650411e-07
1609,418,assistant,7,0.05,user,0,4.115060238711583e-09,2.5390633197325433e-06,5.254501660212196e-05,0.9999438504722421,1.0613327757123806e-06
1610,419,assistant,7,0.05,user,0,1.5425735118906217e-08,1.5085421476685681e-06,5.104769200923503e-05,0.9999468062244254,6.221156823968415e-07
1611,420,assistant,7,0.05,user,0,1.2315545511443227e-06,0.0006821816695527914,0.0027920956396439017,0.9965177335885078,6.7575477441656556e-06
1612,421,assistant,7,0.05,user,0,7.420313155334832e-14,2.784878231378568e-10,4.221758968459841e-07,0.9999995763161317,1.2294093067404094e-09
1613,422,assistant,7,0.05,user,0,6.099312726733518e-12,8.112706566511233e-08,3.3941548084715776e-06,0.9999964115635057,1.131485208735405e-07
1614,423,assistant,7,0.05,user,0,1.0767802472088914e-09,2.050315403087797e-06,0.0006354759952892555,0.999354588150334,7.884462193562207e-06
1615,424,assistant,7,0.05,user,0,1.3987534414079709e-08,2.3649490566734146e-06,0.0006255426807034525,0.9993512491419522,2.0829240753472e-05
1616,425,assistant,7,0.05,user,0,3.556473452887979e-11,1.1035184609580123e-08,1.0046752883130665e-05,0.9999898575930017,8.458336562710592e-08
1617,426,assistant,7,0.05,user,0,1.7012914843740635e-10,6.692402830288017e-08,0.00014186231679418353,0.9998555236581963,2.546930851964939e-06
1618,427,assistant,7,0.05,user,0,4.861760282978205e-10,9.08224581950026e-07,0.0006900587244527586,0.9993062311648075,2.8013999816872993e-06
1619,428,assistant,7,0.05,user,0,1.17579414427678e-09,1.9232703414006133e-06,0.0015822900828130568,0.9983230884319484,9.269703910301752e-05
1620,429,assistant,7,0.05,user,0,4.4418770448793586e-08,3.922588983516587e-05,0.0007479232225163186,0.9991561564125109,5.665005636715264e-05
1621,430,assistant,7,0.05,user,0,3.1850676392246454e-09,1.4469797114485978e-06,0.000704781319419642,0.9992293001451271,6.446837067416432e-05
1622,431,assistant,7,0.05,user,0,3.0712045395885225e-10,1.1124495983552467e-07,2.1043030355723386e-05,0.9999731895234841,5.655894079792305e-06
1623,432,assistant,7,0.05,user,0,4.2344658847040505e-07,0.00014005035005900505,0.00027053840590365234,0.9992840538047627,0.00030493399268615145
1624,433,assistant,7,0.05,user,0,9.969101051153065e-08,1.79996118517688e-06,0.0008251293211962304,0.9990673481938245,0.0001056228327836879
1625,434,assistant,7,0.05,user,0,1.8579817783573285e-07,3.6530699942035807e-05,0.002381415796805599,0.9970314500848313,0.0005504176202432584
1626,435,assistant,7,0.05,user,0,3.252435188555681e-08,1.2062504377553657e-06,0.0001850391243262619,0.9997996213374959,1.4100763388079747e-05
1627,436,assistant,7,0.05,user,0,5.77752860691215e-09,7.834551914783338e-07,0.00025979994500614176,0.999739382919919,2.7902354624897985e-08
1628,437,assistant,7,0.05,user,0,2.1143069375181212e-10,4.028795143454759e-08,1.9995869969547845e-05,0.9999798004800263,1.6315062209923108e-07
1629,438,assistant,7,0.05,user,0,4.1043938384925e-12,4.433252065946279e-11,1.9261860838448136e-05,0.9999807335782338,4.5124909374375546e-09
1630,439,assistant,7,0.05,user,0,5.384940614167633e-12,2.52641442478872e-10,0.0020277703479036247,0.9979722148263372,1.4567732641539855e-08
1631,440,assistant,7,0.05,user,0,4.682818636806986e-09,5.48938122029911e-07,0.00023653935162699222,0.9997599151116874,2.991915744877196e-06
1632,441,assistant,7,0.05,user,0,4.693600787317467e-10,5.686466770637029e-09,0.0008115668638960175,0.9991831308068618,5.2961734154389384e-06
1633,442,assistant,7,0.05,user,0,1.96723399672195e-10,7.779333194430835e-09,6.483454662516273e-05,0.9999343939768871,7.635004309766496e-07
1634,443,assistant,7,0.05,user,0,5.500403115431491e-10,3.064117584704675e-08,7.168574526098368e-06,0.9999925580488953,2.4218536250719315e-07
1635,444,assistant,7,0.05,user,0,3.291296594317032e-11,5.88467588396543e-09,2.777505999598374e-05,0.999971657186743,5.61835672202109e-07
1636,445,assistant,7,0.05,user,0,2.1549408948238574e-12,5.039627657015423e-10,1.424995859427387e-05,0.99998574391456,5.620728227109984e-09
1637,446,assistant,7,0.05,user,0,1.733219489760842e-13,6.841251948647e-11,1.3488907959553546e-05,0.9999865098180466,1.2054079021307178e-09
1638,447,assistant,7,0.05,user,0,9.77553166369825e-07,1.8521936384235695e-05,0.0021598036669800633,0.9977560106230219,6.468622044752513e-05
1639,448,assistant,7,0.05,user,0,1.3018883607855342e-09,7.614699905540796e-08,8.248699953717457e-06,0.9999912653612293,4.0848992947868366e-07
1640,449,assistant,7,0.05,user,0,2.4228682889833433e-09,5.439398512124463e-07,0.0011201903795533402,0.9988671876646654,1.2075593061632258e-05
1641,450,assistant,7,0.05,user,0,3.4773445409033774e-10,1.790780287760336e-08,4.9715296120062784e-05,0.9999498971300244,3.6931831837675016e-07
1642,451,assistant,7,0.05,user,0,2.2266360807650096e-11,3.838073756377535e-11,8.863253431455541e-07,0.9999991087164913,4.897518552223795e-09
1643,452,assistant,7,0.05,user,0,2.3562654560701574e-09,4.313769415650391e-07,6.639830478087023e-05,0.9999321959850582,9.71976954037617e-07
1644,453,assistant,7,0.05,user,0,5.224577262829151e-11,2.116246647831935e-08,0.00037805826103087337,0.9996216389814341,2.8154282289623115e-07
1645,454,assistant,7,0.05,user,0,1.8139989646291873e-09,8.583370974776198e-09,0.00022924072823217955,0.9997697519965653,9.968778326235323e-07
1646,455,assistant,7,0.05,user,0,6.076653583562714e-12,4.430997169729272e-10,5.7817278391831654e-05,0.9999421596899566,2.2582475256777822e-08
1647,456,assistant,7,0.05,user,0,6.311952998891823e-11,2.2324437203739247e-09,4.893216754123703e-06,0.9999950646312376,3.985644501368786e-08
1648,457,assistant,7,0.05,user,0,8.621535584954851e-11,4.353852133658987e-09,0.00010779346367501718,0.9998920621080705,1.3998818705224974e-07
1649,458,assistant,7,0.05,user,0,4.876777903960391e-09,1.0044666612170953e-06,0.02777630243508445,0.9721273109850567,9.537723641988029e-05
1650,459,assistant,7,0.05,user,0,4.4328211203162576e-08,2.8654267772523605e-06,0.0006308059669502711,0.9993437348108728,2.2549467188425638e-05
1651,460,assistant,7,0.05,user,0,1.5211964830238019e-09,2.727034921644074e-07,0.0003985175717816453,0.9995911144274716,1.0093776058067237e-05
1652,461,assistant,7,0.05,user,0,2.663165231379854e-09,1.2857017195552104e-08,0.0004543284090888586,0.9995439319739927,1.7240967359075256e-06
1653,462,assistant,7,0.05,user,0,1.180670218279614e-08,2.8163100169353765e-07,0.0015096463172484362,0.9984648185921425,2.5241652904988637e-05
1654,463,assistant,7,0.05,user,0,7.189810887940493e-11,1.318381159555331e-10,3.909861735997764e-05,0.9999608762005978,2.4978306001444326e-08
1655,464,assistant,7,0.05,user,0,1.424637043587242e-10,4.919522892931145e-08,0.00015140771520832485,0.999848508692249,3.425485013184548e-08
1656,465,assistant,7,0.05,user,0,1.157457320696365e-12,3.6948731552758853e-10,3.46120544196625e-05,0.9999653836000734,3.974862280085435e-09
1657,466,assistant,7,0.05,user,0,5.324039999561857e-10,1.0162152108238251e-07,0.0009335621778689987,0.9990647138020687,1.6218661371044783e-06
1658,467,assistant,7,0.05,user,0,8.726644953493261e-10,2.479933834237219e-07,0.00021684268425610243,0.9997822036242796,7.048254163913898e-07
1659,468,assistant,7,0.05,user,0,8.742110769670849e-10,5.336190775654615e-08,0.000592248703818426,0.9994051213928403,2.5756672224534236e-06
1660,469,assistant,7,0.05,user,0,3.6052039167667963e-09,7.53032074970588e-08,0.00134982203816563,0.9986302674737842,1.9831579638895093e-05
1661,470,assistant,7,0.05,user,0,1.7108556429211034e-12,1.4001974193597996e-10,1.8390516481930895e-05,0.9999815480532576,6.128852987879805e-08
1662,471,assistant,7,0.05,user,0,2.959034524943876e-07,8.44061879343896e-06,0.014307519966780865,0.9854649134908826,0.0002188300200907053
1663,472,assistant,7,0.05,user,0,3.776872750851301e-07,4.630381341106078e-06,0.016038172784468258,0.9835330635557062,0.0004237555912093302
1664,473,assistant,7,0.05,user,0,1.6031279148108499e-12,3.5402501182019334e-11,7.052967368121998e-05,0.9999294595065025,1.0782810760648228e-08
1665,474,assistant,7,0.05,user,0,2.886343881412771e-09,2.1368951642357635e-08,0.0021240940998705354,0.9978737443084525,2.137336381501862e-06
1666,475,assistant,7,0.05,user,0,2.0977005672780264e-10,6.659292369068002e-09,0.0008589269386236839,0.9991408903998298,1.7579248418167276e-07
1667,476,assistant,7,0.05,user,0,1.905882260019626e-08,2.316460002870533e-07,0.0008081055403624067,0.9991912350622748,4.086925399308086e-07
1668,477,assistant,7,0.05,user,0,3.994467323525852e-09,6.89187822346229e-08,0.0008587108965463303,0.9991405244866225,6.917035816484566e-07
1669,478,assistant,7,0.05,user,0,1.6396133606674752e-10,7.96713098351728e-09,3.857363802757109e-05,0.999961389410263,2.882061713367635e-08
1670,479,assistant,7,0.05,user,0,1.438035212500748e-10,9.704982060871498e-08,0.00014741337452627677,0.9998520670161813,4.224156683052029e-07
1671,480,assistant,7,0.05,user,0,9.993379071561137e-10,3.431161505735909e-07,0.00201941651903978,0.9979795268840983,7.124813735109198e-07
1672,481,assistant,7,0.05,user,0,3.0486001154632505e-08,1.616571551921903e-07,0.0003413246313605024,0.9996575532590602,9.299664229475839e-07
1673,482,assistant,7,0.05,user,0,1.6637259612605255e-08,7.645914207999528e-07,0.0007136316344333033,0.9992782356856764,7.351451209828365e-06
1674,483,assistant,7,0.05,user,0,5.1719264360507895e-11,7.727264810945355e-09,5.5216003543062255e-05,0.9999447576634128,1.8554060026366208e-08
1675,484,assistant,7,0.05,user,0,4.849250556079807e-12,2.343274274262749e-10,1.586728098692473e-06,0.9999984098486593,3.184065173506636e-09
1676,485,assistant,7,0.05,user,0,3.258823006163343e-10,3.120880707421639e-10,1.1904993144396522e-06,0.9999987874842216,2.13784936221009e-08
1677,486,assistant,7,0.05,user,0,3.9482757636570215e-11,5.675898619722557e-10,3.334653674111502e-05,0.9999666481034214,4.752764838743193e-09
1678,487,assistant,7,0.05,user,0,3.779013840106767e-09,2.7625450094619717e-08,1.3763096280866093e-05,0.9999861210996193,8.439963615951637e-08
1679,488,assistant,7,0.05,user,0,1.289738069002605e-11,5.204327338579756e-11,7.668494069261576e-06,0.9999922055940699,1.2584692019697008e-07
1680,489,assistant,7,0.05,user,0,2.087536995107271e-08,1.770158312103381e-08,7.82447477305662e-05,0.9999212556471275,4.6102818870742787e-07
1681,490,assistant,7,0.05,user,0,1.7614676588256148e-11,1.4260651825741681e-09,0.0005647399625731848,0.9994352528565598,5.737187195907667e-09
1682,491,assistant,7,0.05,user,0,2.3699497636130594e-09,1.3713535623964364e-08,7.82231719466217e-05,0.999921659722155,1.0102241282923182e-07
1683,492,assistant,7,0.05,user,0,2.4642672332499783e-12,3.909673893190968e-11,4.414025483588265e-06,0.9999955849528269,9.80128517740958e-10
1684,493,assistant,7,0.05,user,0,4.640642317263673e-12,5.961531041053966e-12,1.7215452976007347e-05,0.9999827837363152,8.001065387348886e-10
1685,494,assistant,7,0.05,user,0,2.181457390003292e-11,1.4182649381016207e-10,4.083694024911557e-05,0.9999591602969603,2.5991495888757024e-09
1686,495,assistant,7,0.05,user,0,4.777879364996211e-11,1.0187866044579178e-10,7.503293791245919e-05,0.9999247339480173,2.3296441269441376e-07
1687,496,assistant,7,0.05,user,0,9.793037731822542e-11,1.2622166985569464e-09,6.740942200666754e-05,0.9999316368901864,9.523276598666747e-07
1688,497,assistant,7,0.05,user,0,2.3768236234190476e-13,5.987100320390873e-12,2.1182346376982373e-06,0.9999978700035627,1.1755574791152069e-08
1689,498,assistant,7,0.05,user,0,2.998908395612394e-13,7.56091189703885e-12,5.28480641077094e-06,0.9999947053720218,9.813706446803269e-09
1690,499,assistant,7,0.05,user,0,1.416428737462234e-12,9.401466593589852e-12,6.566656109983624e-05,0.9999343317138337,1.7142484642314084e-09
1691,500,assistant,7,0.05,user,0,1.0970773382869009e-05,5.113801507701563e-05,0.04754702137953598,0.9300941845770718,0.022296685254932433
1692,501,assistant,7,0.05,user,0,2.5805237266184323e-09,7.00702247862679e-08,0.000248827595545069,0.9997482070365309,2.8927171754719206e-06
1693,502,assistant,7,0.05,user,0,3.31782864109597e-12,9.225368213097058e-12,1.4433598678070325e-05,0.9999855505693848,1.5819394018286717e-08
1694,503,assistant,7,0.05,user,0,6.641964896489998e-10,1.7717518215544374e-09,0.00011359667461304627,0.9998645603463712,2.184054306739449e-05
1695,504,assistant,7,0.05,user,0,1.1718955700583098e-10,3.967144185212808e-09,0.0001075330971975607,0.9998593325151597,3.313030330893363e-05
1696,505,assistant,7,0.05,user,0,2.5478774721092677e-09,6.836119992901081e-08,0.0005629597722055182,0.9993302796861502,0.0001066896325668071
1697,506,assistant,7,0.05,user,0,2.4895827207363105e-14,1.8911414416363106e-13,1.6435497819253042e-06,0.9999983532191258,3.230878147374958e-09
1698,507,assistant,7,0.05,user,0,4.168346803230508e-12,9.822093577038485e-12,6.496906960049106e-06,0.9999934475276251,5.555142444394064e-08
1699,508,assistant,7,0.05,user,0,2.37900383150803e-11,5.001346149340441e-11,6.010328252914542e-05,0.9999392523782453,6.442654219450307e-07
1700,509,assistant,7,0.05,user,0,3.4059489766865282e-12,1.3445324064977858e-09,4.2222202990376356e-05,0.9999562771501957,1.4992988755639726e-06
1701,510,assistant,7,0.05,user,0,1.2279117381356468e-06,0.0002149343048420084,0.07820502741875003,0.920186211400353,0.0013925989643166976
1702,511,assistant,7,0.05,user,0,7.528003413678913e-09,3.728170502719416e-07,7.924152813169739e-05,0.999911011713944,9.36641287069152e-06
1703,512,assistant,7,0.05,user,0,3.610154279739158e-11,1.7193819818228355e-10,1.6085377436129876e-05,0.999983126442235,7.879722892029095e-07
978,1,user,2,0.05,user,1,6.475630899676383e-08,0.999985733871435,8.547112130890153e-09,3.823081980651363e-16,1.4192825143455703e-05
979,2,user,2,0.05,user,1,7.99821533678215e-09,0.9999999377437826,1.0404239844926316e-11,4.660202738932864e-19,5.4247597711653184e-08
980,3,user,2,0.05,user,1,8.195203365506547e-08,0.99999027841644,2.5698443545099343e-09,9.298394461752532e-17,9.637061681979441e-06
981,4,user,2,0.05,user,1,1.212752612593179e-07,0.9999990618975837,6.172702603217185e-10,5.619186542165332e-16,8.162098841080093e-07
982,5,user,2,0.05,user,1,1.7445395352856114e-08,0.9999999453324654,3.479634144779997e-11,6.367545841234916e-17,3.718734286112759e-08
983,6,user,2,0.05,user,1,6.545087530110763e-07,0.9999992331917364,3.2621222188846664e-10,1.8305214654871098e-16,1.1197329816911181e-07
984,7,user,2,0.05,user,1,2.635563331286425e-08,0.9999999290877722,6.06987699880097e-11,1.283633484636253e-16,4.449589530593273e-08
985,8,user,2,0.05,user,1,1.9998474648958464e-09,0.9999999918746553,1.1180251775455048e-12,2.728908760688739e-19,6.124379437640878e-09
986,9,user,2,0.05,user,1,4.948256298543754e-08,0.9999996725576803,2.949851315550217e-10,1.8807638279832378e-16,2.776647714766796e-07
987,10,user,2,0.05,user,1,1.571830427930038e-08,0.9999995584289454,9.126375127999846e-10,1.7506856395269892e-15,4.249401109252258e-07
988,11,user,2,0.05,user,1,9.513446773649596e-09,0.9999999810315391,7.587012086545449e-12,2.1071482152380577e-20,9.447427195291867e-09
989,12,user,2,0.05,user,1,2.8610189551660095e-09,0.9999996592880684,5.226156802596752e-10,3.0627864160700656e-19,3.373282970017775e-07
990,13,user,2,0.05,user,1,3.131291031235517e-07,0.999999674145869,5.832282246519384e-11,5.544357817803738e-19,1.2666704870703323e-08
991,14,user,2,0.05,user,1,5.5415215197130695e-09,0.9999999934221628,5.887382353176669e-12,1.9271095162615336e-18,1.030428331159402e-09
992,15,user,2,0.05,user,1,3.199467140742924e-07,0.9999996169016423,5.363196743484629e-10,7.741668907173569e-16,6.261532328200804e-08
993,16,user,2,0.05,user,1,1.8740828935074277e-08,0.9999998326774684,9.90534786290972e-10,3.597697133154992e-17,1.4759116799470497e-07
994,17,user,2,0.05,user,1,3.581621618322682e-08,0.9999988448016359,5.358778696773542e-09,4.90604513010331e-17,1.114023369062312e-06
995,18,user,2,0.05,user,1,1.6440478324719623e-08,0.9999998044210153,3.930222026518563e-09,1.8743028340716265e-17,1.7520828420425087e-07
996,19,user,2,0.05,user,1,1.75262575645605e-08,0.9999993922125524,2.140481987021599e-09,7.487913774632307e-18,5.881207078541962e-07
997,20,user,2,0.05,user,1,1.8446508063576594e-08,0.9999999428260379,7.509909312227528e-10,3.4395073684459477e-18,3.797646280692026e-08
998,21,user,2,0.05,user,1,2.837867960085556e-07,0.9999995200304367,1.6671738426743838e-09,4.76113555292912e-16,1.9451559302796622e-07
999,22,user,2,0.05,user,1,9.836475687554121e-08,0.9999997525025124,2.25820453405057e-09,2.565835367285643e-16,1.4687452594673274e-07
1000,23,user,2,0.05,user,1,3.24540215360135e-07,0.9999992617830308,1.059478756565298e-09,5.550909851392627e-16,4.126172747089147e-07
1001,24,user,2,0.05,user,1,2.5255785118899145e-08,0.9999998765153414,4.404075908030946e-10,1.601742211330677e-15,9.778846434026505e-08
1002,25,user,2,0.05,user,1,3.749592590448181e-10,0.9999999987609101,6.718210639000416e-13,1.8303093013038905e-18,8.634588339031862e-10
1003,26,user,2,0.05,user,1,6.479899059969831e-09,0.9999999556260202,7.894284843501189e-10,4.690614869478022e-18,3.710465239036107e-08
1004,27,user,2,0.05,user,1,2.8466596797250637e-08,0.999999647836474,5.031143012301891e-08,4.24180956210345e-17,2.7338549890971367e-07
1005,28,user,2,0.05,user,1,2.7831169528493062e-08,0.999999727929101,6.065168362883981e-10,1.1304817513613912e-15,2.436332114787107e-07
1006,29,user,2,0.05,user,1,2.9251251758554717e-08,0.9999999668008357,4.325962425572091e-10,3.354905944654217e-13,3.514980789863909e-09
1007,30,user,2,0.05,user,1,1.1157447995929411e-07,0.9999998427818292,1.6626200467828138e-10,1.3035741579850726e-14,4.5477415678257014e-08
1008,31,user,2,0.05,user,1,1.0188544932881384e-08,0.9999999860422926,4.7600008753309294e-11,8.715301519983363e-15,3.7215538805953196e-09
1009,32,user,2,0.05,user,1,3.0380154520584174e-08,0.9999999625980366,2.5534895907858345e-11,5.943705302826801e-15,6.996268028494617e-09
1010,33,user,2,0.05,user,1,1.5304186841582958e-08,0.9999998988464591,4.821138629276378e-10,1.7652713491351501e-16,8.536723999557732e-08
1011,34,user,2,0.05,user,1,3.056953216556122e-08,0.9999998316545134,8.56368547694845e-11,6.577345495703544e-16,1.3769031693358356e-07
1012,35,user,2,0.05,user,1,4.4277146040162076e-09,0.9999999716562927,7.200602126489805e-10,1.4511836417664011e-16,2.3195932276891434e-08
1013,36,user,2,0.05,user,1,2.140338471557958e-09,0.9999999380782686,3.065438897011906e-10,2.1576553774400816e-17,5.947484906513413e-08
1014,37,user,2,0.05,user,1,1.0672489733542712e-08,0.9999994977909112,7.170750146993957e-11,2.141526392190185e-16,4.914648914265272e-07
1015,38,user,2,0.05,user,1,1.4823813260471294e-09,0.9999999839097895,6.386585192377638e-12,8.576799464753213e-17,1.4601442434691523e-08
1016,39,user,2,0.05,user,1,8.181960488827958e-10,0.9999999950634231,9.932979098027427e-12,3.032458312580399e-16,4.108447818598037e-09
1017,40,user,2,0.05,user,1,4.013841539399093e-09,0.9999999939767108,3.525761466357109e-11,3.6040099237387245e-16,1.9741896766636783e-09
1018,41,user,2,0.05,user,1,3.2921884324009906e-10,0.9999999949479703,2.1226056739688707e-10,9.648682421286992e-18,4.51055007521525e-09
1019,42,user,2,0.05,user,1,2.505474602556246e-09,0.9999999103620443,2.262134668736775e-10,9.229465270367197e-16,8.690626684567001e-08
1020,43,user,2,0.05,user,1,2.531730337099033e-09,0.9999999650685195,2.8912831757866696e-11,2.8383236124553035e-16,3.237083704038821e-08
1021,44,user,2,0.05,user,1,3.591280878386352e-09,0.9999999413070565,9.771819127588922e-11,8.129039457035505e-16,5.500394358959588e-08
1023,45,cot,3,0.05,user,1,6.926637419700913e-08,0.897723784521915,0.058602040512769335,1.9545086230635076e-10,0.04367410550349059
1024,46,cot,3,0.05,user,1,3.461503721252913e-08,0.9734305065823687,0.006920091515934828,3.9917383131375514e-12,0.019649367282667467
1025,47,cot,3,0.05,user,1,3.89898120838284e-08,0.5986834095428777,0.13182273954075904,3.8172474843096694e-11,0.2694938118883788
1026,48,cot,3,0.05,user,1,4.645767603116854e-08,0.9954689728132797,0.002177187146191493,1.3365070508745216e-10,0.002353793449201921
1027,49,cot,3,0.05,user,1,1.0868762474248815e-08,0.9993610908111176,1.7654802536971774e-05,2.3621859516209447e-13,0.0006212435173467988
1028,50,cot,3,0.05,user,1,5.8622398487365276e-08,0.9391035816138722,0.0011228571694863597,2.5117662073826642e-12,0.05977350259173102
1029,51,cot,3,0.05,user,1,4.189569688822301e-08,0.9972829978079119,0.0004797043862928754,9.148760221006607e-12,0.002237255900949514
1030,52,cot,3,0.05,user,1,1.2950804641066e-07,0.9806974278165156,0.00444515150758804,3.019371379662433e-10,0.014857290865912885
1031,53,cot,3,0.05,user,1,1.002574839373424e-08,0.06702988655090836,0.8145592352780823,1.5716793579738117e-09,0.11841086657358166
1032,54,cot,3,0.05,user,1,1.052434832221367e-07,0.9871352272484611,0.005178895484625267,7.284300241761889e-11,0.007685771950587454
1033,55,cot,3,0.05,user,1,7.335180959880439e-08,0.9998050664250436,3.90441716012613e-06,5.869251591965877e-13,0.00019095580539972465
1034,56,cot,3,0.05,user,1,8.453522477609327e-09,0.9999458119455249,4.0207153206938445e-06,9.445916846773355e-14,5.0158885537467265e-05
1035,57,cot,3,0.05,user,1,7.965806708917501e-10,0.9999970110769729,3.7069716115815056e-08,7.943377464728345e-15,2.9510567222165075e-06
1036,58,cot,3,0.05,user,1,3.078305622426547e-09,0.9993385668617197,0.00015280662022700852,5.059298250888279e-13,0.0005086234392414444
1037,59,cot,3,0.05,user,1,6.753459273370951e-08,0.9999899550554627,5.472352769037238e-06,1.0863795575674469e-10,4.5049485376466445e-06
1038,60,cot,3,0.05,user,1,9.864512326348728e-09,0.9995338081216293,8.03398438954766e-05,2.232962783117819e-12,0.0003858421677299859
1039,61,cot,3,0.05,user,1,2.5076863802496494e-09,0.9999997044520476,4.6533448976015e-08,1.2665473495855851e-12,2.465055506575901e-07
1040,62,cot,3,0.05,user,1,2.7230796751146715e-08,0.9999068114952778,3.304503427818859e-05,4.666976378742874e-12,6.01162349803991e-05
1041,63,cot,3,0.05,user,1,9.06145637712188e-09,0.9999915718277657,5.488565415203827e-07,3.0343422625706686e-11,7.87022389283642e-06
1042,64,cot,3,0.05,user,1,2.1875241800774923e-08,0.9996512274426893,6.298330874385e-05,2.1409294119669546e-13,0.00028576737311096506
1043,65,cot,3,0.05,user,1,3.1728533995131555e-08,0.9972095517183365,0.00032608291976631145,3.415286389258579e-11,0.002464333599210416
1044,66,cot,3,0.05,user,1,8.034944578477137e-08,0.9961758727717014,0.00016611265705655985,2.0417318737873055e-10,0.003657934017622984
1045,67,cot,3,0.05,user,1,6.989757404441557e-08,0.9998794223771659,6.579847052639736e-06,8.955364257488002e-12,0.00011392786925195181
1046,68,cot,3,0.05,user,1,2.1629179371723453e-09,0.0676001977387181,0.9169190868802187,1.5094139661020608e-09,0.015480711708731335
1047,69,cot,3,0.05,user,1,2.1595629711333426e-08,0.00838415541166745,0.8300833008173689,5.5445167186385816e-08,0.16153246673016655
1048,70,cot,3,0.05,user,1,1.5444355644592063e-07,0.6748260806234062,0.11817379917620274,8.262220519704507e-11,0.20699996567421253
1049,71,cot,3,0.05,user,1,5.7302183912656006e-08,0.992951274218513,0.0010438819599836756,9.353634408393398e-13,0.006004786518384113
1050,72,cot,3,0.05,user,1,4.471290722289706e-09,0.9989653265099122,0.0002458867237820933,4.437002107443572e-12,0.0007887822905781187
1051,73,cot,3,0.05,user,1,7.687946063620218e-09,0.7298831097360035,0.25470234054399127,4.98562481523849e-10,0.015414541533496761
1052,74,cot,3,0.05,user,1,1.8265337321295171e-09,0.06563719373270142,0.25807789795678054,5.860742370480485e-10,0.67628490589791
1053,75,cot,3,0.05,user,1,5.5403529710088707e-08,0.07243047063877152,0.04280524215397851,7.431339951032172e-10,0.8847642310605863
1054,76,cot,3,0.05,user,1,1.6134390950852256e-07,0.9945374103753486,0.0020333876702669958,6.758042574332466e-11,0.0034290405428943314
1055,77,cot,3,0.05,user,1,5.857277215161994e-07,0.7512625567062663,0.033085057961017066,1.022520727513086e-10,0.21565179950274313
1056,78,cot,3,0.05,user,1,4.2753767964359374e-08,0.9946695472708427,0.003043654523051387,7.473091834722421e-11,0.002286755377607033
1057,79,cot,3,0.05,user,1,6.678994227070332e-07,0.998625040623239,0.0009986579325247799,1.5671982907630821e-09,0.00037563197761505767
1058,80,cot,3,0.05,user,1,6.002908527510418e-08,0.12357176914551699,0.7684260223167223,1.025258045832629e-08,0.10800213825609492
1059,81,cot,3,0.05,user,1,9.082766318148904e-08,0.9554752782956697,0.018214949578377833,5.641671155632729e-10,0.02630968073412231
1060,82,cot,3,0.05,user,1,2.282211261145291e-06,0.996789449140612,0.0005741526583840829,6.033446468900665e-10,0.002634115386398183
1061,83,cot,3,0.05,user,1,6.918759279855803e-07,0.9985451975763728,0.0006821624277811469,4.2599722505922114e-11,0.0007719480773183687
1062,84,cot,3,0.05,user,1,4.0195018992870686e-09,0.007399898881905401,0.9717699234087543,1.2298058671902556e-08,0.020830161391779903
1063,85,cot,3,0.05,user,1,2.2787327180622158e-10,5.05786591120021e-05,0.9965342728184047,4.6542810083945386e-08,0.003415101751800112
1064,86,cot,3,0.05,user,1,8.139005536253455e-09,0.011025187218248756,0.8432175185927925,3.822181327747774e-07,0.14575690383182044
1065,87,cot,3,0.05,user,1,6.300391881375088e-07,0.73542084403159,0.2632648721775806,2.0443408184353653e-06,0.0013116094108227268
1066,88,cot,3,0.05,user,1,6.23603742891101e-07,0.8386082483238012,0.10327150471874523,6.578013173086668e-07,0.058118965552393535
1067,89,cot,3,0.05,user,1,1.2389742652069525e-05,0.8202537732513456,0.09620862842520701,3.7547962884419743e-06,0.08352145378450707
1068,90,cot,3,0.05,user,1,2.7014348424799285e-06,0.7741821980658771,0.13284239742530543,9.267803897393932e-07,0.09297177629358525
1069,91,cot,3,0.05,user,1,5.517562423967734e-07,0.9696782402716794,0.007305962428671468,4.008310785119137e-08,0.023015205460299167
1070,92,cot,3,0.05,user,1,8.802064412694238e-07,0.912148249165128,0.08368967891716562,5.383545560712604e-07,0.004160653356708939
1071,93,cot,3,0.05,user,1,1.2143007912675542e-09,0.00010267956079146849,0.9969787668525818,4.619729128360618e-06,0.0029139326431976646
1072,94,cot,3,0.05,user,1,3.448307082995306e-08,0.050485782759180094,0.8001890530073926,2.895188180330784e-07,0.14932484023153844
1073,95,cot,3,0.05,user,1,5.580202742232572e-07,0.8461448815427531,0.0701845957298794,9.278369363199474e-08,0.08366987192339945
1074,96,cot,3,0.05,user,1,7.623134057009558e-08,0.19670736652244952,0.73144710172051,7.96499188321574e-07,0.07184465902651152
1075,97,cot,3,0.05,user,1,5.786894364261412e-07,0.4473394905284278,0.14934204476344393,2.1425155270192905e-07,0.40331767176713923
1076,98,cot,3,0.05,user,1,3.836294139919069e-07,0.31633858896434586,0.2983465347878747,6.961438547790761e-07,0.38531379647451064
1077,99,cot,3,0.05,user,1,8.80226305591165e-07,0.9558255831381216,0.006646785651779818,2.2713179112684926e-09,0.03752674871247494
1078,100,cot,3,0.05,user,1,2.826895175688275e-06,0.7014608541010338,0.008942846544537954,1.6804563016928205e-07,0.2895933044136223
1079,101,cot,3,0.05,user,1,2.330711710482378e-07,0.9987421334133298,3.955785631215345e-05,1.7270900337247225e-09,0.001218073932097064
1080,102,cot,3,0.05,user,1,4.186765756087964e-07,0.38751090155409285,0.05627093267722772,6.771654749048387e-07,0.5562170699266289
1081,103,cot,3,0.05,user,1,8.364412874241889e-06,0.5508930883120368,0.011266753606543504,6.598124529654601e-07,0.4378311338560926
1082,104,cot,3,0.05,user,1,1.6144936364982218e-06,0.6446054289344405,0.041796650404388805,2.442340158333862e-06,0.3135938638273759
1083,105,cot,3,0.05,user,1,9.098957755025135e-08,0.035996991445692454,0.928945458120614,2.3460908102460616e-06,0.03505511335330593
1084,106,cot,3,0.05,user,1,2.797651396799767e-07,0.4922517213815227,0.2684666126764535,8.444184627136673e-07,0.23928054175842156
1085,107,cot,3,0.05,user,1,9.3161310220252e-07,0.9999066914304339,2.8357126467613186e-05,3.6777154380443572e-09,6.40161522811704e-05
1086,108,cot,3,0.05,user,1,1.9577848932130142e-06,0.9981373131186556,0.00025529352375008337,4.800971937726163e-08,0.0016053875629818658
1087,109,cot,3,0.05,user,1,3.745023467505022e-07,0.8958656319609007,0.07978164751887151,5.225056638141723e-06,0.024347120961242738
1088,110,cot,3,0.05,user,1,8.74776780493766e-08,0.9999955066725386,1.055120743576538e-06,2.1481749776678362e-10,3.3505142225158563e-06
1089,111,cot,3,0.05,user,1,4.0456182196821495e-06,0.9765298929954332,0.004212083898227055,5.176684730208667e-08,0.019253925721272686
1090,112,cot,3,0.05,user,1,1.1152035733725444e-06,0.9980168474703638,0.0007255651554000848,3.5209109497905903e-06,0.0012529512597130336
1091,113,cot,3,0.05,user,1,1.2440441552127894e-05,0.963388404902848,0.02603950343516997,5.029901689912344e-05,0.010509352203530695
1092,114,cot,3,0.05,user,1,1.112684568252369e-06,0.9842726837099476,0.009024700808396593,2.013319202025747e-08,0.006701482663895562
1093,115,cot,3,0.05,user,1,5.736587182230051e-06,0.9990122657386321,8.826357280193937e-07,2.0308934494360658e-11,0.0009811150181485658
1094,116,cot,3,0.05,user,1,1.2687221584711189e-05,0.9867773588175199,1.0498514140013026e-05,1.6211928712102885e-09,0.013199453825562698
1095,117,cot,3,0.05,user,1,1.3086041971840327e-05,0.3025375294860549,0.03533232925131801,7.35508369738094e-07,0.6621163197122856
1096,118,cot,3,0.05,user,1,2.048186337064923e-06,0.9908313315923931,0.00024705625258260224,3.0831149185832045e-08,0.008919533137538196
1097,119,cot,3,0.05,user,1,6.0647618484124835e-06,0.3271523097868264,0.07154099378926629,4.093426269318019e-07,0.6013002223194319
1098,120,cot,3,0.05,user,1,5.778923958604883e-07,0.9997166009520059,5.580321646903918e-06,4.6996999472546774e-12,0.00027724082925158287
1099,121,cot,3,0.05,user,1,4.034897852711504e-07,0.13252692588434312,0.7148416413346457,1.1950899454176716e-06,0.15262983420128054
1100,122,cot,3,0.05,user,1,2.352620068855996e-07,0.25369060371983193,0.45244763012150346,1.0049341421201977e-05,0.29385148155523655
1101,123,cot,3,0.05,user,1,1.7688225021821896e-06,0.993352389417694,0.0007877150516961921,2.4505452289742547e-09,0.005858124257562414
1102,124,cot,3,0.05,user,1,6.019085981272026e-07,0.8672630684606086,0.04609541219208759,1.1605013647497512e-06,0.08663975693734081
1103,125,cot,3,0.05,user,1,8.994430772905787e-07,0.04453448243375487,0.7648629390186844,1.5196874566263611e-05,0.19058648222991728
1104,126,cot,3,0.05,user,1,9.072618902687847e-07,0.015323917203824654,0.889962340868106,5.865261069113465e-05,0.09465418205548805
1106,127,assistant,4,0.05,user,1,1.5708328222453201e-09,0.0007568866676970536,0.9945742478864661,0.003414716156580359,0.0012541477184235283
1107,128,assistant,4,0.05,user,1,4.983526630555298e-08,0.029453012534884592,0.9069723067670479,0.061689173836913136,0.001885457025887985
1108,129,assistant,4,0.05,user,1,2.3403433396960165e-08,0.0017054340630567077,0.9780866118366611,0.020061099492206143,0.00014683120464235627
1109,130,assistant,4,0.05,user,1,1.6690474508374143e-05,0.683636812108717,0.17741908720526975,0.0838971029221283,0.05503030728937657
1110,131,assistant,4,0.05,user,1,1.1357064641840998e-06,0.23908606257306883,0.2737455541808555,0.47043100456844034,0.016736242971171
1111,132,assistant,4,0.05,user,1,7.100123314286276e-08,0.014599975428280659,0.12151117765755805,0.8596727337384353,0.004216042174492959
1112,133,assistant,4,0.05,user,1,1.9413987830651065e-09,0.0027040950943850194,0.22729974396484443,0.769929417045788,6.674195358384804e-05
1113,134,assistant,4,0.05,user,1,6.268946509432679e-07,0.0838268991998753,0.4081911400055629,0.4914185288451654,0.0165628050547453
1114,135,assistant,4,0.05,user,1,4.461955092525149e-06,0.041738993436010216,0.46403795720951463,0.4732638024719113,0.02095478492747139
1115,136,assistant,4,0.05,user,1,3.334464754992567e-07,0.03862665119786964,0.16260876740254301,0.7879009653272918,0.010863282625820014
1116,137,assistant,4,0.05,user,1,4.407530622167294e-08,0.000636184826148885,0.9802638642009679,0.01884188811966782,0.0002580187779091598
1117,138,assistant,4,0.05,user,1,3.3295846818531184e-07,0.00959606995457227,0.9406446361835126,0.04563603627701608,0.004122924626430974
1118,139,assistant,4,0.05,user,1,6.257188263933816e-06,0.17958210065769195,0.673114543451129,0.0784546257481803,0.06884247295473497
1119,140,assistant,4,0.05,user,1,8.82812048858449e-08,0.9999883457693926,6.678977644341391e-07,1.7385129537433316e-07,1.072420034259456e-05
1120,141,assistant,4,0.05,user,1,3.1035778455695586e-07,0.9025790612398387,0.026630690679998226,0.05786010725234022,0.012929830470038485
1121,142,assistant,4,0.05,user,1,1.583014877819843e-07,0.9999817358881817,7.056522835271761e-06,7.891134546051177e-08,1.0970376149702748e-05
1122,143,assistant,4,0.05,user,1,1.8556895213506175e-06,0.9997776283982514,4.9353071918752813e-05,8.519104990630141e-05,8.597179040202986e-05
1123,144,assistant,4,0.05,user,1,9.74737348796964e-08,0.11091943988407924,0.23976417871085626,0.6203721193765095,0.028944164554820167
1124,145,assistant,4,0.05,user,1,7.96322677125306e-06,0.9918089468197431,0.0018282338400469578,0.006159497912984314,0.00019535820045445026
1125,146,assistant,4,0.05,user,1,1.0342317994842601e-07,0.932563103465534,0.05853696111847754,0.008649425327816226,0.0002504066649921837
1126,147,assistant,4,0.05,user,1,1.1185382426277e-06,0.999861236026755,0.00011660342901700747,6.151738628280143e-06,1.4890267357205566e-05
1127,148,assistant,4,0.05,user,1,8.657826383991301e-08,0.9999931177319203,1.1732168650005933e-06,2.3715057706190766e-08,5.5987578930653775e-06
1128,149,assistant,4,0.05,user,1,5.854725270663249e-08,0.9999998705409455,1.602008116256745e-08,7.741630505196433e-10,5.411755751475394e-08
1129,150,assistant,4,0.05,user,1,5.4837140920149025e-08,0.999998924399104,3.1852032316521333e-07,3.3173682754341425e-08,6.690697492404953e-07
1130,151,assistant,4,0.05,user,1,8.794373750740175e-08,0.9999750685165902,1.9564508402779105e-05,1.5088298825916794e-07,5.1281482812344115e-06
1131,152,assistant,4,0.05,user,1,5.688795644777697e-07,0.9999590356803477,1.7738447378587333e-05,1.040536222842277e-05,1.2251630480728052e-05
1132,153,assistant,4,0.05,user,1,2.4695702372788295e-08,0.9988223732993919,7.2692328965715e-05,4.381689711398729e-05,0.0010610927788256863
1133,154,assistant,4,0.05,user,1,4.437480710252188e-07,0.9954632391316418,0.00029083461336964356,0.0006071686562704912,0.003638313850646951
1134,155,assistant,4,0.05,user,1,4.906480495833421e-08,0.9998892318887603,2.4674351432472568e-05,1.2930278607939043e-07,8.591539221611837e-05
1135,156,assistant,4,0.05,user,1,1.9967658800880922e-08,0.9997144762182845,0.00012520444445113485,2.749985239580621e-05,0.0001327995172098541
1136,157,assistant,4,0.05,user,1,4.820602005660046e-08,0.99942744541646,9.706499552105188e-05,6.063928574663168e-07,0.00047483498914155977
1137,158,assistant,4,0.05,user,1,2.2855584498181603e-06,0.9998449682744694,0.00010076239086453462,7.802620493945823e-07,5.120351416686966e-05
1138,159,assistant,4,0.05,user,1,2.0494234883278533e-06,0.9978020486027918,0.001251672962559928,0.0007132635793165645,0.00023096543184349276
1139,160,assistant,4,0.05,user,1,3.0697526794204094e-08,0.9999996963932507,2.2336019640864467e-07,1.585076660282516e-09,4.796394937128564e-08
1140,161,assistant,4,0.05,user,1,2.4002421485722588e-06,0.9959332586319112,0.00027778850701377526,0.003498418929799828,0.0002881336891266603
1141,162,assistant,4,0.05,user,1,1.707687828736403e-06,0.1783381364310219,0.42446621569356946,0.35735274172271464,0.03984119846486532
1142,163,assistant,4,0.05,user,1,3.203736504563885e-07,0.9992703912443711,0.0002585470769852865,0.00010167205091980564,0.00036906925407350515
1143,164,assistant,4,0.05,user,1,5.266637980193714e-09,0.0032707947892874917,0.7148376217627269,0.2818381875651784,5.3390616169154316e-05
1144,165,assistant,4,0.05,user,1,1.1437300152047745e-06,0.9976191748548656,0.001962574896545345,1.2087487368052856e-06,0.0004158977698371333
1145,166,assistant,4,0.05,user,1,1.837217973554219e-06,0.37160250442040393,0.18324776254875894,0.4301619652890078,0.014985930523855905
1146,167,assistant,4,0.05,user,1,4.401155548256978e-06,0.9990734112656109,0.0002442284207909363,0.0006481385862763876,2.9820571773600545e-05
1147,168,assistant,4,0.05,user,1,1.091179341342478e-06,0.9850710907996375,0.001183469777330308,0.011363485263465672,0.002380862980225191
1148,169,assistant,4,0.05,user,1,1.5138602839505682e-06,0.9837840401057975,0.000603567315997034,0.014312098249659722,0.0012987804682618829
1149,170,assistant,4,0.05,user,1,1.0402106686826455e-05,0.9996670513670931,0.000226637817453341,2.9632060855622923e-05,6.627664791089106e-05
1150,171,assistant,4,0.05,user,1,6.967855076636048e-05,0.561884355480797,0.1330703815359267,0.1839978088784216,0.1209777755540884
1151,172,assistant,4,0.05,user,1,3.9789761197987205e-05,0.9964052299672356,0.0017641930569033246,1.3358813001523706e-05,0.0017774284016614027
1152,173,assistant,4,0.05,user,1,0.00011936283514467347,0.9844822880474342,0.0026210703675186627,1.9202807513253934e-05,0.012758075942389169
1153,174,assistant,4,0.05,user,1,2.6222161284992075e-06,0.9958328883065862,0.00177673233210426,0.0021324950892191667,0.0002552620559620364
1154,175,assistant,4,0.05,user,1,2.6515659214536968e-06,0.9999849777888207,9.130238822643499e-07,5.450951757607893e-07,1.0912526199634331e-05
1155,176,assistant,4,0.05,user,1,4.572118608417648e-06,0.9923109282278182,0.0040825393569406425,0.0005042126683794043,0.0030977476282533353
1156,177,assistant,4,0.05,user,1,0.0002977422138595072,0.951964526209453,0.03090976892398428,0.0030815013610797043,0.013746461291623517
1157,178,assistant,4,0.05,user,1,2.108583359425028e-06,0.9973710919124564,0.00175238056161028,0.00025255444325566025,0.0006218644993182142
1158,179,assistant,4,0.05,user,1,3.084042317903671e-05,0.9207114162501447,0.0027143281786778527,0.075888650250823,0.000654764897175388
1159,180,assistant,4,0.05,user,1,1.4765182045514778e-05,0.9978690586515595,0.00031601807598134664,0.00046636216476929863,0.001333795925644125
1160,181,assistant,4,0.05,user,1,1.0047107444739243e-05,0.9994244642131243,0.00011603849416724197,3.476957581595373e-05,0.0004146806094476352
1161,182,assistant,4,0.05,user,1,3.971194699779962e-06,0.9996240294916939,0.00018434642884526355,9.851508480566027e-06,0.0001778013762805839
1162,183,assistant,4,0.05,user,1,1.1287799472513409e-05,0.9926113209177263,0.005174818592461738,0.000445707526107688,0.0017568651642318322
1163,184,assistant,4,0.05,user,1,4.0001555737933474e-05,0.9462881068001681,0.024663215077633152,0.02707074133742591,0.001937935229035004
1164,185,assistant,4,0.05,user,1,4.598716143462925e-05,0.8311522836928585,0.005218734377706467,0.15471655880961588,0.008866435958384482
1165,186,assistant,4,0.05,user,1,2.3366659210094524e-05,0.9854148471594568,0.00047311489311228054,0.00029110271047742077,0.01379756857774301
1166,187,assistant,4,0.05,user,1,2.9247151093914073e-05,0.9971692602658214,0.00021046153681970946,8.491742104246346e-06,0.0025825393041605067
1167,188,assistant,4,0.05,user,1,6.22821863485169e-06,0.9972335766552857,0.0007351013940922282,0.00017736850336468542,0.0018477252286223348
1168,189,assistant,4,0.05,user,1,5.749953030510826e-06,0.9925180282185722,0.0014111705583761207,0.003668346324176261,0.0023967049458448303
1169,190,assistant,4,0.05,user,1,2.956786145007905e-06,0.9936985862844722,0.0011711218729647153,0.004975512585633413,0.00015182247078477724
1170,191,assistant,4,0.05,user,1,2.4895235112013447e-05,0.9926933711837977,0.000877009346696938,0.005282774451905684,0.001121949782487473
1171,192,assistant,4,0.05,user,1,1.2118099910718763e-05,0.989899404776397,0.001773971591384257,0.006819127734122461,0.001495377798185419
1172,193,assistant,4,0.05,user,1,1.4169830196509579e-05,0.9820546948294372,0.0008582957977620354,0.00021613123111624812,0.016856708311488125
1173,194,assistant,4,0.05,user,1,7.4029180349153104e-06,0.7236246777554598,0.009269045644398517,0.26339840000429227,0.0037004736778146227
1174,195,assistant,4,0.05,user,1,1.3320040413803873e-05,0.44886968007174005,0.016435095105687088,0.5313861366158943,0.003295768166264901
1175,196,assistant,4,0.05,user,1,4.1559179221922364e-05,0.9766375406277334,0.0022474622691315634,0.0021000928696258987,0.018973345054287025
1176,197,assistant,4,0.05,user,1,3.9525532289655585e-06,0.999775557668947,6.177751275927212e-05,7.510685043896744e-06,0.0001512015800206564
1177,198,assistant,4,0.05,user,1,4.986651554324828e-06,0.994822786882746,6.53227317863573e-05,1.0312776050914234e-06,0.005105872456307999
1178,199,assistant,4,0.05,user,1,5.90298901918505e-05,0.9998574780065534,4.455887971629116e-06,5.946771118378762e-09,7.903026851205518e-05
1179,200,assistant,4,0.05,user,1,6.120869695821906e-06,0.9829299552314523,0.0009578296431755654,0.0021215824059071615,0.013984511849769324
1180,201,assistant,4,0.05,user,1,1.2323510777483813e-05,0.9885939227389623,0.0018958968572740115,0.0013472837315785015,0.008150573161407782
1181,202,assistant,4,0.05,user,1,6.514932650319942e-05,0.9955373632157157,0.0007549219064787336,2.2080001580251967e-05,0.0036204855497222123
1182,203,assistant,4,0.05,user,1,8.37367483007945e-06,0.9975383204266413,0.0012284185021370177,0.00013410392083106152,0.0010907834755606483
1183,204,assistant,4,0.05,user,1,2.3491307263050367e-05,0.9946605528514654,0.0018740366281713697,0.0019531996982282227,0.0014887195148720297
1184,205,assistant,4,0.05,user,1,4.224408665508656e-06,0.9948587332968036,0.000995890060880316,0.003942079969229813,0.00019907226442076518
1185,206,assistant,4,0.05,user,1,1.260411127814993e-05,0.9845177333847004,0.0052101743438472915,0.002726680044349879,0.007532808115824318
1186,207,assistant,4,0.05,user,1,0.00022389141488393798,0.9955617566194442,0.0010743574364272055,0.002837908516141156,0.00030208601310334585
1187,208,assistant,4,0.05,user,1,1.973553257357312e-06,0.9996929044014414,7.696795677946471e-05,0.00015257438264323198,7.557970587846763e-05
1188,209,assistant,4,0.05,user,1,3.980022940393611e-06,0.9994643683356882,0.000505573012251666,4.2364094042446e-06,2.1842219715409124e-05
1189,210,assistant,4,0.05,user,1,5.09437916380745e-05,0.9986209621826011,0.0010148757393656721,0.00012442483714999433,0.00018879344924505476
1190,211,assistant,4,0.05,user,1,0.0001852234726785584,0.996353534922782,0.002124936476158477,0.0006923458422669909,0.0006439592861141631
1191,212,assistant,4,0.05,user,1,1.7733905546879755e-06,0.06422933695779734,0.015935744243784924,0.9174599913126251,0.002373154095238021
1192,213,assistant,4,0.05,user,1,1.3810604888004192e-07,0.004311171724858433,0.14368928262752456,0.8515192534050859,0.0004801541364823214
1193,214,assistant,4,0.05,user,1,8.638171655921854e-06,0.9970244449534517,0.0004991218370673877,0.0003521823306120101,0.0021156127072129278
1194,215,assistant,4,0.05,user,1,6.20243189618537e-05,0.581226703713412,0.036417677706569986,0.3255576673026588,0.05673592695839755
1195,216,assistant,4,0.05,user,1,1.1524340766655414e-05,0.9997136398652473,0.00017108721376861983,2.543680551105267e-05,7.831177470635206e-05
1196,217,assistant,4,0.05,user,1,1.265497334902269e-06,0.9998618776285971,1.483422312685911e-05,5.881619388253331e-05,6.320645705857465e-05
1197,218,assistant,4,0.05,user,1,7.124827694609236e-07,0.9101056211934148,0.00013717048325934507,0.08937937737430894,0.00037711846624749045
1198,219,assistant,4,0.05,user,1,4.696074626719972e-06,0.4634714929310169,0.00839231902653627,0.5242413834357722,0.0038901085320479506
1199,220,assistant,4,0.05,user,1,4.734561887277169e-06,0.9966785780969534,0.0006014308294847244,0.0009403108634365929,0.001774945648238247
1200,221,assistant,4,0.05,user,1,1.4089382310178246e-06,0.9997128746275338,2.5634109975292726e-05,1.6711144452818268e-07,0.0002599152128153657
1201,222,assistant,4,0.05,user,1,1.5300862165255443e-06,0.9992186694432331,0.00036188859145795156,3.597890064096818e-05,0.00038193297845154936
1202,223,assistant,4,0.05,user,1,1.0961285249918441e-06,0.9940062633554595,0.0006382257221672662,0.00021509250063007085,0.005139322293218179
1203,224,assistant,4,0.05,user,1,8.37464039410649e-06,0.5793934577885946,0.057381031678694495,0.3617496381931128,0.0014674976992038488
1204,225,assistant,4,0.05,user,1,5.0553826719675076e-06,0.9907208332484505,0.007566851595740595,0.00040535587342911786,0.0013019038997076993
1205,226,assistant,4,0.05,user,1,4.93507980500896e-07,0.9807729349549472,0.0037766774006348022,0.0024189956015048773,0.013030898534932717
1206,227,assistant,4,0.05,user,1,2.0089577915204434e-05,0.9953621925056523,4.424226005645009e-05,1.6606099023983373e-06,0.004571815046473583
1207,228,assistant,4,0.05,user,1,0.00032697946119336754,0.9427936799325985,0.00562701582248743,0.003986745445393407,0.04726557933832722
1208,229,assistant,4,0.05,user,1,5.1914878250264944e-05,0.5298095617403444,0.08459696686673104,0.3185753595021983,0.06696619701247591
1209,230,assistant,4,0.05,user,1,0.00020242004493667588,0.9982815682130148,0.0003915648863481624,0.00011940560175782281,0.0010050412539424193
1210,231,assistant,4,0.05,user,1,1.4481148127430685e-05,0.995970049121393,0.0001179143003191111,7.245726722426247e-06,0.0038903097034380086
1211,232,assistant,4,0.05,user,1,3.3577500377205816e-05,0.9992989182948888,0.0001218149887619212,0.00032069445501888,0.00022499476095302342
1212,233,assistant,4,0.05,user,1,1.0025485769501997e-05,0.9773516417771029,0.003288033527421436,0.014553473204230099,0.004796826005476143
1213,234,assistant,4,0.05,user,1,4.02798518513769e-06,0.9444056628635102,0.0041667159000900195,0.015402014652736057,0.03602157859847841
1214,235,assistant,4,0.05,user,1,5.215307345053799e-07,0.9995493561945732,8.949139503952533e-05,3.948831806165648e-06,0.0003566820478466735
1215,236,assistant,4,0.05,user,1,6.990101528162729e-06,0.9954584272993786,0.00014421357135795064,0.00055981165952745,0.003830557368207691
1216,237,assistant,4,0.05,user,1,9.06097270049387e-06,0.2369154172420873,0.022394725146438796,0.6912261500888902,0.049454646549883165
1217,238,assistant,4,0.05,user,1,2.919826317333645e-06,0.999694951322953,2.6965580916476046e-05,3.1276000576505474e-05,0.0002438872692366482
1218,239,assistant,4,0.05,user,1,2.2979432806465886e-05,0.5420220652344372,0.01055473276102823,0.4447083505415816,0.002691872030146444
1219,240,assistant,4,0.05,user,1,0.0001500573493724786,0.9517536603227447,0.0056740992343500465,0.029169796795874448,0.013252386297658158
1220,241,assistant,4,0.05,user,1,1.820661293727838e-05,0.9910769035237238,0.0012232799631328416,0.005065187942973363,0.002616421957232492
1221,242,assistant,4,0.05,user,1,1.3016285207550042e-05,0.991685620263098,0.0032552505338443055,5.876631774183308e-05,0.004987346600108221
1222,243,assistant,4,0.05,user,1,7.43475383460837e-05,0.9771954819022329,0.009510703473808333,0.0011047911856253581,0.012114675899987113
1223,244,assistant,4,0.05,user,1,3.314028876676878e-05,0.8979392701722867,0.01926304842666204,0.006398663418435492,0.07636587769384894
1224,245,assistant,4,0.05,user,1,3.369320055580203e-05,0.9806560705210021,0.0077904891449050075,0.00044281932911355293,0.011076927804423466
1225,246,assistant,4,0.05,user,1,0.00013054150399533513,0.9850347321121953,0.009041456693091329,0.0005537016896796467,0.005239568001038376
1436,247,user,5,0.05,user,1,4.902034642019177e-07,0.9996969412874946,0.00029013033502326205,9.500186675645049e-08,1.2343172151088856e-05
1437,248,user,5,0.05,user,1,2.0745999717398617e-06,0.9990146641848885,0.0008687092760740542,1.9328002820169427e-06,0.00011261913878368699
1438,249,user,5,0.05,user,1,2.341954569967082e-07,0.9571425483687477,0.030736450090817026,0.011832794223327057,0.00028797312165126075
1439,250,user,5,0.05,user,1,1.9183321505300683e-07,0.9998588164891218,0.00011805120889993583,3.0066481021345096e-06,1.993382066132028e-05
1440,251,user,5,0.05,user,1,6.90960100104534e-08,0.9999929752201187,3.114757014899353e-06,1.6315367982322492e-07,3.6777731767380256e-06
1441,252,user,5,0.05,user,1,6.348546963357274e-09,0.9999994817846022,4.0695677323443017e-07,2.6765380061238953e-09,1.0223353942008233e-07
1442,253,user,5,0.05,user,1,2.0563493569434987e-08,0.9999844027353635,9.156184652531025e-06,1.7180342667510877e-08,6.403336147827768e-06
1443,254,user,5,0.05,user,1,2.1405553795359685e-07,0.9999563112999484,1.676027937837369e-05,4.4444472180139624e-07,2.6269920413159763e-05
1444,255,user,5,0.05,user,1,6.240693917307909e-09,0.9999999218858319,3.672469822740854e-08,2.1107845447176937e-10,3.4937697650055387e-08
1445,256,user,5,0.05,user,1,2.1779940136498216e-08,0.9999991254611816,4.907079226101136e-08,6.278729878645317e-10,8.030602129942353e-07
1446,257,user,5,0.05,user,1,2.6655668624843434e-08,0.9999101151720392,5.9315579720841946e-05,1.6295332290158662e-09,3.0540963037967855e-05
1447,258,user,5,0.05,user,1,1.1573373969258103e-08,0.9999901622291366,3.519990171572927e-07,6.238943823419956e-10,9.473574578009126e-06
1448,259,user,5,0.05,user,1,2.354859948610258e-09,0.9999984155715966,4.3888278844529197e-07,2.5026642907050755e-09,1.14068809066216e-06
1449,260,user,5,0.05,user,1,1.2893188877656394e-09,0.9999999530948092,1.0252168107465696e-08,2.2705969077726958e-12,3.5361433270457584e-08
1450,261,user,5,0.05,user,1,5.404564387591708e-08,0.9999993165946631,3.873699085652358e-08,2.0331979278673576e-09,5.885895040340886e-07
1451,262,user,5,0.05,user,1,1.6673230371656026e-09,0.9999999166547421,2.9266238106539806e-08,9.601670985427006e-09,4.281002596141576e-08
1452,263,user,5,0.05,user,1,1.9447967129837034e-08,0.9999972230705088,3.311478853737594e-07,2.2575483503029297e-06,1.6878528812631882e-07
1453,264,user,5,0.05,user,1,3.391250056768145e-09,0.9999993863160852,4.0462728392444597e-07,1.1312505774447377e-07,9.254032305958971e-08
1454,265,user,5,0.05,user,1,2.1370825542986735e-10,0.9999999813209596,5.939125911046783e-09,2.610338029163985e-10,1.2265172379275686e-08
1455,266,user,5,0.05,user,1,2.1043270145052095e-09,0.999999621410684,1.5884503653191406e-08,1.3262583123064466e-09,3.59274226849512e-07
1456,267,user,5,0.05,user,1,2.493597087760787e-10,0.9999999929471146,2.414581650176937e-10,2.1603716158777478e-11,6.540463812813545e-09
1457,268,user,5,0.05,user,1,2.5658452231702396e-09,0.9999996691982243,2.560780743775166e-07,5.326821841690824e-08,1.888963777230292e-08
1458,269,user,5,0.05,user,1,2.192384431145191e-09,0.9999999418458283,4.7631191640486434e-08,4.274339208800156e-10,7.903161847082601e-09
1459,270,user,5,0.05,user,1,3.910510059429533e-09,0.9999987387170791,1.1739076508505989e-06,4.1438948441884e-09,7.932086503109746e-08
1460,271,user,5,0.05,user,1,2.3179785579322736e-10,0.999999986911686,3.3319493200569565e-10,9.7586798693476e-13,1.2522345209221742e-08
1461,272,user,5,0.05,user,1,1.0962873325030748e-08,0.9999999475804394,4.4923164567269817e-10,6.172721667813961e-11,4.0945728261515607e-08
1462,273,user,5,0.05,user,1,4.973605293872315e-09,0.9999999692526907,1.356821824247056e-09,1.223878809326904e-12,2.441565838115186e-08
1463,274,user,5,0.05,user,1,4.412494815801817e-09,0.9999999897537236,1.6407746751382344e-09,6.490997588758451e-13,4.192358069248977e-09
1464,275,user,5,0.05,user,1,6.387091077105072e-10,0.9999999966182291,2.7666085658007936e-10,9.70408258080306e-13,2.4654305904656412e-09
1465,276,user,5,0.05,user,1,5.973364917625656e-10,0.9999999947330869,2.3182127102770727e-09,8.301362621837846e-12,2.343062543555689e-09
1466,277,user,5,0.05,user,1,2.139117524924364e-09,0.999999324547277,2.2128951592432628e-08,9.109303924265212e-11,6.510935609662253e-07
1467,278,user,5,0.05,user,1,2.0717843506085186e-10,0.9999999282862608,1.1767045501469108e-08,2.0992824725921513e-12,5.973741592299097e-08
1468,279,user,5,0.05,user,1,9.828779481780851e-09,0.9999981556867843,9.207929642105531e-09,5.8011961945263776e-08,1.7672645446274942e-06
1469,280,user,5,0.05,user,1,1.6091219642631303e-10,0.9999999250530537,1.563163815879884e-09,2.228558688472678e-11,7.32005848398284e-08
1470,281,user,5,0.05,user,1,7.804288557503986e-09,0.999999609884025,1.442336834066871e-09,1.5989680120955747e-09,3.792703815598723e-07
1471,282,user,5,0.05,user,1,1.1221891938639768e-07,0.9999946974769679,1.1884964910672518e-07,1.3692692200906334e-09,5.07008519451886e-06
1472,283,user,5,0.05,user,1,1.2072048536509518e-10,0.9999999906009546,1.1319110385964126e-09,3.1911806229084386e-11,8.114502074116197e-09
1473,284,user,5,0.05,user,1,7.808882810311304e-10,0.9999999598444774,2.7437587574909876e-08,8.30711990848731e-10,1.110633485435918e-08
1474,285,user,5,0.05,user,1,1.9649384689822933e-09,0.9999999604758512,1.228043449746304e-08,1.0803237405471946e-11,2.526797280745766e-08
1475,286,user,5,0.05,user,1,9.280018024369071e-10,0.9999999000116406,1.3034755680026234e-09,6.260594288507165e-11,9.769427606915257e-08
1476,287,user,5,0.05,user,1,2.756093556931928e-08,0.9999994520680808,4.684597182666254e-09,2.4253461318016437e-10,5.154438517635214e-07
1477,288,user,5,0.05,user,1,2.5928096189931746e-08,0.9999991623312696,1.0712024208186674e-07,1.90959724964062e-08,6.855244196119716e-07
1478,289,user,5,0.05,user,1,2.693613295979398e-09,0.9999998501033638,1.9750743035582907e-09,1.8765826750904924e-10,1.4504029016742472e-07
1479,290,user,5,0.05,user,1,7.366980420834145e-09,0.999999245643084,7.655455813187143e-08,5.393291606366865e-11,6.703814446409072e-07
1480,291,user,5,0.05,user,1,5.453151699264337e-09,0.9999998293165688,3.789739837941677e-08,5.489735804396373e-09,1.2184314535377444e-07
1481,292,user,5,0.05,user,1,1.680829496773172e-09,0.9999999689202334,2.6709240197094397e-08,2.4872631921411074e-11,2.664824548919499e-09
1482,293,user,5,0.05,user,1,4.029343761682267e-09,0.9999999562493395,4.947126096452008e-09,2.2349823366256437e-11,3.475184081203086e-08
1483,294,user,5,0.05,user,1,3.990287997722138e-08,0.9999988743619795,2.6031924696028957e-07,3.8601016271512404e-07,4.394057308452829e-07
1484,295,user,5,0.05,user,1,3.223733417246205e-08,0.9999994882294371,3.4963160727671046e-07,6.487386399247911e-09,1.2341423517462204e-07
1485,296,user,5,0.05,user,1,3.6314897839544205e-08,0.9999977169133876,8.990215226215015e-07,2.0090475322171803e-08,1.3276597166387537e-06
1486,297,user,5,0.05,user,1,5.247575948729274e-10,0.9999999921851862,4.5667196372274616e-09,8.531007572121679e-12,2.714805770664683e-09
1488,298,cot,6,0.05,user,1,1.8527096203234368e-09,0.028130076323559187,0.9704773672713429,0.00027520167908298904,0.0011173528733053272
1489,299,cot,6,0.05,user,1,6.2734783906706e-08,0.8009616019195985,0.18350386224501247,3.767721834586779e-07,0.01553409632842161
1490,300,cot,6,0.05,user,1,2.46016900770651e-08,0.9746885112024489,0.017125430354608354,5.1975476636423764e-08,0.00818598186577605
1491,301,cot,6,0.05,user,1,4.2688988161551385e-09,0.6594889263546988,0.33301741731663725,1.252819835184611e-06,0.007492399239929839
1492,302,cot,6,0.05,user,1,6.091079662984679e-10,0.9999994069972781,3.5380652211013165e-07,1.5932326075940794e-10,2.384277685384905e-07
1493,303,cot,6,0.05,user,1,3.1038401025749517e-10,0.9999998207739468,4.900849876575781e-09,2.3813203807547985e-10,1.737766870532955e-07
1494,304,cot,6,0.05,user,1,3.6718275288595835e-09,0.9999988449218465,2.6756416467212013e-08,3.1818298946388797e-10,1.124331726671101e-06
1495,305,cot,6,0.05,user,1,2.3678068795250173e-09,0.9999946355482475,6.973218438662414e-07,4.0647627197430585e-10,4.6643556257385145e-06
1496,306,cot,6,0.05,user,1,1.2195019751986958e-10,0.9999998128806905,1.0836943419693643e-08,5.471241562873143e-13,1.761598689077845e-07
1497,307,cot,6,0.05,user,1,3.4476195873137445e-10,0.9998123852168923,0.0001636763753463803,1.0636939266369595e-09,2.3936999305469404e-05
1498,308,cot,6,0.05,user,1,5.535421182177245e-09,0.9999941484516162,1.8644657550759833e-07,8.616434860709667e-10,5.658704743618773e-06
1499,309,cot,6,0.05,user,1,1.1564456916448893e-09,0.9999969279060887,3.9650241391935474e-07,2.636938457441707e-09,2.6717981132580704e-06
1500,310,cot,6,0.05,user,1,3.470645328039302e-08,0.9999889513065503,4.189481106884595e-06,1.8034682446233108e-06,5.0210376449747634e-06
1501,311,cot,6,0.05,user,1,1.1431423579630564e-09,0.9999678018217444,2.7804266959693104e-05,1.475496823056429e-10,4.392620603866095e-06
1502,312,cot,6,0.05,user,1,2.730065545422226e-09,0.9998860535364289,5.9442665782431245e-05,3.2150142561665663e-09,5.4497852708991826e-05
1503,313,cot,6,0.05,user,1,6.61161160771655e-10,0.9999992612266073,8.665395697388192e-08,8.452339816704214e-10,6.506130406754756e-07
1504,314,cot,6,0.05,user,1,4.958711990191469e-09,0.9999415458543974,5.2538632293477e-05,6.000655330351155e-08,5.85054804374796e-06
1505,315,cot,6,0.05,user,1,5.736434700183288e-10,0.998411989353864,0.0015722552018006268,9.338405068785096e-10,1.575393685146331e-05
1506,316,cot,6,0.05,user,1,5.738283421570668e-09,0.9998537314894751,2.857856796109962e-05,1.4754532338136078e-10,0.00011768405673499265
1507,317,cot,6,0.05,user,1,2.578121023209281e-08,0.9999986786958549,1.6116806642116433e-08,5.713123038297614e-10,1.2788348161600787e-06
1508,318,cot,6,0.05,user,1,2.574773783797761e-10,0.9999998303641057,8.652383480222811e-09,3.9680805101034496e-13,1.6072563659124102e-07
1509,319,cot,6,0.05,user,1,1.4553098496383448e-09,0.9999996225735114,8.134817574156943e-08,1.9425840628453343e-11,2.946035772906741e-07
1510,320,cot,6,0.05,user,1,2.2570739505698123e-10,0.9998035713586514,0.00018074205951592754,3.86441613057938e-10,1.5685969683917746e-05
1511,321,cot,6,0.05,user,1,2.3674403217341733e-10,0.9999825146831451,7.312252049768355e-06,1.9219879647937218e-10,1.0172635862174858e-05
1512,322,cot,6,0.05,user,1,7.336576269685943e-10,0.9999809519475377,1.5087697103113427e-06,1.2078680690029475e-11,1.753853701565624e-05
1513,323,cot,6,0.05,user,1,1.0197901354765037e-10,0.9999995106521397,2.3137792254982735e-07,6.454382309943406e-11,2.578034146995266e-07
1514,324,cot,6,0.05,user,1,1.061335729903283e-09,0.9983734811286961,0.0015062145927511904,1.5365039854121155e-09,0.00012030168071324146
1515,325,cot,6,0.05,user,1,3.827713231917042e-09,0.9999461546754731,2.633665820885627e-05,3.7582082386858665e-10,2.7504462783967946e-05
1516,326,cot,6,0.05,user,1,1.482839048781767e-07,0.9999860659371719,7.27866645618886e-07,4.861548304441269e-08,1.300929679454618e-05
1517,327,cot,6,0.05,user,1,4.436697900003554e-09,0.9999966217173963,1.042209812816308e-06,3.8231463631465794e-08,2.2934046292868825e-06
1518,328,cot,6,0.05,user,1,7.54490604017763e-09,0.997828925067637,0.0021354762737777707,2.6073039872482704e-08,3.556504063945218e-05
1519,329,cot,6,0.05,user,1,5.861073551373581e-09,0.9766461383702735,0.015680168625470933,3.4135219035836654e-07,0.007673345790991722
1520,330,cot,6,0.05,user,1,8.452772928696196e-09,0.9999941055594572,1.053229936079993e-06,6.580311384691578e-09,4.826177522373382e-06
1521,331,cot,6,0.05,user,1,2.8554867401132385e-09,0.9990994580549256,0.00089230425894388,8.393764458505884e-08,8.150892999247099e-06
1522,332,cot,6,0.05,user,1,3.311372169614808e-08,0.9483088591448764,0.05134541372775508,5.057579356704521e-07,0.00034518825571100935
1523,333,cot,6,0.05,user,1,1.186092046899514e-09,0.9997841130331189,0.0002144162550181713,1.083239549816702e-08,1.458693375346359e-06
1524,334,cot,6,0.05,user,1,1.972645664272721e-08,0.14413143706998047,0.8539223799679508,0.00017097038468816766,0.0017751928509238076
1525,335,cot,6,0.05,user,1,1.3702073940475676e-08,0.061124305431217205,0.9337984700422275,6.794529890558325e-06,0.005070416294590728
1526,336,cot,6,0.05,user,1,1.6038230601236055e-07,0.20906238942926006,0.7549396122775874,3.514175733547274e-06,0.03599432373511298
1527,337,cot,6,0.05,user,1,1.1889597845270551e-08,0.24988712103611266,0.6472010235267062,9.665238050251673e-07,0.10291087702377845
1528,338,cot,6,0.05,user,1,6.846489150998644e-08,0.9378106004201378,0.054444407778576606,5.594486533331316e-07,0.007744363887740914
1529,339,cot,6,0.05,user,1,1.2650754103883618e-07,0.9619313126142105,0.027645881004410646,3.6091245105431494e-06,0.010419070749327146
1530,340,cot,6,0.05,user,1,1.1631617661722816e-08,0.9986815831269432,0.0011982370782430067,8.501651899044122e-07,0.00011931799800640686
1531,341,cot,6,0.05,user,1,1.2636438823470268e-08,0.5736274080388831,0.41486205701080353,0.00015671731637325177,0.011353804997501282
1532,342,cot,6,0.05,user,1,1.284788876047608e-05,0.9903957522012528,0.0018640572212821835,7.735031105562995e-05,0.007649992377648868
1533,343,cot,6,0.05,user,1,1.2603353777223964e-06,0.9904490862530453,0.0006234200933282289,1.904585572272023e-06,0.00892432873267664
1534,344,cot,6,0.05,user,1,1.0465932663096128e-06,0.9998043996915108,2.4732542044403675e-05,2.0650044370781575e-07,0.00016961467273501164
1535,345,cot,6,0.05,user,1,3.0019631298738564e-07,0.9998926635285277,4.072822110333339e-05,8.393786605862188e-07,6.546867539534592e-05
1536,346,cot,6,0.05,user,1,1.943064801010584e-07,0.9997167942215541,9.0959719955379e-05,1.6516344355358902e-07,0.0001918865885667904
1537,347,cot,6,0.05,user,1,1.343733263550817e-06,0.9989206598789613,0.0009118000174605898,3.495531057786301e-06,0.0001627008392567827
1538,348,cot,6,0.05,user,1,9.269265814591205e-06,0.9780348424445741,0.020266261424597802,0.0007263660914675381,0.0009632607735459558
1539,349,cot,6,0.05,user,1,7.33972481009662e-07,0.9993702184377202,0.000405822763343011,2.3549275792665703e-07,0.0002229893336979572
1540,350,cot,6,0.05,user,1,1.6559618905539844e-07,0.9879144916513485,0.010983683617976423,5.158161995050232e-07,0.001101143318286466
1541,351,cot,6,0.05,user,1,1.397842637077467e-07,0.4295251287341475,0.461203110335515,2.396786127050424e-05,0.10924765328480338
1542,352,cot,6,0.05,user,1,1.2339782722713908e-06,0.9832632176943646,0.002299199718982104,2.0797195763464422e-08,0.014436327811185149
1543,353,cot,6,0.05,user,1,3.8959450289709287e-07,0.9999430332694028,2.0951168135539918e-05,1.819370113807977e-07,3.544403094738785e-05
1544,354,cot,6,0.05,user,1,1.7135919499221927e-07,0.9996761470298264,9.328816536438009e-05,2.1394646621725588e-07,0.0002301794991481348
1545,355,cot,6,0.05,user,1,2.5271968235574263e-07,0.7517646398827433,0.2446897510093938,4.751883444108956e-06,0.0035406045047363492
1546,356,cot,6,0.05,user,1,3.4963900647997836e-07,0.6799393563291836,0.22766172468549017,4.214477356575398e-05,0.09235642457275402
1547,357,cot,6,0.05,user,1,7.950086416607236e-08,0.9999547310458464,2.4570332015033074e-06,1.6975615237107703e-09,4.273072252615242e-05
1548,358,cot,6,0.05,user,1,2.3361042624572717e-08,0.9986631943868886,0.0007086384054567467,6.804395358722695e-09,0.0006281370422166202
1549,359,cot,6,0.05,user,1,4.863550236269984e-07,0.9981896295426117,0.0007135627685844753,1.1456188301310307e-07,0.001096206771897164
1550,360,cot,6,0.05,user,1,1.0104136879363938e-05,0.9956054618756647,0.0030081231037490325,2.0741830656869535e-05,0.0013555690530500908
1551,361,cot,6,0.05,user,1,1.993478431744665e-07,0.9979718575103323,0.0014655301932965476,2.0473187482580522e-08,0.0005623924753407272
1552,362,cot,6,0.05,user,1,5.051147991319053e-07,0.9995271758770028,0.0002812293529546892,1.7983030875335985e-10,0.00019108947541288148
1553,363,cot,6,0.05,user,1,3.535768044146766e-07,0.9997652627423866,0.00010719756429244312,5.2985122465285215e-09,0.0001271808180041583
1554,364,cot,6,0.05,user,1,3.2540095824495995e-06,0.7294428162444212,0.2622859504954417,5.072256583691014e-06,0.008262906993971003
1555,365,cot,6,0.05,user,1,3.129148369837455e-08,0.631567782270746,0.32642345218922547,4.7765501901323625e-06,0.042003957698354764
1556,366,cot,6,0.05,user,1,6.162457532541623e-08,0.9976944987303855,3.7391333871390565e-05,1.980152953633631e-09,0.002268046331014887
1557,367,cot,6,0.05,user,1,6.3055326659397875e-06,0.9096145474960623,0.028913777908086292,0.00012107784911549975,0.06134429121406998
1558,368,cot,6,0.05,user,1,1.968716740170766e-06,0.9389421805253536,0.023412837784050077,1.1847513110927948e-05,0.037631165460745276
1559,369,cot,6,0.05,user,1,1.6271940238806028e-07,0.9129464326916028,0.057558313584812705,1.8813273608469898e-06,0.029493209676821334
1560,370,cot,6,0.05,user,1,1.5539086825403486e-07,0.9994616829159704,8.985569940889063e-05,5.1649822614816667e-08,0.000448254343930146
1561,371,cot,6,0.05,user,1,1.0336587816696718e-07,0.456064149349811,0.5297522737522984,2.275443858937292e-05,0.014160719093423016
1562,372,cot,6,0.05,user,1,9.546597462201742e-07,0.9195520973297358,0.02470942343838959,2.7744186791584716e-06,0.05573475015344927
1563,373,cot,6,0.05,user,1,2.676399208465189e-07,0.9999524195883754,8.698969072951532e-06,8.257073184959053e-09,3.86055455578464e-05
1564,374,cot,6,0.05,user,1,4.376083271051544e-08,0.9977886972267327,0.0019528556692376819,1.7071919991863255e-06,0.00025669615119777934
1565,375,cot,6,0.05,user,1,3.4217930689790636e-07,0.9999498776770421,3.1901196877365914e-06,2.1840230335736772e-09,4.6587839940355644e-05
1566,376,cot,6,0.05,user,1,1.1807546639637134e-06,0.9826066699393746,0.00667580981992804,1.1758691899051396e-05,0.010704580794134177
1567,377,cot,6,0.05,user,1,1.111127548328447e-06,0.9996883541050885,9.965993501388881e-05,7.52414714835914e-08,0.00021079959087792353
1568,378,cot,6,0.05,user,1,4.6753704608342914e-07,0.9996110490120805,0.00012789929903300358,8.604157705990073e-06,0.0002519799941344744
1569,379,cot,6,0.05,user,1,3.3712938755200105e-07,0.9977863882356405,0.001923090450647685,3.735376743889203e-06,0.00028644880758024857
1570,380,cot,6,0.05,user,1,1.2760543708907907e-06,0.6836486050753376,0.29808817920553654,0.0010444666051974399,0.017217473059557654
1571,381,cot,6,0.05,user,1,2.4017389715852115e-08,0.03695235705662643,0.9598699587915589,0.00011773294056237784,0.0030599271938625866
1572,382,cot,6,0.05,user,1,3.839710449680371e-06,0.994599063948002,0.003839687962228065,8.755573219092896e-06,0.0015486528061011003
1573,383,cot,6,0.05,user,1,1.3541383117423963e-06,0.06467768608032061,0.9105662081357359,0.0014768236023102357,0.023277928043321607
1574,384,cot,6,0.05,user,1,2.9752662204728765e-07,0.2672051850880944,0.6119934340173847,1.625641329846423e-05,0.12078482695460056
1575,385,cot,6,0.05,user,1,2.1345046576151e-08,0.9991178219095816,0.0007655507659219483,1.404907291633298e-08,0.00011659193037713416
1576,386,cot,6,0.05,user,1,1.1805603915849402e-07,0.9991359553389956,0.0006074737420822399,5.1576195280230935e-08,0.0002564012866878684
1577,387,cot,6,0.05,user,1,1.1999905840342488e-08,0.010543569761821548,0.9858175171688337,5.294785507894543e-05,0.003585953214359892
1578,388,cot,6,0.05,user,1,4.804526043589438e-08,0.06348986118613806,0.8861686167339329,0.00020760889877895647,0.05013386513588971
1579,389,cot,6,0.05,user,1,1.0431202147416044e-07,0.13451609938188747,0.861821001087716,0.0008012680326072378,0.002861527185767853
1580,390,cot,6,0.05,user,1,8.552144995377553e-10,7.300002846492875e-05,0.9986244236036541,0.0008654520572765999,0.0004371234553897295
1581,391,cot,6,0.05,user,1,3.6885352227037502e-09,0.00011059675755651017,0.9982709659170214,0.00033018917890731685,0.0012882444579795037
1582,392,cot,6,0.05,user,1,1.1446804225510164e-08,0.0016781063698576534,0.9667303641656662,0.0001381273620326578,0.03145339065563932
1584,393,assistant,7,0.05,user,1,1.7526600078889211e-06,0.3298562477075639,0.11828063847522302,0.5493417719915143,0.0025195891656908534
1585,394,assistant,7,0.05,user,1,3.475090845377191e-07,0.965796427694475,0.01365807610829196,0.020467169947194424,7.79787409539934e-05
1586,395,assistant,7,0.05,user,1,1.3215913237354204e-06,0.8235153771534404,0.025335520398903508,0.14922474392552232,0.0019230369308098705
1587,396,assistant,7,0.05,user,1,2.798505045907598e-07,0.758650908225979,0.0018987830787356435,0.2391561878829758,0.0002938409618049207
1588,397,assistant,7,0.05,user,1,2.546585328135529e-06,0.9884814398394492,0.0013309207440244766,0.0072573055207083535,0.0029277873104897544
1589,398,assistant,7,0.05,user,1,1.0848154915637556e-06,0.9420834116209611,0.002545260152310427,0.049606844183031275,0.005763399228205762
1590,399,assistant,7,0.05,user,1,1.6950298044623256e-07,0.9776133257052584,0.0030788163956623634,0.018636397452885752,0.0006712909432129664
1591,400,assistant,7,0.05,user,1,2.3663383332661667e-07,0.9975593907445308,0.0003993397390496827,0.0012509639556071241,0.000790068926979039
1592,401,assistant,7,0.05,user,1,2.456064319614574e-07,0.9965438587280167,0.0010028293092044858,0.0022247846540861833,0.00022828170226063402
1593,402,assistant,7,0.05,user,1,1.1676405063715771e-07,0.900534048872046,0.008326428534138937,0.08607800142170374,0.005061404408060529
1594,403,assistant,7,0.05,user,1,3.012727357386541e-07,0.9928132978246667,0.00017592498129243272,0.006941037419628079,6.943850167722153e-05
1595,404,assistant,7,0.05,user,1,7.829121460829728e-07,0.20944112818606667,0.23073413210447413,0.5580920551867131,0.0017319016106000231
1596,405,assistant,7,0.05,user,1,1.1437422205775693e-06,0.33230614045676277,0.30275696189399953,0.3631882403483981,0.001747513558619061
1597,406,assistant,7,0.05,user,1,1.6568801257822559e-06,0.4691534711898053,0.34505061806567316,0.18248640139602654,0.003307852468369254
1598,407,assistant,7,0.05,user,1,1.6731614014832695e-06,0.8134302119764532,0.013636846365679316,0.1691407002082751,0.0037905682881910867
1599,408,assistant,7,0.05,user,1,9.619440294692374e-07,0.9313310350595397,0.002327975128306796,0.06028686167542514,0.006053166192698912
1600,409,assistant,7,0.05,user,1,4.1665673276600934e-08,0.9992985792570093,6.12434960187004e-05,0.0005042282020872846,0.00013590737921161228
1601,410,assistant,7,0.05,user,1,2.425763406707849e-07,0.26536120081022085,0.011290555665692084,0.7228933020614347,0.00045469888631180673
1602,411,assistant,7,0.05,user,1,1.0206331554965789e-07,0.998134769986876,0.000496886138114014,0.0009314459914236563,0.00043679582027098717
1603,412,assistant,7,0.05,user,1,1.9089961782042804e-06,0.9915122208259016,0.0006826179892384283,0.007724788080768653,7.846410791318244e-05
1604,413,assistant,7,0.05,user,1,9.257036673408976e-07,0.8805550319319534,0.0011423260144738552,0.11775679499134413,0.000544921358561209
1605,414,assistant,7,0.05,user,1,1.8163657403625504e-07,0.07392263417384164,0.004324913300780263,0.921171794339836,0.0005804765489680812
1606,415,assistant,7,0.05,user,1,3.4043876272378026e-08,0.949221281084968,0.0042367363364383915,0.04618670102455585,0.0003552475101615354
1607,416,assistant,7,0.05,user,1,1.0030306281451631e-07,0.9982259102318762,0.00017681693728703726,0.0009150935244639177,0.0006820790033097628
1608,417,assistant,7,0.05,user,1,4.47030342756473e-08,0.9565339042381252,0.0015503715047028269,0.041624205681402134,0.00029147387273560746
1609,418,assistant,7,0.05,user,1,1.2183130929075566e-07,0.9997276290646814,2.2662376299757648e-05,0.00024101055879065724,8.576168919028293e-06
1610,419,assistant,7,0.05,user,1,7.685403767610731e-07,0.9995481428455399,3.7049992906665846e-05,0.0004055789982727579,8.459622904030705e-06
1611,420,assistant,7,0.05,user,1,1.3574557345194233e-07,0.9999942835064803,4.483255727474594e-06,8.942002686018841e-07,2.0329194999820794e-07
1612,421,assistant,7,0.05,user,1,6.261261736213011e-09,0.31251529979975373,0.0005189484964046578,0.6869374318383554,2.831360422439723e-05
1613,422,assistant,7,0.05,user,1,5.6103886453751365e-09,0.9924377201300953,4.5481511673447956e-05,0.0074883861016224445,2.8406646220171523e-05
1614,423,assistant,7,0.05,user,1,3.9461151429467976e-08,0.9992836835877098,0.0003392602843142171,0.000298153577815895,7.886308900869138e-05
1615,424,assistant,7,0.05,user,1,4.444032043863365e-07,0.9992709278103129,0.0002895237259411785,0.0002584829578419667,0.0001806211026995114
1616,425,assistant,7,0.05,user,1,2.293470629409263e-07,0.9464085676977066,0.0009438229431560977,0.05249850643984034,0.0001488735722337845
1617,426,assistant,7,0.05,user,1,1.888356528245579e-07,0.9878995525626515,0.0022938420641023323,0.009034835659893407,0.0007715808776998928
1618,427,assistant,7,0.05,user,1,4.018777009343863e-08,0.998433326190893,0.0008309552139802607,0.0006724758684068749,6.320253894966502e-05
1619,428,assistant,7,0.05,user,1,4.586776660045974e-08,0.9977967478616904,0.0008991944249389116,0.00031704810191840346,0.0009869637436858902
1620,429,assistant,7,0.05,user,1,8.514115344109825e-08,0.999933802259972,2.088436203722578e-05,1.5591363853249688e-05,2.9636872984213803e-05
1621,430,assistant,7,0.05,user,1,1.6520342989805993e-07,0.9981327157135145,0.0005325323350917892,0.00042193281367877597,0.0009126539342850388
1622,431,assistant,7,0.05,user,1,2.0619582978955752e-07,0.9932919798929959,0.00020581196390121676,0.005465592316255285,0.001036409631017921
1623,432,assistant,7,0.05,user,1,2.2733519201380777e-07,0.9999486072492335,2.115865989041729e-06,4.367518275412719e-06,4.46820313100033e-05
1624,433,assistant,7,0.05,user,1,4.156022241052343e-06,0.9979538397256308,0.0005011123238869703,0.00033907390787289206,0.0012018180203681454
1625,434,assistant,7,0.05,user,1,3.82283291030949e-07,0.9996024408926473,7.13789728873982e-05,1.670053810926233e-05,0.00030909731306525887
1626,435,assistant,7,0.05,user,1,2.0255711670151253e-06,0.9990835031918764,0.0001678779349524204,0.000506908489375635,0.00023968481262833554
1627,436,assistant,7,0.05,user,1,5.538666629766022e-07,0.9988556552490513,0.0003628218009590661,0.000780239015833809,7.30067492726078e-07
1628,437,assistant,7,0.05,user,1,3.8846348263783455e-07,0.9844253714378896,0.0005351969958736766,0.014957228667952177,8.181443480190799e-05
1629,438,assistant,7,0.05,user,1,4.554230317864584e-07,0.06542049667328406,0.031135468323480738,0.903306919603714,0.00013665997648935004
1630,439,assistant,7,0.05,user,1,1.3124921020554976e-07,0.08189281908149725,0.7199888106566811,0.19802132941758901,9.69095950224767e-05
1631,440,assistant,7,0.05,user,1,6.403554283141191e-07,0.9983035103633949,0.00047120333750905874,0.0011129796369579953,0.00011166630670954079
1632,441,assistant,7,0.05,user,1,4.83734517579199e-06,0.7794152241505585,0.12184744732605483,0.08383469037797917,0.014897800800231594
1633,442,assistant,7,0.05,user,1,1.7447375504984728e-06,0.9175757108223456,0.008376676889094917,0.07219769545271454,0.001848172098294699
1634,443,assistant,7,0.05,user,1,1.3228002934199293e-06,0.9800102975974454,0.0002511445547545438,0.019578268152983826,0.00015896689452271496
1635,444,assistant,7,0.05,user,1,3.7848294798940837e-07,0.8999684689102658,0.0046529191007522236,0.0936148464715189,0.0017633870345150184
1636,445,assistant,7,0.05,user,1,1.4316347028999018e-07,0.4452672502192324,0.013791187251243906,0.5408395019329664,0.00010191743308702735
1637,446,assistant,7,0.05,user,1,1.874246575241092e-08,0.09838620193748669,0.021249129918367932,0.8803290726549536,3.5576746725910495e-05
1638,447,assistant,7,0.05,user,1,3.967582056070385e-06,0.9997637081405559,0.0001277000312085543,3.296762220504428e-05,7.165662397444311e-05
1639,448,assistant,7,0.05,user,1,1.2750262399757674e-06,0.9917988937364715,0.00011768526328473414,0.007972955244264118,0.00010919072973976657
1640,449,assistant,7,0.05,user,1,3.3364971795196064e-07,0.9961787723490281,0.0022472117308250826,0.001119815422709323,0.00045386684771958066
1641,450,assistant,7,0.05,user,1,1.4071174620136894e-06,0.9637189151268879,0.0029306493480220483,0.03294113891826838,0.00040788948935955595
1642,451,assistant,7,0.05,user,1,2.569483196174371e-06,0.05890271385586187,0.0014899816014211518,0.9394504827534931,0.0001542523060275911
1643,452,assistant,7,0.05,user,1,4.100461089920796e-07,0.9983684646029531,0.00016832811840608017,0.0014166311012324838,4.61661312991506e-05
1644,453,assistant,7,0.05,user,1,1.770046595292856e-07,0.9535100500067661,0.01865878987163423,0.027570645431393113,0.0002603376855469185
1645,454,assistant,7,0.05,user,1,1.440773926823054e-05,0.9066551602626627,0.026524168837480655,0.06464523821381503,0.002161024946773445
1646,455,assistant,7,0.05,user,1,4.0832691608568176e-07,0.39597744687332814,0.0565968646425409,0.5470111144766308,0.00041416568058405274
1647,456,assistant,7,0.05,user,1,1.6648565216722594e-06,0.7831032444948126,0.0018801768800652075,0.214727987275338,0.0002869264932624573
1648,457,assistant,7,0.05,user,1,1.274404961539734e-06,0.8558978838543926,0.023211673560095958,0.1203243960554662,0.0005647721250837336
1649,458,assistant,7,0.05,user,1,3.534617097509132e-07,0.9682118013213629,0.029327498890915512,0.000573601504796034,0.001886744821215507
1650,459,assistant,7,0.05,user,1,1.162511977574644e-06,0.9993830827920231,0.0002409928851974638,0.00021335845864909573,0.00016140335215261408
1651,460,assistant,7,0.05,user,1,4.175168511373684e-07,0.9954165197769258,0.0015934093813126165,0.002233514745860719,0.0007561385790497536
1652,461,assistant,7,0.05,user,1,1.4301403405928002e-05,0.9182188800536234,0.0355419815759867,0.043697860425259964,0.0025269765417241224
1653,462,assistant,7,0.05,user,1,3.1214115470723603e-06,0.9902123364892788,0.005814184841333056,0.0021489827643517536,0.001821374493489446
1654,463,assistant,7,0.05,user,1,6.866738407179632e-06,0.16745552162319294,0.054398338342723986,0.7774881622646668,0.0006511110310091348
1655,464,assistant,7,0.05,user,1,2.1435620012698027e-07,0.9844195991148185,0.0033187231240217113,0.012247396034499685,1.4067370460025396e-05
1656,465,assistant,7,0.05,user,1,8.53587938311661e-08,0.36238337543926674,0.037184492619122135,0.6003520402424786,8.000634033862534e-05
1657,466,assistant,7,0.05,user,1,3.8758029608596055e-07,0.9838559590048988,0.009900447553762945,0.005920954750570987,0.000322251110471261
1658,467,assistant,7,0.05,user,1,2.6367637187440583e-07,0.9965278716483682,0.0009544647209702801,0.0024592747489980797,5.812520529174217e-05
1659,468,assistant,7,0.05,user,1,1.2022624576623713e-06,0.9759774363094886,0.011865288386996199,0.01118928389086448,0.0009667891501930839
1660,469,assistant,7,0.05,user,1,3.4843585068264484e-06,0.9679031939153626,0.019004686596875844,0.007857338538266449,0.005231296590988502
1661,470,assistant,7,0.05,user,1,1.6630210163163604e-07,0.18100855135905367,0.026041709849343397,0.7913235647403813,0.0016260077491198528
1662,471,assistant,7,0.05,user,1,2.6295532761605794e-06,0.9975431187879399,0.0018521983845708574,7.129364996040074e-05,0.0005307596242526953
1663,472,assistant,7,0.05,user,1,6.097824179347189e-06,0.9942251689768753,0.0037721471979419016,0.0001292734236257147,0.0018673125773776553
1664,473,assistant,7,0.05,user,1,1.6627110697967096e-07,0.04883239292235508,0.10656428731512807,0.8442979147663027,0.00030523872510714164
1665,474,assistant,7,0.05,user,1,8.912786869623996e-06,0.8775545339000043,0.09554993599972766,0.025085270384144445,0.0018013469292539577
1666,475,assistant,7,0.05,user,1,1.919950784289511e-06,0.8105879285059687,0.1145233445939976,0.07444766397421375,0.0004391429750357582
1667,476,assistant,7,0.05,user,1,6.146533576037438e-06,0.9935379153016963,0.003796588024456507,0.0026233760403251345,3.597409994593832e-05
1668,477,assistant,7,0.05,user,1,4.26121621962089e-06,0.977772328656412,0.013344824634034618,0.00867718814001554,0.00020139735331834897
1669,478,assistant,7,0.05,user,1,1.429890010704045e-06,0.9240353576213403,0.0049005292179328894,0.07099408336868017,6.85999020357634e-05
1670,479,assistant,7,0.05,user,1,1.1052563629993325e-07,0.9920046067346739,0.0016505230350664598,0.006256147700738357,8.861200388487262e-05
1671,480,assistant,7,0.05,user,1,2.1720450299087819e-07,0.9917976450079455,0.006394013754408316,0.0017658582408969206,4.226579224623262e-05
1672,481,assistant,7,0.05,user,1,1.4092324678233035e-05,0.9938081623633744,0.002298481471311127,0.0037619339994199304,0.00011732984121632192
1673,482,assistant,7,0.05,user,1,1.6328637224579327e-06,0.9979827076885999,0.001020313044195829,0.0007984216720105571,0.0001969247314712894
1674,483,assistant,7,0.05,user,1,4.629511552026938e-07,0.9198861445588354,0.007200107845854564,0.07286795515484026,4.5329489314495165e-05
1675,484,assistant,7,0.05,user,1,4.2984693967868945e-07,0.27624077780639733,0.0020489573851530073,0.7216328013606077,7.703360090239878e-05
1676,485,assistant,7,0.05,user,1,2.6462193698395893e-05,0.33702932274686237,0.0014082683491902584,0.6610621400002616,0.00047380670998716206
1677,486,assistant,7,0.05,user,1,2.4407723880332623e-06,0.4666377635951895,0.030030442969846704,0.5032491617481331,8.019091444276767e-05
1678,487,assistant,7,0.05,user,1,1.0056866941068328e-05,0.9777302072128269,0.0005335702025945377,0.021664862420681802,6.130329695573948e-05
1679,488,assistant,7,0.05,user,1,1.436370949314959e-06,0.07708238565207987,0.012441317646419186,0.9066495495763413,0.00382531075421028
1680,489,assistant,7,0.05,user,1,8.525996020402213e-05,0.9614982592583785,0.004655403599731728,0.033247154883913096,0.0005139222977725393
1681,490,assistant,7,0.05,user,1,4.985689144904824e-07,0.5368035121175116,0.23285750640740305,0.23029416200527908,4.432090089181286e-05
1682,491,assistant,7,0.05,user,1,1.2363523639832936e-05,0.9514325627692727,0.005944697285000197,0.04246653634863006,0.00014384007345710976
1683,492,assistant,7,0.05,user,1,2.824216028972647e-07,0.05959037167621006,0.007369468144078409,0.9330092191684624,3.0658589646235284e-05
1684,493,assistant,7,0.05,user,1,5.478168966898465e-07,0.009359240035638552,0.029605130537369406,0.9610093027219061,2.577888818932691e-05
1685,494,assistant,7,0.05,user,1,2.0536238875391175e-06,0.17756484565948602,0.05600393800010379,0.7663623799380185,6.678277850410936e-05
1686,495,assistant,7,0.05,user,1,4.4854372766292536e-06,0.12719741416235317,0.10261545091632467,0.7642134206589049,0.005969228825140679
1687,496,assistant,7,0.05,user,1,3.742237791178231e-06,0.6414655278671614,0.0375254366356073,0.3110727746686845,0.009932518590755656
1688,497,assistant,7,0.05,user,1,2.879367525391739e-08,0.009645886133350018,0.00373822476990979,0.98622717058575,0.00038868971731478565
1689,498,assistant,7,0.05,user,1,3.6039473591575776e-08,0.012084115428575626,0.009251997793404725,0.9783419608476867,0.0003218898908594179
1690,499,assistant,7,0.05,user,1,1.5358273955082657e-07,0.01355716046859119,0.10372493048976775,0.8826670236339148,5.07318249866242e-05
1691,500,assistant,7,0.05,user,1,1.5971629090104005e-05,0.9901050768820153,0.0010083852529970498,1.1023427296289117e-05,0.008859542808601396
1692,501,assistant,7,0.05,user,1,2.7323503595510258e-06,0.986705364807899,0.0038381175482275326,0.008617809811990361,0.000835975481523422
1693,502,assistant,7,0.05,user,1,3.9133840441795e-07,0.014471304304560876,0.02480072303375384,0.9602183121398675,0.0005092691834132915
1694,503,assistant,7,0.05,user,1,1.6892366064314332e-05,0.5992695968088734,0.04208726698402348,0.2070202481677784,0.15160599567326058
1695,504,assistant,7,0.05,user,1,1.6388146115724575e-06,0.737809679808142,0.021906564169866045,0.11383021622164159,0.12645190098573877
1696,505,assistant,7,0.05,user,1,2.669031268596437e-06,0.9523799608163607,0.008590999300584504,0.008522399939096094,0.0305039709126903
1697,506,assistant,7,0.05,user,1,3.047849362747495e-09,0.00030790475650431477,0.002931169946430463,0.9966529663069783,0.00010795594223754618
1698,507,assistant,7,0.05,user,1,4.973339788473251e-07,0.015585251090606773,0.01129229287246625,0.9713129588867173,0.0018089998162308565
1699,508,assistant,7,0.05,user,1,2.413498167815614e-06,0.06747830956892818,0.08882622837873966,0.8258538355551368,0.017839212999027534
1700,509,assistant,7,0.05,user,1,1.2593104967180167e-07,0.6611369175751262,0.022741901468353524,0.3009909502049195,0.015130104820551216
1701,510,assistant,7,0.05,user,1,4.2934248092875135e-07,0.9994657043512902,0.00039834794555572894,2.619329734764391e-06,0.0001328990309384456
1702,511,assistant,7,0.05,user,1,1.514680792847835e-06,0.997613978148977,0.00023226584535295967,0.001637873677807737,0.0005143676470694506
1703,512,assistant,7,0.05,user,1,3.3190928107187825e-06,0.2102284337569291,0.021543491474498275,0.7484521631987153,0.01977259247704663
978,1,user,2,0.05,tool,-1,0.0014795785447977608,0.9857021220422555,0.010374225276469603,0.0017455622351995096,0.0006985119012776287
979,2,user,2,0.05,tool,-1,0.0001853569975383678,0.9997969681033524,1.2808745108228316e-05,2.158174180503346e-06,2.7079798204838356e-06
980,3,user,2,0.05,tool,-1,0.0018883409716689596,0.994059563711452,0.0031456314354808327,0.00042814850845686824,0.00047831537294138404
981,4,user,2,0.05,tool,-1,0.0027937400668995058,0.9938236306976299,0.0007553869287274288,0.0025867414093077436,4.050089743556121e-05
982,5,user,2,0.05,tool,-1,0.00040407491026296655,0.9992565285061342,4.2814905277828815e-05,0.00029472633093948023,1.8553473852612865e-06
983,6,user,2,0.05,tool,-1,0.014926016524211565,0.9838390924428824,0.000395192798596315,0.0008341978637467315,5.500370563042966e-06
984,7,user,2,0.05,tool,-1,0.0006101279664188418,0.9987191877529461,7.464619942795062e-05,0.0005938192899559747,2.2187912512014655e-06
985,8,user,2,0.05,tool,-1,4.63531780415927e-05,0.9999507004592209,1.3766215440185243e-06,1.2639719823123124e-06,3.0576921106324807e-07
986,9,user,2,0.05,tool,-1,0.0011442406684660017,0.9976104734303247,0.00036236450821012416,0.0008690909849028317,1.3830408096356165e-05
987,10,user,2,0.05,tool,-1,0.00036087152460516337,0.9904730879640516,0.0011130779338790228,0.008031947854500643,2.1014722963343728e-05
988,11,user,2,0.05,tool,-1,0.00022046613557997135,0.9997696245143317,9.340177023885576e-06,9.758091134142254e-08,4.7159215314410125e-07
989,12,user,2,0.05,tool,-1,6.626875889712271e-05,0.9992724242856276,0.0006430590763580724,1.417655158074126e-06,1.6830223959112e-05
990,13,user,2,0.05,tool,-1,0.007205340036204556,0.9927201891756215,7.129349646756068e-05,2.549459315235331e-06,6.278323912168354e-07
991,14,user,2,0.05,tool,-1,0.0001284311141548209,0.9998553439108918,7.248427550117626e-06,8.925106564942477e-06,5.144083818066984e-08
992,15,user,2,0.05,tool,-1,0.00733068993807397,0.9884688303270831,0.0006527866438185216,0.003544602818054487,3.0902729699086177e-06
993,16,user,2,0.05,tool,-1,0.00043361041194813686,0.9981752146110143,0.001217477579324357,0.00016634176061233876,7.355637100824485e-06
994,17,user,2,0.05,tool,-1,0.0008238496715559766,0.9923473571410103,0.0065480867888236365,0.00022550989215992627,5.5196506450178315e-05
995,18,user,2,0.05,tool,-1,0.00037906695027673225,0.9947119521845148,0.004813920260527485,8.635888420441464e-05,8.701720476602264e-06
996,19,user,2,0.05,tool,-1,0.0004049922164858199,0.9969036172717491,0.0026275403793200114,3.457674521889843e-05,2.9273387225964376e-05
997,20,user,2,0.05,tool,-1,0.0004269957984062257,0.998631727067123,0.000923473553889158,1.5910047197377305e-05,1.8935333841689747e-06
998,21,user,2,0.05,tool,-1,0.0065074590668006095,0.9892703680092108,0.002030862322928258,0.0021817028287759513,9.607772284418454e-06
999,22,user,2,0.05,tool,-1,0.0022658698799121273,0.9937823632098381,0.0027633700936932027,0.0011811091089315535,7.287707624993958e-06
1000,23,user,2,0.05,tool,-1,0.00743775298622857,0.988709846552867,0.0012898696339091397,0.002542161829409537,2.0368997585746125e-05
1001,24,user,2,0.05,tool,-1,0.000580452559223611,0.9915206233080887,0.0005377011767074691,0.007356381873276834,4.84108270330587e-06
1002,25,user,2,0.05,tool,-1,8.691211116428445e-06,0.9999819605756818,8.272374134614472e-07,8.477864909937794e-06,4.311087857535673e-08
1003,26,user,2,0.05,tool,-1,0.0001500289119928856,0.9988554618202513,0.0009709566628604834,2.1702126130120623e-05,1.8504787652803106e-06
1004,27,user,2,0.05,tool,-1,0.0006208396856081092,0.940891870793164,0.0582895788333825,0.00018486763071442203,1.2843057130798716e-05
1005,28,user,2,0.05,tool,-1,0.0006408571230137921,0.9934032804797442,0.0007419129548710456,0.005201865315717635,1.2084126653104421e-05
1006,29,user,2,0.05,tool,-1,0.00026535193919192073,0.391357575259838,0.00020846871411866276,0.6081685354037678,6.868308365465493e-08
1007,30,user,2,0.05,tool,-1,0.00243256381144154,0.9405789410307064,0.00019256294420421372,0.0567937964943737,2.135719274089229e-06
1008,31,user,2,0.05,tool,-1,0.00022693712075464256,0.9609246147389824,5.6322346822206215e-05,0.03879194724062386,1.785528168180962e-07
1009,32,user,2,0.05,tool,-1,0.0006848382592386393,0.9725097608375435,3.057823842454742e-05,0.026774482950754505,3.3971403888930524e-07
1010,33,user,2,0.05,tool,-1,0.0003541165189782003,0.9982327917388012,0.0005926057777017792,0.0008162311935510657,4.254770967750624e-06
1011,34,user,2,0.05,tool,-1,0.0007058566358829497,0.9961473533362705,0.00010504339568298149,0.00303489837392528,6.8482582385713894e-06
1012,35,user,2,0.05,tool,-1,0.00010246185417008303,0.9983401270925355,0.0008851802995157889,0.0006710745258847474,1.156227893540661e-06
1013,36,user,2,0.05,tool,-1,4.9585697323912033e-05,0.9994702910047897,0.0003772653904102372,9.988995915008736e-05,2.967948326112212e-06
1014,37,user,2,0.05,tool,-1,0.0002470490386667088,0.998649648321953,8.817842707777e-05,0.0009906189734018214,2.4505238900672753e-05
1015,38,user,2,0.05,tool,-1,3.43457373899454e-05,0.9995599611160711,7.860713247103839e-06,0.00039710371832486996,7.287149670915727e-07
1016,39,user,2,0.05,tool,-1,1.893817886816885e-05,0.9985660188296597,1.2213515624061716e-05,0.0014026246392139753,2.0483663416255128e-07
1017,40,user,2,0.05,tool,-1,9.287111866534442e-05,0.9981973210021657,4.333648821113759e-05,0.0016663729992839292,9.839167402629952e-08
1018,41,user,2,0.05,tool,-1,7.628733197852449e-06,0.9996861805696248,0.00026128675616398706,4.4678804326823964e-05,2.2513668646640192e-07
1019,42,user,2,0.05,tool,-1,5.78088028221953e-05,0.9954051441608506,0.00027726992249823336,0.004255457906166073,4.319207663060585e-06
1020,43,user,2,0.05,tool,-1,5.8601579254965835e-05,0.9985913690561499,3.555190182427916e-05,0.001312863495129786,1.6139676413145245e-06
1021,44,user,2,0.05,tool,-1,8.291478502660482e-05,0.9960440130316552,0.0001198500888336662,0.003750486665443072,2.7354290412652415e-06
1023,45,cot,3,0.05,tool,-1,2.1973348855824093e-08,1.2286055606717114e-05,0.9875676812425509,0.012390167429202686,2.984329929078844e-05
1024,46,cot,3,0.05,tool,-1,9.393595516209858e-08,0.00011396407095007463,0.9976063971196466,0.0021646859760648743,0.00011485889738315042
1025,47,cot,3,0.05,tool,-1,5.561220242520473e-09,3.683936410569593e-06,0.9988254976485808,0.0010880154403718667,8.279741341651501e-05
1026,48,cot,3,0.05,tool,-1,3.2621586380985137e-07,0.00030155829070380944,0.8121265187542391,0.18753599551229233,3.560122690080102e-05
1027,49,cot,3,0.05,tool,-1,1.0556928142400074e-05,0.04187702808137314,0.9109628507925356,0.045849788666426895,0.0012997755315218944
1028,50,cot,3,0.05,tool,-1,9.718488519646003e-07,0.0006716524272091158,0.9888718033417976,0.008321088560470976,0.00213448382167057
1029,51,cot,3,0.05,tool,-1,1.5313142484737621e-06,0.0015725674013451014,0.9314272269993624,0.06682253363838654,0.0001761406466574407
1030,52,cot,3,0.05,tool,-1,4.3671600797794287e-07,0.00014267022441559972,0.7962863328744321,0.20346264290171712,0.00010791728342723302
1031,53,cot,3,0.05,tool,-1,2.3002255794774334e-10,6.634650661341852e-08,0.9927882622979725,0.007205819261742751,5.851863755631602e-06
1032,54,cot,3,0.05,tool,-1,3.6324341131621333e-07,0.00014698571580591932,0.9495547560468651,0.05024075515052551,5.713984339234756e-05
1033,55,cot,3,0.05,tool,-1,0.00019915361533115125,0.11710856098974823,0.5631368014815966,0.3184387254612724,0.0011167584520514469
1034,56,cot,3,0.05,tool,-1,3.065946676396979e-05,0.15645854969546721,0.7746589535239684,0.06845998376577643,0.0003918535480242565
1035,57,cot,3,0.05,tool,-1,1.7055509180363114e-05,0.9236970919761038,0.04216329278911582,0.033986458667337675,0.00013610105826241634
1036,58,cot,3,0.05,tool,-1,3.7254918362061457e-07,0.0052177164907753,0.9824136434655041,0.012235675510215668,0.0001325919843211432
1037,59,cot,3,0.05,tool,-1,3.0637239310190096e-06,0.001957108621698069,0.013187964341376382,0.9848514231006699,4.402123246238031e-07
1038,60,cot,3,0.05,tool,-1,2.0732250105364067e-06,0.00906283882914785,0.8969787152842026,0.09378169815396754,0.00017467450767136888
1039,61,cot,3,0.05,tool,-1,8.39494910071901e-06,0.14442443149698225,0.008275427220053736,0.847289968789009,1.7775448542744287e-06
1040,62,cot,3,0.05,tool,-1,9.969723147261603e-06,0.015793494211676366,0.6427014667739082,0.34144765999131443,4.740929995367591e-05
1041,63,cot,3,0.05,tool,-1,1.476788228188204e-06,0.007030925665939201,0.0047518136096046815,0.9882130210924771,2.7628437508387466e-06
1042,64,cot,3,0.05,tool,-1,6.3731778432567175e-06,0.012564569932369065,0.9747853238622084,0.012464398118288273,0.00017933490929110515
1043,65,cot,3,0.05,tool,-1,1.3113337358981056e-06,0.0017780567029976751,0.7159317348447803,0.28206950968587474,0.0002193874326112652
1044,66,cot,3,0.05,tool,-1,1.6174798860520047e-06,0.0008651431453327682,0.1776393039754191,0.8213353216285282,0.00015861377083386646
1045,67,cot,3,0.05,tool,-1,3.202546245747597e-05,0.019764092898833283,0.16015092086757124,0.8199405229809732,0.00011243779016488339
1046,68,cot,3,0.05,tool,-1,4.413136057818851e-11,5.950468904170949e-08,0.9938449209053107,0.0061543391726393455,6.80373229584242e-07
1047,69,cot,3,0.05,tool,-1,3.9139270840571613e-10,6.555444232731583e-09,0.799187844848425,0.20080584217952396,6.306025214137303e-06
1048,70,cot,3,0.05,tool,-1,2.4535491867023188e-08,4.625011136013687e-06,0.99730158094227,0.0026229351032209325,7.083440788108577e-05
1049,71,cot,3,0.05,tool,-1,1.0288273593039296e-06,0.0007691219696919201,0.9956416537426458,0.003355965674250778,0.00023222978605198576
1050,72,cot,3,0.05,tool,-1,3.1952330317555537e-07,0.0030797537451674006,0.9334370688528771,0.06336144191262745,0.00012141596602481872
1051,73,cot,3,0.05,tool,-1,5.640386623386179e-10,2.31019058103859e-06,0.9926858162333683,0.007309437006997905,2.4360050141547714e-06
1052,74,cot,3,0.05,tool,-1,1.3208590764420162e-10,2.0477396594575846e-07,0.9914251576964402,0.008469293956180403,0.00010534344132751728
1053,75,cot,3,0.05,tool,-1,2.2853015038402417e-08,1.2889121790592805e-06,0.9379579399455136,0.061254639508117784,0.0007861087811744278
1054,76,cot,3,0.05,tool,-1,1.3271218460774417e-06,0.00035291920743688276,0.8885026809630844,0.11108231801030327,6.07546973292721e-05
1055,77,cot,3,0.05,tool,-1,3.2933820152114395e-07,1.8223593671976442e-05,0.9882312087787966,0.011489053166064103,0.00026118512326575957
1056,78,cot,3,0.05,tool,-1,2.419996018552364e-07,0.00024289301532919646,0.9151998609689059,0.08452912297522498,2.7881040937953622e-05
1057,79,cot,3,0.05,tool,-1,1.8235021518661306e-06,0.00011762336857060872,0.14484126283925305,0.8550370812337051,2.2090563194022485e-06
1058,80,cot,3,0.05,tool,-1,1.4002612388522969e-09,1.24354800423509e-07,0.9522034258583635,0.04779102177527511,5.426611299718842e-06
1059,81,cot,3,0.05,tool,-1,8.406352863105631e-08,3.815090800496897e-05,0.8955663830861634,0.10434293090607719,5.245103622569128e-05
1060,82,cot,3,0.05,tool,-1,1.510205135538029e-05,0.00028456368759478286,0.20183097275778478,0.7978318154827255,3.754602053954807e-05
1061,83,cot,3,0.05,tool,-1,1.544484429114495e-05,0.0009616543263986579,0.8089532865008575,0.1900324956570638,3.7118671388992056e-05
1062,84,cot,3,0.05,tool,-1,7.432420157669382e-11,5.903094673627987e-09,0.9545568582212021,0.04544230614230261,8.296590762864576e-07
1063,85,cot,3,0.05,tool,-1,3.661239352860567e-12,3.505887648045002e-11,0.8505646082525232,0.14943527351694186,1.1819181477728544e-07
1064,86,cot,3,0.05,tool,-1,6.716799085747017e-11,3.92530073643794e-09,0.36966724365458015,0.6303301613424819,2.591010469222883e-06
1065,87,cot,3,0.05,tool,-1,1.4911788771928846e-09,7.509206784302848e-08,0.03310056668374734,0.9668993500462462,6.686759810199992e-09
1066,88,cot,3,0.05,tool,-1,4.5539726792420326e-09,2.6420241695320734e-07,0.040062915144174545,0.9599359018838883,9.142155476665951e-07
1067,89,cot,3,0.05,tool,-1,1.6400678793941666e-08,4.684289451612793e-08,0.006765406482446167,0.9932342921261651,2.3814781537907656e-07
1068,90,cot,3,0.05,tool,-1,1.4051100285911829e-08,1.737220582063288e-07,0.03670564633623492,0.9632931242545987,1.0416360079731303e-06
1069,91,cot,3,0.05,tool,-1,6.570008009507747e-08,4.981294777676921e-06,0.04621430356635303,0.953774746306452,5.903132337139839e-06
1070,92,cot,3,0.05,tool,-1,7.857125128166553e-09,3.512695504871503e-07,0.039685454951768305,0.9603141059216125,7.999994360483078e-08
1071,93,cot,3,0.05,tool,-1,1.2439904314166634e-12,4.538065010176718e-12,0.05425715348225173,0.945742840081843,6.430123139677435e-09
1072,94,cot,3,0.05,tool,-1,3.4358086188211607e-10,2.1701416078148283e-08,0.4235415004931007,0.5764552726384594,3.2048234429923274e-06
1073,95,cot,3,0.05,tool,-1,2.5057267658168423e-08,1.6391715756954835e-06,0.16741943468800935,0.8325708082263147,8.092856832791845e-06
1074,96,cot,3,0.05,tool,-1,3.8496219367164326e-10,4.285496023229445e-08,0.19622203765080157,0.8037771376109883,7.814982875909914e-07
1075,97,cot,3,0.05,tool,-1,1.1403031668820646e-08,3.802839213131174e-07,0.15632815547807566,0.843654334124503,1.7118710468370666e-05
1076,98,cot,3,0.05,tool,-1,2.4756372506698226e-09,8.806903395221863e-08,0.10227663786070504,0.8977179156177951,5.355976828590596e-06
1077,99,cot,3,0.05,tool,-1,1.0906022932549573e-06,5.1091265804850694e-05,0.4374859111511983,0.5623617544283053,0.00010015255239825542
1078,100,cot,3,0.05,tool,-1,8.300560576736908e-08,8.885811730335648e-07,0.013949345521552185,0.9860313666968339,1.8316194835068196e-05
1079,101,cot,3,0.05,tool,-1,6.711413753288895e-07,0.00012407228365422253,0.00605115863651107,0.9938165427009115,7.555237547800642e-06
1080,102,cot,3,0.05,tool,-1,3.0270872343402374e-09,1.2087212208857452e-07,0.021612784409536914,0.9783784292638973,8.662427356366716e-06
1081,103,cot,3,0.05,tool,-1,6.315082347642884e-08,1.7943486356339073e-07,0.004518795500417546,0.9954738415987425,7.120315152908157e-06
1082,104,cot,3,0.05,tool,-1,3.2930057964196466e-09,5.6721285563232166e-08,0.0045287460770221935,0.9954698161513471,1.3777573392717736e-06
1083,105,cot,3,0.05,tool,-1,1.7559690235213428e-10,2.9970042271548704e-09,0.09523481708079876,0.9047650340244411,1.4572215895958206e-07
1084,106,cot,3,0.05,tool,-1,1.528735020405495e-09,1.1604376450327125e-07,0.07793081791662491,0.9220662481064417,2.8164044338190022e-06
1085,107,cot,3,0.05,tool,-1,1.264958646751604e-06,5.857282406811827e-05,0.002045423752505322,0.9978945512331031,1.8723167683300278e-07
1086,108,cot,3,0.05,tool,-1,2.037766145358561e-07,4.482038777967746e-06,0.0014115930197060437,0.9985833612347051,3.5993019635162295e-07
1087,109,cot,3,0.05,tool,-1,3.5722220861996336e-10,3.686572107050433e-08,0.004042660236519191,0.9959572525162929,5.0024244769051974e-08
1088,110,cot,3,0.05,tool,-1,2.0330988067826836e-06,0.0010026635704290044,0.0013026979642800794,0.9976924376322447,1.677342394585412e-07
1089,111,cot,3,0.05,tool,-1,3.8279837217532913e-07,3.986269685574624e-06,0.02117203159696182,0.978819675113621,3.924221359444818e-06
1090,112,cot,3,0.05,tool,-1,1.5849278737697365e-09,6.119122852984784e-08,5.47787481936764e-05,0.9999451546400034,3.83564625750913e-09
1091,113,cot,3,0.05,tool,-1,1.2375157714830445e-09,4.134398279222857e-09,0.00013760302458793732,0.9998623893516456,2.25185236317877e-09
1092,114,cot,3,0.05,tool,-1,2.471128991411949e-07,9.430500281073144e-06,0.10647226634156405,0.8935148501947328,3.2058505228454036e-06
1093,115,cot,3,0.05,tool,-1,0.001380241819300092,0.010369751592098506,0.011281410993667267,0.9764601195158749,0.0005084760790594299
1094,116,cot,3,0.05,tool,-1,3.908472595455951e-05,0.00013114618795834838,0.0017181011096695877,0.9980240797914565,8.758818496092344e-05
1095,117,cot,3,0.05,tool,-1,8.791029376041715e-08,8.768122878001826e-08,0.012609098164278248,0.987381145158291,9.581085908249119e-06
1096,118,cot,3,0.05,tool,-1,3.317304293178656e-07,6.9232741000226885e-06,0.00212565133691694,0.9978639818921416,3.111766412162362e-06
1097,119,cot,3,0.05,tool,-1,7.084864307765782e-08,1.6487838509264348e-07,0.04439694517018724,0.9555876884324459,1.5130670338659202e-05
1098,120,cot,3,0.05,tool,-1,0.00045151428315246656,0.033697475502611776,0.23161361239409375,0.7337708128746305,0.0004665849455114252
1099,121,cot,3,0.05,tool,-1,1.4577348720641505e-09,2.065599270684626e-08,0.13719433420384097,0.8628044559066923,1.1877757393220685e-06
1100,122,cot,3,0.05,tool,-1,1.1576604872461423e-10,5.38554605177046e-09,0.011827094457177513,0.9881725885786145,3.114628958326419e-07
1101,123,cot,3,0.05,tool,-1,3.3273497477157323e-06,8.061456010240713e-05,0.07871611968855427,0.9211762016219832,2.3736779612574026e-05
1102,124,cot,3,0.05,tool,-1,2.568366361076529e-09,1.596515824983526e-07,0.010448753011779643,0.9895502884390169,7.963292547134405e-07
1103,125,cot,3,0.05,tool,-1,2.922680828084204e-10,6.243096754314595e-10,0.01320297070740886,0.9867968949781663,1.3339784715544745e-07
1104,126,cot,3,0.05,tool,-1,7.709589494799824e-11,5.6177748734365687e-11,0.004017450642582822,0.9959825318985783,1.7325565230054734e-08
1106,127,assistant,4,0.05,tool,-1,2.3018443020544478e-15,4.7848990704715667e-14,7.742184593507144e-05,0.9999225781500561,3.958618856592402e-12
1107,128,assistant,4,0.05,tool,-1,4.0425960161484085e-15,1.0307402407174601e-13,3.90839025304159e-06,0.9999960916093102,3.2944977708125715e-13
1108,129,assistant,4,0.05,tool,-1,5.837856646857331e-15,1.8352901472335544e-14,1.2960790778399456e-05,0.9999870392091186,7.889350165877522e-14
1109,130,assistant,4,0.05,tool,-1,9.955330606956724e-13,1.7591723591136153e-12,5.621700161798317e-07,0.9999994378201588,7.070301936353135e-12
1110,131,assistant,4,0.05,tool,-1,1.2081039529626592e-14,1.0972066128589647e-13,1.5469120300526472e-07,0.9999998453082917,3.8348219036035426e-13
1111,132,assistant,4,0.05,tool,-1,4.133014553976992e-16,3.66647828203376e-15,3.757488045786489e-08,0.9999999624250627,5.2863389900564206e-14
1112,133,assistant,4,0.05,tool,-1,1.2618217745828522e-17,7.582303667074619e-16,7.84806417287221e-08,0.9999999215193566,9.34396490345535e-16
1113,134,assistant,4,0.05,tool,-1,6.383768840734695e-15,3.682662666027923e-14,2.2081394506111853e-07,0.9999997791856484,3.633000838624615e-13
1114,135,assistant,4,0.05,tool,-1,4.717979014381452e-14,1.904007831157657e-14,2.606541540384532e-07,0.9999997393453026,4.772687916518972e-13
1115,136,assistant,4,0.05,tool,-1,2.1178182512169825e-15,1.0583895963432138e-14,5.486392167667745e-08,0.9999999451359171,1.4861842461892058e-13
1116,137,assistant,4,0.05,tool,-1,1.1705746721847568e-14,7.289253264675713e-15,1.3830157076681314e-05,0.9999861698427566,1.4760603625298948e-13
1117,138,assistant,4,0.05,tool,-1,3.651018052085248e-14,4.5395548682082474e-14,5.47935997958358e-06,0.9999945206389647,9.738191938341478e-13
1118,139,assistant,4,0.05,tool,-1,3.9911117518379204e-13,4.941669115814401e-13,2.2807830401354233e-06,0.9999977192066083,9.458453831361929e-12
1119,140,assistant,4,0.05,tool,-1,2.5411104868124157e-09,1.2417843554632974e-06,1.02128186686738e-06,0.9999977337277474,6.64919752613713e-10
1120,141,assistant,4,0.05,tool,-1,2.6842166588293128e-14,3.367721173573993e-12,1.223538639858027e-07,0.9999998776403328,2.408777991183709e-12
1121,142,assistant,4,0.05,tool,-1,1.003848658613607e-08,2.7357175929415383e-06,2.377137659205633e-05,0.9999734813688387,1.4984897779551513e-09
1122,143,assistant,4,0.05,tool,-1,1.0900476640292016e-10,2.5336086704961764e-09,1.540049562469513e-07,0.9999998433415523,1.0877902549504554e-11
1123,144,assistant,4,0.05,tool,-1,7.8626601184619315e-16,3.859984069630631e-14,1.0274164837070348e-07,0.9999998972578094,5.029119248935875e-13
1124,145,assistant,4,0.05,tool,-1,6.469607722905605e-12,3.476264678230671e-11,7.890434935788656e-08,0.9999999210540764,3.4187672158619873e-13
1125,146,assistant,4,0.05,tool,-1,5.983620806103457e-14,2.327664346575636e-11,1.7991057190024659e-06,0.9999982008706326,3.120621385527465e-13
1126,147,assistant,4,0.05,tool,-1,9.09881782687968e-10,3.5088904789002124e-08,5.038784554193292e-06,0.9999949251905684,2.60906949929117e-11
1127,148,assistant,4,0.05,tool,-1,1.826876648642307e-08,9.103183809492403e-06,1.3151006242548587e-05,0.9999777249964554,2.544726187898542e-09
1128,149,assistant,4,0.05,tool,-1,3.7834207955498955e-07,0.0002787879628639858,5.499499568706605e-06,0.9997153334421923,7.5329542972468e-10
1129,150,assistant,4,0.05,tool,-1,8.272016457302856e-09,6.507768088643569e-06,2.55243133983765e-06,0.9999909313111562,2.1739872871505955e-10
1130,151,assistant,4,0.05,tool,-1,2.9166429106738564e-09,1.4307490410840484e-06,3.446891529275806e-05,0.9999640970526801,3.663430325616919e-10
1131,152,assistant,4,0.05,tool,-1,2.735880573318239e-10,2.0746983449175416e-08,4.531820931963221e-07,0.9999995257846437,1.2691697477576442e-11
1132,153,assistant,4,0.05,tool,-1,2.8204199674960653e-12,4.9212633844363415e-09,4.4102307808499844e-07,0.9999995537918055,2.610326165048809e-10
1133,154,assistant,4,0.05,tool,-1,3.657305932908378e-12,3.5395331824757523e-10,1.273360105500514e-07,0.9999998722417877,6.459129494892506e-11
1134,155,assistant,4,0.05,tool,-1,1.8987756180845833e-09,1.6693654076874497e-06,5.072588703263007e-05,0.9999475956869613,7.161822713131729e-09
1135,156,assistant,4,0.05,tool,-1,3.6335443626702934e-12,7.848293751563663e-09,1.2103288906234587e-06,0.9999987817671288,5.2053368086050225e-11
1136,157,assistant,4,0.05,tool,-1,3.977981632080718e-10,3.5580227185325454e-07,4.2550480605279306e-05,0.9999570848791152,8.440209547608295e-09
1137,158,assistant,4,0.05,tool,-1,1.4657875347001292e-08,2.7663511448868235e-07,3.432871050080741e-05,0.9999653792891706,7.073387971055983e-10
1138,159,assistant,4,0.05,tool,-1,1.4378569128428019e-11,3.0201207042088763e-10,4.6650377892741806e-07,0.9999995331763399,3.4904382931925803e-12
1139,160,assistant,4,0.05,tool,-1,9.689734377769477e-08,0.00013617716920043323,3.745368920261462e-05,0.999826271918137,3.2611625037678527e-10
1140,161,assistant,4,0.05,tool,-1,3.4333450023658796e-12,6.145943633346134e-11,2.110848170996919e-08,0.9999999788257379,8.877801851054393e-13
1141,162,assistant,4,0.05,tool,-1,2.3913626355812205e-14,1.077400391952869e-13,3.157624042211013e-07,0.9999996842362624,1.2017617293528266e-12
1142,163,assistant,4,0.05,tool,-1,1.5768454265566753e-11,2.1218334971547565e-09,6.760087227825962e-07,0.999999321814547,3.9128141430448297e-11
1143,164,assistant,4,0.05,tool,-1,9.351204364738858e-17,2.5054360828626597e-15,6.742513388060598e-07,0.9999993257486567,2.0419637785147105e-15
1144,165,assistant,4,0.05,tool,-1,4.732974939873294e-09,1.7810307728304146e-07,0.0004314368738554363,0.99956837658289,3.7072023985401744e-09
1145,166,assistant,4,0.05,tool,-1,2.1372869815895467e-14,1.8649909820274562e-13,1.132455564666009e-07,0.9999998867538602,3.755215711024063e-13
1146,167,assistant,4,0.05,tool,-1,3.398075379085234e-11,3.3278185680945346e-10,1.001711884750844e-07,0.9999998994615528,4.959424422284641e-13
1147,168,assistant,4,0.05,tool,-1,4.805280919120222e-13,1.87148421961601e-11,2.7685996071192814e-08,0.9999999722925502,2.2584270579648615e-12
1148,169,assistant,4,0.05,tool,-1,5.293180372438953e-13,1.483975119834889e-11,1.1210808823595329e-08,0.999999988772844,9.781729893284952e-13
1149,170,assistant,4,0.05,tool,-1,1.756680464283418e-09,7.28320937418333e-09,2.0332191043161044e-06,0.9999979577168967,2.4109101328282306e-11
1150,171,assistant,4,0.05,tool,-1,1.8950496210578396e-12,6.592715977019492e-13,1.9225746588945677e-07,0.9999998077328925,7.087222888153311e-12
1151,172,assistant,4,0.05,tool,-1,1.4904671662615615e-08,1.6102118855040362e-08,3.510569083128299e-05,0.999964861868236,1.4341422012857011e-09
1152,173,assistant,4,0.05,tool,-1,3.1104471697947585e-08,1.1067704611377181e-08,3.628379618389443e-05,0.999963666870405,7.1612346773903075e-09
1153,174,assistant,4,0.05,tool,-1,6.15339168155089e-12,1.0081577427834395e-10,2.2148708932090048e-07,0.9999997784046513,1.2902722534700847e-12
1154,175,assistant,4,0.05,tool,-1,2.4342429788913416e-08,3.960508248645359e-07,4.45270547463152e-07,0.9999991341204056,2.157922365222772e-10
1155,176,assistant,4,0.05,tool,-1,4.537712869537238e-11,4.248770243021004e-10,2.15243595652579e-06,0.9999978470275656,6.62238730004198e-11
1156,177,assistant,4,0.05,tool,-1,4.835162816031867e-10,6.669409806209749e-11,2.6665318935789222e-06,0.9999973328698109,4.8085110956278226e-11
1157,178,assistant,4,0.05,tool,-1,4.178007079638367e-11,8.525721109111809e-10,1.844536095974493e-06,0.9999981545430106,2.65413605042915e-11
1158,179,assistant,4,0.05,tool,-1,2.033657008313677e-12,2.619249418642861e-12,9.50823854735378e-09,0.9999999904870155,9.300189264368618e-14
1159,180,assistant,4,0.05,tool,-1,1.5843445331305529e-10,4.619344255465336e-10,1.8013706519975413e-07,0.9999998192117376,3.082827537010993e-11
1160,181,assistant,4,0.05,tool,-1,1.4460239210364908e-09,6.2055510928035124e-09,8.871904323070557e-07,0.9999991050294353,1.2855742895885997e-10
1161,182,assistant,4,0.05,tool,-1,2.017207088345958e-09,2.190594241638532e-08,4.974441969339233e-06,0.999995001440339,1.9454202993539086e-10
1162,183,assistant,4,0.05,tool,-1,1.2673372182873238e-10,4.807929341837658e-10,3.0864437609327494e-06,0.9999969129062241,4.248839780273811e-11
1163,184,assistant,4,0.05,tool,-1,7.394534501702157e-12,7.546634004573509e-12,2.4219433589171603e-07,0.9999997577899513,7.71653329772872e-13
1164,185,assistant,4,0.05,tool,-1,1.4874213607764881e-12,1.159775585124175e-12,8.966912624516029e-09,0.9999999910298224,6.177254743748481e-13
1165,186,assistant,4,0.05,tool,-1,4.016838758405806e-10,7.308072121343429e-10,4.320507149765028e-07,0.9999995663058898,5.10904061283097e-10
1166,187,assistant,4,0.05,tool,-1,1.7235270471224025e-08,2.535124926060901e-08,6.588516021149217e-06,0.9999933656192964,3.2781626190790083e-09
1167,188,assistant,4,0.05,tool,-1,1.757199539501589e-10,1.2138082159999391e-09,1.1017544470254874e-06,0.999998896743734,1.122906612522935e-10
1168,189,assistant,4,0.05,tool,-1,7.843829307916552e-12,5.841147729654663e-11,1.0226421261510857e-07,0.9999998976624895,7.0425092929546475e-12
1169,190,assistant,4,0.05,tool,-1,2.973830901593905e-12,4.311684517437182e-11,6.257181929067412e-08,0.9999999373817611,3.2891329605751033e-13
1170,191,assistant,4,0.05,tool,-1,2.3582419240428754e-11,4.0567962350858694e-11,4.41323120337029e-08,0.9999999558012485,2.2892570582238953e-12
1171,192,assistant,4,0.05,tool,-1,8.892827844824045e-12,3.1339521998596075e-11,6.915639582918243e-08,0.9999999308010082,2.3637704763637648e-12
1172,193,assistant,4,0.05,tool,-1,3.280808421146565e-10,9.809522105930611e-10,1.0556830434062244e-06,0.9999989421672294,8.406941326254534e-10
1173,194,assistant,4,0.05,tool,-1,1.4064490889841558e-13,5.931033721873073e-13,9.354841434356716e-09,0.9999999906442735,1.514354017227775e-13
1174,195,assistant,4,0.05,tool,-1,1.2543811839345708e-13,1.8236446137250102e-13,8.221982432222659e-09,0.9999999917776429,6.685434872340625e-14
1175,196,assistant,4,0.05,tool,-1,9.90290355684205e-11,1.0039797438047129e-10,2.8449086891044776e-07,0.9999997152123198,9.738420251673218e-11
1176,197,assistant,4,0.05,tool,-1,2.633488494155538e-09,2.873771026564315e-08,2.186575368967176e-06,0.9999977818364325,2.169996567517397e-10
1177,198,assistant,4,0.05,tool,-1,2.419692679945568e-08,2.0825376483506037e-07,1.6838207657216374e-05,0.9999828759749732,5.3366678005550005e-08
1178,199,assistant,4,0.05,tool,-1,4.965935504410653e-05,3.62880095761688e-05,0.00019913321133209727,0.9997147762146308,1.4320941689306934e-07
1179,200,assistant,4,0.05,tool,-1,1.443734679065193e-11,1.0002136426960018e-10,1.2001702648043854e-07,0.9999998797974636,7.105106386984605e-11
1180,201,assistant,4,0.05,tool,-1,4.577300583250393e-11,1.584122887716909e-10,3.7408476782136997e-07,0.9999996256458372,6.520969261585876e-11
1181,202,assistant,4,0.05,tool,-1,1.4765259475398218e-08,9.733850369933444e-09,9.088945839991835e-06,0.9999908847876008,1.767449406234086e-09
1182,203,assistant,4,0.05,tool,-1,3.1246959889496666e-10,1.6058952546251936e-09,2.4351087508302934e-06,0.9999975628852088,8.767570108305004e-11
1183,204,assistant,4,0.05,tool,-1,6.018588318000387e-11,1.0994064890940524e-10,2.5506205942399464e-07,0.9999997447595982,8.21579044079788e-12
1184,205,assistant,4,0.05,tool,-1,5.362591028131115e-12,5.4483640429612746e-11,6.715842230675626e-08,0.9999999327811874,5.44337843493103e-13
1185,206,assistant,4,0.05,tool,-1,2.3131939097159462e-11,7.795057148777687e-11,5.079633772516427e-07,0.9999994919057617,2.977870007323204e-11
1186,207,assistant,4,0.05,tool,-1,3.9479643057033895e-10,7.57355756712078e-11,1.0063867388203493e-07,0.9999998988896468,1.1474015005558058e-12
1187,208,assistant,4,0.05,tool,-1,6.472937029265799e-11,1.4145395350020064e-09,1.3410433715663288e-07,0.9999998644110544,5.339575706798123e-12
1188,209,assistant,4,0.05,tool,-1,4.70119279323884e-09,5.093141606114424e-08,3.172390962773298e-05,0.9999682204021899,5.557356755950223e-11
1189,210,assistant,4,0.05,tool,-1,2.0488843863562355e-09,1.7326977623489468e-09,2.168300114977688e-06,0.9999978279019475,1.635543607643434e-11
1190,211,assistant,4,0.05,tool,-1,1.3387725238561787e-09,3.106849265216871e-10,8.159002278142456e-07,0.999999182440289,1.0025780634336825e-11
1191,212,assistant,4,0.05,tool,-1,9.67278347523452e-15,1.5113897164437586e-14,4.617424051871638e-09,0.9999999953825232,2.788187871415037e-14
1192,213,assistant,4,0.05,tool,-1,8.116194026766525e-16,1.0930272550811436e-15,4.485846736079628e-08,0.9999999551415246,6.078122018261225e-15
1193,214,assistant,4,0.05,tool,-1,1.2274062056074153e-10,6.111787417847015e-10,3.767501122257999e-07,0.9999996224512167,6.475177396892697e-11
1194,215,assistant,4,0.05,tool,-1,9.533849132805161e-13,3.8543200925935037e-13,2.973711645184031e-08,0.9999999702596662,1.878509713762395e-12
1195,216,assistant,4,0.05,tool,-1,2.2671849644948848e-09,8.48481597951176e-09,1.788005084462201e-06,0.9999982012097293,3.318539159099208e-11
1196,217,assistant,4,0.05,tool,-1,1.0767093859275098e-10,3.670060495791145e-09,6.704747171134011e-08,0.9999999291632132,1.158371145172883e-11
1197,218,assistant,4,0.05,tool,-1,3.9890662815790226e-14,2.1982882182723435e-12,4.079790758560139e-10,0.9999999995897373,4.548034023601286e-14
1198,219,assistant,4,0.05,tool,-1,4.482681664127156e-14,1.908630610332965e-13,4.255643390556388e-09,0.9999999957440409,7.998593879036921e-14
1199,220,assistant,4,0.05,tool,-1,2.5196631357224208e-11,2.2883041970608467e-10,1.7003123341219603e-07,0.9999998296943927,2.0346830280395482e-11
1200,221,assistant,4,0.05,tool,-1,4.218923750666289e-08,1.2914599919430724e-06,4.077634550392358e-05,0.999957873240773,1.6764493686023368e-08
1201,222,assistant,4,0.05,tool,-1,2.1281442482724506e-10,5.99572420219256e-09,2.6738705964396707e-06,0.9999973198064399,1.1442510980217895e-10
1202,223,assistant,4,0.05,tool,-1,2.5501755625806466e-11,9.97685521893532e-10,7.887933453395584e-07,0.9999992099259163,2.5755113799804623e-10
1203,224,assistant,4,0.05,tool,-1,1.1584899100008983e-13,3.4577661946928745e-13,4.216720108367967e-08,0.9999999578322936,4.372728735711637e-14
1204,225,assistant,4,0.05,tool,-1,6.240934458973359e-11,5.276462194143621e-10,4.962392791564196e-06,0.9999950369825332,3.4619718608031037e-11
1205,226,assistant,4,0.05,tool,-1,1.0209233404552527e-12,8.753129916539343e-11,4.150392569248829e-07,0.9999995848141249,5.806605691039034e-11
1206,227,assistant,4,0.05,tool,-1,6.053885873252772e-08,1.2940185640046438e-07,7.0824098626933275e-06,0.9999926979737144,2.967570801232578e-08
1207,228,assistant,4,0.05,tool,-1,4.1042708742678433e-10,5.105380947416175e-11,3.7520966148794394e-07,0.9999996242010638,1.2779373010941937e-10
1208,229,assistant,4,0.05,tool,-1,8.154809855397104e-13,3.5903578781984096e-13,7.059226650263577e-08,0.9999999294042933,2.2658265163291433e-12
1209,230,assistant,4,0.05,tool,-1,8.483257387610439e-09,1.80492071178139e-09,8.717524991064206e-07,0.9999991178685946,9.072814575320387e-11
1210,231,assistant,4,0.05,tool,-1,1.0001228709320795e-08,2.9675127279748893e-08,4.326106192681801e-06,0.9999956284300506,5.787400784497263e-09
1211,232,assistant,4,0.05,tool,-1,5.239514894237136e-10,6.72719602483299e-10,1.0097730618621509e-07,0.9999998978184603,7.562478302972611e-12
1212,233,assistant,4,0.05,tool,-1,3.4472514263098852e-12,1.4498208158747593e-11,6.005983115915854e-08,0.9999999399186706,3.552798036944732e-12
1213,234,assistant,4,0.05,tool,-1,1.3087132904979851e-12,1.3237658702838154e-11,7.19168857668547e-08,0.9999999280433581,2.5209742463611794e-11
1214,235,assistant,4,0.05,tool,-1,6.609107895224201e-10,5.464659764903804e-08,6.024549090529531e-06,0.9999939191697728,9.736283377943156e-10
1215,236,assistant,4,0.05,tool,-1,6.248499307276432e-11,3.8389399501020453e-10,6.848235850784459e-08,0.9999999309975055,7.375699809747678e-11
1216,237,assistant,4,0.05,tool,-1,6.559773895186379e-14,7.39951611786294e-14,8.61271585516233e-09,0.9999999913863734,7.712055921529634e-13
1217,238,assistant,4,0.05,tool,-1,4.6717534526301e-10,6.900591904177619e-09,2.29199154810808e-07,0.9999997633490234,8.405451508042735e-11
1218,239,assistant,4,0.05,tool,-1,2.585819638500092e-13,2.6313089329387333e-13,6.309377327463053e-09,0.9999999936900357,6.524727132160421e-14
1219,240,assistant,4,0.05,tool,-1,2.574293477641261e-11,7.044031513679815e-12,5.1710417841485565e-08,0.999999948251898,4.897155470287632e-12
1220,241,assistant,4,0.05,tool,-1,1.7987374585352037e-11,4.2241752112884754e-11,6.420144696231139e-08,0.9999999357327559,5.567951248088607e-12
1221,242,assistant,4,0.05,tool,-1,1.108374157384362e-09,3.6430849643478846e-09,1.4725297867147582e-05,0.9999852690358911,9.147826216261343e-10
1222,243,assistant,4,0.05,tool,-1,3.36759309646748e-10,1.9095472816260082e-10,2.28847405426979e-06,0.9999977108800326,1.1819900931783552e-10
1223,244,assistant,4,0.05,tool,-1,2.5917964243380182e-11,3.029615487644179e-11,8.002947153326966e-07,0.9999991995204256,1.2864501593817413e-10
1224,245,assistant,4,0.05,tool,-1,3.807569835887602e-10,4.780994901537047e-10,4.6768201793759915e-06,0.9999953220513306,2.6963356581170415e-10
1225,246,assistant,4,0.05,tool,-1,1.1797910276450999e-09,3.840643264312637e-10,4.340854389939456e-06,0.9999956574797546,1.0200018927591772e-10
1436,247,user,5,0.05,tool,-1,2.5800315235423944e-08,2.26993252930746e-06,0.0008111891074653748,0.9991865137603463,1.3993438451037271e-09
1437,248,user,5,0.05,tool,-1,5.370684750683837e-09,1.1157402624756926e-07,0.00011946758556414759,0.9998804148417295,6.279954751401367e-10
1438,249,user,5,0.05,tool,-1,9.904329178940425e-14,1.7463012761158317e-11,6.90526963734809e-07,0.9999993094552119,2.6232976699758897e-13
1439,250,user,5,0.05,tool,-1,3.1927936544535877e-10,7.179292958925247e-08,1.0437531989972055e-05,0.9999894902843373,7.146388339317543e-11
1440,251,user,5,0.05,tool,-1,2.119276039731871e-09,1.3232059853111983e-06,5.075035280888078e-06,0.9999935993964789,2.429788761811991e-10
1441,252,user,5,0.05,tool,-1,1.1868136910224726e-08,8.06499188849575e-05,4.0414464318733333e-05,0.9998789233369882,4.1167133448136147e-10
1442,253,user,5,0.05,tool,-1,5.9886964988275955e-09,1.2563903135494312e-05,0.0001416544693188917,0.9998457716219518,4.016897268349588e-09
1443,254,user,5,0.05,tool,-1,2.410118304198099e-09,4.857232224944493e-07,1.0024748389619943e-05,0.9999894864811519,6.371176983233037e-10
1444,255,user,5,0.05,tool,-1,1.4779477922481647e-07,0.0010216970173239097,4.620242608386845e-05,0.9989319509795592,1.7822536471335219e-09
1445,256,user,5,0.05,tool,-1,1.735244554960066e-07,0.00034371586439191197,2.076860913453258e-05,0.9996353282203706,1.3781647503712202e-08
1446,257,user,5,0.05,tool,-1,8.1062726465537e-08,0.00013118631611698484,0.009582542186734797,0.9902859903729899,2.000614318904336e-07
1447,258,user,5,0.05,tool,-1,9.278283723670337e-08,0.0003458592047796361,0.00014990960077393176,0.9995039748164082,1.6359520110323973e-07
1448,259,user,5,0.05,tool,-1,4.708027466056304e-09,8.625199823589187e-05,4.661254210353294e-05,0.999867125839277,4.912355983743275e-09
1449,260,user,5,0.05,tool,-1,2.5919799139156145e-06,0.08672957444032973,0.0010948820611950624,0.9121727983921283,1.5312643295365128e-07
1450,261,user,5,0.05,tool,-1,1.3300466643404657e-07,0.00010617000438228327,5.0642180731721505e-06,0.9998886296527837,3.120094270014029e-09
1451,262,user,5,0.05,tool,-1,8.689544773998791e-10,2.248397984255712e-05,8.102602072141819e-07,0.9999767048429371,4.8058674142681253e-11
1452,263,user,5,0.05,tool,-1,4.310933312745236e-11,9.562948914826669e-08,3.899414600994099e-08,0.9999998653324497,8.058991574615156e-13
1453,264,user,5,0.05,tool,-1,1.5001475259673216e-10,1.9084018921340962e-06,9.508448409010661e-07,0.9999971405944347,8.817677013310418e-12
1454,265,user,5,0.05,tool,-1,4.093521705607267e-09,0.0008263646662822733,6.043362781553018e-06,0.9991675873713586,5.060558786935754e-10
1455,266,user,5,0.05,tool,-1,7.93866082548514e-09,0.00016275329934421168,3.183376458626002e-06,0.9998340524660322,2.919504169151109e-09
1456,267,user,5,0.05,tool,-1,5.718897412345968e-08,0.009894229275549138,2.9417668821455235e-06,0.9901027685375453,3.2310493445867656e-09
1457,268,user,5,0.05,tool,-1,2.410428091562556e-10,4.052840664387094e-06,1.2779576283099824e-06,0.999994668956842,3.822402127589819e-12
1458,269,user,5,0.05,tool,-1,2.5653685613060714e-08,0.0005048112007674162,2.9607711495157126e-05,0.9994655552348546,1.9919707368426105e-10
1459,270,user,5,0.05,tool,-1,4.721756238346528e-09,5.209134325706063e-05,7.529817026936416e-05,0.9998726055584137,2.0630350978659366e-10
1460,271,user,5,0.05,tool,-1,9.732473627688865e-07,0.18113808187261835,7.431774831753413e-05,0.8187865138790149,1.1325268648179581e-07
1461,272,user,5,0.05,tool,-1,8.856546515570913e-07,0.003485266068941662,1.9279274580503706e-06,0.9965119132237392,7.125209386842192e-09
1462,273,user,5,0.05,tool,-1,1.728210951060832e-05,0.14990681318331536,0.0002504543570082186,0.8498252676062631,1.8274390264002416e-07
1463,274,user,5,0.05,tool,-1,2.55139676779836e-05,0.24945357788342193,0.000503991337159024,0.7500168645960319,5.2215709193896296e-08
1464,275,user,5,0.05,tool,-1,2.6941126750676314e-06,0.18197368661081786,6.199272085342537e-05,0.817961604155322,2.2400331519931996e-08
1465,276,user,5,0.05,tool,-1,3.5093138808309053e-07,0.025345397915724367,7.234970830348126e-05,0.9745818984795065,2.9650776288176473e-09
1466,277,user,5,0.05,tool,-1,1.1722697290288717e-07,0.0023642236664470186,6.442198140798839e-05,0.9975711602678365,7.685733557889499e-08
1467,278,user,5,0.05,tool,-1,4.472073411287884e-07,0.09312371512648653,0.0013493112558243183,0.9055262486566643,2.7775368376576874e-07
1468,279,user,5,0.05,tool,-1,8.47841391005065e-10,3.721432716027268e-06,4.219464623897231e-08,0.9999962351964247,3.2837161384923836e-10
1469,280,user,5,0.05,tool,-1,3.578525553133233e-08,0.009594251002440962,1.846715472165698e-05,0.9903872109921873,3.506539457180315e-08
1470,281,user,5,0.05,tool,-1,2.4421312761001837e-08,0.0001349992844020722,2.3976330475989744e-07,0.9998647339745519,2.5564284079238753e-09
1471,282,user,5,0.05,tool,-1,4.1004617544260345e-07,0.00015763778695421387,2.306985801382427e-05,0.9998188424035217,3.9905334875390505e-08
1472,283,user,5,0.05,tool,-1,1.8803190190726625e-08,0.00671964780121261,9.365763690905608e-06,0.9932709649094466,2.7224597084295e-09
1473,284,user,5,0.05,tool,-1,4.702794178361797e-09,0.00025981426854725456,8.777954491002111e-06,0.9997314029300932,1.4407440984070228e-10
1474,285,user,5,0.05,tool,-1,8.920864925772545e-07,0.0195863693589919,0.0002961775088363646,0.9801165363354127,2.471026646581461e-08
1475,286,user,5,0.05,tool,-1,7.392136908177156e-08,0.003436505849904784,5.515747945336351e-06,0.9965578877182604,1.676252044365128e-08
1476,287,user,5,0.05,tool,-1,5.681533169185164e-07,0.0008893389259879931,5.130080477462136e-06,0.9991049399525269,2.288769059172011e-08
1477,288,user,5,0.05,tool,-1,6.794499951573674e-09,1.1305309487217506e-05,1.4912098054674895e-06,0.9999871962992539,3.869535362407007e-10
1478,289,user,5,0.05,tool,-1,7.17465739009557e-08,0.0011491105286402842,2.794664597068376e-06,0.9988480147386507,8.321537975107536e-09
1479,290,user,5,0.05,tool,-1,6.8056765884308e-07,0.0039854504395459775,0.00037569306661139297,0.9956380425271155,1.3339906821360987e-07
1480,291,user,5,0.05,tool,-1,4.970641813640237e-09,3.932427860339182e-05,1.8350783908437126e-06,0.9999588354331344,2.392296531743803e-10
1481,292,user,5,0.05,tool,-1,3.3516586325008095e-07,0.008602646034795889,0.00028292934009524067,0.9911140883146458,1.144600044032522e-09
1482,293,user,5,0.05,tool,-1,8.934984073518545e-07,0.009566551020774512,5.827640822324983e-05,0.9903742624734277,1.6599167056825752e-08
1483,294,user,5,0.05,tool,-1,5.172963260093231e-10,5.592817037678796e-07,1.7927583993720293e-07,0.9999992609128898,1.227015046333046e-11
1484,295,user,5,0.05,tool,-1,2.4865825515999276e-08,3.327664145796201e-05,1.432632443404338e-05,0.9999523719632334,2.0504917973901149e-10
1485,296,user,5,0.05,tool,-1,9.045216981185983e-09,1.0745561647231435e-05,1.1895551625183667e-05,0.999977349129199,7.123115072739659e-10
1486,297,user,5,0.05,tool,-1,3.0017779144376417e-07,0.024678330186085586,0.00013877285065598853,0.9751825934403785,3.34508846874986e-09
1488,298,cot,6,0.05,tool,-1,3.3657631378749585e-14,2.20466725886486e-11,0.000936573659117533,0.9990634262750786,4.3723564772566324e-11
1489,299,cot,6,0.05,tool,-1,7.377129183323055e-10,4.063372412140912e-07,0.11463164538400844,0.8853675540688901,3.93472147490838e-07
1490,300,cot,6,0.05,tool,-1,2.177874894907341e-09,3.7224577868756134e-06,0.08053595520979831,0.9194587592088846,1.5609456552481301e-06
1491,301,cot,6,0.05,tool,-1,1.5926066775201598e-11,1.0614416570170847e-07,0.06599939495914428,0.9340004386715992,6.020916466155794e-08
1492,302,cot,6,0.05,tool,-1,1.909436610348173e-08,0.0013524046554433615,0.0005891923979777337,0.9980583677525485,1.6099664257733935e-08
1493,303,cot,6,0.05,tool,-1,6.516580926050163e-09,0.0009057666455926428,5.466032212989738e-06,0.9990887529467276,7.858885940738008e-09
1494,304,cot,6,0.05,tool,-1,5.7707892389131325e-08,0.0006780291834784398,2.233887106480339e-05,0.9992995361751419,3.806242244219557e-08
1495,305,cot,6,0.05,tool,-1,2.9121699332980362e-08,0.0005305961016204933,0.00045560034059434685,0.9990136508666368,1.2356944899921364e-07
1496,306,cot,6,0.05,tool,-1,7.967952680266609e-07,0.2818773019255169,0.0037614160958896773,0.7143580059338153,2.4792495100886104e-06
1497,307,cot,6,0.05,tool,-1,1.5579041158192672e-09,0.00019491077416489754,0.03929051476162798,0.9605143399147846,2.3299151851041305e-07
1498,308,cot,6,0.05,tool,-1,3.21383409699989e-08,0.0002504760410845874,5.750525430321257e-05,0.9996919157979591,7.076831194559523e-08
1499,309,cot,6,0.05,tool,-1,2.1943532486050486e-09,8.186078673263189e-05,3.996754472857479e-05,0.9998781585539008,1.0920284619827755e-08
1500,310,cot,6,0.05,tool,-1,9.630207090416236e-11,1.1970617182385448e-07,6.17541235983892e-07,0.9999992626262798,3.001013083392088e-11
1501,311,cot,6,0.05,tool,-1,3.6869151324232654e-08,0.0013913768996947054,0.04763811930827436,0.9509701617573068,3.051655728614868e-07
1502,312,cot,6,0.05,tool,-1,4.228301291681488e-09,6.68096676894732e-05,0.004890704959734644,0.9950422993328113,1.8181146322688942e-07
1503,313,cot,6,0.05,tool,-1,3.913288306068402e-09,0.00025534663542486365,2.724603093595179e-05,0.9997173951255437,8.294807181452515e-09
1504,314,cot,6,0.05,tool,-1,4.1342980254751536e-10,3.5966937264028503e-06,0.00023269764762191676,0.9997637041945223,1.0506993534586323e-09
1505,315,cot,6,0.05,tool,-1,2.1232125685338247e-09,0.00015942526907282206,0.3091397112857001,0.6907007357220428,1.2559997180303765e-07
1506,316,cot,6,0.05,tool,-1,1.8483228120844333e-07,0.0013894030550808734,0.04890087457351772,0.9497013724208653,8.16511825485794e-06
1507,317,cot,6,0.05,tool,-1,2.257337465853427e-07,0.00037773616306202633,7.496395989115284e-06,0.9996145175883487,2.411885354001204e-08
1508,318,cot,6,0.05,tool,-1,2.095068319750146e-06,0.3510386910783456,0.0037400310288743786,0.6452163657826986,2.81704176161528e-06
1509,319,cot,6,0.05,tool,-1,3.703666186054598e-07,0.010979236820596167,0.0010997767156225198,0.9879204546005554,1.6149660736818154e-07
1510,320,cot,6,0.05,tool,-1,2.598273752293975e-09,0.0004965348669501494,0.11052962049131466,0.8889734530883273,3.889551340648599e-07
1511,321,cot,6,0.05,tool,-1,6.095500421813636e-09,0.0011107560326023517,0.01000142339801604,0.9888872503001722,5.641737090494659e-07
1512,322,cot,6,0.05,tool,-1,2.8917854412170853e-07,0.017004360615426747,0.03159191276069426,0.9513885467487893,1.4890696545676402e-05
1513,323,cot,6,0.05,tool,-1,7.872774142736213e-09,0.003330525185483647,0.0009488973585832385,0.9957205267130418,4.287011718281739e-08
1514,324,cot,6,0.05,tool,-1,2.7417558068321894e-09,0.00011126663975992761,0.206701283041202,0.7931867781603379,6.69416944591028e-07
1515,325,cot,6,0.05,tool,-1,5.0007074526707185e-08,0.0005635917389753352,0.018278184520858578,0.9811573997272446,7.74005846734894e-07
1516,326,cot,6,0.05,tool,-1,1.5263353256452876e-08,4.44064278487939e-06,3.9800460271748905e-06,0.9999915611634129,2.884421890320803e-09
1517,327,cot,6,0.05,tool,-1,5.807210185176347e-10,5.6467969149143715e-06,7.24674833627392e-06,0.9999871052274253,6.466025176351765e-10
1518,328,cot,6,0.05,tool,-1,1.4172238469706406e-09,8.08605430640558e-06,0.021308834719794136,0.9786830634188031,1.4389872450933447e-08
1519,329,cot,6,0.05,tool,-1,8.48862074775551e-11,6.102294252087353e-07,0.01206399150396973,0.9879351587984747,2.3938324421059106e-07
1520,330,cot,6,0.05,tool,-1,6.427679842575601e-09,3.2805633094557066e-05,4.2545983126868516e-05,0.9999246340509991,7.905099604154108e-09
1521,331,cot,6,0.05,tool,-1,1.6975824894378688e-10,2.5624500674645068e-06,0.002818019795185005,0.9971794165412189,1.0437703370873286e-09
1522,332,cot,6,0.05,tool,-1,3.1903173329135743e-10,3.9415917990973294e-07,0.026278942289776126,0.9737206560684188,7.163593269880343e-09
1523,333,cot,6,0.05,tool,-1,5.450548879861401e-10,1.982092988079182e-05,0.005234315373290255,0.9947458617078815,1.4438925477943126e-09
1524,334,cot,6,0.05,tool,-1,5.766152958042334e-13,1.8175724957386e-10,0.0013259764378409223,0.9986740232680535,1.1177164329790763e-10
1525,335,cot,6,0.05,tool,-1,9.735923629599029e-12,1.8737029385287535e-09,0.03524717740400993,0.9647528129521624,7.76038895275491e-09
1526,336,cot,6,0.05,tool,-1,2.1604660069861955e-10,1.2149624133158545e-08,0.05402360137901022,0.9459762818135976,1.0444172153172854e-07
1527,337,cot,6,0.05,tool,-1,5.225644805423002e-11,4.7381907876178246e-08,0.15110966804454914,0.8488893102430076,9.742782790585128e-07
1528,338,cot,6,0.05,tool,-1,5.969652834491052e-10,3.527704812065733e-07,0.025218239435126747,0.9747812617466913,1.454507355242379e-07
1529,339,cot,6,0.05,tool,-1,1.7505126971151415e-10,5.7423394535928185e-08,0.002032168053680406,0.9979677432932083,3.105466562398131e-08
1530,340,cot,6,0.05,tool,-1,6.843971808314286e-11,2.5350765833827677e-07,0.0003745339428204766,0.9996252109688332,1.5122481818634297e-09
1531,341,cot,6,0.05,tool,-1,4.0321474834510086e-13,7.896552961368975e-10,0.0007032273623737079,0.9992967710671949,7.80372865558898e-10
1532,342,cot,6,0.05,tool,-1,8.31191571585388e-10,2.7642293948096475e-09,6.406324561839466e-06,0.9999935890139627,1.06605444394874e-09
1533,343,cot,6,0.05,tool,-1,3.311173884591274e-09,1.122597228270706e-07,8.700756034507477e-05,0.9999128263653788,5.050337942561974e-08
1534,344,cot,6,0.05,tool,-1,2.536161249827831e-08,1.045225313317504e-06,3.183816411591062e-05,0.9999670823955322,8.853426061189362e-09
1535,345,cot,6,0.05,tool,-1,1.7896822343563235e-09,2.5716976255029317e-07,1.2898712099321422e-05,0.9999868414877323,8.407234217492529e-10
1536,346,cot,6,0.05,tool,-1,5.886313851780334e-09,1.3065591231503354e-06,0.00014638129304367,0.9998522937402092,1.252131009928102e-08
1537,347,cot,6,0.05,tool,-1,1.923552183702639e-09,6.16904373215277e-08,6.933792412624232e-05,0.9999305979602009,5.016833840244804e-10
1538,348,cot,6,0.05,tool,-1,6.385880172243583e-11,2.9068706308854805e-10,7.417019204102291e-06,0.9999925826119557,1.4294478733980412e-11
1539,349,cot,6,0.05,tool,-1,1.5589676862452946e-08,9.157558219144008e-07,0.000457903617560864,0.9995411548348198,1.0202120423586716e-08
1540,350,cot,6,0.05,tool,-1,1.59748915630927e-09,4.1115245329810523e-07,0.005628801456889863,0.9943707629118808,2.2881286986157672e-08
1541,351,cot,6,0.05,tool,-1,2.9036701058372762e-11,3.8492269322512996e-09,0.005089341017382173,0.9949106062222236,4.8882130536249706e-08
1542,352,cot,6,0.05,tool,-1,2.8843621383503243e-07,9.915349238403644e-06,0.02854955252551169,0.9714329751349229,7.2685541131352644e-06
1543,353,cot,6,0.05,tool,-1,1.0715493081201482e-08,1.1865076636639948e-06,3.061173298535757e-05,0.9999681889439925,2.0998654419829662e-09
1544,354,cot,6,0.05,tool,-1,4.00761252052476e-09,1.0086339684127845e-06,0.00011590047029934847,0.9998830752925,1.1595619920530502e-08
1545,355,cot,6,0.05,tool,-1,2.625444512921717e-10,3.369315038700125e-08,0.013503921067107561,0.9864960370541875,7.923010184673237e-09
1546,356,cot,6,0.05,tool,-1,4.145597597741633e-11,3.478030572550366e-09,0.0014339619338936819,0.9985660109590392,2.3587580618353074e-08
1547,357,cot,6,0.05,tool,-1,2.342383731855836e-07,0.00012710495528233526,0.0003845719048486837,0.9994878177103851,2.711911105011001e-07
1548,358,cot,6,0.05,tool,-1,1.6717176182278238e-08,3.083086367456817e-05,0.026938643190548905,0.9730295410084376,9.682201626032765e-07
1549,359,cot,6,0.05,tool,-1,2.1209386045606314e-08,1.8779485658104824e-06,0.0016530546339546522,0.9983449432367947,1.0297129889145572e-07
1550,360,cot,6,0.05,tool,-1,2.4376401776282406e-09,1.0362238833889021e-08,3.855194718390667e-05,0.9999614345485021,7.044351908339193e-10
1551,361,cot,6,0.05,tool,-1,4.781552920726638e-08,1.032694036229664e-05,0.01867379257654477,0.9813155421007934,2.9056677041027457e-07
1552,362,cot,6,0.05,tool,-1,9.919846259011791e-06,0.0008468478786195713,0.2933971093423238,0.7057380394105838,8.083522213927656e-06
1553,363,cot,6,0.05,tool,-1,3.321365525703564e-07,4.051603140116408e-05,0.00534931483735872,0.9946095796569131,2.5733777438540753e-07
1554,364,cot,6,0.05,tool,-1,3.166813487860548e-09,3.062604095857067e-08,0.013559979126945123,0.9864399697586986,1.7321501762764095e-08
1555,365,cot,6,0.05,tool,-1,3.2197858115016834e-11,2.8036044643006313e-08,0.01784277974285276,0.9821570990909676,9.309793719651458e-08
1556,366,cot,6,0.05,tool,-1,1.5493958554606365e-07,0.0001082186163711321,0.004994128851363726,0.994885214452961,1.2283139718678676e-05
1557,367,cot,6,0.05,tool,-1,2.6059358581320175e-10,1.6217925024745391e-09,6.347856746463444e-05,0.9999365140892381,5.460911197664422e-09
1558,368,cot,6,0.05,tool,-1,8.31116936513134e-10,1.7100692463057083e-08,0.0005250652649446019,0.9994748825835941,3.421965184543494e-08
1559,369,cot,6,0.05,tool,-1,4.293299356102586e-10,1.0391854936655182e-07,0.0080675232608552,0.9919322047724032,1.6761886229219065e-07
1560,370,cot,6,0.05,tool,-1,1.504832647975511e-08,4.175656923577575e-06,0.0004622625120594533,0.9995334532773884,9.350530213895343e-08
1561,371,cot,6,0.05,tool,-1,2.2592573869492114e-11,4.3004152717934915e-09,0.006150942629279511,0.9938490463808297,6.6668830914685065e-09
1562,372,cot,6,0.05,tool,-1,1.7178438495724114e-09,7.138506542065e-08,0.0023619898121494546,0.9976377210568881,2.160280531214879e-07
1563,373,cot,6,0.05,tool,-1,1.621533458477409e-07,2.6136673100384734e-05,0.0002799775074938412,0.9996936732842535,5.038180643941503e-08
1564,374,cot,6,0.05,tool,-1,1.2823462979299033e-10,1.261404203385984e-07,0.00030399764995229215,0.99969587446112,1.6202727254068288e-09
1565,375,cot,6,0.05,tool,-1,7.836439558798035e-07,9.879596931281582e-05,0.00038810778826229333,0.9995120827790934,2.2981937550395542e-07
1566,376,cot,6,0.05,tool,-1,5.024227743588013e-10,1.8037872149822954e-08,0.0001509016325378978,0.9998490700158269,9.811340126002802e-09
1567,377,cot,6,0.05,tool,-1,7.387315779273654e-08,2.8673673144202745e-06,0.00035198461631315,0.9996450439547149,3.018849981088229e-08
1568,378,cot,6,0.05,tool,-1,2.7191937358927623e-10,2.5081362166722006e-08,3.951596766133127e-06,0.9999960227342781,3.1567428351966524e-10
1569,379,cot,6,0.05,tool,-1,4.515823437600937e-10,5.765989744817364e-08,0.00013684230709978508,0.9998630987549328,8.264876718037044e-10
1570,380,cot,6,0.05,tool,-1,6.1133024694538716e-12,1.4129786036684266e-10,7.586331102781211e-05,0.9999241363638864,1.7767451398329816e-10
1571,381,cot,6,0.05,tool,-1,1.018642462815876e-12,6.761360086141858e-11,0.0021626622781200657,0.9978373373737,2.7954780312568465e-10
1572,382,cot,6,0.05,tool,-1,2.194307378964318e-09,2.4521271334579317e-08,0.00011656690207479994,0.9998834044759991,1.906347508215682e-09
1573,383,cot,6,0.05,tool,-1,4.587725605044198e-12,9.453330293777705e-12,0.00016388011985801445,0.9998361196962267,1.698743272882372e-10
1574,384,cot,6,0.05,tool,-1,9.067980294481444e-11,3.5133835731051935e-09,0.009908589429125595,0.9900913276717503,7.929506090974956e-08
1575,385,cot,6,0.05,tool,-1,7.494300247201244e-09,1.5133752821828568e-05,0.01427868824649605,0.9857060823301586,8.817622338612509e-08
1576,386,cot,6,0.05,tool,-1,1.1418619407772808e-08,4.169134694818214e-06,0.003121283628499965,0.9968744823993265,5.341885921057724e-08
1577,387,cot,6,0.05,tool,-1,1.1285464344759574e-12,4.2778467229111155e-11,0.004925138640840576,0.9950748605888199,7.264324453024676e-10
1578,388,cot,6,0.05,tool,-1,1.1567680335366144e-12,6.594715328937796e-11,0.001133424058796404,0.9988665732740841,2.6000154859658057e-09
1579,389,cot,6,0.05,tool,-1,6.512782857611212e-13,3.623284626063703e-11,0.00028584437105877414,0.9997141555535731,3.8483904886293774e-11
1580,390,cot,6,0.05,tool,-1,4.943483130586614e-15,1.820442556595174e-14,0.000306648270179999,0.9996933517243544,5.442659075317076e-12
1581,391,cot,6,0.05,tool,-1,5.5856845220319386e-14,7.225381982953857e-14,0.000803066006789098,0.9991969339510615,4.2021327728533454e-11
1582,392,cot,6,0.05,tool,-1,4.139343566815586e-13,2.617957875314759e-12,0.0018570898379224562,0.998142907709059,2.4499865928067686e-09
1584,393,assistant,7,0.05,tool,-1,1.5965746887866782e-14,1.2963200138283994e-13,5.723814593668613e-08,0.999999942761659,4.9439072492189584e-14
1585,394,assistant,7,0.05,tool,-1,8.496547728868178e-14,1.018727154719438e-11,1.7739697179836554e-07,0.9999998225927148,4.1067813137747955e-14
1586,395,assistant,7,0.05,tool,-1,4.431905879710261e-14,1.1914093712465166e-12,4.5133967694349156e-08,0.9999999548646576,1.3890887499428478e-13
1587,396,assistant,7,0.05,tool,-1,5.8556981686644605e-15,6.848422093695598e-13,2.110611382845399e-09,0.9999999978886847,1.3243840598720908e-14
1588,397,assistant,7,0.05,tool,-1,1.755969695753798e-12,2.940514005096136e-11,4.875187380962274e-08,0.9999999512126164,4.348578633543634e-12
1589,398,assistant,7,0.05,tool,-1,1.0943304524702463e-13,4.099943877995706e-12,1.363970945201985e-08,0.9999999863548288,1.2523344561979447e-12
1590,399,assistant,7,0.05,tool,-1,4.551447816076915e-14,1.1324923849815505e-11,4.3917372990636374e-08,0.9999999560708682,3.882683911116616e-13
1591,400,assistant,7,0.05,tool,-1,9.465993840204915e-13,1.7215676319528972e-10,8.486180068129991e-08,0.9999999149582882,6.807746560764008e-12
1592,401,assistant,7,0.05,tool,-1,5.524410161479447e-13,9.670268786557625e-11,1.1982668160317832e-07,0.9999998800749572,1.106028457535119e-12
1593,402,assistant,7,0.05,tool,-1,6.788146058282765e-15,2.2585937012405157e-12,2.5714679699646295e-08,0.9999999742824213,6.338143740306376e-13
1594,403,assistant,7,0.05,tool,-1,2.1720491791694603e-13,3.0879720272043865e-11,6.737793106449582e-09,0.999999993231002,1.0783486122787453e-13
1595,404,assistant,7,0.05,tool,-1,7.020068578103187e-15,8.101888117146009e-14,1.0990577227250995e-07,0.9999998900941062,3.345034177779466e-14
1596,405,assistant,7,0.05,tool,-1,1.575906658829384e-14,1.975316324125868e-13,2.2160359961421798e-07,0.9999997783961352,5.1864704872442616e-14
1597,406,assistant,7,0.05,tool,-1,4.543542293849087e-14,5.550273308441491e-13,5.026510923390996e-07,0.9999994973481119,1.9538833743695809e-13
1598,407,assistant,7,0.05,tool,-1,4.950213332382488e-14,1.0382509232167792e-12,2.14328715220002e-08,0.9999999785657991,2.4156801061207033e-13
1599,408,assistant,7,0.05,tool,-1,7.984750204021193e-14,3.3351206930654364e-12,1.0265265853940636e-08,0.9999999897302368,1.0822887597217884e-12
1600,409,assistant,7,0.05,tool,-1,4.1350947849692853e-13,4.27856647440371e-10,3.228846309846144e-08,0.9999999672803612,2.905354441818072e-12
1601,410,assistant,7,0.05,tool,-1,1.6792232915560766e-15,7.924892538041117e-14,4.151983892615775e-09,0.9999999958479282,6.780050351074166e-15
1602,411,assistant,7,0.05,tool,-1,5.483352232881066e-13,2.3134579257255336e-10,1.418122304810963e-07,0.9999998579508205,5.054799867813938e-12
1603,412,assistant,7,0.05,tool,-1,1.2366667567637165e-12,2.7710326822004402e-11,2.3491226448701107e-08,0.9999999764797171,1.0948829392069725e-13
1604,413,assistant,7,0.05,tool,-1,3.933871939072598e-14,1.6143611065238602e-12,2.5788057836753255e-09,0.9999999974194906,4.988053282144239e-14
1605,414,assistant,7,0.05,tool,-1,9.867267030483851e-16,1.732474945550427e-14,1.248105565977851e-09,0.9999999987518693,6.792462948447078e-15
1606,415,assistant,7,0.05,tool,-1,3.688554983271972e-15,4.436910551975964e-12,2.4385352073067146e-08,0.9999999756101244,8.290816830909827e-14
1607,416,assistant,7,0.05,tool,-1,5.485079188523501e-13,2.355014006884374e-10,5.136566387637585e-08,0.9999999483902517,8.034380717533194e-12
1608,417,assistant,7,0.05,tool,-1,5.374341398404931e-15,4.96117521816582e-12,9.901576808849305e-09,0.9999999900933813,7.548087037240378e-14
1609,418,assistant,7,0.05,tool,-1,2.5296302287410517e-12,8.955209999979619e-10,2.4996771026158924e-08,0.9999999741047949,3.835663296524082e-13
1610,419,assistant,7,0.05,tool,-1,9.482556339814348e-12,5.320573025235009e-10,2.4284390426088803e-08,0.9999999751738449,2.2483233278480012e-13
1611,420,assistant,7,0.05,tool,-1,7.596690067999561e-10,2.4143053572579584e-07,1.3328233061475083e-06,0.9999984249840386,2.4505746290344555e-12
1612,421,assistant,7,0.05,tool,-1,4.561197612489441e-17,9.821645674005015e-14,2.0082677868916047e-10,0.9999999997990745,4.442845450949189e-16
1613,422,assistant,7,0.05,tool,-1,3.749202772008514e-15,2.861180087141047e-11,1.6145860952455308e-09,0.9999999983567576,4.0889797945624223e-14
1614,423,assistant,7,0.05,tool,-1,6.623138062028947e-13,7.235670807872575e-10,3.0248748510267346e-07,0.9999996967854345,2.851128940277619e-12
1615,424,assistant,7,0.05,tool,-1,8.603582928789595e-12,8.346057430316881e-10,2.977602093510273e-07,0.999999701389049,7.532162416865805e-12
1616,425,assistant,7,0.05,tool,-1,2.1861524527128038e-14,3.891901801172391e-12,4.779232146795377e-09,0.9999999952168235,3.056707555929688e-14
1617,426,assistant,7,0.05,tool,-1,1.0459186790834964e-13,2.3606014133419373e-11,6.749285075594417e-08,0.9999999324825181,9.20543679500691e-13
1618,427,assistant,7,0.05,tool,-1,2.9905514165276814e-13,3.205327297736728e-10,3.284848288509468e-07,0.9999996711933263,1.0130733921142164e-12
1619,428,assistant,7,0.05,tool,-1,7.239629156624944e-13,6.794331922095456e-10,7.539502102741756e-07,0.9999992453360775,3.3555131493201715e-11
1620,429,assistant,7,0.05,tool,-1,2.7326843764890207e-11,1.384577095751347e-08,3.5608320659929035e-07,0.999999630023206,2.048949915873588e-11
1621,430,assistant,7,0.05,tool,-1,1.9593400863517926e-12,5.1071075497913e-10,3.355189714142866e-07,0.9999996639450429,2.3315563378433147e-11
1622,431,assistant,7,0.05,tool,-1,1.8878907167489054e-13,3.923465617482868e-11,1.0010319167486942e-08,0.9999999899482134,2.0439837221169194e-12
1623,432,assistant,7,0.05,tool,-1,2.6047501638791445e-10,4.942799932641807e-08,1.2878577492943297e-07,0.9999998214154747,1.1027608292948155e-10
1624,433,assistant,7,0.05,tool,-1,6.133629404659843e-11,6.353983338382744e-10,3.928756271742349e-07,0.9999996063894324,3.820563306777135e-11
1625,434,assistant,7,0.05,tool,-1,1.1454827775786754e-10,1.2921903834289871e-08,1.136197623906224e-06,0.9999988505664217,1.995021117355252e-10
1626,435,assistant,7,0.05,tool,-1,1.9996413793742233e-11,4.2550272497730105e-10,8.803970156623737e-08,0.9999999115097026,5.096759540576429e-12
1627,436,assistant,7,0.05,tool,-1,3.552317051371431e-12,2.763790860389752e-10,1.236175704659925e-07,0.9999998761024882,1.0085989816555548e-14
1628,437,assistant,7,0.05,tool,-1,1.2996705369652583e-13,1.4208944617771362e-11,9.512114645043478e-09,0.9999999904734874,5.896061818816435e-14
1629,438,assistant,7,0.05,tool,-1,2.5229803079651757e-15,1.5635387772989545e-14,9.162935043652991e-09,0.9999999908370453,1.6307569266301784e-15
1630,439,assistant,7,0.05,tool,-1,3.316794151029364e-15,8.928193428957188e-14,9.665579602426412e-07,0.9999990334419419,5.275184070231102e-15
1631,440,assistant,7,0.05,tool,-1,2.8791748474494125e-12,1.9364464491504923e-10,1.1254744406912906e-07,0.9999998872549505,1.081479062966207e-12
1632,441,assistant,7,0.05,tool,-1,2.8874691805097326e-13,2.0071281997209173e-12,3.863732482821139e-07,0.9999996136225403,1.915496936355358e-12
1633,442,assistant,7,0.05,tool,-1,1.2093192648337624e-13,2.743776429869599e-12,3.084345081736105e-08,0.9999999691534086,2.75932141920716e-13
1634,443,assistant,7,0.05,tool,-1,3.3810704522071407e-13,1.0806536529499117e-11,3.410075847186705e-09,0.9999999965786921,8.752168040323688e-14
1635,444,assistant,7,0.05,tool,-1,2.023185922115532e-14,2.0754521231306227e-12,1.321281374093853e-08,0.9999999867848877,2.0304212002755266e-13
1636,445,assistant,7,0.05,tool,-1,1.3246404775997928e-15,1.7773890783085235e-13,6.77872154535324e-09,0.9999999932210974,2.0312496384795377e-15
1637,446,assistant,7,0.05,tool,-1,1.0654078451025841e-16,2.4127888039068884e-14,6.416683978667174e-09,0.9999999935832913,4.3561659486980663e-16
1638,447,assistant,7,0.05,tool,-1,6.022434068472813e-10,6.546956469420199e-09,1.0297160326142757e-06,0.9999989631113386,2.3428878447915392e-11
1639,448,assistant,7,0.05,tool,-1,8.002653376826124e-13,2.685557480947183e-11,3.9238943150366566e-09,0.9999999960483021,1.4762151966127702e-13
1640,449,assistant,7,0.05,tool,-1,1.4910022455521233e-12,1.9205285493448623e-10,5.334722868428642e-07,0.9999994663298005,4.36882869661504e-12
1641,450,assistant,7,0.05,tool,-1,2.1375975524958995e-13,6.315997115155221e-12,2.3650470435888916e-08,0.9999999763428663,1.3347106469441226e-13
1642,451,assistant,7,0.05,tool,-1,1.3686931682836991e-14,1.3536038200709323e-14,4.2162034369278277e-10,0.9999999995783506,1.7698685109230252e-15
1643,452,assistant,7,0.05,tool,-1,1.448472055098045e-12,1.521472927997625e-10,3.158743994249586e-08,0.999999968258613,3.512771718842378e-13
1644,453,assistant,7,0.05,tool,-1,3.212712770237346e-14,7.466351373248037e-12,1.7990822094918616e-07,0.9999998200841789,1.0178253414324194e-13
1645,454,assistant,7,0.05,tool,-1,1.1153045266898093e-12,3.0278594436966435e-12,1.0907362390924892e-07,0.9999998909218725,3.603349801892316e-13
1646,455,assistant,7,0.05,tool,-1,3.7354769237381605e-15,1.5628037665293098e-13,2.750494345961763e-08,0.9999999724948884,8.161334483565122e-15
1647,456,assistant,7,0.05,tool,-1,3.879916410142403e-14,7.873367617973186e-13,2.3276871015471964e-09,0.9999999976714724,1.4403406822092797e-14
1648,457,assistant,7,0.05,tool,-1,5.3001474594940544e-14,1.5356717692502012e-12,5.128227553544782e-08,0.9999999487160851,5.0594437514365676e-14
1649,458,assistant,7,0.05,tool,-1,3.0836167825750453e-12,3.6440501701498386e-10,1.3591687741400578e-05,0.9999864079093147,3.545522231172086e-11
1650,459,assistant,7,0.05,tool,-1,2.726601390626293e-11,1.0112351526786908e-09,3.002678064996292e-07,0.999999698685538,8.154283103602463e-12
1651,460,assistant,7,0.05,tool,-1,9.35447274056178e-13,9.621573419817023e-11,1.896500710158272e-07,0.9999998102491288,3.6491836603510156e-12
1652,461,assistant,7,0.05,tool,-1,1.6377688318686117e-12,4.536449827087649e-12,2.162200267302751e-07,0.9999997837731757,6.233388199585041e-13
1653,462,assistant,7,0.05,tool,-1,7.268620585146831e-12,9.947758848945187e-11,7.192338786929384e-07,0.9999992806502392,9.13585581870829e-12
1654,463,assistant,7,0.05,tool,-1,4.419680969438577e-14,4.6498167722429874e-14,1.859971916184945e-08,0.9999999814001811,9.027021793668666e-15
1655,464,assistant,7,0.05,tool,-1,8.758434142511126e-14,1.735268245685105e-11,7.203470383686223e-08,0.9999999279478434,1.2380904197234678e-14
1656,465,assistant,7,0.05,tool,-1,7.115025867930407e-16,1.3031440595825167e-13,1.6465328822705626e-08,0.9999999835345388,1.4364867964750513e-15
1657,466,assistant,7,0.05,tool,-1,3.275698838894559e-13,3.5873169201209566e-11,4.445058067438345e-07,0.9999995554574059,5.866589744052543e-13
1658,467,assistant,7,0.05,tool,-1,5.365353370868322e-13,8.748075350809114e-11,1.0317330232810065e-07,0.9999998967384256,2.547655114286343e-13
1659,468,assistant,7,0.05,tool,-1,5.376889141256835e-13,1.883074588836866e-11,2.8189698400505337e-07,0.9999997180827163,9.313492816408128e-13
1660,469,assistant,7,0.05,tool,-1,2.219122620858103e-12,2.6594163780045174e-11,6.429830343207329e-07,0.999999356980976,7.1765684228297425e-12
1661,470,assistant,7,0.05,tool,-1,1.051666032255271e-15,4.9382736335570315e-14,8.748426342382563e-09,0.9999999912515011,2.214887844526565e-14
1662,471,assistant,7,0.05,tool,-1,1.8457051998591968e-10,3.020702726333698e-09,6.906343851973302e-06,0.9999930903706279,8.024671423136655e-11
1663,472,assistant,7,0.05,tool,-1,2.360459152910865e-10,1.660360119989493e-09,7.756942239912352e-06,0.9999922410056545,1.5569964893089122e-10
1664,473,assistant,7,0.05,tool,-1,9.854969141737636e-16,1.2486549291852213e-14,3.355293379529591e-08,0.9999999664470487,3.896970614590886e-15
1665,474,assistant,7,0.05,tool,-1,1.7779866959116664e-12,7.552401135117467e-12,1.0125715492476835e-06,0.9999989874183463,7.74036371769049e-13
1666,475,assistant,7,0.05,tool,-1,1.290544711369798e-13,2.3506016679061902e-12,4.089378568964162e-07,0.9999995910596,6.358254662613903e-14
1667,476,assistant,7,0.05,tool,-1,1.1724754426717755e-11,8.176244897570115e-11,3.847222508944093e-07,0.999999615184114,1.4781293934656443e-13
1668,477,assistant,7,0.05,tool,-1,2.4574720757821954e-12,2.4327008762233163e-11,4.088351483326375e-07,0.999999591137817,2.5018300154644603e-13
1669,478,assistant,7,0.05,tool,-1,1.0078935820371853e-13,2.8099370202251144e-12,1.8349970274248012e-08,0.9999999816471085,1.0415606466581984e-14
1670,479,assistant,7,0.05,tool,-1,8.840772434088671e-14,3.4232358827708876e-11,7.01340812783708e-08,0.9999999298314453,1.526752940979225e-13
1671,480,assistant,7,0.05,tool,-1,6.155265378141118e-13,1.212542525702587e-10,9.625689713393194e-07,0.9999990373089009,2.579977928689965e-13
1672,481,assistant,7,0.05,tool,-1,1.874587038400318e-11,5.703237767353647e-11,1.6242179697099558e-07,0.9999998375020887,3.361866563101548e-13
1673,482,assistant,7,0.05,tool,-1,1.0234147871986477e-11,2.6984893757577985e-10,3.3971562380100156e-07,0.9999996600016346,2.6585879303314366e-12
1674,483,assistant,7,0.05,tool,-1,3.1793093709744544e-14,2.7253836390488407e-12,2.6267391925765915e-08,0.9999999737298442,6.705442824417631e-15
1675,484,assistant,7,0.05,tool,-1,2.9807927757097523e-15,8.264216443226096e-14,7.547988092743126e-10,0.9999999992451145,1.150660393367829e-15
1676,485,assistant,7,0.05,tool,-1,2.0031698290838772e-13,1.1006660299183451e-13,5.66314497456459e-10,0.9999999994333673,7.72577672106583e-15
1677,486,assistant,7,0.05,tool,-1,2.4270483397547906e-14,2.0018289964153516e-13,1.5863288318590777e-08,0.9999999841364855,1.7176130459938176e-15
1678,487,assistant,7,0.05,tool,-1,2.322955967370855e-12,9.743012403601443e-12,6.5471181198687446e-09,0.9999999934407855,3.05007925811699e-14
1679,488,assistant,7,0.05,tool,-1,7.92795858894272e-15,1.8354639386656313e-14,3.6478878088761257e-09,0.9999999963520403,4.547895750088128e-14
1680,489,assistant,7,0.05,tool,-1,1.2832900725608628e-11,6.243443130989798e-12,3.7223515058858775e-08,0.999999962757242,1.6661963911506295e-13
1681,490,assistant,7,0.05,tool,-1,1.083368897780792e-14,5.032252959265299e-13,2.6879534503803906e-07,0.999999731204139,2.0744776747138452e-15
1682,491,assistant,7,0.05,tool,-1,1.456899581798261e-12,4.836835474550875e-12,3.72132357349615e-08,0.9999999627804341,3.651037307213264e-14
1683,492,assistant,7,0.05,tool,-1,1.514768235161815e-15,1.3788604629462832e-14,2.0997362995803073e-09,0.9999999979002479,3.5420074298721394e-16
1684,493,assistant,7,0.05,tool,-1,2.8526076323829942e-15,2.1025345987895472e-15,8.189434833785842e-09,0.9999999918105601,2.8914775107455875e-16
1685,494,assistant,7,0.05,tool,-1,1.3409757779211768e-14,5.0021068335991405e-14,1.9426695215818113e-08,0.9999999805732404,9.39319913215824e-16
1686,495,assistant,7,0.05,tool,-1,2.937137809951632e-14,3.5933023999478856e-14,3.5695430863218934e-08,0.9999999643044196,8.419509339166224e-14
1687,496,assistant,7,0.05,tool,-1,6.020098193580564e-14,4.451859671263408e-13,3.2068473225031496e-08,0.9999999679306771,3.441760142697672e-13
1688,497,assistant,7,0.05,tool,-1,1.4610139086055554e-16,2.1115206255130766e-15,1.0076344184866524e-09,0.9999999989923591,4.2482426945614644e-15
1689,498,assistant,7,0.05,tool,-1,1.8434101262674083e-16,2.6665783206505242e-15,2.5139659148113874e-09,0.9999999974860276,3.5464993702524837e-15
1690,499,assistant,7,0.05,tool,-1,8.707223788920273e-16,3.3159042551680736e-15,3.123926329981609e-08,0.9999999687607318,6.195363625168557e-16
1691,500,assistant,7,0.05,tool,-1,7.250303879375994e-09,1.9390286666082204e-08,2.4317213830999678e-05,0.9999756474825983,8.662980240262156e-09
1692,501,assistant,7,0.05,tool,-1,1.5866226201160896e-12,2.4718419216875242e-11,1.1839568134008884e-07,0.999999881576968,1.0456342846114858e-12
1693,502,assistant,7,0.05,tool,-1,2.0394670571521618e-15,3.2536276467603565e-15,6.866080669471427e-09,0.9999999931339083,5.716900602968193e-15
1694,503,assistant,7,0.05,tool,-1,4.083305255109274e-13,6.249417759601233e-13,5.404461444851017e-08,0.9999999459464584,7.893811653322621e-12
1695,504,assistant,7,0.05,tool,-1,7.204543305768411e-14,1.399319629542057e-12,5.1160081941562326e-08,0.9999999488264724,1.197432415860716e-11
1696,505,assistant,7,0.05,tool,-1,1.5672051357846996e-12,2.4125614398023552e-11,2.6797618664040416e-07,0.9999997319595392,3.8581364399764993e-11
1697,506,assistant,7,0.05,tool,-1,1.530325258042843e-17,6.669643095017633e-17,7.818286508072711e-10,0.9999999992181701,1.1675777748972175e-15
1698,507,assistant,7,0.05,tool,-1,2.562259780587486e-15,3.464055008494966e-15,3.0905622486129124e-09,0.9999999969094118,2.007532430023581e-14
1699,508,assistant,7,0.05,tool,-1,1.4624397491528027e-14,1.7639698283010506e-14,2.8592528710495026e-08,0.999999971407206,2.3283899691889093e-13
1700,509,assistant,7,0.05,tool,-1,2.0936958316239365e-15,4.742071770128716e-13,2.0085741690217726e-08,0.9999999799132402,5.418408218410626e-13
1701,510,assistant,7,0.05,tool,-1,8.202199084750346e-10,8.237402554746272e-08,4.0426799547318987e-05,0.9999594894593206,5.468865952257982e-10
1702,511,assistant,7,0.05,tool,-1,4.627803500175658e-12,1.3149591654445897e-10,3.769810138295981e-08,0.9999999621623897,3.3851386054281073e-12
1703,512,assistant,7,0.05,tool,-1,2.2191648105089344e-14,6.06397726262169e-14,7.65185240254353e-09,0.9999999923477801,2.8476249891816486e-13
978,1,user,2,0.05,tool,0,0.000506527075855923,0.5881511274583316,0.004589324655273915,3.673300415801533e-07,0.4067526534804969
979,2,user,2,0.05,tool,0,0.00010607717010807425,0.9972484201815232,9.472137406497388e-06,7.591994804187168e-10,0.0026360297517628944
980,3,user,2,0.05,tool,0,0.000739912024874095,0.6788763501407771,0.001592707306413528,1.0312182137664943e-07,0.3187909274061139
981,4,user,2,0.05,tool,0,0.0015479317936655647,0.959740331037396,0.0005408337141229385,8.809987861850675e-07,0.038170022456029136
982,5,user,2,0.05,tool,0,0.00023152914792612655,0.9979284060727202,3.170058252032546e-05,1.0380522075489015e-07,0.0018082603916126378
983,6,user,2,0.05,tool,0,0.008580387376185748,0.9857474325443962,0.0002935624246900747,2.9477355627200856e-07,0.0053783228811717975
984,7,user,2,0.05,tool,0,0.00034960882161794106,0.9974323426476858,5.527103764789538e-05,2.0915691244542786e-07,0.0021625683361361147
985,8,user,2,0.05,tool,0,2.6587698830084913e-05,0.999674068383096,1.0203384768631836e-06,4.4565127472313334e-10,0.0002983231339460251
986,9,user,2,0.05,tool,0,0.0006487001228801971,0.9857486776014421,0.00026546099742801087,3.028644619522955e-07,0.013336858413787856
987,10,user,2,0.05,tool,0,0.00020459087955270009,0.9787120540178651,0.0008154318960243205,2.7990522511884497e-06,0.020265124154306695
988,11,user,2,0.05,tool,0,0.00012644613146522773,0.9994065634310895,6.922249229246589e-06,3.440210345427726e-11,0.00046006815381409406
989,12,user,2,0.05,tool,0,3.741500966033026e-05,0.9833305451679089,0.0004691550159338517,4.919988611302659e-10,0.016162884314498135
990,13,user,2,0.05,tool,0,0.0041443301841045735,0.9951884444528291,5.298808804917741e-05,9.013727494129928e-10,0.0006142363736445783
991,14,user,2,0.05,tool,0,7.368826507260454e-05,0.9998707317397689,5.374033269037272e-06,3.147733543735419e-09,5.020281415596491e-05
992,15,user,2,0.05,tool,0,0.004222116645552155,0.9922633672076145,0.0004858308666116387,1.2549008850283898e-06,0.0030274303793365234
993,16,user,2,0.05,tool,0,0.0002471753069035756,0.99172386480751,0.0008967983882414328,5.8285851351544506e-08,0.007132103211493535
994,17,user,2,0.05,tool,0,0.0004495134625949903,0.9437067249876782,0.004616763459657575,7.563395274917045e-08,0.05122692245611642
995,18,user,2,0.05,tool,0,0.0002159791751964957,0.9878065367642944,0.003544241578982955,3.024540818048955e-08,0.008433212236118105
996,19,user,2,0.05,tool,0,0.00022611105984885745,0.9700785533064581,0.0018956274754838793,1.1866310532428416e-08,0.02779969629189883
997,20,user,2,0.05,tool,0,0.00024464332643623103,0.9972263228806266,0.0006836954682727648,5.603220457893654e-09,0.00184533272144408
998,21,user,2,0.05,tool,0,0.0037191875279503853,0.9854401091109425,0.0014998422426541335,7.664585919535539e-07,0.00934009465986119
999,22,user,2,0.05,tool,0,0.0012945451925381634,0.9895827976994652,0.002040092080263174,4.147904408322531e-07,0.0070821502372924675
1000,23,user,2,0.05,tool,0,0.004209255893073355,0.975238952333105,0.0009432739985056386,8.843480887300249e-07,0.019607633427227388
1001,24,user,2,0.05,tool,0,0.00033404266741216736,0.9945246841128634,0.0003998569660385919,2.6022915329460514e-06,0.004738813962152881
1002,25,user,2,0.05,tool,0,4.9864196631008885e-06,0.9999523258617395,6.132918055848204e-07,2.9898643823069206e-09,4.20714369275846e-05
1003,26,user,2,0.05,tool,0,8.595270971216682e-05,0.9973919619991699,0.0007188080398338845,7.642639358266331e-09,0.0018032696086444876
1004,27,user,2,0.05,tool,0,0.0003572784181907366,0.9437253721552123,0.043345767471456104,6.539501720439684e-08,0.012571516560123902
1005,28,user,2,0.05,tool,0,0.00036545555639208436,0.987364584691974,0.0005467071766698245,1.823429293194496e-06,0.011721429145670944
1006,29,user,2,0.05,tool,0,0.0003884342740602146,0.9984989779463885,0.00039433437051754236,0.0005472373052403856,0.00017101610379346017
1007,30,user,2,0.05,tool,0,0.0014781266968919924,0.9961420486100886,0.00015119889031667679,2.121313182422093e-05,0.0022074126708787095
1008,31,user,2,0.05,tool,0,0.00013544874756593397,0.999625609411323,4.343888434728501e-05,1.4232051416599626e-05,0.00018127090534710003
1009,32,user,2,0.05,tool,0,0.00040371762728642517,0.9992226473577798,2.3293278915356877e-05,9.702133825845218e-06,0.00034063960219248224
1010,33,user,2,0.05,tool,0,0.00020256040822820535,0.9952193509116005,0.0004380288600755413,2.869974484491049e-07,0.004139772822647423
1011,34,user,2,0.05,tool,0,0.0004036460962666659,0.9928564065748979,7.762140047095866e-05,1.0668045962614554e-06,0.006661259123768335
1012,35,user,2,0.05,tool,0,5.877650942214773e-05,0.9981566626076677,0.0006561479659706315,2.3662945524595264e-07,0.0011281762874841134
1013,36,user,2,0.05,tool,0,2.8373810011835835e-05,0.9968038874145518,0.0002789566146502876,3.5134965974900825e-08,0.00288874702582015
1014,37,user,2,0.05,tool,0,0.00013858800465113333,0.9764145208294004,6.391948809303175e-05,3.415903442368996e-07,0.023382630087511277
1015,38,user,2,0.05,tool,0,1.9699960833610028e-05,0.9992633787998267,5.826167127368883e-06,1.4000802903894032e-07,0.000710955064183217
1016,39,user,2,0.05,tool,0,1.0878950947016715e-05,0.999779413051503,9.066046947100927e-06,4.952753785321753e-07,0.00020014667522411483
1017,40,user,2,0.05,tool,0,5.337114093056239e-05,0.999817680505671,3.218162665585508e-05,5.886464111835468e-07,9.617808033153473e-05
1018,41,user,2,0.05,tool,0,4.376517381599501e-06,0.9995822189806137,0.0001936966436074854,1.575557450941893e-08,0.00021969210282279217
1019,42,user,2,0.05,tool,0,3.317232642161832e-05,0.9955439509205664,0.00020559530017003812,1.5010139349630522e-06,0.004215780438907187
1020,43,user,2,0.05,tool,0,3.36149277281056e-05,0.9983648273298698,2.635203549080895e-05,4.6291249665813487e-07,0.0015747427944146285
1021,44,user,2,0.05,tool,0,4.762692356341775e-05,0.9971894658385775,8.89584848740593e-05,1.3242337321993322e-06,0.0026726245192528787
1023,45,cot,3,0.05,tool,0,1.6559635112992233e-08,1.6137846906829176e-05,0.961722657990112,5.739686311579257e-06,0.038255447917034544
1024,46,cot,3,0.05,tool,0,6.327048084406921e-08,0.000133787591686957,0.8682743499944936,8.96232427110752e-07,0.1315909029109113
1025,47,cot,3,0.05,tool,0,3.8848358180448875e-09,4.485318647931912e-06,0.9016140309026099,4.67190607913681e-07,0.09838101270329827
1026,48,cot,3,0.05,tool,0,2.937230515382002e-07,0.0004732415084137389,0.9448983997506274,0.00010379443359708158,0.05452427058431025
1027,49,cot,3,0.05,tool,0,3.050231507763138e-06,0.021088694376492346,0.34011389193091757,8.143086462061994e-06,0.6387862203746203
1028,50,cot,3,0.05,tool,0,1.979467992696823e-07,0.00023843661553922147,0.26026646790737884,1.04180484403414e-06,0.7394938557254386
1029,51,cot,3,0.05,tool,0,1.0168245108267754e-06,0.001819992314094759,0.7992066311806653,2.7274769665151596e-05,0.19894508491106408
1030,52,cot,3,0.05,tool,0,3.600610223573028e-07,0.00020501656161128634,0.8483493423097005,0.00010311412262895021,0.151342166945037
1031,53,cot,3,0.05,tool,0,1.779209758372698e-10,8.944444757704054e-08,0.9922973326528277,3.426072575229373e-06,0.007699151652228477
1032,54,cot,3,0.05,tool,0,2.742514066191465e-07,0.00019342154685602866,0.9264022440425362,2.3316520793586914e-05,0.07338074363840756
1033,55,cot,3,0.05,tool,0,7.032902227363611e-05,0.07207980977929014,0.2569737497220846,6.912397946406532e-05,0.6708069874968876
1034,56,cot,3,0.05,tool,0,1.580137704844788e-05,0.14054268346632334,0.5159045411676882,2.1688204582964484e-05,0.34351528578435697
1035,57,cot,3,0.05,tool,0,8.99572623236965e-06,0.8491408208043386,0.028736543414831443,1.1018790481409061e-05,0.12210262126411608
1036,58,cot,3,0.05,tool,0,2.476881635040761e-07,0.006046175052566793,0.8440039692965767,5.0004151055977855e-06,0.14994460754758732
1037,59,cot,3,0.05,tool,0,0.00014047494978983025,0.15640217531214073,0.7813677597783383,0.02775725044264836,0.03433233951708295
1038,60,cot,3,0.05,tool,0,1.4084017258238759e-06,0.010730574355479245,0.7873914846687671,3.916108105534618e-05,0.20183737149297246
1039,61,cot,3,0.05,tool,0,3.156386232102562e-05,0.9464361976235709,0.040206008808321016,0.0019582160609028496,0.011368013644884193
1040,62,cot,3,0.05,tool,0,1.0618694723832668e-05,0.02931871048672944,0.8845569416554824,0.0002235468982227744,0.08589018226484162
1041,63,cot,3,0.05,tool,0,6.230376299821871e-05,0.5169959782625392,0.2590501928356097,0.025627314489923267,0.19826421064892974
1042,64,cot,3,0.05,tool,0,4.016960953090905e-06,0.013802819311394371,0.7939241657990117,4.829135096949498e-06,0.19226416879354385
1043,65,cot,3,0.05,tool,0,1.0075050726047625e-06,0.002380993535396306,0.710778181192949,0.00013321300381255704,0.28670660476276955
1044,66,cot,3,0.05,tool,0,3.2262261109374886e-06,0.0030076166922304273,0.45785023638448313,0.0010070079138111106,0.5381319127833644
1045,67,cot,3,0.05,tool,0,7.39309015660263e-05,0.07952177794390662,0.4777365837227619,0.0011635081066729755,0.4415041993250924
1046,68,cot,3,0.05,tool,0,3.433268197424112e-11,8.068451744830555e-08,0.9990966506754781,2.943054544550721e-06,0.0009003255511269327
1047,69,cot,3,0.05,tool,0,3.750563050656961e-10,1.0948748245602193e-08,0.989603168254903,0.00011828142676937863,0.010278538994523205
1048,70,cot,3,0.05,tool,0,1.741087570856406e-08,5.72027926375427e-06,0.9144939166365696,1.1441154815707875e-06,0.08549920155780924
1049,71,cot,3,0.05,tool,0,6.113348206053286e-07,0.0007965452418497407,0.7644835640338196,1.2257745748575178e-06,0.23471805361493522
1050,72,cot,3,0.05,tool,0,2.2531573538865842e-07,0.0037851542283866622,0.8505551842342939,2.7464424797519365e-05,0.1456319717967867
1051,73,cot,3,0.05,tool,0,4.382935874125591e-10,3.128834947721542e-06,0.9967735981134355,3.49137614949501e-06,0.0032197812371736003
1052,74,cot,3,0.05,tool,0,9.045087344532096e-11,2.444047398086153e-07,0.8772930363848405,3.565003474384015e-06,0.12270315411649454
1053,75,cot,3,0.05,tool,0,8.964784147324717e-09,8.812482376235428e-07,0.4754536247760527,1.4770384145432372e-05,0.5245307146267801
1054,76,cot,3,0.05,tool,0,1.0598784505095322e-06,0.0004912461519662392,0.9169221696224751,5.453140258213716e-05,0.08253099294452589
1055,77,cot,3,0.05,tool,0,1.9133208493934161e-07,1.8452631981847248e-05,0.7418783994832256,4.102857223563707e-06,0.2580988536954839
1056,78,cot,3,0.05,tool,0,1.9666487698149032e-07,0.00034403749909658036,0.961073418581763,4.222551807941248e-05,0.03854012173618391
1057,79,cot,3,0.05,tool,0,9.51459050625238e-06,0.0010696853223008409,0.9765727260901831,0.0027423648992952617,0.019605709097714686
1058,80,cot,3,0.05,tool,0,1.1295219747376568e-09,1.7483435455430056e-07,0.9925304145665388,2.3696729098026736e-05,0.0074457127404865065
1059,81,cot,3,0.05,tool,0,6.7434520739908e-08,5.3340629967398804e-05,0.9283268449552352,5.1451040430828884e-05,0.07156829593984593
1060,82,cot,3,0.05,tool,0,4.637215571875836e-05,0.001522928188430863,0.8008250011756924,0.001505875834812037,0.196099822645346
1061,83,cot,3,0.05,tool,0,1.3910867988014054e-05,0.0015096222462932533,0.9415049454909047,0.00010520951954074409,0.056866311875273384
1062,84,cot,3,0.05,tool,0,6.018573476236748e-11,8.331470581655296e-09,0.9988346125271235,2.2619351422144607e-05,0.0011427597297979366
1063,85,cot,3,0.05,tool,0,3.3302484012480214e-12,5.5580839660873743e-11,0.9997335838534076,8.355224045893217e-05,0.000182863847222411
1064,86,cot,3,0.05,tool,0,1.392148312691979e-10,1.417994954943054e-08,0.9900624371514685,0.0008030594678283417,0.009134489061538813
1065,87,cot,3,0.05,tool,0,3.4376166417816726e-08,3.0171740662036426e-06,0.9860333312669189,0.013701415564331104,0.00026220161851751725
1066,88,cot,3,0.05,tool,0,8.446623333463e-08,8.540987683539415e-06,0.960204464826148,0.010944386259134804,0.028842523460800174
1067,89,cot,3,0.05,tool,0,1.680752118576854e-06,8.366892127851474e-06,0.8959096332945772,0.06256767546237031,0.04151264359880611
1068,90,cot,3,0.05,tool,0,2.821782943296503e-07,6.080605653803226e-06,0.952521118398038,0.011891268937497113,0.03558124988051662
1069,91,cot,3,0.05,tool,0,9.338510943946554e-07,0.00012340494934989907,0.8488219716747708,0.00833324254927543,0.14272044697550945
1070,92,cot,3,0.05,tool,0,1.510741936707785e-07,1.1771877191590703e-05,0.9860216384268489,0.011350013918148197,0.0026164247036175267
1071,93,cot,3,0.05,tool,0,1.7594550801542573e-11,1.1186918113599803e-10,0.9916230562833385,0.008222249975820835,0.00015469361137691482
1072,94,cot,3,0.05,tool,0,6.211863245101464e-10,6.838480256038254e-08,0.989503555556959,0.0006406414105165721,0.009855734026535374
1073,95,cot,3,0.05,tool,0,1.0865223816770691e-07,1.23881935404074e-05,0.9380787602713536,0.002219129336756479,0.05968961354611143
1074,96,cot,3,0.05,tool,0,1.5074045116811056e-09,2.9247680448282994e-07,0.992859918091576,0.001934656424520588,0.0052051314996944585
1075,97,cot,3,0.05,tool,0,4.922653381495209e-08,2.861313818675623e-06,0.8720564467290437,0.002238720823395276,0.12570192190720852
1076,98,cot,3,0.05,tool,0,1.7455735242656297e-08,1.0823132423734492e-06,0.9318715377959196,0.003890876984641935,0.0642364854504609
1077,99,cot,3,0.05,tool,0,1.4815789902257793e-06,0.00012097166808424249,0.7679818258188422,0.00046960277201585723,0.23142611816206743
1078,100,cot,3,0.05,tool,0,1.6671813818695725e-06,3.110649924805552e-05,0.3620409759818804,0.012173700958928347,0.6257525493785614
1079,101,cot,3,0.05,tool,0,3.121851086472946e-05,0.01005892448618484,0.3637183188338915,0.028415863747275137,0.5977756744217837
1080,102,cot,3,0.05,tool,0,6.996790280190442e-08,4.869436079608231e-06,0.6455250623667727,0.013900718850821742,0.3405692793784232
1081,103,cot,3,0.05,tool,0,3.4020158558612646e-06,1.6847782470056457e-05,0.31456360249342846,0.03296428332581776,0.6524518643824279
1082,104,cot,3,0.05,tool,0,3.738850646667228e-07,1.1224584910352186e-05,0.6644343240372568,0.06947526125096884,0.2660788162417993
1083,105,cot,3,0.05,tool,0,1.4176349485910975e-09,4.2170963016114774e-08,0.9935089406264964,0.004489932784867333,0.002001083000038192
1084,106,cot,3,0.05,tool,0,1.4413942397445162e-08,1.9070012555351966e-06,0.9494853513973555,0.005344033392391914,0.045168693795054685
1085,107,cot,3,0.05,tool,0,0.00034389668516773104,0.027754053929063615,0.7185606381020894,0.1667603443820207,0.08658106690165847
1086,108,cot,3,0.05,tool,0,6.663472823643323e-05,0.002554468196792453,0.5964640280386667,0.200718352637032,0.20019651639927233
1087,109,cot,3,0.05,tool,0,6.03286560307575e-08,1.0851419034221193e-05,0.8822281454827007,0.10339091244708586,0.014370030322523332
1088,110,cot,3,0.05,tool,0,0.00046937291762787903,0.40345340078389946,0.3886259023987611,0.14158351593179078,0.06586780796792081
1089,111,cot,3,0.05,tool,0,1.105001763318012e-05,0.00020055715856817766,0.7897395521033773,0.017368089549448802,0.1926807511709725
1090,112,cot,3,0.05,tool,0,2.2901129050469646e-06,0.0001541044449754329,0.10227935042071352,0.8881371600355871,0.00942709498581895
1091,113,cot,3,0.05,tool,0,1.5541707350697347e-06,9.049798262154409e-06,0.22330807684783424,0.7718709341133436,0.004810385069824968
1092,114,cot,3,0.05,tool,0,1.7208182423044736e-06,0.00011445978350552954,0.9580861250292403,0.003824704006314069,0.0379729903626979
1093,115,cot,3,0.05,tool,0,0.0015344116247146284,0.02009248503854895,0.016206102690767405,0.0006672639765814187,0.9614997366693876
1094,116,cot,3,0.05,tool,0,0.00025699345015540965,0.0015029663505252192,0.014597959985154564,0.004033782466733851,0.9796082977474311
1095,117,cot,3,0.05,tool,0,2.6480945161903687e-06,4.603402830968393e-06,0.4908019090897439,0.018282477636927686,0.49090836177598113
1096,118,cot,3,0.05,tool,0,3.828174799319486e-05,0.0013925044051096493,0.31697641289840056,0.07078386401874276,0.6108089369297538
1097,119,cot,3,0.05,tool,0,8.465214864661948e-07,3.4335926957756276e-06,0.6854692929825236,0.007018324835983305,0.30750810206731094
1098,120,cot,3,0.05,tool,0,0.0003917479133564456,0.05095785834411677,0.2596735681811447,0.00039133807278911596,0.688585487488593
1099,121,cot,3,0.05,tool,0,8.106059198079952e-09,2.001962332433144e-07,0.9858160196359598,0.002949171835058416,0.01123460022668932
1100,122,cot,3,0.05,tool,0,7.050247434746211e-09,5.716516943339467e-07,0.930742790819833,0.036992392623961284,0.03226423785426397
1101,123,cot,3,0.05,tool,0,2.3300465810171214e-05,0.000983916493675183,0.7122923733837446,0.003965202122883986,0.282735207533886
1102,124,cot,3,0.05,tool,0,1.6607709055613483e-07,1.7993041634726678e-05,0.8730632045101,0.03933209640924397,0.08758653996193062
1103,125,cot,3,0.05,tool,0,1.6333019432018776e-08,6.080842515032055e-08,0.9534221003312325,0.03389762982859412,0.012680192698728637
1104,126,cot,3,0.05,tool,0,1.3217136347113723e-08,1.678607076454978e-08,0.8899900118657822,0.10495770068492549,0.0050522574460850735
1106,127,assistant,4,0.05,tool,0,3.2207418749332966e-12,1.1668938724598054e-10,0.13998192584521754,0.8600086526312622,9.42140361010602e-06
1107,128,assistant,4,0.05,tool,0,6.523061925002957e-12,2.898804932065188e-10,0.008149248217568947,0.9918498472697507,9.042162766917389e-07
1108,129,assistant,4,0.05,tool,0,9.245445961237444e-12,5.065913542577663e-11,0.02652371819764446,0.97347606921863,2.125238209125459e-07
1109,130,assistant,4,0.05,tool,0,1.6176256689812128e-09,4.9820644062988085e-09,0.001180370883260029,0.9988000812712251,1.9541245824769752e-05
1110,131,assistant,4,0.05,tool,0,1.96474519716e-11,3.1100613005079884e-10,0.0003250843138927966,0.9996738545418645,1.060813589121647e-06
1111,132,assistant,4,0.05,tool,0,6.723201282530171e-13,1.0395296910177758e-11,7.898329607227851e-05,0.9999208704225667,1.4627029348450528e-07
1112,133,assistant,4,0.05,tool,0,2.0524374738242233e-14,2.1495705032342055e-12,0.0001649540300566069,0.999835043382568,2.585205440464407e-09
1113,134,assistant,4,0.05,tool,0,1.0380512408735508e-11,1.0437156143419655e-10,0.00046397716091926567,0.9995350178793141,1.0048450145257594e-06
1114,135,assistant,4,0.05,tool,0,7.671162278158282e-11,5.395758429469211e-11,0.0005476439355510855,0.9994510359756751,1.319958104637061e-06
1115,136,assistant,4,0.05,tool,0,3.44494248285244e-12,3.000664588629082e-11,0.00011532105404659241,0.9998842677079752,4.112045264840632e-07
1116,137,assistant,4,0.05,tool,0,1.8505544646131846e-11,2.008465568372776e-11,0.028252593970086098,0.9717470090751361,3.9691618760602224e-07
1117,138,assistant,4,0.05,tool,0,5.871983248621728e-11,1.2725143826858096e-10,0.01138751935030224,0.9886098164215109,2.6640422155529996e-06
1118,139,assistant,4,0.05,tool,0,6.461744483497173e-10,1.394466730893898e-09,0.004771647292057498,0.9952023030510208,2.6047616280549308e-05
1119,140,assistant,4,0.05,tool,0,4.103153991201224e-06,0.003494773664211733,0.0021309259378723376,0.9925439673515575,0.0018262298923672345
1120,141,assistant,4,0.05,tool,0,4.3656263374245004e-11,9.546490028156238e-09,0.0002571432623626997,0.999736183412573,6.663734917933387e-06
1121,142,assistant,4,0.05,tool,0,1.537950404673745e-05,0.007305062792119989,0.047060537905063274,0.9417140307782802,0.0039049890204897585
1122,143,assistant,4,0.05,tool,0,1.7726877475516256e-07,7.181330152893578e-06,0.00032363085379628453,0.9996389204312102,3.009011606607778e-05
1123,144,assistant,4,0.05,tool,0,1.2788472757973369e-12,1.0942417845062445e-10,0.00021593556435999683,0.9997826729856183,1.3913393186855425e-06
1124,145,assistant,4,0.05,tool,0,1.0523229037586961e-08,9.855133514665156e-08,0.00016584427505456813,0.9998331007779888,9.458723924553068e-07
1125,146,assistant,4,0.05,tool,0,9.69769539619313e-11,6.575116194112287e-08,0.0037678154810147635,0.996231258395454,8.602753922331778e-07
1126,147,assistant,4,0.05,tool,0,1.464469070777347e-06,9.843366361218508e-05,0.010479715443638096,0.9893489577104314,7.142871324749982e-05
1127,148,assistant,4,0.05,tool,0,2.802459515427742e-05,0.02433896113294747,0.026068591920114043,0.9429244980733673,0.006639924278416917
1128,149,assistant,4,0.05,tool,0,0.00034109825366033,0.4380739917697778,0.006406878506174263,0.5540228449127342,0.0011551865576533969
1129,150,assistant,4,0.05,tool,0,1.3136362486042917e-05,0.018012517030725473,0.005237768137787502,0.9761493424592994,0.0005872360097015684
1130,151,assistant,4,0.05,tool,0,4.403618321605571e-06,0.0037650302928942158,0.06724848310764428,0.9280412635254348,0.0009408194557049964
1131,152,assistant,4,0.05,tool,0,4.446173167004331e-07,5.8765549373642814e-05,0.000951678911204149,0.9989540275851995,3.5083336906034344e-05
1132,153,assistant,4,0.05,tool,0,4.580740620285519e-09,1.3930834463240855e-05,0.0009255751866352776,0.9983393675701161,0.0007211218280447643
1133,154,assistant,4,0.05,tool,0,5.947173423738746e-09,1.0031685377268662e-06,0.00026756482479083185,0.999552771029276,0.00017865503022196507
1134,155,assistant,4,0.05,tool,0,2.7308746783594594e-06,0.0041846403308191185,0.09427276417745759,0.8840194800338119,0.01752038458323321
1135,156,assistant,4,0.05,tool,0,5.895204842229428e-09,2.2193320521450912e-05,0.002537466399983722,0.9972966831990774,0.00014365118521240334
1136,157,assistant,4,0.05,tool,0,5.81045701727762e-07,0.0009058052604297881,0.08031200273894083,0.8978118879786621,0.020969722976265523
1137,158,assistant,4,0.05,tool,0,2.2184412917927596e-05,0.0007297310478815726,0.06713714565091043,0.9302899959352304,0.0018209429530596614
1138,159,assistant,4,0.05,tool,0,2.3368408426982247e-08,8.554928176376206e-07,0.000979709000249449,0.9990097630703674,9.649068156905941e-06
1139,160,assistant,4,0.05,tool,0,0.0001075466892030478,0.26343172614025506,0.05371656615228076,0.6821284887980185,0.0006156722202427328
1140,161,assistant,4,0.05,tool,0,5.585223656749486e-09,1.7425702609917e-07,4.4371957281887425e-05,0.9999529916792766,2.456521191761211e-06
1141,162,assistant,4,0.05,tool,0,3.8877602634453835e-11,3.0528802468621863e-10,0.0006633502915396758,0.9993333261040546,3.3232602400392187e-06
1142,163,assistant,4,0.05,tool,0,2.5613364833849597e-08,6.007135336285365e-06,0.0014189212064177768,0.9984669378347631,0.00010810821011786616
1143,164,assistant,4,0.05,tool,0,1.5191345206805448e-13,7.093990695123399e-12,0.001415399274760358,0.9985845950755314,5.642462262587144e-09
1144,165,assistant,4,0.05,tool,0,4.015940202166966e-06,0.0002633922899944232,0.4730409735968428,0.5213411562877059,0.005350461885254739
1145,166,assistant,4,0.05,tool,0,3.4761826712707015e-11,5.286826866847762e-10,0.0002380068118358666,0.9997609537418533,1.0388828664097814e-06
1146,167,assistant,4,0.05,tool,0,5.5269318372133204e-08,9.433858175317428e-07,0.00021053407344631567,0.999787095207571,1.3720638467785415e-06
1147,168,assistant,4,0.05,tool,0,7.816895575657957e-10,5.306159498483424e-08,5.819747579274031e-05,0.9999354996375119,6.2490434108064545e-06
1148,169,assistant,4,0.05,tool,0,8.610905015785922e-10,4.2076279106425546e-08,2.356663192343296e-05,0.9999736837332415,2.706697465471465e-06
1149,170,assistant,4,0.05,tool,0,2.8454165816621966e-06,2.0561485309107742e-05,0.00425564835586779,0.9956545205849402,6.6424157301199e-05
1150,171,assistant,4,0.05,tool,0,3.0816278737372434e-09,1.868540760179671e-09,0.0004039906259259106,0.999576401193546,1.9603230359452615e-05
1151,172,assistant,4,0.05,tool,0,2.2497119293596985e-05,4.236099262980324e-05,0.06847160193105101,0.9277814986341554,0.0036820413228702536
1152,173,assistant,4,0.05,tool,0,4.616377890069598e-05,2.8629560753442798e-05,0.06958565324391494,0.9122612207524977,0.018078332663933078
1153,174,assistant,4,0.05,tool,0,1.0005858193156968e-08,2.8572410154519206e-07,0.00046538959179729517,0.9995307459532173,3.5687250255467173e-06
1154,175,assistant,4,0.05,tool,0,3.949468478116371e-05,0.0011199644832785539,0.00093352759965017,0.9973114848192495,0.0005955284130406659
1155,176,assistant,4,0.05,tool,0,7.347524170949856e-08,1.1990736538962012e-06,0.004503630139304983,0.9953127033181898,0.0001823939936096429
1156,177,assistant,4,0.05,tool,0,7.821143188825121e-07,1.8802913158924476e-07,0.005573581853914227,0.9942931474368676,0.00013230056576777997
1157,178,assistant,4,0.05,tool,0,6.770175133122144e-08,2.4079111408747106e-06,0.003862303138755368,0.9960620659379503,7.315531040215931e-05
1158,179,assistant,4,0.05,tool,0,3.3083575851351475e-09,7.426602768271638e-09,1.9987720714437312e-05,0.9999797441977054,2.5734661971467137e-07
1159,180,assistant,4,0.05,tool,0,2.5762683367130454e-07,1.3091831220421927e-06,0.00037850621601165287,0.999534659648629,8.526732540362842e-05
1160,181,assistant,4,0.05,tool,0,2.3471851363262013e-06,1.755621242146526e-05,0.0018608749316856405,0.9977642767286521,0.00035494494210462077
1161,182,assistant,4,0.05,tool,0,3.2457781022859497e-06,6.143401287955775e-05,0.010342872621262577,0.9890600038441948,0.0005324437435605863
1162,183,assistant,4,0.05,tool,0,2.0482214845790335e-07,1.3543203590055436e-06,0.006445721885834944,0.9934359178462159,0.00011680112544180231
1163,184,assistant,4,0.05,tool,0,1.202354333891553e-08,2.1387179971688194e-08,0.0005088784768229118,0.9994889539090277,2.134203426161078e-06
1164,185,assistant,4,0.05,tool,0,2.4197395125576187e-09,3.288419133987029e-09,1.884976789750493e-05,0.9999794352091224,1.7093148216240625e-06
1165,186,assistant,4,0.05,tool,0,6.519580742081106e-07,2.067362795178532e-06,0.0009061465982311497,0.9976806552610559,0.0014104788198436087
1166,187,assistant,4,0.05,tool,0,2.74081488982621e-05,7.02650839678097e-05,0.013538722137794492,0.9774964549343311,0.00886714969500815
1167,188,assistant,4,0.05,tool,0,2.851176835835464e-07,3.4326675801761726e-06,0.0023100232564054884,0.9973763467696122,0.0003099121887184799
1168,189,assistant,4,0.05,tool,0,1.2757624497961837e-08,1.6558403959445446e-07,0.00021492841037702877,0.9997654100136107,1.9483234348155427e-05
1169,190,assistant,4,0.05,tool,0,4.8372914408555555e-09,1.2223949937559966e-07,0.0001315204339591537,0.9998674424516037,9.100376461744274e-07
1170,191,assistant,4,0.05,tool,0,3.836090085897841e-08,1.1501705371464154e-07,9.276530753776348e-05,0.9999007471848613,6.334129646437878e-06
1171,192,assistant,4,0.05,tool,0,1.4464966303849125e-08,8.884817506665452e-08,0.00014535780614708375,0.9998479989252599,6.539955451604978e-06
1172,193,assistant,4,0.05,tool,0,5.313170761494664e-07,2.768849532755597e-06,0.002209199395906129,0.9954716907617958,0.002315809675689099
1173,194,assistant,4,0.05,tool,0,2.288014783726695e-10,1.6816817294067444e-09,1.9665260675624053e-05,0.9999799137901073,4.19038733878859e-07
1174,195,assistant,4,0.05,tool,0,2.0406356849151515e-10,5.170764478795608e-10,1.7283868661528485e-05,0.9999825304162366,1.8499396176853185e-07
1175,196,assistant,4,0.05,tool,0,1.6096424172944896e-07,2.8442673206684966e-07,0.0005975354243523811,0.9991327743902659,0.00026924479440799953
1176,197,assistant,4,0.05,tool,0,4.26174679939582e-06,8.105633866567381e-05,0.004572451808659077,0.9947449098946338,0.0005973202112420252
1177,198,assistant,4,0.05,tool,0,3.3255832072133694e-05,0.0004988604470344833,0.029904182597566338,0.8448053224863007,0.12475837863702649
1178,199,assistant,4,0.05,tool,0,0.04042824406345782,0.051490315612489276,0.2094864650597414,0.5002837375161062,0.19831123774820533
1179,200,assistant,4,0.05,tool,0,2.3476639010520142e-08,2.8347835884532016e-07,0.00025218535530808096,0.999550985740333,0.00019652194936116375
1180,201,assistant,4,0.05,tool,0,7.439319407576737e-08,4.4873634264817433e-07,0.0007856376075908993,0.9990335674315557,0.0001802718313165931
1181,202,assistant,4,0.05,tool,0,2.34567414414945e-05,2.6951929727207704e-05,0.018658149980647052,0.9765154279890916,0.004776013359092616
1182,203,assistant,4,0.05,tool,0,5.056241862914635e-07,4.5291414797558395e-06,0.005091747963674318,0.9946618984122584,0.00024131885840107255
1183,204,assistant,4,0.05,tool,0,9.785779615115342e-08,3.115571276803629e-07,0.0005358893446219109,0.9994409794740373,2.272176641689978e-05
1184,205,assistant,4,0.05,tool,0,8.722805761787132e-09,1.544636328888748e-07,0.00014115961867550194,0.9998571711358446,1.506059041327149e-06
1185,206,assistant,4,0.05,tool,0,3.758862357017339e-08,2.2077113407215288e-07,0.0010666090187890541,0.9988508246187794,8.230800267364941e-05
1186,207,assistant,4,0.05,tool,0,6.421303096808232e-07,2.1469824063983284e-07,0.000211516048610471,0.9997844527545606,3.1743682786200073e-06
1187,208,assistant,4,0.05,tool,0,1.0527235838673036e-07,4.009651826010525e-06,0.0002818280794491931,0.9996992859363224,1.477106004398758e-05
1188,209,assistant,4,0.05,tool,0,7.168064841048863e-06,0.00013534998656617882,0.06250417603173782,0.9372091760167821,0.00014412990007273057
1189,210,assistant,4,0.05,tool,0,3.3179030889971067e-06,4.890436912038835e-06,0.004537264566798264,0.9954094765204691,4.505057273149095e-05
1190,211,assistant,4,0.05,tool,0,2.174167835732707e-06,8.793971655183159e-07,0.0017121893732857804,0.9982570623774266,2.7694684286346044e-05
1191,212,assistant,4,0.05,tool,0,1.57358696245945e-11,4.28542942962466e-11,9.706608427517627e-06,0.9999902161799037,7.715307872234518e-08
1192,213,assistant,4,0.05,tool,0,1.3202464549494927e-12,3.0989329730683266e-12,9.429213894150678e-05,0.999905691039042,1.6817597269381636e-08
1193,214,assistant,4,0.05,tool,0,1.9948470202097091e-07,1.73128323712179e-06,0.0007912307168027303,0.9990278336242918,0.00017900489096621866
1194,215,assistant,4,0.05,tool,0,1.5508950538027939e-09,1.0927995739829544e-09,6.250884238077286e-05,0.9999322907143944,5.197799530326072e-06
1195,216,assistant,4,0.05,tool,0,3.674093402574884e-06,2.3965377259452947e-05,0.0037442122194694524,0.996136673370271,9.14749395975852e-05
1196,217,assistant,4,0.05,tool,0,1.7513072190053274e-07,1.0404367033358859e-05,0.00014092067396182702,0.9998164516377118,3.204819057107922e-05
1197,218,assistant,4,0.05,tool,0,6.489546555664034e-11,6.233132149241136e-09,8.576487453376558e-07,0.9999990102016245,1.2585160239125317e-07
1198,219,assistant,4,0.05,tool,0,7.292516970684392e-11,5.411778797082046e-10,8.94608962860422e-06,0.9999908319637931,2.2133247523776306e-07
1199,220,assistant,4,0.05,tool,0,4.097379004534826e-08,6.485687439932241e-07,0.0003572899725870487,0.9995857407085298,5.627977634928343e-05
1200,221,assistant,4,0.05,tool,0,6.042880958000394e-05,0.0032240511374156144,0.0754708306348793,0.8804010203366227,0.04084366908150253
1201,222,assistant,4,0.05,tool,0,3.4416540214871854e-07,1.6899988073644525e-05,0.005587724698007547,0.9940802712251848,0.0003147599233317402
1202,223,assistant,4,0.05,tool,0,4.1388936401658656e-08,2.8221913649040843e-06,0.0016542680856548087,0.9976318683281604,0.0007110000058834058
1203,224,assistant,4,0.05,tool,0,1.8845048293802844e-10,9.803456486576874e-10,8.863561063055711e-05,0.9999112422305724,1.2099000101190778e-07
1204,225,assistant,4,0.05,tool,0,1.0047230793634757e-07,1.4805333338495731e-06,0.010323248005481683,0.9895803701380628,9.480085081371874e-05
1205,226,assistant,4,0.05,tool,0,1.659159987649954e-09,2.479345837959943e-07,0.0008715910793627587,0.9989676466221253,0.00016051270476804817
1206,227,assistant,4,0.05,tool,0,8.974026459448122e-05,0.00033432759586795755,0.01356633818668552,0.9111846930699307,0.07482490088292146
1207,228,assistant,4,0.05,tool,0,6.6693499470331e-07,1.4459532303082817e-07,0.0007878616655276537,0.9988581037985883,0.0003532230055662608
1208,229,assistant,4,0.05,tool,0,1.3264480081007635e-09,1.0178709863275296e-09,0.00014837542832538998,0.9998453532746648,6.268952690817067e-06
1209,230,assistant,4,0.05,tool,0,1.377191649446225e-05,5.107030689363301e-06,0.0018287460651803596,0.9979018415390173,0.0002505334486184805
1210,231,assistant,4,0.05,tool,0,1.587033714207018e-05,8.207369511234118e-05,0.00887071112448095,0.9754103640849224,0.015620980758342123
1211,232,assistant,4,0.05,tool,0,8.521816712234009e-07,1.9070136210941323e-06,0.00021222344368771685,0.9997640956501395,2.0921710880566765e-05
1212,233,assistant,4,0.05,tool,0,5.607346541432866e-09,4.110336429261019e-08,0.00012624000724782355,0.9998638834317892,9.829850252176413e-06
1213,234,assistant,4,0.05,tool,0,2.1285904674462927e-09,3.752644136278171e-08,0.00015114957824680227,0.99977906658973,6.974417699130165e-05
1214,235,assistant,4,0.05,tool,0,1.0587724810829668e-06,0.0001525813780215303,0.012471331329927504,0.9847219814608639,0.002653047058705942
1215,236,assistant,4,0.05,tool,0,1.0161729596945519e-07,1.0881326188620497e-06,0.0001439126876402903,0.9996508708247019,0.0002040267377429908
1216,237,assistant,4,0.05,tool,0,1.067145441333171e-10,2.098054020305939e-10,1.810520012672737e-05,0.9999797604713492,2.134012004006676e-06
1217,238,assistant,4,0.05,tool,0,7.594594166453594e-07,1.9551928608091222e-05,0.00048146656665080836,0.9992657998238442,0.00023242222148031822
1218,239,assistant,4,0.05,tool,0,4.2066455741488147e-10,7.460847027470333e-10,1.3263332613454396e-05,0.9999865549529242,1.8054771308362995e-07
1219,240,assistant,4,0.05,tool,0,4.1874389606070023e-08,1.99705637941588e-08,0.00010869184156981749,0.9998776967198688,1.3549593608082988e-05
1220,241,assistant,4,0.05,tool,0,2.925808997982969e-08,1.1975639617106287e-07,0.00013494334627738938,0.9998495025023741,1.5405136862293822e-05
1221,242,assistant,4,0.05,tool,0,1.7447214752712264e-06,9.995110913522573e-06,0.029952444412671173,0.9675864729874027,0.002449342767537246
1222,243,assistant,4,0.05,tool,0,5.450520990110109e-07,5.386757493891232e-07,0.0047862222982598315,0.9948872889998474,0.00032540497404450435
1223,244,assistant,4,0.05,tool,0,4.207851091129197e-08,8.57285722060884e-08,0.0016789504996193275,0.997965663268442,0.00035525842485541605
1224,245,assistant,4,0.05,tool,0,6.129469154624171e-07,1.3414419053817214e-06,0.00972868462410809,0.9895310473568836,0.0007383136301876181
1225,246,assistant,4,0.05,tool,0,1.9014400734089832e-06,1.0788476645175524e-06,0.0090402666074164,0.9906771316597107,0.0002796214451350432
1436,247,user,5,0.05,tool,0,1.5460693962663306e-05,0.002370803295059576,0.6281372495586733,0.368050155332121,0.0014263311201832918
1437,248,user,5,0.05,tool,0,6.972556028124777e-06,0.00025246667447734335,0.2004199297139119,0.7979338407049369,0.0013867903506457622
1438,249,user,5,0.05,tool,0,1.6089353205759144e-10,4.944373765117929e-08,0.0014495147138040509,0.9985497108233954,7.248581693584858e-07
1439,250,user,5,0.05,tool,0,5.080681840328974e-07,0.00019911841467083963,0.02146235798230115,0.9781445829189619,0.00019343261588198167
1440,251,user,5,0.05,tool,0,3.396460080304761e-06,0.0036961113421610423,0.01051009203562207,0.9851280319983907,0.0006623681637458276
1441,252,user,5,0.05,tool,0,1.4686138416305578e-05,0.1739432605779565,0.06462348324489549,0.7605520718856446,0.0008664981530872219
1442,253,user,5,0.05,tool,0,7.246925922431489e-06,0.02649870801502412,0.22150333340218528,0.7437226408440999,0.00826807081276835
1443,254,user,5,0.05,tool,0,3.828193667467704e-06,0.001344692583034315,0.020575835892296737,0.9763543013783053,0.0017213419526963573
1444,255,user,5,0.05,tool,0,6.013646132548638e-05,0.7245685902705382,0.024292489492608222,0.24984528071162676,0.001233503063901358
1445,256,user,5,0.05,tool,0,0.00013728312538937746,0.4739523134792105,0.021232070488457107,0.48613236303865237,0.018545969868290678
1446,257,user,5,0.05,tool,0,5.977959076633678e-06,0.01686160339485741,0.9131475068785702,0.04488992052400763,0.02509499124348807
1447,258,user,5,0.05,tool,0,5.49249749766292e-05,0.3568454469052852,0.1146727251313603,0.36369992786826394,0.16472697512011394
1448,259,user,5,0.05,tool,0,5.6482833662059355e-06,0.1803537830546145,0.07226179481927675,0.7373543536023625,0.010024420240380132
1449,260,user,5,0.05,tool,0,1.6896686552932837e-05,0.9854072056790223,0.009222862268199695,0.0036551356862860765,0.0016978996799389713
1450,261,user,5,0.05,tool,0,0.00016386899729682898,0.22798714262696668,0.008062519604516873,0.7572477963763942,0.006538672394825524
1451,262,user,5,0.05,tool,0,1.3266609214091651e-06,0.05982940734925138,0.0015985119560032739,0.9384459505693842,0.0001248034644397765
1452,263,user,5,0.05,tool,0,7.010686718426793e-08,0.00027105641747404203,8.194399558167545e-05,0.9996447002140261,2.229266051059241e-06
1453,264,user,5,0.05,tool,0,2.422489119417706e-07,0.005371261614928439,0.001984111098045702,0.9926201650460492,2.421999206462999e-05
1454,265,user,5,0.05,tool,0,1.9841181021564605e-06,0.6981050241318054,0.0037851017135234234,0.29769067414623557,0.0004172158903334145
1455,266,user,5,0.05,tool,0,8.749353120714959e-06,0.31263464352948606,0.004533620513098463,0.6773499324931268,0.005473054111168002
1456,267,user,5,0.05,tool,0,3.2015581104287836e-06,0.9654052475207178,0.0002128069484671781,0.034071074350534594,0.00030766962217025135
1457,268,user,5,0.05,tool,0,3.8665270203553504e-07,0.011330915525001945,0.0026489379849724123,0.9860093305366482,1.042930067546481e-05
1458,269,user,5,0.05,tool,0,1.67361228145447e-05,0.5740010288850741,0.024959644371258697,0.40080154598265033,0.00022104463820228076
1459,270,user,5,0.05,tool,0,5.8797121774781215e-06,0.11305679331752358,0.12116171005680458,0.7653386474730051,0.0004369694404892898
1460,271,user,5,0.05,tool,0,3.0750023571751247e-06,0.9974946713351814,0.0003034193175822185,0.0015901912841206822,0.0006086430607585505
1461,272,user,5,0.05,tool,0,0.00013213600605581352,0.9062985982723155,0.0003716857605099184,0.09138938046524293,0.0018081994958757562
1462,273,user,5,0.05,tool,0,6.584904740915166e-05,0.9955262546964639,0.0012331326648851444,0.001990393084526371,0.0011843705067152012
1463,274,user,5,0.05,tool,0,5.851755048417667e-05,0.9971866993257563,0.0014936872572276036,0.0010573910662886432,0.0002037048002431862
1464,275,user,5,0.05,tool,0,8.477647875758049e-06,0.998037396640914,0.0002520744240566369,0.0015821549241108184,0.00011989636304285697
1465,276,user,5,0.05,tool,0,7.820534691612814e-06,0.9844461138585999,0.002083432737419784,0.013350239097582406,0.00011239377170617348
1466,277,user,5,0.05,tool,0,2.3692005816455413e-05,0.832801392729374,0.016824293076538814,0.12392948236473007,0.026421139823540496
1467,278,user,5,0.05,tool,0,2.709022548029964e-06,0.9832016340995213,0.01056195483010726,0.0033717953700954607,0.002861906677727957
1468,279,user,5,0.05,tool,0,1.3635532863972046e-06,0.010431488254209791,8.768863641713888e-05,0.9885811726859419,0.0008982868701446268
1469,280,user,5,0.05,tool,0,2.0549254650503366e-06,0.9602440611391582,0.0013703149820589412,0.03495855278358277,0.003425016169735035
1470,281,user,5,0.05,tool,0,2.857686006345558e-05,0.2753312910958809,0.0003625406303010094,0.7191893104725567,0.005088280941197839
1471,282,user,5,0.05,tool,0,0.0004152670161485277,0.2782489943568366,0.030190343911232282,0.6224041208155411,0.06874127390024165
1472,283,user,5,0.05,tool,0,1.5238648332729303e-06,0.9491612970376639,0.0009808138066385004,0.049481074149023516,0.00037529114184080053
1473,284,user,5,0.05,tool,0,4.358657906631491e-06,0.419699462349524,0.010512804888885256,0.5695562435255068,0.00022713057817751365
1474,285,user,5,0.05,tool,0,2.5368103062393064e-05,0.9707637984197554,0.01088332435557345,0.0171322820996414,0.0011952270219677305
1475,286,user,5,0.05,tool,0,1.113632738919556e-05,0.902334740027239,0.0010737541787273186,0.09228497302084443,0.0042953964457997105
1476,287,user,5,0.05,tool,0,0.00025704584003570583,0.7012791666788828,0.00299914648560918,0.2778514132063335,0.017613227789138746
1477,288,user,5,0.05,tool,0,1.0666759818562281e-05,0.030933999527168334,0.003025117402870211,0.9649969178528712,0.0010332984572717547
1478,289,user,5,0.05,tool,0,2.723209520681555e-05,0.7601867503733877,0.0013706862299006006,0.23304284355362684,0.005372487747877992
1479,290,user,5,0.05,tool,0,8.227958201041353e-05,0.8398017683686808,0.058692474063124715,0.07399097025132485,0.027432507734859283
1480,291,user,5,0.05,tool,0,7.2459647769000274e-06,0.0999132569848072,0.0034567409761322282,0.8960295703303142,0.0005931857439695612
1481,292,user,5,0.05,tool,0,2.0986068755288543e-05,0.9388192117181835,0.022891685238522322,0.038146213238684765,0.00012190373585401053
1482,293,user,5,0.05,tool,0,5.138892666615083e-05,0.958980460895351,0.00433108800005348,0.03501318191000003,0.0016238802679292776
1483,294,user,5,0.05,tool,0,8.39878788875145e-07,0.0015826556548752678,0.0003761208874730654,0.9980064976767158,3.3885902147056635e-05
1484,295,user,5,0.05,tool,0,3.595686800404743e-05,0.08386815007927537,0.02676962101491376,0.8888219256032497,0.0005043464345570021
1485,296,user,5,0.05,tool,0,1.3915776738920146e-05,0.028813511267053164,0.023648386571873077,0.9456601672415237,0.0018640191428109867
1486,297,user,5,0.05,tool,0,6.853809837144813e-06,0.9820822585176787,0.004094364179656882,0.013686610363100008,0.00012991312972753132
1488,298,cot,6,0.05,tool,0,1.8448339037345016e-11,2.106179476523989e-08,0.6633521296381153,0.33660708486525637,4.076441638535936e-05
1489,299,cot,6,0.05,tool,0,4.93979513661667e-09,4.742275490723485e-06,0.9918695154659793,0.003644195122250542,0.004481542196484254
1490,300,cot,6,0.05,tool,0,2.0298004895211277e-08,6.046844605755278e-05,0.9699262321193125,0.005267555852084039,0.024745723284540905
1491,301,cot,6,0.05,tool,0,1.8527108285070283e-10,2.1521564435721966e-06,0.9921275935786448,0.00667886489276534,0.001191389186875179
1492,302,cot,6,0.05,tool,0,5.079109693803354e-06,0.6270000950078685,0.20252001404987005,0.16319045669054494,0.0072843551420226854
1493,303,cot,6,0.05,tool,0,2.9443484460350296e-06,0.7132870482740123,0.003191317881407408,0.2774788924915744,0.0060397970045597
1494,304,cot,6,0.05,tool,0,3.053844873553134e-05,0.6253724549436244,0.015275711495322869,0.325060287698375,0.03426100741394238
1495,305,cot,6,0.05,tool,0,1.2456813155111202e-05,0.3955786953702813,0.2518272619930538,0.2626746303222102,0.08990695550129962
1496,306,cot,6,0.05,tool,0,1.5910182936510419e-06,0.9809957710077595,0.0097052845388038,0.0008768005503413661,0.008420552884801405
1497,307,cot,6,0.05,tool,0,2.9903626756317956e-08,0.006520750562695971,0.9745392255991004,0.011332962773089265,0.0076070311614872665
1498,308,cot,6,0.05,tool,0,2.5797856788677607e-05,0.3504329754779495,0.05964803878202157,0.49326786580178744,0.0966253220814528
1499,309,cot,6,0.05,tool,0,2.65173602387731e-06,0.17241627702066356,0.06241079046676572,0.7427237282450927,0.02244655253145417
1500,310,cot,6,0.05,tool,0,1.5639857066820439e-07,0.00033883814698265673,0.0012959599573196415,0.9982821450282634,8.290046886355793e-05
1501,311,cot,6,0.05,tool,0,5.664636725582859e-07,0.03725909602290464,0.9457840756992899,0.008981156903723945,0.007975104910408981
1502,312,cot,6,0.05,tool,0,5.74724348535829e-07,0.01582747312556706,0.8590008662403098,0.08313648991977939,0.04203459598999526
1503,313,cot,6,0.05,tool,0,3.5290239233528986e-06,0.40134836622917747,0.031750054099201945,0.5541744216553806,0.0127236289923167
1504,314,cot,6,0.05,tool,0,4.477776643200455e-07,0.006789576818530553,0.3256725138589439,0.665601792716324,0.0019356688285371282
1505,315,cot,6,0.05,tool,0,5.30292414995634e-09,0.0006939971706328761,0.9977120161525791,0.0010603966033882683,0.000533584770475647
1506,316,cot,6,0.05,tool,0,2.3079922994846438e-06,0.030238718612588453,0.7890447328780507,0.007289539068477754,0.1734247014485836
1507,317,cot,6,0.05,tool,0,0.0001705251010790657,0.4973464161103787,0.007317669862773032,0.46417404348544994,0.030991345440319253
1508,318,cot,6,0.05,tool,0,3.3690506071629075e-06,0.9838818152837524,0.007771646123076217,0.0006377804314426333,0.0077053891111215946
1509,319,cot,6,0.05,tool,0,1.727501129059213e-05,0.8925596680811456,0.06628564565168593,0.0283246760346595,0.012812735221218292
1510,320,cot,6,0.05,tool,0,1.7931567555409922e-08,0.005972576253835029,0.9856903308176679,0.003771191732836254,0.004565883264093345
1511,321,cot,6,0.05,tool,0,3.7106000501837353e-07,0.11785067203570325,0.7867288208978606,0.03700309310812276,0.0584170428983084
1512,322,cot,6,0.05,tool,0,3.000595402032532e-06,0.30752489680276246,0.42359006047732867,0.006068142373525819,0.26281389975098113
1513,323,cot,6,0.05,tool,0,1.0203175743691357e-06,0.7523135764134468,0.1589114825436088,0.0793234337020218,0.009450487023348253
1514,324,cot,6,0.05,tool,0,1.0195479908892827e-08,0.0007211447998167988,0.9932316278430644,0.001813054411544214,0.0042341627500945365
1515,325,cot,6,0.05,tool,0,1.8855649502479553e-06,0.03703848968557038,0.8905771998765721,0.022740771908319003,0.049641652964588286
1516,326,cot,6,0.05,tool,0,2.4132184397866543e-05,0.012236891823105568,0.008131360970549187,0.9718505504434459,0.007757064578501523
1517,327,cot,6,0.05,tool,0,9.145369691643458e-07,0.015499385924905254,0.014747057286725745,0.9680205817542501,0.0017320604971497856
1518,328,cot,6,0.05,tool,0,5.030012543529575e-08,0.0005002025170225183,0.9772794900017192,0.021351537809802038,0.000868719371330802
1519,329,cot,6,0.05,tool,0,5.112222165477371e-09,6.405371691185032e-05,0.9388410658981581,0.03657274013768397,0.02452213513502399
1520,330,cot,6,0.05,tool,0,8.68309392869233e-06,0.0772408933163756,0.07426895147701253,0.8303171350028389,0.01816433710984421
1521,331,cot,6,0.05,tool,0,3.984343444233943e-08,0.0010482379863991967,0.8546698553114781,0.14386516755453846,0.0004166993041499335
1522,332,cot,6,0.05,tool,0,9.22884989352789e-09,1.9873023536632053e-05,0.9823133514364919,0.017314284620074668,0.00035248169104681404
1523,333,cot,6,0.05,tool,0,7.353457232534322e-08,0.004660730162071397,0.9125143124412606,0.0824935405936938,0.00033134326840187354
1524,334,cot,6,0.05,tool,0,2.4774151460552004e-10,1.3610778744882692e-07,0.7361679457658243,0.26375023402650755,8.168385213904976e-05
1525,335,cot,6,0.05,tool,0,2.1095117779643964e-10,7.075939910588396e-08,0.9868646832626788,0.012849236418002757,0.0002860093489683371
1526,336,cot,6,0.05,tool,0,3.061527063244518e-09,3.000765861149557e-07,0.9892422680751142,0.008240003258721101,0.00251742552805169
1527,337,cot,6,0.05,tool,0,2.6466676033217125e-10,4.182641680882906e-07,0.9889634312269149,0.0026428167445871477,0.008393333499663166
1528,338,cot,6,0.05,tool,0,1.7854970841706295e-08,1.8389965296869326e-05,0.9746603536140704,0.01792147341934416,0.0073997651463178216
1529,339,cot,6,0.05,tool,0,5.31695169163596e-08,3.0399393107572818e-05,0.7976007174656787,0.18632469704968008,0.01604413292201666
1530,340,cot,6,0.05,tool,0,6.21362673361636e-08,0.0004011498505719804,0.43939650499391875,0.55786693309031,0.0023353499289319457
1531,341,cot,6,0.05,tool,0,2.6452545760045586e-10,9.029157325266089e-07,0.5961496495990066,0.4029786336865036,0.0008708135342318181
1532,342,cot,6,0.05,tool,0,1.330366927641805e-06,7.711218203816348e-06,0.013249750902005754,0.9838389119436762,0.00290229556918664
1533,343,cot,6,0.05,tool,0,4.071930724277236e-06,0.0002406140374762014,0.13826232349723466,0.7558524104793299,0.10564058005523494
1534,344,cot,6,0.05,tool,0,3.770022863822234e-05,0.0027080435401386524,0.061156638378121034,0.9137119306641547,0.022385687188947314
1535,345,cot,6,0.05,tool,0,2.8262748167372444e-06,0.0007078430430339026,0.026321660184504523,0.9707093605211764,0.00225830997646837
1536,346,cot,6,0.05,tool,0,7.114795073237908e-06,0.0027524957070591883,0.22862990042259052,0.7428673977624092,0.025743091312867915
1537,347,cot,6,0.05,tool,0,2.7276350322412036e-06,0.00015246801220581896,0.12705202436879814,0.8715827282205694,0.001210051763394343
1538,348,cot,6,0.05,tool,0,1.0228946100855412e-07,8.115484108570728e-07,0.015352107245709169,0.9846080322408524,3.8946675566581886e-05
1539,349,cot,6,0.05,tool,0,1.2725490530407376e-05,0.0013028538763362523,0.4829920253585331,0.5015272899199711,0.014165105354629183
1540,350,cot,6,0.05,tool,0,2.0159157907462316e-07,9.043071323479592e-05,0.9178651167660671,0.07713283334494446,0.004911417584174428
1541,351,cot,6,0.05,tool,0,3.993416771200776e-09,9.226765482446416e-07,0.904455873218312,0.0841081141091329,0.011435086002590071
1542,352,cot,6,0.05,tool,0,5.783787218967469e-06,0.0003465366230522128,0.7397590614754479,0.011973795400696296,0.24791482271358461
1543,353,cot,6,0.05,tool,0,1.6238603494594514e-05,0.0031339038459981946,0.059944991193814925,0.9314920919324032,0.005412774424288955
1544,354,cot,6,0.05,tool,0,5.099585147256523e-06,0.0022369759513074404,0.19057362189998195,0.7820865381031518,0.025097764460411544
1545,355,cot,6,0.05,tool,0,1.4529588577399357e-08,3.2499052203149187e-06,0.965692437457647,0.033558480500889304,0.0007458176066549641
1546,356,cot,6,0.05,tool,0,1.6536771222763747e-08,2.4181073203187974e-06,0.7391450346279032,0.24484814844480224,0.016004382283203146
1547,357,cot,6,0.05,tool,0,0.00013054076688998308,0.12346083249559446,0.2769453877795016,0.34239080423495644,0.2570724347230575
1548,358,cot,6,0.05,tool,0,4.504912122964785e-07,0.0014480638020103018,0.9380534585136389,0.01611780511013706,0.04438022208300145
1549,359,cot,6,0.05,tool,0,7.243178735508322e-06,0.0011177981869598425,0.729485694059249,0.20957438388229813,0.059814880692757574
1550,360,cot,6,0.05,tool,0,3.6617580637883334e-06,2.7130153280933572e-05,0.07483328884361415,0.9233359999383005,0.0017999193067406512
1551,361,cot,6,0.05,tool,0,1.8940071383703658e-06,0.0007129563083167074,0.9558145604419231,0.023893391128484813,0.019577198114136985
1552,362,cot,6,0.05,tool,0,2.5126509134743672e-05,0.0037386191008715844,0.9603101336847245,0.0010988216590300938,0.03482729904623893
1553,363,cot,6,0.05,tool,0,4.1349556585272934e-05,0.00879143328105955,0.8605593139149065,0.07611378014824746,0.05449412309920115
1554,364,cot,6,0.05,tool,0,1.7440293522838283e-07,2.9396847894093695e-06,0.9649810654017433,0.033393230525936485,0.0016225899845956973
1555,365,cot,6,0.05,tool,0,1.3518004606808253e-09,2.0515445537163924e-06,0.968002745722929,0.02534679418570814,0.006648407195008726
1556,366,cot,6,0.05,tool,0,5.504708353455749e-06,0.006701198827217103,0.22927681210450923,0.021727080406988564,0.7422894039529316
1557,367,cot,6,0.05,tool,0,3.691283974273683e-07,4.003940600668276e-06,0.11619015192501121,0.8706480533015737,0.01315742170441705
1558,368,cot,6,0.05,tool,0,6.151447601341715e-07,2.2060100956609702e-05,0.5021771555731307,0.45471947150686803,0.043080697674284546
1559,369,cot,6,0.05,tool,0,3.792718386027998e-08,1.600040971913689e-05,0.9209331769199433,0.05386391135784727,0.025186873385306417
1560,370,cot,6,0.05,tool,0,1.0919789508983665e-05,0.0052811618065905196,0.4334541885963277,0.44584085879649643,0.11541287101107643
1561,371,cot,6,0.05,tool,0,2.6360914238645108e-09,8.745482097220172e-07,0.92739532112802,0.0712806502850853,0.001323151402593682
1562,372,cot,6,0.05,tool,0,4.259498485313935e-07,3.085039635215846e-05,0.7568002568227634,0.15205619403385695,0.091112272797179
1563,373,cot,6,0.05,tool,0,0.00014638722850077328,0.04112502572544039,0.3266095535808032,0.554754314186941,0.07736471927831455
1564,374,cot,6,0.05,tool,0,1.269267618378815e-07,0.00021761095470512637,0.388818187371343,0.6082361778976538,0.0027278968495361767
1565,375,cot,6,0.05,tool,0,0.0004665127302195996,0.10250912816817317,0.29855581597279723,0.3657541226001825,0.23271442052862754
1566,376,cot,6,0.05,tool,0,6.080297934249486e-07,3.8046915124195926e-05,0.23598149490329168,0.7437833638624547,0.020196486289336162
1567,377,cot,6,0.05,tool,0,6.562267401947527e-05,0.004439450235360625,0.40403539173932207,0.5458452646282909,0.045614270723007076
1568,378,cot,6,0.05,tool,0,4.383143954818976e-07,7.046529994058957e-05,0.008230887607851158,0.9908326895279824,0.0008655192498304371
1569,379,cot,6,0.05,tool,0,5.695036709134265e-07,0.00012673951547956735,0.22300183104001883,0.7750979450034997,0.0017729149373309247
1570,380,cot,6,0.05,tool,0,8.57433845148883e-09,3.4541319674825283e-07,0.13749439631139643,0.862081370781132,0.00042387891993637234
1571,381,cot,6,0.05,tool,0,2.988605409066132e-10,3.457478354882216e-08,0.8199058293247705,0.1799546291771704,0.00013950662441495427
1572,382,cot,6,0.05,tool,0,2.8551871774879627e-06,5.561074411251168e-05,0.19599312725775903,0.7997291968592981,0.004219209951653004
1573,383,cot,6,0.05,tool,0,5.5498205007521974e-09,1.993172730612697e-08,0.25617470342532445,0.7434757276201934,0.00034954347293433553
1574,384,cot,6,0.05,tool,0,6.693557907732273e-09,4.520126883767154e-07,0.9451195735384325,0.044923975754722775,0.009955992000598506
1575,385,cot,6,0.05,tool,0,3.8965559445263806e-07,0.0013714344868876684,0.9593268635588255,0.031503132106702754,0.007798180191989793
1576,386,cot,6,0.05,tool,0,2.4068481530365614e-06,0.001531650308124564,0.8501524196782799,0.12916119176981622,0.01915233139562633
1577,387,cot,6,0.05,tool,0,1.6174904681154784e-10,1.0686269410704179e-08,0.9121562205043666,0.08766667235281961,0.00017709629479517797
1578,388,cot,6,0.05,tool,0,5.553314708051461e-10,5.517986869572709e-08,0.7031158707994944,0.2947609566672833,0.00212311679802206
1579,389,cot,6,0.05,tool,0,6.619036328135502e-10,6.418140494400892e-08,0.37539309274920496,0.6245403152077686,6.652719971771111e-05
1580,390,cot,6,0.05,tool,0,4.8908528749483924e-12,3.139114261894959e-11,0.3920311064145925,0.607959734410796,9.159138329492199e-06
1581,391,cot,6,0.05,tool,0,3.381191253629438e-11,7.623119850766083e-11,0.6281640000825043,0.3717927329802785,4.326682717416386e-05
1582,392,cot,6,0.05,tool,0,1.3718061003532833e-10,1.5121765948548179e-09,0.7952847152804613,0.20333420920230572,0.0013810738678758832
1584,393,assistant,7,0.05,tool,0,2.5970510177354036e-11,3.6752092402255337e-10,0.00012031098038720679,0.9998795518363889,1.3678973257600398e-07
1585,394,assistant,7,0.05,tool,0,1.3817329623520593e-10,2.8874741292103503e-08,0.000372783160260679,0.9996270742276597,1.1359916489890887e-07
1586,395,assistant,7,0.05,tool,0,7.209293481152996e-11,3.377861129326307e-09,9.487114832657846e-05,0.9999047410541707,3.8434754862491224e-07
1587,396,assistant,7,0.05,tool,0,9.526212603300048e-12,1.9418277752425987e-09,4.436886607492459e-06,0.999995524514275,3.66477635291268e-08
1588,397,assistant,7,0.05,tool,0,2.8563458935002773e-09,8.336728069053405e-08,0.00010247396977368562,0.9998854079387427,1.2031867857230128e-05
1589,398,assistant,7,0.05,tool,0,1.7802379615431506e-10,1.162481599125463e-08,2.8672341394209566e-05,0.9999678505477168,3.465308049267471e-06
1590,399,assistant,7,0.05,tool,0,7.403763583957202e-11,3.210826712908779e-08,9.231404805260276e-05,0.9999065794662294,1.0743034131607292e-06
1591,400,assistant,7,0.05,tool,0,1.5396567923296061e-09,4.880455932910798e-07,0.00017836039046777752,0.9998023155705381,1.8834453744040092e-05
1592,401,assistant,7,0.05,tool,0,8.985012060842117e-10,2.7412579036572464e-07,0.00025183422305529113,0.9997448309670633,3.0597855898124745e-06
1593,402,assistant,7,0.05,tool,0,1.1042578073591592e-11,6.403774274898856e-09,5.405413055292141e-05,0.9999441856818346,1.7537727956219824e-06
1594,403,assistant,7,0.05,tool,0,3.533514417016049e-10,8.755665737298525e-08,1.416391629295062e-05,0.9999854497808969,2.983928014567837e-07
1595,404,assistant,7,0.05,tool,0,1.1417856031278362e-11,2.296719997350887e-10,0.00023098946717783414,0.9997689177504074,9.25413247333222e-08
1596,405,assistant,7,0.05,tool,0,2.562546669327418e-11,5.598304904631579e-10,0.00046563602208099297,0.9995342199409449,1.4345151810398728e-07
1597,406,assistant,7,0.05,tool,0,7.383791495562205e-11,1.5720915056853213e-09,0.0010555527633522512,0.9989439054891583,5.401015599761322e-07
1598,407,assistant,7,0.05,tool,0,8.052812656753628e-11,2.943774970801106e-09,4.505391212349901e-05,0.9999542746349367,6.68428636720841e-07
1599,408,assistant,7,0.05,tool,0,1.2989552561243546e-10,9.456338607301615e-09,2.1579010468724355e-05,0.9999754166024304,2.9948008669746944e-06
1600,409,assistant,7,0.05,tool,0,6.726598666822989e-10,1.2130729933157451e-06,6.787125633752239e-05,0.999922876014925,8.038983084425103e-06
1601,410,assistant,7,0.05,tool,0,2.731795478991013e-12,2.2470447251535005e-10,8.728183322680573e-06,0.9999912528278692,1.8761372068038942e-08
1602,411,assistant,7,0.05,tool,0,8.917721940925238e-10,6.557646325386141e-07,0.00029802310623832355,0.9996873371299873,1.3983107369762954e-05
1603,412,assistant,7,0.05,tool,0,2.011752795473149e-09,7.85673630625878e-08,4.938056846611443e-05,0.9999502358950214,3.029573966370685e-07
1604,413,assistant,7,0.05,tool,0,6.399725293226542e-11,4.577416203169691e-09,5.421109964212601e-06,0.9999944362215923,1.380270299510047e-07
1605,414,assistant,7,0.05,tool,0,1.6052373781158567e-12,4.912334675683866e-11,2.623748294311037e-06,0.9999973574051428,1.879583419217229e-08
1606,415,assistant,7,0.05,tool,0,6.000361753136589e-12,1.257999441509853e-08,5.1260008006615255e-05,0.999948497997006,2.294089924977044e-07
1607,416,assistant,7,0.05,tool,0,8.922151974081488e-10,6.676653089370101e-07,0.00010796626733369899,0.9998691356049024,2.2229570239591197e-05
1608,417,assistant,7,0.05,tool,0,8.74298328862356e-12,1.4066872959642813e-08,2.0814559528707313e-05,0.9999789625010235,2.0886383184650411e-07
1609,418,assistant,7,0.05,tool,0,4.115060238711583e-09,2.5390633197325433e-06,5.254501660212196e-05,0.9999438504722421,1.0613327757123806e-06
1610,419,assistant,7,0.05,tool,0,1.5425735118906217e-08,1.5085421476685681e-06,5.104769200923503e-05,0.9999468062244254,6.221156823968415e-07
1611,420,assistant,7,0.05,tool,0,1.2315545511443227e-06,0.0006821816695527914,0.0027920956396439017,0.9965177335885078,6.7575477441656556e-06
1612,421,assistant,7,0.05,tool,0,7.420313155334832e-14,2.784878231378568e-10,4.221758968459841e-07,0.9999995763161317,1.2294093067404094e-09
1613,422,assistant,7,0.05,tool,0,6.099312726733518e-12,8.112706566511233e-08,3.3941548084715776e-06,0.9999964115635057,1.131485208735405e-07
1614,423,assistant,7,0.05,tool,0,1.0767802472088914e-09,2.050315403087797e-06,0.0006354759952892555,0.999354588150334,7.884462193562207e-06
1615,424,assistant,7,0.05,tool,0,1.3987534414079709e-08,2.3649490566734146e-06,0.0006255426807034525,0.9993512491419522,2.0829240753472e-05
1616,425,assistant,7,0.05,tool,0,3.556473452887979e-11,1.1035184609580123e-08,1.0046752883130665e-05,0.9999898575930017,8.458336562710592e-08
1617,426,assistant,7,0.05,tool,0,1.7012914843740635e-10,6.692402830288017e-08,0.00014186231679418353,0.9998555236581963,2.546930851964939e-06
1618,427,assistant,7,0.05,tool,0,4.861760282978205e-10,9.08224581950026e-07,0.0006900587244527586,0.9993062311648075,2.8013999816872993e-06
1619,428,assistant,7,0.05,tool,0,1.17579414427678e-09,1.9232703414006133e-06,0.0015822900828130568,0.9983230884319484,9.269703910301752e-05
1620,429,assistant,7,0.05,tool,0,4.4418770448793586e-08,3.922588983516587e-05,0.0007479232225163186,0.9991561564125109,5.665005636715264e-05
1621,430,assistant,7,0.05,tool,0,3.1850676392246454e-09,1.4469797114485978e-06,0.000704781319419642,0.9992293001451271,6.446837067416432e-05
1622,431,assistant,7,0.05,tool,0,3.0712045395885225e-10,1.1124495983552467e-07,2.1043030355723386e-05,0.9999731895234841,5.655894079792305e-06
1623,432,assistant,7,0.05,tool,0,4.2344658847040505e-07,0.00014005035005900505,0.00027053840590365234,0.9992840538047627,0.00030493399268615145
1624,433,assistant,7,0.05,tool,0,9.969101051153065e-08,1.79996118517688e-06,0.0008251293211962304,0.9990673481938245,0.0001056228327836879
1625,434,assistant,7,0.05,tool,0,1.8579817783573285e-07,3.6530699942035807e-05,0.002381415796805599,0.9970314500848313,0.0005504176202432584
1626,435,assistant,7,0.05,tool,0,3.252435188555681e-08,1.2062504377553657e-06,0.0001850391243262619,0.9997996213374959,1.4100763388079747e-05
1627,436,assistant,7,0.05,tool,0,5.77752860691215e-09,7.834551914783338e-07,0.00025979994500614176,0.999739382919919,2.7902354624897985e-08
1628,437,assistant,7,0.05,tool,0,2.1143069375181212e-10,4.028795143454759e-08,1.9995869969547845e-05,0.9999798004800263,1.6315062209923108e-07
1629,438,assistant,7,0.05,tool,0,4.1043938384925e-12,4.433252065946279e-11,1.9261860838448136e-05,0.9999807335782338,4.5124909374375546e-09
1630,439,assistant,7,0.05,tool,0,5.384940614167633e-12,2.52641442478872e-10,0.0020277703479036247,0.9979722148263372,1.4567732641539855e-08
1631,440,assistant,7,0.05,tool,0,4.682818636806986e-09,5.48938122029911e-07,0.00023653935162699222,0.9997599151116874,2.991915744877196e-06
1632,441,assistant,7,0.05,tool,0,4.693600787317467e-10,5.686466770637029e-09,0.0008115668638960175,0.9991831308068618,5.2961734154389384e-06
1633,442,assistant,7,0.05,tool,0,1.96723399672195e-10,7.779333194430835e-09,6.483454662516273e-05,0.9999343939768871,7.635004309766496e-07
1634,443,assistant,7,0.05,tool,0,5.500403115431491e-10,3.064117584704675e-08,7.168574526098368e-06,0.9999925580488953,2.4218536250719315e-07
1635,444,assistant,7,0.05,tool,0,3.291296594317032e-11,5.88467588396543e-09,2.777505999598374e-05,0.999971657186743,5.61835672202109e-07
1636,445,assistant,7,0.05,tool,0,2.1549408948238574e-12,5.039627657015423e-10,1.424995859427387e-05,0.99998574391456,5.620728227109984e-09
1637,446,assistant,7,0.05,tool,0,1.733219489760842e-13,6.841251948647e-11,1.3488907959553546e-05,0.9999865098180466,1.2054079021307178e-09
1638,447,assistant,7,0.05,tool,0,9.77553166369825e-07,1.8521936384235695e-05,0.0021598036669800633,0.9977560106230219,6.468622044752513e-05
1639,448,assistant,7,0.05,tool,0,1.3018883607855342e-09,7.614699905540796e-08,8.248699953717457e-06,0.9999912653612293,4.0848992947868366e-07
1640,449,assistant,7,0.05,tool,0,2.4228682889833433e-09,5.439398512124463e-07,0.0011201903795533402,0.9988671876646654,1.2075593061632258e-05
1641,450,assistant,7,0.05,tool,0,3.4773445409033774e-10,1.790780287760336e-08,4.9715296120062784e-05,0.9999498971300244,3.6931831837675016e-07
1642,451,assistant,7,0.05,tool,0,2.2266360807650096e-11,3.838073756377535e-11,8.863253431455541e-07,0.9999991087164913,4.897518552223795e-09
1643,452,assistant,7,0.05,tool,0,2.3562654560701574e-09,4.313769415650391e-07,6.639830478087023e-05,0.9999321959850582,9.71976954037617e-07
1644,453,assistant,7,0.05,tool,0,5.224577262829151e-11,2.116246647831935e-08,0.00037805826103087337,0.9996216389814341,2.8154282289623115e-07
1645,454,assistant,7,0.05,tool,0,1.8139989646291873e-09,8.583370974776198e-09,0.00022924072823217955,0.9997697519965653,9.968778326235323e-07
1646,455,assistant,7,0.05,tool,0,6.076653583562714e-12,4.430997169729272e-10,5.7817278391831654e-05,0.9999421596899566,2.2582475256777822e-08
1647,456,assistant,7,0.05,tool,0,6.311952998891823e-11,2.2324437203739247e-09,4.893216754123703e-06,0.9999950646312376,3.985644501368786e-08
1648,457,assistant,7,0.05,tool,0,8.621535584954851e-11,4.353852133658987e-09,0.00010779346367501718,0.9998920621080705,1.3998818705224974e-07
1649,458,assistant,7,0.05,tool,0,4.876777903960391e-09,1.0044666612170953e-06,0.02777630243508445,0.9721273109850567,9.537723641988029e-05
1650,459,assistant,7,0.05,tool,0,4.4328211203162576e-08,2.8654267772523605e-06,0.0006308059669502711,0.9993437348108728,2.2549467188425638e-05
1651,460,assistant,7,0.05,tool,0,1.5211964830238019e-09,2.727034921644074e-07,0.0003985175717816453,0.9995911144274716,1.0093776058067237e-05
1652,461,assistant,7,0.05,tool,0,2.663165231379854e-09,1.2857017195552104e-08,0.0004543284090888586,0.9995439319739927,1.7240967359075256e-06
1653,462,assistant,7,0.05,tool,0,1.180670218279614e-08,2.8163100169353765e-07,0.0015096463172484362,0.9984648185921425,2.5241652904988637e-05
1654,463,assistant,7,0.05,tool,0,7.189810887940493e-11,1.318381159555331e-10,3.909861735997764e-05,0.9999608762005978,2.4978306001444326e-08
1655,464,assistant,7,0.05,tool,0,1.424637043587242e-10,4.919522892931145e-08,0.00015140771520832485,0.999848508692249,3.425485013184548e-08
1656,465,assistant,7,0.05,tool,0,1.157457320696365e-12,3.6948731552758853e-10,3.46120544196625e-05,0.9999653836000734,3.974862280085435e-09
1657,466,assistant,7,0.05,tool,0,5.324039999561857e-10,1.0162152108238251e-07,0.0009335621778689987,0.9990647138020687,1.6218661371044783e-06
1658,467,assistant,7,0.05,tool,0,8.726644953493261e-10,2.479933834237219e-07,0.00021684268425610243,0.9997822036242796,7.048254163913898e-07
1659,468,assistant,7,0.05,tool,0,8.742110769670849e-10,5.336190775654615e-08,0.000592248703818426,0.9994051213928403,2.5756672224534236e-06
1660,469,assistant,7,0.05,tool,0,3.6052039167667963e-09,7.53032074970588e-08,0.00134982203816563,0.9986302674737842,1.9831579638895093e-05
1661,470,assistant,7,0.05,tool,0,1.7108556429211034e-12,1.4001974193597996e-10,1.8390516481930895e-05,0.9999815480532576,6.128852987879805e-08
1662,471,assistant,7,0.05,tool,0,2.959034524943876e-07,8.44061879343896e-06,0.014307519966780865,0.9854649134908826,0.0002188300200907053
1663,472,assistant,7,0.05,tool,0,3.776872750851301e-07,4.630381341106078e-06,0.016038172784468258,0.9835330635557062,0.0004237555912093302
1664,473,assistant,7,0.05,tool,0,1.6031279148108499e-12,3.5402501182019334e-11,7.052967368121998e-05,0.9999294595065025,1.0782810760648228e-08
1665,474,assistant,7,0.05,tool,0,2.886343881412771e-09,2.1368951642357635e-08,0.0021240940998705354,0.9978737443084525,2.137336381501862e-06
1666,475,assistant,7,0.05,tool,0,2.0977005672780264e-10,6.659292369068002e-09,0.0008589269386236839,0.9991408903998298,1.7579248418167276e-07
1667,476,assistant,7,0.05,tool,0,1.905882260019626e-08,2.316460002870533e-07,0.0008081055403624067,0.9991912350622748,4.086925399308086e-07
1668,477,assistant,7,0.05,tool,0,3.994467323525852e-09,6.89187822346229e-08,0.0008587108965463303,0.9991405244866225,6.917035816484566e-07
1669,478,assistant,7,0.05,tool,0,1.6396133606674752e-10,7.96713098351728e-09,3.857363802757109e-05,0.999961389410263,2.882061713367635e-08
1670,479,assistant,7,0.05,tool,0,1.438035212500748e-10,9.704982060871498e-08,0.00014741337452627677,0.9998520670161813,4.224156683052029e-07
1671,480,assistant,7,0.05,tool,0,9.993379071561137e-10,3.431161505735909e-07,0.00201941651903978,0.9979795268840983,7.124813735109198e-07
1672,481,assistant,7,0.05,tool,0,3.0486001154632505e-08,1.616571551921903e-07,0.0003413246313605024,0.9996575532590602,9.299664229475839e-07
1673,482,assistant,7,0.05,tool,0,1.6637259612605255e-08,7.645914207999528e-07,0.0007136316344333033,0.9992782356856764,7.351451209828365e-06
1674,483,assistant,7,0.05,tool,0,5.1719264360507895e-11,7.727264810945355e-09,5.5216003543062255e-05,0.9999447576634128,1.8554060026366208e-08
1675,484,assistant,7,0.05,tool,0,4.849250556079807e-12,2.343274274262749e-10,1.586728098692473e-06,0.9999984098486593,3.184065173506636e-09
1676,485,assistant,7,0.05,tool,0,3.258823006163343e-10,3.120880707421639e-10,1.1904993144396522e-06,0.9999987874842216,2.13784936221009e-08
1677,486,assistant,7,0.05,tool,0,3.9482757636570215e-11,5.675898619722557e-10,3.334653674111502e-05,0.9999666481034214,4.752764838743193e-09
1678,487,assistant,7,0.05,tool,0,3.779013840106767e-09,2.7625450094619717e-08,1.3763096280866093e-05,0.9999861210996193,8.439963615951637e-08
1679,488,assistant,7,0.05,tool,0,1.289738069002605e-11,5.204327338579756e-11,7.668494069261576e-06,0.9999922055940699,1.2584692019697008e-07
1680,489,assistant,7,0.05,tool,0,2.087536995107271e-08,1.770158312103381e-08,7.82447477305662e-05,0.9999212556471275,4.6102818870742787e-07
1681,490,assistant,7,0.05,tool,0,1.7614676588256148e-11,1.4260651825741681e-09,0.0005647399625731848,0.9994352528565598,5.737187195907667e-09
1682,491,assistant,7,0.05,tool,0,2.3699497636130594e-09,1.3713535623964364e-08,7.82231719466217e-05,0.999921659722155,1.0102241282923182e-07
1683,492,assistant,7,0.05,tool,0,2.4642672332499783e-12,3.909673893190968e-11,4.414025483588265e-06,0.9999955849528269,9.80128517740958e-10
1684,493,assistant,7,0.05,tool,0,4.640642317263673e-12,5.961531041053966e-12,1.7215452976007347e-05,0.9999827837363152,8.001065387348886e-10
1685,494,assistant,7,0.05,tool,0,2.181457390003292e-11,1.4182649381016207e-10,4.083694024911557e-05,0.9999591602969603,2.5991495888757024e-09
1686,495,assistant,7,0.05,tool,0,4.777879364996211e-11,1.0187866044579178e-10,7.503293791245919e-05,0.9999247339480173,2.3296441269441376e-07
1687,496,assistant,7,0.05,tool,0,9.793037731822542e-11,1.2622166985569464e-09,6.740942200666754e-05,0.9999316368901864,9.523276598666747e-07
1688,497,assistant,7,0.05,tool,0,2.3768236234190476e-13,5.987100320390873e-12,2.1182346376982373e-06,0.9999978700035627,1.1755574791152069e-08
1689,498,assistant,7,0.05,tool,0,2.998908395612394e-13,7.56091189703885e-12,5.28480641077094e-06,0.9999947053720218,9.813706446803269e-09
1690,499,assistant,7,0.05,tool,0,1.416428737462234e-12,9.401466593589852e-12,6.566656109983624e-05,0.9999343317138337,1.7142484642314084e-09
1691,500,assistant,7,0.05,tool,0,1.0970773382869009e-05,5.113801507701563e-05,0.04754702137953598,0.9300941845770718,0.022296685254932433
1692,501,assistant,7,0.05,tool,0,2.5805237266184323e-09,7.00702247862679e-08,0.000248827595545069,0.9997482070365309,2.8927171754719206e-06
1693,502,assistant,7,0.05,tool,0,3.31782864109597e-12,9.225368213097058e-12,1.4433598678070325e-05,0.9999855505693848,1.5819394018286717e-08
1694,503,assistant,7,0.05,tool,0,6.641964896489998e-10,1.7717518215544374e-09,0.00011359667461304627,0.9998645603463712,2.184054306739449e-05
1695,504,assistant,7,0.05,tool,0,1.1718955700583098e-10,3.967144185212808e-09,0.0001075330971975607,0.9998593325151597,3.313030330893363e-05
1696,505,assistant,7,0.05,tool,0,2.5478774721092677e-09,6.836119992901081e-08,0.0005629597722055182,0.9993302796861502,0.0001066896325668071
1697,506,assistant,7,0.05,tool,0,2.4895827207363105e-14,1.8911414416363106e-13,1.6435497819253042e-06,0.9999983532191258,3.230878147374958e-09
1698,507,assistant,7,0.05,tool,0,4.168346803230508e-12,9.822093577038485e-12,6.496906960049106e-06,0.9999934475276251,5.555142444394064e-08
1699,508,assistant,7,0.05,tool,0,2.37900383150803e-11,5.001346149340441e-11,6.010328252914542e-05,0.9999392523782453,6.442654219450307e-07
1700,509,assistant,7,0.05,tool,0,3.4059489766865282e-12,1.3445324064977858e-09,4.2222202990376356e-05,0.9999562771501957,1.4992988755639726e-06
1701,510,assistant,7,0.05,tool,0,1.2279117381356468e-06,0.0002149343048420084,0.07820502741875003,0.920186211400353,0.0013925989643166976
1702,511,assistant,7,0.05,tool,0,7.528003413678913e-09,3.728170502719416e-07,7.924152813169739e-05,0.999911011713944,9.36641287069152e-06
1703,512,assistant,7,0.05,tool,0,3.610154279739158e-11,1.7193819818228355e-10,1.6085377436129876e-05,0.999983126442235,7.879722892029095e-07
978,1,user,2,0.05,tool,1,7.310267944732106e-07,0.0014794427594281424,8.558701478341441e-06,3.2586937593249437e-13,0.9985112675119732
979,2,user,2,0.05,tool,1,1.7048708963143773e-05,0.2793518366807031,1.9671887321068826e-06,7.500357157382364e-14,0.7206291474215267
980,3,user,2,0.05,tool,1,1.3615491302686836e-06,0.002177321261716763,3.787195032112172e-06,1.1664342871899336e-13,0.9978175299940042
981,4,user,2,0.05,tool,1,2.3242093175219658e-05,0.02511630597991145,1.0493385809134358e-05,8.131210382394906e-12,0.974849958532973
982,5,user,2,0.05,tool,1,4.808148061666856e-05,0.36120200027347626,8.506832252776228e-06,1.3250974742047537e-11,0.6387414114004033
983,6,user,2,0.05,tool,1,0.0007889786579003028,0.15798018470651407,3.4880868774333166e-05,1.666108775144717e-11,0.8411959557501503
984,7,user,2,0.05,tool,1,6.453568828448379e-05,0.32090731179988835,1.3183892360201022e-05,2.3732651193424764e-11,0.6790149685957342
985,8,user,2,0.05,tool,1,1.1817712840900911e-05,0.7744434501943854,5.860375083332853e-07,1.2175990643279008e-13,0.2255441460551435
986,9,user,2,0.05,tool,1,2.6581247397302522e-05,0.07040057119591259,1.4055961731254071e-05,7.628447542029515e-12,0.9295587915873305
987,10,user,2,0.05,tool,1,5.6552633076901335e-06,0.047151998046776514,2.9126125932950874e-05,4.755914485718527e-11,0.9528132205164237
988,11,user,2,0.05,tool,1,5.008602028993465e-05,0.6899724940063422,3.5431266507459306e-06,8.376304297283517e-15,0.30997387684670863
989,12,user,2,0.05,tool,1,1.2810377165247097e-06,0.05868055152176123,2.0756823173899412e-05,1.0354678586002095e-14,0.941297410617338
990,13,user,2,0.05,tool,1,0.001488871664893885,0.6231417402981713,2.4598557046393883e-05,1.9905074645906065e-13,0.37534478947968947
991,14,user,2,0.05,tool,1,4.03070636622156e-05,0.9532466505698856,3.798495771880659e-06,1.058369369450055e-12,0.04670924386962188
992,15,user,2,0.05,tool,1,0.0006133407528156803,0.25123327223231207,9.11979686547005e-05,1.1205661274510589e-10,0.748062188934161
993,16,user,2,0.05,tool,1,1.7832084839575423e-05,0.12469998642350873,8.360270425908213e-05,2.5847387543151252e-12,0.8751985787848079
994,17,user,2,0.05,tool,1,5.062901663841615e-06,0.01852560677206712,6.719282182017047e-05,5.236366762128867e-13,0.9814021375039251
995,18,user,2,0.05,tool,1,1.343910138681828e-05,0.10712944380024679,0.00028497721313524774,1.1568425988615564e-12,0.8925721398840744
996,19,user,2,0.05,tool,1,4.6164535329648215e-06,0.0345201097988836,5.0011297781950526e-05,1.4892199400731853e-13,0.9654252624496527
997,20,user,2,0.05,tool,1,5.015197244543384e-05,0.3563091547756406,0.0001811114106087177,7.060717334270983e-13,0.6434595818405993
998,21,user,2,0.05,tool,1,0.0002111944327847387,0.09753112328880904,0.00011005466015707766,2.6753435328619193e-11,0.9021476275914957
999,22,user,2,0.05,tool,1,9.397723508373825e-05,0.12520918443152895,0.0001913743303248629,1.8509328225638537e-11,0.8745054639845531
1000,23,user,2,0.05,tool,1,0.00012006949313865145,0.04848607068778293,3.476911839094095e-05,1.5506259965226493e-11,0.9513590906851812
1001,24,user,2,0.05,tool,1,3.410434273082482e-05,0.1769709206651606,5.275223620485079e-05,1.633127757015649e-10,0.822942222592591
1002,25,user,2,0.05,tool,1,2.7482338800930625e-06,0.9605561568876423,4.3677773481808407e-07,1.0129145808351396e-12,0.0394406580997298
1003,26,user,2,0.05,tool,1,1.7881973346025853e-05,0.36165988245963426,0.0001932401044155557,9.773625805620786e-13,0.6381289954616269
1004,27,user,2,0.05,tool,1,1.5476814670472547e-05,0.07125232378409486,0.002426330530240009,1.7413093339495047e-12,0.9263058688692533
1005,28,user,2,0.05,tool,1,1.6872716049736073e-05,0.07945231880675661,3.261622319768368e-05,5.174826892589737e-11,0.9204981922022476
1006,29,user,2,0.05,tool,1,0.00019114948613938948,0.8564101746756215,0.00025075447394416343,1.655342088166483e-07,0.1431477558300859
1007,30,user,2,0.05,tool,1,0.00026911356160025054,0.31609949209214583,3.5571402900641807e-05,2.374024432573989e-09,0.6835958205693289
1008,31,user,2,0.05,tool,1,6.604689191651106e-05,0.8495586527808554,2.7370612799985933e-05,4.265808604812309e-09,0.15034792544861972
1009,32,user,2,0.05,tool,1,0.00017391014636659616,0.7502190356806753,1.2966008510035163e-05,2.5690404338537895e-09,0.24959408559540763
1010,33,user,2,0.05,tool,1,2.3078773530754595e-05,0.1976312311218799,6.448955115515573e-05,2.009984313247538e-11,0.8022812005333343
1011,34,user,2,0.05,tool,1,3.0903604391277584e-05,0.13248704807742165,7.679241398724354e-06,5.020531860942564e-11,0.867474369026583
1012,35,user,2,0.05,tool,1,1.6060947419083895e-05,0.47538413256480455,0.0002316848431507021,3.9745928206885646e-11,0.5243681216048798
1013,36,user,2,0.05,tool,1,4.2658648943390385e-06,0.26120276239295875,5.419441978567163e-05,3.247023620959602e-12,0.7387387773191141
1014,37,user,2,0.05,tool,1,3.341502341593029e-06,0.041032592727120364,1.9914888670643866e-06,5.06265326652994e-12,0.9589620742766083
1015,38,user,2,0.05,tool,1,6.675762074375581e-06,0.5901930093917865,2.5512140183136432e-06,2.9163852934509947e-11,0.409797763602957
1016,39,user,2,0.05,tool,1,5.22272573014278e-06,0.8365520987998222,5.624146587622629e-06,1.4615491008307666e-10,0.16343705418170512
1017,40,user,2,0.05,tool,1,2.7997299178758193e-05,0.914132324030484,2.1814542553067226e-05,1.8981067005119199e-10,0.08581786393797342
1018,41,user,2,0.05,tool,1,2.0681637861768606e-06,0.8232910535782174,0.00011827877933335056,4.576642465514339e-12,0.17658859947408664
1019,42,user,2,0.05,tool,1,3.724593190700297e-06,0.19482377531482953,2.9829403181651455e-05,1.0359626771349626e-10,0.805142670585202
1020,43,user,2,0.05,tool,1,7.607418719562254e-06,0.3937975534510014,7.706333020911818e-06,6.439624062671437e-11,0.6061871327328618
1021,44,user,2,0.05,tool,1,7.578844247718814e-06,0.27657106177668234,1.829221498713197e-05,1.2953035910093196e-10,0.7234030670345524
1023,45,cot,3,0.05,tool,1,2.497176826692635e-10,4.241531792672447e-07,0.018740313339924146,5.3203862367973196e-11,0.981259262203975
1024,46,cot,3,0.05,tool,1,2.812621833544682e-10,1.0365843485455116e-06,0.0049876462924766385,2.448991808542457e-12,0.9950113168394636
1025,47,cot,3,0.05,tool,1,2.305452887723305e-11,4.639332363665153e-08,0.006914053105927175,1.7042533501830101e-12,0.9930859004759904
1026,48,cot,3,0.05,tool,1,3.125878462745041e-09,8.777998231207703e-06,0.012994142856853831,6.789918953751211e-10,0.9869970753400447
1027,49,cot,3,0.05,tool,1,2.8060473893076163e-09,3.381352858920933e-05,0.00040431051500816156,4.604767583351969e-12,0.9995618731457504
1028,50,cot,3,0.05,tool,1,1.5732789132857903e-10,3.3030016381282075e-07,0.0002673030555673993,5.089792541257726e-13,0.9997323664864319
1029,51,cot,3,0.05,tool,1,2.9956661143986174e-09,9.34534969042216e-06,0.0030425305383146206,4.939294969799432e-11,0.996948121066936
1030,52,cot,3,0.05,tool,1,1.392765893271023e-09,1.3821957735238756e-06,0.004240384194981089,2.4517525406920874e-10,0.9957582319713043
1031,53,cot,3,0.05,tool,1,1.2374419549234422e-11,1.0842506048847968e-08,0.08918010420253701,1.4647068531389895e-10,0.9108198847961119
1032,54,cot,3,0.05,tool,1,2.1763476512388824e-09,2.6752406929579816e-06,0.009499647111323655,1.1373643851968979e-10,0.9904976753578992
1033,55,cot,3,0.05,tool,1,6.161278756485338e-08,0.0001100597476043464,0.00029090655474647533,3.722386644128805e-11,0.9995989720476376
1034,56,cot,3,0.05,tool,1,2.7001001462051683e-08,0.00041857354860121686,0.0011391548242756754,2.2780592101036354e-11,0.9984422446033411
1035,57,cot,3,0.05,tool,1,4.299900548456995e-08,0.007074251613550911,0.00017749461252680263,3.23752086914679e-11,0.9927482107425416
1036,58,cot,3,0.05,tool,1,9.669665514941814e-10,4.114011656251597e-05,0.004257740165641892,1.1999654102878795e-11,0.9957011187388295
1037,59,cot,3,0.05,tool,1,2.3537995633049027e-06,0.004567641223636448,0.016918215282475484,2.858929900083021e-07,0.9785115038013347
1038,60,cot,3,0.05,tool,1,4.0900087999948715e-09,5.431243380170444e-05,0.0029547236919409744,6.990509599947256e-11,0.9969909597143435
1039,61,cot,3,0.05,tool,1,1.5003265968094503e-06,0.07840894533466547,0.0024695345027247267,5.7215374714747365e-08,0.9191199626206383
1040,62,cot,3,0.05,tool,1,7.20941982975576e-08,0.0003469386215294142,0.007760388138286084,9.329412589776737e-10,0.9918926002130449
1041,63,cot,3,0.05,tool,1,1.8407267251982342e-07,0.0026622007843854984,0.0009889798128063223,4.6540881950003717e-08,0.9963485887892537
1042,64,cot,3,0.05,tool,1,1.2243771079693176e-08,7.332701329986608e-05,0.003126979824361173,9.047808842144555e-12,0.9967996809095201
1043,65,cot,3,0.05,tool,1,2.062038390047166e-09,8.493492814274025e-06,0.001879801794079392,1.6759173492637223e-10,0.9981117024834762
1044,66,cot,3,0.05,tool,1,3.5223378058911594e-09,5.7231784987604825e-06,0.0006459339508286563,6.75811466871177e-10,0.9993483386725233
1045,67,cot,3,0.05,tool,1,9.834725372689935e-08,0.00018437452672524047,0.0008212080562341558,9.51397747275341e-10,0.9989943181183892
1046,68,cot,3,0.05,tool,1,1.2164188301461244e-11,4.9824644886538706e-08,0.4574160231156181,6.409589044533985e-10,0.5425839264066139
1047,69,cot,3,0.05,tool,1,1.99901469189673e-11,1.0170975011740573e-09,0.06815677917196462,3.875185890855485e-09,0.9318432159157617
1048,70,cot,3,0.05,tool,1,1.187550098249666e-10,6.800285692388992e-08,0.008060103384734518,4.7968667818573286e-12,0.9919398284888566
1049,71,cot,3,0.05,tool,1,1.5274462063783373e-09,3.468772688260977e-06,0.0024682174060510448,1.882581863290636e-12,0.9975283122919318
1050,72,cot,3,0.05,tool,1,9.055421329825951e-10,2.651424844608674e-05,0.004417210564533799,6.784910410982473e-11,0.9955562742136288
1051,73,cot,3,0.05,tool,1,6.479104825400076e-11,8.061412529359457e-07,0.19040348050974626,3.1725100101529397e-10,0.8095957129669588
1052,74,cot,3,0.05,tool,1,4.3103503811088885e-13,2.02996259758193e-09,0.005402228610666243,1.0442782616369344e-11,0.9945977693484973
1053,75,cot,3,0.05,tool,1,1.0041024131046714e-11,1.7203429714141776e-09,0.0006881368312330273,1.0169191706761811e-11,0.9993118614282138
1054,76,cot,3,0.05,tool,1,7.486766254599728e-09,6.048058396911304e-06,0.00836949303460631,2.367780015044496e-10,0.9916244511834524
1055,77,cot,3,0.05,tool,1,4.348729937228956e-10,7.309902035602145e-08,0.002178892617292115,5.732149499836479e-12,0.9978210338430823
1056,78,cot,3,0.05,tool,1,2.94420066770785e-09,8.976871043624624e-06,0.018591979619545115,3.885724980228289e-10,0.981399040176638
1057,79,cot,3,0.05,tool,1,2.7489155124257484e-07,5.386490886980208e-05,0.036458966062786514,4.870269595817235e-08,0.9634868454340965
1058,80,cot,3,0.05,tool,1,8.098475340632595e-11,2.18481141671046e-08,0.09195616914416577,1.0443677533995908e-09,0.9080438078823676
1059,81,cot,3,0.05,tool,1,5.485430211995107e-10,7.562496065399243e-07,0.009757932174926959,2.5726401944342255e-10,0.9902413107696595
1060,82,cot,3,0.05,tool,1,1.3859238433747438e-07,7.933048482253192e-06,0.003092773893597464,2.7664811500607127e-09,0.9968991516990549
1061,83,cot,3,0.05,tool,1,1.4202575263410994e-07,2.686332458421123e-05,0.012421211097406164,6.602742763794667e-10,0.9875517828919826
1062,84,cot,3,0.05,tool,1,1.8607607473227782e-11,4.4894923585323534e-09,0.3990423777224864,4.2986648641047596e-09,0.6009576134707488
1063,85,cot,3,0.05,tool,1,2.0776465846606345e-12,6.043642292396265e-11,0.8059494334633582,3.2041262237896224e-08,0.19405053443286555
1064,86,cot,3,0.05,tool,1,8.278378425645039e-12,1.4696470860375284e-09,0.07607655192094227,2.9353774053136316e-08,0.9239234172473583
1065,87,cot,3,0.05,tool,1,1.9984348029351773e-08,3.057113125783453e-06,0.7407174976805228,4.896147022148249e-06,0.2592745290749812
1066,88,cot,3,0.05,tool,1,1.6792314972484466e-09,2.9594713623179966e-07,0.02466718732069479,1.3374431368972335e-07,0.9753323813086238
1067,89,cot,3,0.05,tool,1,2.3418999473283013e-08,2.0319239138321615e-07,0.016130853343280162,5.358844562053054e-07,0.9838683841608729
1068,90,cot,3,0.05,tool,1,4.569478469600739e-09,1.7162022725030067e-07,0.01993178121901865,1.1836619942353166e-07,0.9800679242250763
1069,91,cot,3,0.05,tool,1,3.829492999221394e-09,8.820126791983409e-07,0.004497888936097043,2.1005554042609493e-08,0.9955012042161768
1070,92,cot,3,0.05,tool,1,2.6390474933125246e-08,3.5841093067493986e-06,0.22257266897414865,1.2187364089876572e-06,0.7774225017896607
1071,93,cot,3,0.05,tool,1,1.1391723588190446e-11,1.2624096815121126e-10,0.8296336102622128,3.272339854339674e-06,0.1703631172603003
1072,94,cot,3,0.05,tool,1,3.442856555489021e-11,6.605949389127284e-09,0.07086680746432476,2.1825717039135763e-08,0.9291331640695804
1073,95,cot,3,0.05,tool,1,1.0575317776734239e-09,2.1015577726149459e-07,0.011798383787707617,1.3276812885286153e-08,0.9882013917221705
1074,96,cot,3,0.05,tool,1,1.4870838006393614e-10,5.028930843658465e-08,0.12656746370626787,1.1731835161018212e-07,0.8734323685373636
1075,97,cot,3,0.05,tool,1,2.2902479829139825e-10,2.3202102820573786e-08,0.005242715804992631,6.402353678340019e-09,0.9947572543615261
1076,98,cot,3,0.05,tool,1,1.5801719485912435e-10,1.7076457288308618e-08,0.010900607841756248,2.1650611762754286e-08,0.9890993532731576
1077,99,cot,3,0.05,tool,1,3.754281013360396e-09,5.342742432061851e-07,0.0025146721719572383,7.31457485283923e-10,0.9974847890680609
1078,100,cot,3,0.05,tool,1,1.5656598284292535e-09,5.0914829909040065e-08,0.00043934000517187576,7.027383533948213e-09,0.9995606004869549
1079,101,cot,3,0.05,tool,1,3.068836810072428e-08,1.723422512856055e-05,0.00046201412523798937,1.717034192789282e-08,0.9995207037909234
1080,102,cot,3,0.05,tool,1,1.2060811251549286e-10,1.4629683675307168e-08,0.0014378687314231715,1.4728936651324124e-08,0.9985621017893485
1081,103,cot,3,0.05,tool,1,3.0643393164071477e-09,2.6449768105381716e-08,0.0003661318050455748,1.8251586818876087e-08,0.9996338204292602
1082,104,cot,3,0.05,tool,1,8.245418733600665e-10,4.314430630201893e-08,0.001893455597317671,9.418055765569929e-08,0.9981064062532764
1083,105,cot,3,0.05,tool,1,3.024251389201077e-10,1.567998340124353e-08,0.27387584099983264,5.887755782101481e-07,0.7261235542421806
1084,106,cot,3,0.05,tool,1,1.846599282089709e-10,4.258135346556915e-08,0.01571833773086548,4.2083854834871766e-08,0.9842815774192663
1085,107,cot,3,0.05,tool,1,2.3197462970191147e-06,0.000326300343255496,0.006263316969817179,6.914515496107489e-07,0.9934073714890808
1086,108,cot,3,0.05,tool,1,1.952380155930751e-07,1.3044963143388982e-05,0.0022582731862953714,3.6149917322238767e-07,0.9977281251133724
1087,109,cot,3,0.05,tool,1,2.3581706953130376e-09,7.392932217955339e-07,0.04456161923697226,2.4842221298904353e-06,0.9554351548895054
1088,110,cot,3,0.05,tool,1,4.144797332193938e-06,0.0062095089165647875,0.0044345084064416574,7.685186930518441e-07,0.9893510693609684
1089,111,cot,3,0.05,tool,1,3.361104589009736e-08,1.0632510643991183e-06,0.0031040693228647676,3.247338607556661e-08,0.9968948013416389
1090,112,cot,3,0.05,tool,1,1.4164466644958847e-07,1.6612580559590866e-05,0.00817447293067753,3.3766017712836794e-05,0.9917750068263835
1091,113,cot,3,0.05,tool,1,1.83463471860673e-07,1.861951572561358e-06,0.034063069382190524,5.6008254566945347e-05,0.9658788769481982
1092,114,cot,3,0.05,tool,1,2.6140948011852395e-08,3.0305248848337283e-06,0.01880699242847979,3.571417589835336e-08,0.9811899151915116
1093,115,cot,3,0.05,tool,1,9.381785473870157e-07,2.14119329099858e-05,1.2804147586592625e-05,2.507828120035837e-10,0.9999648454901732
1094,116,cot,3,0.05,tool,1,1.5423111138220774e-07,1.5720914038218483e-06,1.1320629288754076e-05,1.4880546373883022e-09,0.9999869515601414
1095,117,cot,3,0.05,tool,1,3.168920643919314e-09,9.6014199313923e-09,0.0007589489981538249,1.344836238001723e-08,0.9992410247831434
1096,118,cot,3,0.05,tool,1,3.683173716383657e-08,2.3351007473603047e-06,0.0003940813261968541,4.1862116297085654e-08,0.9996035048792024
1097,119,cot,3,0.05,tool,1,1.6156773719771447e-09,1.1422049435313835e-08,0.001690569883668206,8.233919038439783e-09,0.998309408844686
1098,120,cot,3,0.05,tool,1,3.343485256115837e-07,7.580231864717806e-05,0.00028638412025477634,2.053058351306419e-10,0.9996374790072666
1099,121,cot,3,0.05,tool,1,3.9767982273796606e-10,1.711820762842984e-08,0.06249541029092263,8.893656130950546e-08,0.9375044832566286
1100,122,cot,3,0.05,tool,1,1.2571177975731115e-10,1.776567500475579e-08,0.021445183347526906,4.0545299055245973e-07,0.9785543933080957
1101,123,cot,3,0.05,tool,1,4.835716188336101e-08,3.5590414317024755e-06,0.0019102181261709723,5.058456283533332e-09,0.9980861694167792
1102,124,cot,3,0.05,tool,1,1.106378950582983e-09,2.0891872356080124e-07,0.007515680830121736,1.61063726103612e-07,0.9924839480810496
1103,125,cot,3,0.05,tool,1,7.163472147792898e-10,4.648356798114723e-09,0.05403445549418605,9.138668021981893e-07,0.9459646252743077
1104,126,cot,3,0.05,tool,1,1.3564730600481419e-09,3.0026274787479256e-09,0.11802863984644782,6.6213200606122955e-06,0.881964734474391
1106,127,assistant,4,0.05,tool,1,1.6312665968667346e-11,1.0300990463223222e-09,0.9161560512992102,0.0026774928185143063,0.08116645483586366
1107,128,assistant,4,0.05,tool,1,5.145126552805971e-10,3.985126886637924e-08,0.8305974109834146,0.04808913455111819,0.12131341409968563
1108,129,assistant,4,0.05,tool,1,2.624032868847303e-10,2.505981047748444e-09,0.9727568062488839,0.016983342048120464,0.010259848934611349
1109,130,assistant,4,0.05,tool,1,4.572412565097046e-08,2.454456387684445e-07,0.04311360461814019,0.01735411292738505,0.9395319912847104
1110,131,assistant,4,0.05,tool,1,6.920661486274832e-09,1.909364847331618e-07,0.14796733510287102,0.21644929483269262,0.6355831722072902
1111,132,assistant,4,0.05,tool,1,6.963422398744098e-10,1.8765585836053767e-08,0.10570860627611452,0.6366030721178386,0.25768830214411875
1112,133,assistant,4,0.05,tool,1,2.466458871469183e-11,4.50229801979147e-09,0.25615057774716243,0.7385650753464728,0.005284342379402147
1113,134,assistant,4,0.05,tool,1,3.551142730361102e-09,6.223147852487028e-08,0.205104130366742,0.21018601705546164,0.5847097867951752
1114,135,assistant,4,0.05,tool,1,2.1504707523352434e-08,2.6363524528045105e-08,0.19838056366198917,0.17222268795414974,0.629396700515629
1115,136,assistant,4,0.05,tool,1,2.3545892327038077e-09,3.574614674449571e-08,0.10185216115847227,0.4200871373509577,0.47806066338983394
1116,137,assistant,4,0.05,tool,1,4.898192488698629e-10,9.265673009975751e-10,0.9663195619898596,0.01581042919086585,0.017870007402888046
1117,138,assistant,4,0.05,tool,1,2.9575811489026796e-09,1.1171028595295795e-08,0.741155705718483,0.03060788002920756,0.22823640012369972
1118,139,assistant,4,0.05,tool,1,1.2649406072508007e-08,4.757810205317656e-08,0.1207027472547628,0.011975349486857351,0.8673218430308717
1119,140,assistant,4,0.05,tool,1,1.316891478360428e-06,0.0019549237718942975,0.0008837491184904344,0.00019581159073472584,0.9969641986274023
1120,141,assistant,4,0.05,tool,1,3.5546318258364685e-09,1.3547850316793587e-06,0.027055258045989815,0.05003684814336968,0.9229065354709769
1121,142,assistant,4,0.05,tool,1,2.2898655317241233e-06,0.0018957025964084298,0.009054260866222652,8.618727718682065e-05,0.9889615593946504
1122,143,assistant,4,0.05,tool,1,3.394185793962582e-06,0.00023965520412596607,0.00800721987722955,0.011765299732939358,0.9799844309999111
1123,144,assistant,4,0.05,tool,1,3.922617038919667e-10,5.849909194490492e-08,0.08558740735107627,0.18850345042162567,0.7259090833359443
1124,145,assistant,4,0.05,tool,1,4.316413572224629e-06,7.04555389243938e-05,0.08790285437601206,0.25209138687253074,0.6599309867989606
1125,146,assistant,4,0.05,tool,1,1.3964504825859251e-08,1.650209321383578e-05,0.7010921342954349,0.0881807191551418,0.2107106304917045
1126,147,assistant,4,0.05,tool,1,1.0782441676300517e-05,0.0012631623296109724,0.09970452550298343,0.004477575161831892,0.8945439545638973
1127,148,assistant,4,0.05,tool,1,2.464588169293768e-06,0.0037306598349549575,0.0029624501595659856,5.097278956521451e-05,0.9932534526277444
1128,149,assistant,4,0.05,tool,1,0.00012460633915486351,0.27892453225361663,0.003024374700411131,0.0001244069905661605,0.7178020797162512
1129,150,assistant,4,0.05,tool,1,1.2659896475958955e-05,0.03025575795758621,0.006522735480788497,0.0005782661449767086,0.9626305805201727
1130,151,assistant,4,0.05,tool,1,2.5990421066678576e-06,0.0038730287665984485,0.05128786314493602,0.0003366878176845885,0.9444998212286744
1131,152,assistant,4,0.05,tool,1,7.21526851164691e-06,0.0016621397174782558,0.019956530349816277,0.00996478876843457,0.9684093258957592
1132,153,assistant,4,0.05,tool,1,3.728947342242563e-09,1.9765430757261486e-05,0.0009736227646585839,0.0004995571934583745,0.9985070508821785
1133,154,assistant,4,0.05,tool,1,1.9508813655208737e-08,5.7355195275924595e-06,0.00113416892251839,0.0020154983890315974,0.9968445776601088
1134,155,assistant,4,0.05,tool,1,9.123905455367433e-08,0.00024367767626353587,0.004069993484055148,1.8155044233572813e-05,0.9956680825563932
1135,156,assistant,4,0.05,tool,1,2.3744721836888043e-08,0.00015580058132882762,0.013206780298013237,0.0024691588534677465,0.9841682365224684
1136,157,assistant,4,0.05,tool,1,1.624194439673688e-08,4.4130735676937676e-05,0.0029009259930834522,1.5426576195902783e-05,0.9970395004530993
1137,158,assistant,4,0.05,tool,1,6.963188719854229e-06,0.0003992102215019017,0.027230246057448178,0.0001794878464549327,0.972184092685875
1138,159,assistant,4,0.05,tool,1,1.2773691556517542e-06,8.150462633405305e-05,0.06920107727155295,0.03356707458590006,0.8971490661470574
1139,160,assistant,4,0.05,tool,1,6.822688867012415e-05,0.29127633497587146,0.04403471915211831,0.0002659997202766544,0.6643547192630634
1140,161,assistant,4,0.05,tool,1,1.1514188012220658e-06,6.261258700282322e-05,0.011820335431509598,0.12671522595233042,0.861400674610356
1141,162,assistant,4,0.05,tool,1,5.457145444567794e-09,7.468861798676398e-08,0.12031989478935377,0.08622493851662726,0.7934550865482556
1142,163,assistant,4,0.05,tool,1,1.37451610183456e-07,5.618614231850923e-05,0.00983943004885915,0.0032936189696552457,0.986810627387557
1143,164,assistant,4,0.05,tool,1,6.194502260768891e-11,5.0417278607470935e-09,0.745791825276193,0.25029462048408563,0.003913549136048624
1144,165,assistant,4,0.05,tool,1,4.1346366153824485e-07,4.726414101184809e-05,0.06293284069064217,3.299351531005698e-05,0.9369864881893744
1145,166,assistant,4,0.05,tool,1,1.2926526621611894e-08,3.4265174300911454e-07,0.114366046528514,0.22852404158799922,0.6571095563052171
1146,167,assistant,4,0.05,tool,1,1.715306689703365e-05,0.0005103000585212243,0.08443228310994051,0.19073116877089447,0.7243090949937467
1147,168,assistant,4,0.05,tool,1,6.905832113319758e-08,8.170349007820419e-06,0.00664376589583995,0.05430129202161583,0.9390467026752154
1148,169,assistant,4,0.05,tool,1,1.6404340867234437e-07,1.3970949276066717e-05,0.005801442230161082,0.11709949645768983,0.8770849263194643
1149,170,assistant,4,0.05,tool,1,2.3884147226349412e-05,0.00030081325405424523,0.046159179822342314,0.005137230140543064,0.9483788926358341
1150,171,assistant,4,0.05,tool,1,8.93727596751402e-08,9.445091139798677e-08,0.015139960063142083,0.017819579009363803,0.9670402771038231
1151,172,assistant,4,0.05,tool,1,3.541671412821601e-06,1.1623210024921517e-05,0.013929011925314844,8.97808128387687e-05,0.9859660423804085
1152,173,assistant,4,0.05,tool,1,1.4968342114610992e-06,1.6179520095165066e-06,0.0029155502028415754,1.8182267077275826e-05,0.9970631527438601
1153,174,assistant,4,0.05,tool,1,1.3732025319777373e-06,6.834483982509545e-05,0.08253257307526171,0.08432044310634249,0.8330772657760388
1154,175,assistant,4,0.05,tool,1,3.8843060302302276e-05,0.0019198073048822906,0.0011863980285439458,0.0006029233143738771,0.9962520282918975
1155,176,assistant,4,0.05,tool,1,2.320195858981061e-07,6.599455229878022e-06,0.018377008138365455,0.001931966721906012,0.9796841936649129
1156,177,assistant,4,0.05,tool,1,3.3588573298318036e-06,1.4074243574935108e-06,0.03093030273228456,0.0026247759434380414,0.9664401550425901
1157,178,assistant,4,0.05,tool,1,5.206183998092868e-07,3.2272950222748e-05,0.038379068840911516,0.004708282152537835,0.9568798554379281
1158,179,assistant,4,0.05,tool,1,3.0682474386846923e-06,1.2004573459020872e-05,0.023953538358050162,0.5700666168456444,0.4059647719754077
1159,180,assistant,4,0.05,tool,1,1.7628571660372328e-06,1.561367120119551e-05,0.003346782677421497,0.004204170864399219,0.992431669929812
1160,181,assistant,4,0.05,tool,1,3.868168034456555e-06,5.0427497286877824e-05,0.003962813535556489,0.0010107468733274972,0.9949721439257947
1161,182,assistant,4,0.05,tool,1,3.5290004274995736e-06,0.00011641806372619809,0.014531235058849686,0.0006610160360262771,0.9846878018409704
1162,183,assistant,4,0.05,tool,1,9.86545960994789e-07,1.1369475103840634e-05,0.040118107290135624,0.002941282465919239,0.9569282542228803
1163,184,assistant,4,0.05,tool,1,2.4526966071876486e-06,7.604024080609063e-06,0.13413864243720441,0.12532734123782302,0.7405239596042847
1164,185,assistant,4,0.05,tool,1,6.822884299470821e-07,1.6160885723975508e-06,0.0068680565806425046,0.17331930131500783,0.8198103437273474
1165,186,assistant,4,0.05,tool,1,2.7154232512390453e-07,1.5007666243036443e-06,0.0004876910610721749,0.00025542646094719014,0.9992551101690312
1166,187,assistant,4,0.05,tool,1,1.815008533611739e-06,8.10993060825003e-06,0.0011585241952847527,3.978969661481059e-05,0.9987917611689585
1167,188,assistant,4,0.05,tool,1,5.371977400128397e-07,1.1272503365335328e-05,0.0056241234129206,0.001155115889417473,0.9932089509965567
1168,189,assistant,4,0.05,tool,1,3.748646548093947e-07,8.48011524286016e-06,0.008160691716710427,0.018057567869565964,0.973772885433826
1169,190,assistant,4,0.05,tool,1,2.0736815174645623e-06,9.133347209632358e-05,0.0728553590822071,0.26347456769615707,0.663576666068022
1170,191,assistant,4,0.05,tool,1,3.3331836881829738e-06,1.7418521589430062e-05,0.010415605108014533,0.05340523294072864,0.9361584102459792
1171,192,assistant,4,0.05,tool,1,1.2128176506309156e-06,1.2983901038780491e-05,0.015748707213125494,0.05153099576872004,0.932706100299465
1172,193,assistant,4,0.05,tool,1,1.3476475871006708e-07,1.224053843534543e-06,0.0007240789909847124,0.00015520580065460704,0.9991193563897584
1173,194,assistant,4,0.05,tool,1,1.691246297716839e-07,2.1665586034067228e-06,0.018783486504133563,0.45435548962618777,0.5268586881864454
1174,195,assistant,4,0.05,tool,1,2.1442439661748712e-07,9.469827732769317e-07,0.023468111561767917,0.6458885760254719,0.33064215100559047
1175,196,assistant,4,0.05,tool,1,3.50410326084865e-07,1.079186493924315e-06,0.0016808912316080046,0.0013369869351285446,0.9969806922364435
1176,197,assistant,4,0.05,tool,1,4.167241087610429e-06,0.00013814226350445196,0.005777481807138774,0.0005979008609334322,0.9934823078273358
1177,198,assistant,4,0.05,tool,1,1.5668382542793645e-07,4.096510021942156e-06,0.0001820609273583841,2.446636551591514e-06,0.9998112392422427
1178,199,assistant,4,0.05,tool,1,0.00011970971668227035,0.00026573495174429205,0.0008015469379848301,9.105784758036827e-07,0.9988120978151128
1179,200,assistant,4,0.05,tool,1,7.003454671625054e-08,1.4739233947198594e-06,0.0009721308600860751,0.0018328959951859074,0.9971934291867867
1180,201,assistant,4,0.05,tool,1,2.413296449885944e-07,2.5371568390489825e-06,0.003293276535340107,0.0019921132296235582,0.9947118317485523
1181,202,assistant,4,0.05,tool,1,2.878640631054837e-06,5.764853009235419e-06,0.0029588082224801713,7.366400885838156e-05,0.9969588842750212
1182,203,assistant,4,0.05,tool,1,1.2105799669960356e-06,1.8899927244272632e-05,0.01575291784396577,0.0014638534323803195,0.9827631182164427
1183,204,assistant,4,0.05,tool,1,2.449133695899424e-06,1.3590434955380781e-05,0.017330881444335925,0.015375550913891135,0.9672775280731216
1184,205,assistant,4,0.05,tool,1,2.5968305545730105e-06,8.014792036362422e-05,0.0543033164678277,0.1829708252729226,0.7626431135083315
1185,206,assistant,4,0.05,tool,1,2.647186839044732e-07,2.7098737808407224e-06,0.009706482827742913,0.004323995915375758,0.9859665466644165
1186,207,assistant,4,0.05,tool,1,0.00010211441933592307,5.9507402016829946e-05,0.04346460066354724,0.09772974185868703,0.858644035656413
1187,208,assistant,4,0.05,tool,1,4.031780990915361e-06,0.0002676503684477113,0.013947465906243475,0.023534687328854033,0.9622461646154638
1188,209,assistant,4,0.05,tool,1,2.1937808184970797e-05,0.0007219849239528167,0.24718881238250115,0.001763129906764309,0.7503041349785967
1189,210,assistant,4,0.05,tool,1,3.991914347679416e-05,0.00010255191642970732,0.07054075246463416,0.007361660057607551,0.9219551164178517
1190,211,assistant,4,0.05,tool,1,4.353810419752681e-05,3.069305457724892e-05,0.044305405117168725,0.01228783326303111,0.9433325304610253
1191,212,assistant,4,0.05,tool,1,2.0747103816489062e-08,9.84781046764623e-08,0.016537227786915222,0.8104364262634298,0.17302622672444642
1192,213,assistant,4,0.05,tool,1,1.7256265865015516e-09,7.059640705410062e-09,0.15925598685753803,0.8033546723500185,0.03738933200717613
1193,214,assistant,4,0.05,tool,1,6.516586822438184e-07,9.857285058752264e-06,0.0033399671495796747,0.0020060633708735226,0.9946434605358058
1194,215,assistant,4,0.05,tool,1,1.6262504283918247e-07,1.997211842012521e-07,0.008469834729746955,0.06445135864123852,0.9270784442827876
1195,216,assistant,4,0.05,tool,1,2.2807641518383344e-05,0.0002592943525388236,0.03003441025678826,0.003801067528699274,0.9658824202204552
1196,217,assistant,4,0.05,tool,1,3.1653522605046837e-06,0.0003277585102017547,0.0032912652822286947,0.011108015045529239,0.9852697958097798
1197,218,assistant,4,0.05,tool,1,7.819894294384848e-08,1.309095912947741e-05,0.001335440225270687,0.7407003855613127,0.2579510050553442
1198,219,assistant,4,0.05,tool,1,7.272722377456544e-08,9.406719635048907e-07,0.011528724814282293,0.6130163386361248,0.37545392315040577
1199,220,assistant,4,0.05,tool,1,4.2325466923684823e-07,1.1676971968266897e-05,0.004769193186222726,0.0063470532619639974,0.9888716533251758
1200,221,assistant,4,0.05,tool,1,8.6851894930256e-07,8.076362123096519e-05,0.0014016605691258791,7.778077516671819e-06,0.9985089292131772
1201,222,assistant,4,0.05,tool,1,6.335273100294594e-07,5.422045174850053e-05,0.013291120602437003,0.0011248019391981343,0.9855292234793064
1202,223,assistant,4,0.05,tool,1,3.414555737004364e-08,4.0580276431704005e-06,0.001763535873020431,0.0005059140310172016,0.9977264579227618
1203,224,assistant,4,0.05,tool,1,2.0155767220958122e-07,1.8275106105950887e-06,0.12250076115477111,0.6573853190349239,0.22011189074202214
1204,225,assistant,4,0.05,tool,1,5.734646037108966e-07,1.4728449519141732e-05,0.07613863142328642,0.003471904578929056,0.9203741620836617
1205,226,assistant,4,0.05,tool,1,6.038467187931921e-09,1.5727299492376047e-06,0.004099016708228126,0.002234839498863268,0.9936645650244923
1206,227,assistant,4,0.05,tool,1,7.049936917063975e-07,4.5777146006546165e-06,0.00013771745590159508,4.40008201078237e-06,0.9998525997537953
1207,228,assistant,4,0.05,tool,1,1.107041227115603e-06,4.183243423548705e-07,0.0016898911264644019,0.0010191557443761051,0.99728942776359
1208,229,assistant,4,0.05,tool,1,1.1564989296544294e-07,1.5467721393208597e-07,0.016716503970888686,0.053585132176182305,0.9296980935258221
1209,230,assistant,4,0.05,tool,1,3.2091565164116625e-05,2.074166368914368e-05,0.005506534820284733,0.0014293573287420007,0.99301127462212
1210,231,assistant,4,0.05,tool,1,5.970163178480305e-07,5.381243419639246e-06,0.00043120814176312347,2.2555054718810927e-05,0.9995402585437806
1211,232,assistant,4,0.05,tool,1,2.336038892202216e-05,9.111298546703094e-05,0.007517435389850986,0.01684619743496765,0.9755218938007924
1212,233,assistant,4,0.05,tool,1,3.204580747537937e-07,4.094206984096801e-06,0.009322648286429815,0.03512458276348076,0.9555483542850305
1213,234,assistant,4,0.05,tool,1,1.7821211123219566e-08,5.475970335566771e-07,0.0016352362608026108,0.005145239700671583,0.9932189586202812
1214,235,assistant,4,0.05,tool,1,2.3374049023473094e-07,5.870991355106922e-05,0.003557726756658392,0.0001336292123985388,0.9962497003769016
1215,236,assistant,4,0.05,tool,1,2.921363318311801e-07,5.452282743040185e-06,0.0005346203531392168,0.0017665370756577267,0.9976930981521283
1216,237,assistant,4,0.05,tool,1,2.50038471200143e-08,8.567980903093779e-08,0.005481696894271485,0.14402268455101602,0.8504955078710564
1217,238,assistant,4,0.05,tool,1,1.9148763307058118e-06,8.592199747443553e-05,0.0015686670033425744,0.0015487226640805854,0.9967947734587718
1218,239,assistant,4,0.05,tool,1,4.4802754649817905e-07,1.3849545846456385e-06,0.018253658536085626,0.6546654560961568,0.3270790523856264
1219,240,assistant,4,0.05,tool,1,1.759254761676652e-06,1.4623427414621925e-06,0.005900728867113728,0.025821626639345778,0.9682744228960373
1220,241,assistant,4,0.05,tool,1,1.083930010379546e-06,7.732725435937298e-06,0.006460040068651519,0.022769126750106103,0.970762016525796
1221,242,assistant,4,0.05,tool,1,4.14863464587567e-07,4.142335809931655e-06,0.00920322036237299,0.0001414247246521297,0.9906507977137002
1222,243,assistant,4,0.05,tool,1,9.727933603470115e-07,1.6756704386307844e-06,0.011038343734832626,0.0010914728416453702,0.987867534959723
1223,244,assistant,4,0.05,tool,1,6.931518104883287e-08,2.4613433035767356e-07,0.003573833853562016,0.0010105087276704996,0.9954153419692562
1224,245,assistant,4,0.05,tool,1,4.830087309475375e-07,1.8423943317759864e-06,0.009906373753074847,0.00047931168082931865,0.9896119891630331
1225,246,assistant,4,0.05,tool,1,3.8970558373749155e-06,3.853831427102675e-06,0.02394217998427586,0.001248080490146724,0.9748019886383129
1436,247,user,5,0.05,tool,1,4.76862451809341e-06,0.001274495388241291,0.25034974837359286,6.977946246633802e-05,0.7483012081511815
1437,248,user,5,0.05,tool,1,2.6625181184811103e-06,0.0001680286046605564,0.0988939973072817,0.0001872940210200592,0.9007480175489192
1438,249,user,5,0.05,tool,1,4.325221236767272e-08,2.3166457925500072e-05,0.5035247656574295,0.16500454300706563,0.33144748162536697
1439,250,user,5,0.05,tool,1,1.4203675881159456e-06,0.0009702167811156863,0.0775326548349255,0.0016808860710923856,0.9198148219452783
1440,251,user,5,0.05,tool,1,2.9604243618704697e-06,0.00561501735233251,0.011837566748760757,0.0005278087704778183,0.982016646704067
1441,252,user,5,0.05,tool,1,7.891404295312631e-06,0.16290442670204683,0.04487097503248846,0.00025120721052359436,0.7919654996506458
1442,253,user,5,0.05,tool,1,5.033823761534829e-07,0.0032080969661060104,0.01988167259211803,3.175496640655547e-05,0.9768779720929933
1443,254,user,5,0.05,tool,1,1.2944216243795385e-06,0.000792471168585348,0.008990168121514734,0.0002029297748009958,0.9900131365134747
1444,255,user,5,0.05,tool,1,1.772576493572068e-05,0.372241871380192,0.00925268138059008,4.526835759204535e-05,0.6184424531166901
1445,256,user,5,0.05,tool,1,4.237168606580059e-06,0.02549598752613236,0.0008467971786386969,9.222944446019942e-06,0.9736437551821764
1446,257,user,5,0.05,tool,1,1.361884684164427e-07,0.0006695220281587287,0.02688170449988354,6.28626529204331e-07,0.9724480086569601
1447,258,user,5,0.05,tool,1,1.954882727367345e-07,0.0022136533034394874,0.0005273991699073217,7.957021417048693e-07,0.9972579563362387
1448,259,user,5,0.05,tool,1,3.2351271287774653e-07,0.018004403348033857,0.005348254757562809,2.596017371729337e-05,0.9766210582079732
1449,260,user,5,0.05,tool,1,3.6592934095045407e-06,0.3719546752201436,0.0025810111207411226,4.865815749948046e-07,0.6254601677841308
1450,261,user,5,0.05,tool,1,1.4211937401384563e-05,0.03446239433493823,0.0009035573856284181,4.0369277635516545e-05,0.9645794670643965
1451,262,user,5,0.05,tool,1,4.156120414836683e-06,0.32667920382286886,0.006471017004112488,0.0018071488277134273,0.6650384742248904
1452,263,user,5,0.05,tool,1,1.4064313633369382e-05,0.09477554235935133,0.02124240013510564,0.12327077328382122,0.7606972199080885
1453,264,user,5,0.05,tool,1,4.5083828705752275e-06,0.17422636032528524,0.047714833108832636,0.011355297581841317,0.7666990006011702
1454,265,user,5,0.05,tool,1,1.02725033048595e-06,0.6299529820512236,0.0025322978805666927,9.473936516525012e-05,0.3674189534527139
1455,266,user,5,0.05,tool,1,8.873059582883877e-07,0.05526028959234058,0.0005941157758131692,4.222474303528613e-05,0.9441024825828527
1456,267,user,5,0.05,tool,1,1.4511253532151317e-06,0.7626614563367365,0.0001246401066838109,9.492614397778018e-06,0.2372029598168286
1457,268,user,5,0.05,tool,1,9.312872711845107e-06,0.47567050371310843,0.08244472533435973,0.014598227003772016,0.42727723107604787
1458,269,user,5,0.05,tool,1,1.1878498645151385e-05,0.7100647796978817,0.02289146346963733,0.00017486083857749086,0.26685701749525825
1459,270,user,5,0.05,tool,1,5.3580798158888244e-06,0.17956776498276292,0.1426747015591795,0.00042870961771911825,0.6773234657605226
1460,271,user,5,0.05,tool,1,1.108417915592732e-06,0.62668207164505,0.0001413285092111124,3.5234160063278303e-07,0.3731751390862225
1461,272,user,5,0.05,tool,1,2.8380101376140036e-05,0.3392678272000974,0.00010315663265651854,1.2065490178384765e-05,0.6605885705756916
1462,273,user,5,0.05,tool,1,1.7553452068910585e-05,0.46253474441019526,0.00042476752892254573,3.2614322818183785e-07,0.5370226084655851
1463,274,user,5,0.05,tool,1,2.8045760468131548e-05,0.8329830448312114,0.0009250585572255876,3.1151085821356073e-07,0.16606353934023677
1464,275,user,5,0.05,tool,1,4.36143022691996e-06,0.8949091988063002,0.0001675756087313346,5.003328671669728e-07,0.10491836382187451
1465,276,user,5,0.05,tool,1,4.095164104876249e-06,0.8984737935493263,0.0014097523068120378,4.2971486488550876e-06,0.100108061831108
1466,277,user,5,0.05,tool,1,5.104448398045305e-07,0.03127281907803468,0.00046839503099926585,1.6412626762728528e-06,0.96825663418345
1467,278,user,5,0.05,tool,1,4.107527179684203e-07,0.25982983652075714,0.002069381674054086,3.1425739523993567e-07,0.7381000567950756
1468,279,user,5,0.05,tool,1,8.815054665283225e-07,0.011753785779449017,7.325287578599757e-05,0.0003928454261161315,0.9877792344131824
1469,280,user,5,0.05,tool,1,2.739457249081177e-07,0.22311495720085892,0.00023605724067616486,2.8646948623673024e-06,0.7766458469178776
1470,281,user,5,0.05,tool,1,3.1280289781323504e-06,0.052527947726693607,5.127922015885051e-05,4.839003695210677e-05,0.9473692549872172
1471,282,user,5,0.05,tool,1,3.5356812800691985e-06,0.004129123547023987,0.0003321560742874864,3.25742632364338e-06,0.9955319272710849
1472,283,user,5,0.05,tool,1,6.642921118708851e-07,0.7211594056091438,0.0005524941528709805,1.3258922677617143e-05,0.2782741770231958
1473,284,user,5,0.05,tool,1,3.851147188991663e-06,0.6463300502416668,0.012002850705369068,0.00030933596806944654,0.34135391193770565
1474,285,user,5,0.05,tool,1,6.784564836598656e-06,0.45250791328839834,0.003761179351895481,2.8164736407472005e-06,0.5437213063212288
1475,286,user,5,0.05,tool,1,1.2540318845274762e-06,0.17709767892963785,0.0001562427674300112,6.387840284362693e-06,0.8227384364307632
1476,287,user,5,0.05,tool,1,8.242392866565924e-06,0.03919333961954094,0.00012427073768653745,5.4766099573045725e-06,0.9606686706399488
1477,288,user,5,0.05,tool,1,5.873704533759177e-06,0.029688910257509627,0.002152535293317832,0.00032663444177591415,0.967826046302863
1478,289,user,5,0.05,tool,1,2.6021493954311798e-06,0.12660476988445743,0.0001692457168742373,1.3688107627621484e-05,0.8732096941416454
1479,290,user,5,0.05,tool,1,1.7070081610852113e-06,0.0303667915172773,0.001573455280621753,9.435799704267407e-07,0.9680571026139695
1480,291,user,5,0.05,tool,1,6.098545911181669e-06,0.14656551480610625,0.0037594592673482422,0.00046356313555768477,0.8492053642450766
1481,292,user,5,0.05,tool,1,1.1202915871156e-05,0.8734952625007865,0.015790875732939073,1.2517220014576072e-05,0.11069014163038873
1482,293,user,5,0.05,tool,1,1.1576059270743973e-05,0.3765126358158797,0.0012607142729855745,4.8481856911622105e-06,0.6222102256661729
1483,294,user,5,0.05,tool,1,1.365721979961192e-05,0.044854985631584715,0.007903175111821564,0.009975519570995548,0.9372526624657985
1484,295,user,5,0.05,tool,1,3.45999072006812e-05,0.14065939470317176,0.033286165475651955,0.0005257318737280066,0.8254941080402475
1485,296,user,5,0.05,tool,1,4.279170984752116e-06,0.015442833017499552,0.009396847322816558,0.0001787490549621407,0.9749772914337371
1486,297,user,5,0.05,tool,1,3.536579068269192e-06,0.883238089167495,0.002730022696224942,4.34113903994651e-06,0.11402401041817195
1488,298,cot,6,0.05,tool,1,1.9906997204218716e-11,3.961160712283398e-08,0.9249560102910037,0.000223268886931695,0.07482068119055037
1489,299,cot,6,0.05,tool,1,5.547472658325333e-10,9.282214798932552e-07,0.14393593780519615,2.5156158658411937e-07,0.8560628818569902
1490,300,cot,6,0.05,tool,1,4.682924428622057e-10,2.4314828284573295e-06,0.02891551745047242,7.470151608895794e-08,0.9710819758968906
1491,301,cot,6,0.05,tool,1,5.599806229234061e-11,1.1337513038092713e-06,0.3874907636649121,1.2408648661481123e-06,0.61250686166292
1492,302,cot,6,0.05,tool,1,3.695255100483692e-07,0.0795065743492403,0.019039399577068176,7.298070610699297e-06,0.9014463584775708
1493,303,cot,6,0.05,tool,1,2.555657261193795e-07,0.10790867153368461,0.00035794140452292825,1.480470739373209e-05,0.8917183267886727
1494,304,cot,6,0.05,tool,1,5.142342437283066e-07,0.01835402724716945,0.00033238692799522537,3.3646074881743922e-06,0.9813097069831035
1495,305,cot,6,0.05,tool,1,8.091865028079089e-08,0.00447871240822499,0.0021138437894652517,1.0488569975534382e-06,0.9934063140266619
1496,306,cot,6,0.05,tool,1,9.915791823126825e-08,0.10656092082090907,0.0007816079473011038,3.358996191014027e-08,0.8926573384839097
1497,307,cot,6,0.05,tool,1,2.1044280290672662e-09,0.0007998092158944029,0.08862127733247999,4.90241583954899e-07,0.9105784211056136
1498,308,cot,6,0.05,tool,1,1.5630974509341056e-07,0.0037007180286417964,0.00046701094927754244,1.8371377523146747e-06,0.9958302775745833
1499,309,cot,6,0.05,tool,1,6.876531921837339e-08,0.007792845038258885,0.002091352909619948,1.1839215999848041e-05,0.9901038940708021
1500,310,cot,6,0.05,tool,1,1.086941479499009e-06,0.004104349006034325,0.011638404104146268,0.004264647666236328,0.9799915122821036
1501,311,cot,6,0.05,tool,1,3.8139662193074365e-08,0.004372357806225527,0.08228586574562159,3.717008315008101e-07,0.9133413666076591
1502,312,cot,6,0.05,tool,1,7.912341162929053e-09,0.00037978306515641983,0.01528155246616451,7.035477248710101e-07,0.9843379530086132
1503,313,cot,6,0.05,tool,1,1.5766418462621663e-07,0.03125205273461548,0.0018329532285174157,1.5218834486481815e-05,0.9668996175381961
1504,314,cot,6,0.05,tool,1,1.2019086118416475e-07,0.003176364466695154,0.11295841599384993,0.0001098196293918966,0.8837552797192018
1505,315,cot,6,0.05,tool,1,2.412556513215296e-09,0.0005502985674859992,0.586537454025108,2.965424548716709e-07,0.4129119484523946
1506,316,cot,6,0.05,tool,1,7.795708798269519e-09,0.0001780177217163056,0.0034439064404542903,1.5134838495867607e-08,0.9963780529072821
1507,317,cot,6,0.05,tool,1,3.1819414933607954e-06,0.016174894974855174,0.00017644329262504464,5.324038605276158e-06,0.983640155752421
1508,318,cot,6,0.05,tool,1,2.2715704795689848e-07,0.1156219308179309,0.0006771114618699659,2.6432993057575004e-08,0.8837007041301581
1509,319,cot,6,0.05,tool,1,7.371396479503492e-07,0.06638153517252507,0.003654932735687182,7.429384796839265e-07,0.9299620520136601
1510,320,cot,6,0.05,tool,1,1.9812871753242997e-09,0.0011501897082579337,0.1407337094492485,2.5613224450659457e-07,0.8581158427289619
1511,321,cot,6,0.05,tool,1,3.688960756018976e-09,0.002042069668967737,0.010106794055410793,2.2612802413169947e-07,0.9878509064586365
1512,322,cot,6,0.05,tool,1,6.6960077762717766e-09,0.001196099733664468,0.0012214698107873502,8.323782856731363e-09,0.9975824154357575
1513,323,cot,6,0.05,tool,1,5.800079548304048e-08,0.07453771660179417,0.011672995794014552,2.771765971096342e-06,0.9137864578374247
1514,324,cot,6,0.05,tool,1,1.2013318580072078e-09,0.00014810045731809233,0.15122873816458537,1.3131750704999392e-07,0.8486230288592577
1515,325,cot,6,0.05,tool,1,2.201389020779344e-08,0.0007536803126586244,0.013435546570977966,1.631988041395921e-07,0.9858105879036689
1516,326,cot,6,0.05,tool,1,1.8244849134553167e-06,0.0016124763905335405,0.0007943928912330808,4.516474856462672e-05,0.9975461414847553
1517,327,cot,6,0.05,tool,1,3.055772799889984e-07,0.009026364959018948,0.006367275318364606,0.00019882036029331517,0.9844072337850431
1518,328,cot,6,0.05,tool,1,1.8348526236221712e-08,0.00031802158244367314,0.46065879840134594,4.7875987998428606e-06,0.5390183740688844
1519,329,cot,6,0.05,tool,1,1.190986537982693e-10,2.600878544128226e-06,0.0282629622405694,5.237344047884998e-07,0.9717339130273831
1520,330,cot,6,0.05,tool,1,2.789500651734233e-07,0.004324917808344191,0.003083100826933814,1.6396548542129353e-05,0.9925753058661148
1521,331,cot,6,0.05,tool,1,2.1951072352239226e-08,0.0010065549071272338,0.6084513060321768,4.872042865208419e-05,0.3904933966809714
1522,332,cot,6,0.05,tool,1,4.938009839554145e-09,1.853305087557333e-05,0.6791768627182043,5.694628424146181e-06,0.3207989046644862
1523,333,cot,6,0.05,tool,1,4.199766538334828e-08,0.004639446170164134,0.6734443751417121,2.8960762512835364e-05,0.3218871759279455
1524,334,cot,6,0.05,tool,1,2.2720740130624757e-10,2.175631121624577e-07,0.8724269170299033,0.00014868700384388733,0.12742417817593316
1525,335,cot,6,0.05,tool,1,1.1974167939981936e-10,7.000452754653369e-08,0.7238514763839785,4.483293601194479e-06,0.276143970198151
1526,336,cot,6,0.05,tool,1,5.506027161249417e-10,9.4061296211842e-08,0.2298959804131861,9.109281025876924e-07,0.7701030140468125
1527,337,cot,6,0.05,tool,1,1.7015346989737776e-11,4.686737954750207e-08,0.0821580472877992,1.0443953482858063e-07,0.917841801388271
1528,338,cot,6,0.05,tool,1,1.2895271897747952e-09,2.3148927269312735e-06,0.09096056009053939,7.956123965370761e-07,0.90903632811481
1529,339,cot,6,0.05,tool,1,1.8773806421329683e-09,1.8708248796008535e-06,0.03639180727681249,4.044049988553151e-06,0.9636022759709386
1530,340,cot,6,0.05,tool,1,1.3682949362836654e-08,0.00015396421646836936,0.1250315526024208,7.551298696594989e-05,0.8747389565111955
1531,341,cot,6,0.05,tool,1,1.1747272262944724e-10,6.988683658746437e-07,0.3421001935915727,0.00011000389187805768,0.6577891035307107
1532,342,cot,6,0.05,tool,1,2.6852203975043975e-07,2.7127520003073997e-06,0.003455768789052882,0.00012206438389139414,0.9964191855530157
1533,343,cot,6,0.05,tool,1,2.263830558351025e-08,2.3315412320966173e-06,0.0009932895238441062,2.5830749638116602e-06,0.9990017732216545
1534,344,cot,6,0.05,tool,1,9.87917438199889e-07,0.00012368325678434712,0.00207085046391536,1.4717784293100374e-05,0.997789760577569
1535,345,cot,6,0.05,tool,1,7.289620829485944e-07,0.0003182043560209637,0.008772680145821452,0.00015389915603665,0.990754487380038
1536,346,cot,6,0.05,tool,1,1.6137549744289418e-07,0.00010881291654353017,0.006700954860551202,1.0357214428521064e-05,0.9931797136329793
1537,347,cot,6,0.05,tool,1,1.2268850055418914e-06,0.0001195294550952325,0.07384611549672426,0.00024098093493090842,0.925792147228244
1538,348,cot,6,0.05,tool,1,1.1799305079363862e-06,1.631618324114253e-05,0.22883476426529212,0.006981446026843157,0.7641662935941157
1539,349,cot,6,0.05,tool,1,5.14767093798614e-07,9.185664028247276e-05,0.025246703058027786,1.2470598153748726e-05,0.9746484549364423
1540,350,cot,6,0.05,tool,1,2.1130416568035536e-08,1.652076793164897e-05,0.12432057323610327,4.969714353982552e-06,0.8756579151511945
1541,351,cot,6,0.05,tool,1,1.9367358965994544e-10,7.799268094482583e-08,0.05668153654192799,2.5073798433297836e-06,0.9433158778918742
1542,352,cot,6,0.05,tool,1,1.3684655371451094e-08,1.4290561683483692e-06,0.0022617277057665097,1.741445394148579e-08,0.9977368121389557
1543,353,cot,6,0.05,tool,1,1.7478946707439573e-06,0.000587937078968148,0.008337732322477927,6.163142698986055e-05,0.9910109512768933
1544,354,cot,6,0.05,tool,1,1.1875871166851499e-07,9.079680102027015e-05,0.005734847647092791,1.119545918565664e-05,0.9941630413339897
1545,355,cot,6,0.05,tool,1,5.7737516630489995e-09,2.2508890127359305e-06,0.49587484838333196,8.197162451292093e-06,0.5041146977914523
1546,356,cot,6,0.05,tool,1,5.868691235121573e-10,1.4957007686156882e-07,0.033896017356125,5.341261456729388e-06,0.9660984912254722
1547,357,cot,6,0.05,tool,1,2.9814641009903616e-07,0.0004914634536010756,0.0008173461635900333,4.806865687339287e-07,0.9986904115498301
1548,358,cot,6,0.05,tool,1,5.873166660735835e-09,3.290427308776741e-05,0.01580309158711806,1.2916604794586188e-07,0.9841638691005795
1549,359,cot,6,0.05,tool,1,7.053651540297945e-08,1.897259788678601e-05,0.009179732908341525,1.2545254252539322e-06,0.9907999694318311
1550,360,cot,6,0.05,tool,1,1.1591901520544338e-06,1.496910677031494e-05,0.03061176252738396,0.00017967236125496626,0.9691924368144387
1551,361,cot,6,0.05,tool,1,5.484117478695701e-08,3.598045544605243e-05,0.03576244862991679,4.252647648594198e-07,0.9642010908086975
1552,362,cot,6,0.05,tool,1,4.154034639582385e-07,0.00010772779754715376,0.020515303054618007,1.116661749320794e-08,0.9793765425777534
1553,363,cot,6,0.05,tool,1,4.4073621107315033e-07,0.00016332255447316013,0.011852696208604291,4.986865315178026e-07,0.98798304181418
1554,364,cot,6,0.05,tool,1,4.352546012047249e-08,1.2787008343799373e-06,0.3111980304250022,5.122765629238649e-06,0.688795524583074
1555,365,cot,6,0.05,tool,1,1.0763181954322313e-10,2.8470011821163256e-07,0.09959399377018215,1.2405309413974225e-06,0.9004044808911263
1556,366,cot,6,0.05,tool,1,4.358762338190221e-09,9.248258950303798e-06,0.00023459431136862207,1.057515441044363e-08,0.9997561424957644
1557,367,cot,6,0.05,tool,1,1.6383265181303842e-08,3.0973425019468943e-07,0.006663782138876506,2.3753199011457966e-05,0.9933121385445967
1558,368,cot,6,0.05,tool,1,8.320929442714415e-09,5.200925207550154e-07,0.008777683752073292,3.7808942663646793e-06,0.9912180069402101
1559,369,cot,6,0.05,tool,1,8.613601196696784e-10,6.333501378409041e-07,0.027026558622104603,7.519492328366006e-07,0.9729720552171646
1560,370,cot,6,0.05,tool,1,5.5463822672919186e-08,4.675236747967378e-05,0.002844901292901103,1.3919763891764852e-06,0.9971068988994075
1561,371,cot,6,0.05,tool,1,7.642974751178411e-10,4.419410204030057e-07,0.3474524065213431,1.2703695639293109e-05,0.6525344470776996
1562,372,cot,6,0.05,tool,1,2.7312243211236147e-09,3.4477697372914425e-07,0.006270593394423518,5.993209914822865e-07,0.9937284597763869
1563,373,cot,6,0.05,tool,1,1.1082565901392894e-06,0.0005426526384155155,0.0031951737889000316,2.581631745005515e-06,0.9962584836843493
1564,374,cot,6,0.05,tool,1,2.4678543745240133e-08,7.374382922529465e-05,0.09768803337247796,7.269341091733862e-05,0.9021655047088356
1565,375,cot,6,0.05,tool,1,1.1768704072742864e-06,0.0004507194352557597,0.0009732381980057794,5.671668559814793e-07,0.9985742983294752
1566,376,cot,6,0.05,tool,1,1.7543350900591396e-08,1.913311764545102e-06,0.008798205566179336,1.3191391834980428e-05,0.9911866721868702
1567,377,cot,6,0.05,tool,1,8.400466083278518e-07,9.905063267469931e-05,0.006683398170571351,4.295121730803216e-06,0.9932124160284147
1568,378,cot,6,0.05,tool,1,2.9544480714017794e-07,8.278364295125654e-05,0.007169118600015388,0.0004105323861793747,0.992337269926047
1569,379,cot,6,0.05,tool,1,1.723417302577715e-07,6.6847407021194e-05,0.08720287769698529,0.00014418064927887558,0.9125859219049843
1570,380,cot,6,0.05,tool,1,9.535542373662804e-09,6.695180755894209e-07,0.19758694369820634,0.0005893177321037357,0.8018230595160719
1571,381,cot,6,0.05,tool,1,2.3044510039249602e-10,4.646618026672816e-08,0.81694222092977,8.529398277030861e-05,0.1829724383908345
1572,382,cot,6,0.05,tool,1,3.842510862184655e-07,1.3044211381522093e-05,0.034083942873723495,6.615763039789915e-05,0.9658364710334109
1573,383,cot,6,0.05,tool,1,5.99305779230887e-09,3.751397355967933e-08,0.3574655861437414,0.0004935064054040245,0.6420408639438232
1574,384,cot,6,0.05,tool,1,3.6866983623142033e-10,4.3392014144944364e-08,0.06726603137546441,1.5209510454534154e-06,0.9327324039128061
1575,385,cot,6,0.05,tool,1,2.686098942059541e-08,0.00016477630446616546,0.08545474108965026,1.3349078737165062e-06,0.9143791208370203
1576,386,cot,6,0.05,tool,1,7.146541385466638e-08,7.926572683839293e-05,0.03261913825286654,2.35741333258952e-06,0.9672991671415486
1577,387,cot,6,0.05,tool,1,1.0929204197355485e-10,1.2584951073535272e-08,0.7964242977581739,3.6411435626062594e-05,0.20353927811195682
1578,388,cot,6,0.05,tool,1,1.2285921138111832e-10,2.127721110828707e-08,0.20100682577262693,4.008499791793954e-05,0.7989530678293848
1579,389,cot,6,0.05,tool,1,1.1057064634336204e-09,1.868671257212379e-07,0.8103261006735174,0.0006413011698529314,0.18903241018379743
1580,390,cot,6,0.05,tool,1,9.359873613779968e-12,1.0470588988788514e-10,0.9694700144124754,0.0007151821604497753,0.02981480331300908
1581,391,cot,6,0.05,tool,1,3.818249202145909e-11,1.5003959491254626e-10,0.9166341709492698,0.00025807854411937685,0.08310775031838871
1582,392,cot,6,0.05,tool,1,4.0622892789278686e-11,7.804754216465854e-10,0.3043191060197219,3.701221176452732e-05,0.6956438809474152
1584,393,assistant,7,0.05,tool,1,2.589915315711857e-08,6.388012462960587e-07,0.15503823490640967,0.6129276875365909,0.23203341285659992
1585,394,assistant,7,0.05,tool,1,1.0715698917684425e-07,3.902950906963248e-05,0.37357786610563065,0.47653067831074386,0.14985231891756667
1586,395,assistant,7,0.05,tool,1,5.182863502684987e-08,4.232504797548121e-06,0.08813323064199738,0.4418676059545276,0.46999487907004245
1587,396,assistant,7,0.05,tool,1,1.3952495248284846e-08,4.957022893747367e-06,0.008397275659583444,0.9002976992977667,0.09130005406726098
1588,397,assistant,7,0.05,tool,1,1.34651940414943e-07,6.849771062611522e-06,0.006242288636722465,0.028974004237904236,0.9647767227023702
1589,398,assistant,7,0.05,tool,1,2.719555382021911e-08,3.0951702276408267e-06,0.005659935416960778,0.09389930063515683,0.9004376415821009
1590,399,assistant,7,0.05,tool,1,2.8906103317063845e-08,2.1849045947717165e-05,0.0465728988424548,0.23996776393256591,0.7134374592729282
1591,400,assistant,7,0.05,tool,1,4.682313967408254e-08,2.5868759742681205e-05,0.007009119921473247,0.01868991033818426,0.9742750541574602
1592,401,assistant,7,0.05,tool,1,1.462171421849275e-07,7.775138360530308e-05,0.052956935090412806,0.10000581759547805,0.8469593497133616
1593,402,assistant,7,0.05,tool,1,3.0108470951529306e-09,3.043216427289442e-06,0.019044763117080043,0.16759090724413608,0.8133612834115095
1594,403,assistant,7,0.05,tool,1,3.097702577034169e-07,0.00013378290590546505,0.016045182744371476,0.5388687524684534,0.44495197211101195
1595,404,assistant,7,0.05,tool,1,1.0666498778211462e-08,3.739589910932628e-07,0.2788418588766042,0.5741077723052537,0.14704998419265236
1596,405,assistant,7,0.05,tool,1,1.75504593173375e-08,6.682698286605448e-07,0.4120896820341982,0.42079526187828753,0.16711437026722628
1597,406,assistant,7,0.05,tool,1,2.549025082758449e-08,9.459128122208343e-07,0.4708722516894918,0.2119787156776988,0.31714806122974637
1598,407,assistant,7,0.05,tool,1,4.449434573593895e-08,2.83491760037951e-06,0.03216756624288761,0.339620456331497,0.6282090980136693
1599,408,assistant,7,0.05,tool,1,2.2643344391147305e-08,2.873081842645485e-06,0.0048607845631472675,0.10714999972043207,0.8879863199912336
1600,409,assistant,7,0.05,tool,1,4.6782724024268884e-08,0.00014704678225653303,0.006099641973324119,0.0427477207504915,0.9510055437112038
1601,410,assistant,7,0.05,tool,1,4.152446224622613e-09,5.953140795456219e-07,0.017143842225599244,0.9343476692124196,0.04850788909545526
1602,411,assistant,7,0.05,tool,1,3.597983267308962e-08,4.61138948582358e-05,0.01553758853976136,0.024792816956675873,0.9596234446288718
1603,412,assistant,7,0.05,tool,1,1.6849922634829061e-06,0.00011469489213704116,0.05344509455768578,0.514823254070514,0.4316152714873997
1604,413,assistant,7,0.05,tool,1,7.472146361958858e-08,9.315003934553875e-06,0.008179009665442374,0.71769197788095,0.2741196227282095
1605,414,assistant,7,0.05,tool,1,2.469405554675095e-09,1.3171029023416255e-07,0.005215594192632892,0.9456022125809086,0.04918205904676275
1606,415,assistant,7,0.05,tool,1,5.601886659538526e-09,2.046991004572476e-05,0.06183922243025105,0.5738402227031113,0.36430007935470526
1607,416,assistant,7,0.05,tool,1,2.3134335052811788e-08,3.0173439485724574e-05,0.0036174618403134514,0.015936283157622445,0.9804160584282433
1608,417,assistant,7,0.05,tool,1,8.770471647949569e-09,2.4594583271827533e-05,0.026981059053771676,0.6166101006174772,0.35638423697500765
1609,418,assistant,7,0.05,tool,1,1.6511363037313296e-06,0.0017756561227569943,0.027243740179633262,0.2466259741423611,0.724352978418945
1610,419,assistant,7,0.05,tool,1,8.857959287826508e-06,0.0015098154358885773,0.037878466507373254,0.35295649519859895,0.6076463648988514
1611,420,assistant,7,0.05,tool,1,7.285162811104587e-05,0.0703338282239806,0.21342454576556052,0.036234903625748875,0.679933870756599
1612,421,assistant,7,0.05,tool,1,1.202006160759483e-10,7.862655949406287e-07,0.0008837030647876906,0.9957280604931356,0.0033874500562811427
1613,422,assistant,7,0.05,tool,1,7.514469834493233e-09,0.0001742054807713043,0.005403529885120786,0.757307671321742,0.23711458579789604
1614,423,assistant,7,0.05,tool,1,7.250988667160888e-08,0.0002406408887832396,0.055296515237426264,0.04136625715062791,0.9030965142132759
1615,424,assistant,7,0.05,tool,1,3.795156228014863e-07,0.00011183786885599413,0.021931781178602647,0.016667218176281976,0.9612887832606366
1616,425,assistant,7,0.05,tool,1,4.609469552714229e-08,2.4928123330995043e-05,0.016826181391558778,0.7966791383923253,0.18646970599808932
1617,426,assistant,7,0.05,tool,1,3.3162035557915976e-08,2.273647475010601e-05,0.035732052834995164,0.11979982208495334,0.8444453554432658
1618,427,assistant,7,0.05,tool,1,7.750808887083669e-08,0.0002523628025858742,0.14215691989250365,0.09792837613681855,0.759662263660003
1619,428,assistant,7,0.05,tool,1,7.3333676388875696e-09,2.0906970263976425e-05,0.012752247637553117,0.003827363849054795,0.9833994742097604
1620,429,assistant,7,0.05,tool,1,4.532155359060581e-07,0.0006975730000929363,0.00986106317009172,0.006266544025741868,0.9831743665885375
1621,430,assistant,7,0.05,tool,1,2.864655028704014e-08,2.2682698220072018e-05,0.008190992380060292,0.0055242751479078235,0.9862620211272615
1622,431,assistant,7,0.05,tool,1,2.9926587010871904e-08,1.8893281493858144e-05,0.002649629789778914,0.05989537329708347,0.9374360737050568
1623,432,assistant,7,0.05,tool,1,8.144984417438592e-07,0.00046952035029040315,0.0006724329915678505,0.0011815090351857626,0.9976757231245141
1624,433,assistant,7,0.05,tool,1,5.497375849726356e-07,1.729980366338368e-05,0.0058796289426629195,0.0033864967872755483,0.990716024728813
1625,434,assistant,7,0.05,tool,1,1.9766022543946688e-07,6.773520223183234e-05,0.003273720009804778,0.0006519933469662701,0.9960063537807717
1626,435,assistant,7,0.05,tool,1,1.3093262946478737e-06,8.463603800481096e-05,0.009625676682045088,0.024740511656448024,0.9655478662972073
1627,436,assistant,7,0.05,tool,1,5.782880087620138e-06,0.0013667681426892235,0.3360234636739575,0.6150994710982698,0.04750451420499578
1628,437,assistant,7,0.05,tool,1,2.3029198439945092e-07,7.648294011458063e-05,0.028143594068125513,0.6695121843466011,0.30226750835317445
1629,438,assistant,7,0.05,tool,1,6.341336131544226e-09,1.19380329895031e-07,0.038455499339610004,0.9496855943277906,0.011858780610933374
1630,439,assistant,7,0.05,tool,1,1.6525823446803912e-09,1.3513423428389598e-07,0.8041358521426194,0.18825959103331003,0.007604420037254019
1631,440,assistant,7,0.05,tool,1,7.791370179489019e-07,0.00015918732880933876,0.05085555165013311,0.10224891096284959,0.84673557092119
1632,441,assistant,7,0.05,tool,1,4.398283842374261e-08,9.2874868737977e-07,0.09827201893391793,0.057554418272664984,0.8441725900618913
1633,442,assistant,7,0.05,tool,1,9.85035406768564e-08,6.789171753669107e-06,0.04194988411516456,0.3077682375156043,0.6502749906939368
1634,443,assistant,7,0.05,tool,1,5.309532785217472e-07,5.155203540359964e-05,0.008941761026879096,0.5933555731589457,0.3976505828254932
1635,444,assistant,7,0.05,tool,1,2.0490825094390564e-08,6.38548039747937e-06,0.02234477050306415,0.38268072409415976,0.5949680994315536
1636,445,assistant,7,0.05,tool,1,3.3531747417012685e-09,1.366777674195922e-06,0.02865252449536764,0.9564694482097758,0.014876657164007615
1637,446,assistant,7,0.05,tool,1,2.7330822734744207e-10,1.8802401776745182e-07,0.027485547960144217,0.9692811192038456,0.003233144538684276
1638,447,assistant,7,0.05,tool,1,8.61541529947718e-06,0.0002845121522230889,0.024596797825153182,0.005405260804076947,0.9697048138032474
1639,448,assistant,7,0.05,tool,1,9.86055235916851e-07,0.0001005214846017095,0.008073121200657016,0.4655648419161266,0.5262605293433787
1640,449,assistant,7,0.05,tool,1,1.0719494468870131e-07,4.1944399306251635e-05,0.06404198788525095,0.027164937873110778,0.9087510226473874
1641,450,assistant,7,0.05,tool,1,2.6602984926125317e-07,2.3878308150348728e-05,0.04914746730055262,0.47023760355602473,0.480590784805423
1642,451,assistant,7,0.05,tool,1,3.567379490962186e-08,1.0717462872760194e-07,0.0018349393046257444,0.9848183959427042,0.013346521904246345
1643,452,assistant,7,0.05,tool,1,1.0007547771145104e-06,0.0003193294587587099,0.03644088485602166,0.26105407575178036,0.7021847091786622
1644,453,assistant,7,0.05,tool,1,3.3026999225755177e-08,2.3316472402002067e-05,0.30881981570232436,0.3884275982352902,0.3027292365629842
1645,454,assistant,7,0.05,tool,1,6.959705595210347e-07,5.739714881255478e-06,0.11365121428598314,0.2357818100813884,0.6505605399471877
1646,455,assistant,7,0.05,tool,1,8.349590381867773e-09,1.0611597439163584e-06,0.10265658259295866,0.8445629806831274,0.05277936721457972
1647,456,assistant,7,0.05,tool,1,9.163585004947207e-08,5.6488595668938115e-06,0.009179617337767357,0.8923926479110137,0.0984219942558019
1648,457,assistant,7,0.05,tool,1,8.690755595444964e-08,7.649361564872281e-06,0.1404086312272442,0.6195587612075442,0.24002487129609087
1649,458,assistant,7,0.05,tool,1,2.4540481761055812e-08,8.809763215874384e-06,0.1806146632599315,0.0030069743359202065,0.8163695281004506
1650,459,assistant,7,0.05,tool,1,1.1140540084004163e-06,0.00012551451624630408,0.020485675962774175,0.015438226337042301,0.9639494691299288
1651,460,assistant,7,0.05,tool,1,8.313047448921226e-08,2.5974323695712957e-05,0.02814173628903348,0.033577921084864605,0.9382542851719317
1652,461,assistant,7,0.05,tool,1,6.441913050594113e-07,5.42045287980676e-06,0.14200875085197814,0.14861926316305066,0.7093659213407865
1653,462,assistant,7,0.05,tool,1,2.5948888680250446e-07,1.0788205649870555e-05,0.042873983173094495,0.013488988727439663,0.9436259804049293
1654,463,assistant,7,0.05,tool,1,1.0159739692166809e-07,3.2470180574330807e-07,0.07139289286529239,0.8685695347050563,0.060037146130448714
1655,464,assistant,7,0.05,tool,1,1.6401578144711214e-07,9.871496434069386e-05,0.22524640979607624,0.7075743455775462,0.0670803656462555
1656,465,assistant,7,0.05,tool,1,1.7375157781131996e-09,9.667226786627979e-07,0.06713973390883812,0.9227099576288853,0.010149340002082017
1657,466,assistant,7,0.05,tool,1,1.1626180207313953e-07,3.867764599824293e-05,0.26343134908678534,0.13410526583172444,0.6024245911736898
1658,467,assistant,7,0.05,tool,1,4.1673191402967443e-07,0.00020640877194851972,0.13380818978138329,0.2934751452319107,0.5725098394828435
1659,468,assistant,7,0.05,tool,1,1.517515381804981e-07,1.6144579834546554e-05,0.13284627538768873,0.10663869896843357,0.7604987293125051
1660,469,assistant,7,0.05,tool,1,9.989267242995054e-08,3.636602853847015e-06,0.0483291079522999,0.017008460006185708,0.934658695545988
1661,470,assistant,7,0.05,tool,1,2.3035859663541973e-09,3.2859347312791553e-07,0.031997308653126506,0.8276362692039119,0.14036609124590246
1662,471,assistant,7,0.05,tool,1,7.56151717997791e-07,3.759341679398916e-05,0.04724455235611181,0.0015479486421474402,0.9511691494332287
1663,472,assistant,7,0.05,tool,1,5.089266172108617e-07,1.0874722265399234e-05,0.027925834973505367,0.0008146447200834945,0.9712481366575285
1664,473,assistant,7,0.05,tool,1,2.2138786381772367e-09,8.521149436091566e-08,0.12585949206656244,0.8488119152263252,0.025328505281739473
1665,474,assistant,7,0.05,tool,1,4.127077150549152e-07,5.325450277135288e-06,0.3924612068242016,0.08770545011112808,0.5198276049066782
1666,475,assistant,7,0.05,tool,1,1.0368790839282858e-07,5.737085247844351e-06,0.5486170605997323,0.3035762708756111,0.14780082775150027
1667,476,assistant,7,0.05,tool,1,8.09631065811839e-06,0.00017151199728288933,0.4435960265538679,0.2609132787581142,0.2953110863800768
1668,477,assistant,7,0.05,tool,1,1.3771824045702252e-06,4.141415360313374e-05,0.38256746511140605,0.2117462057639254,0.4056435377886609
1669,478,assistant,7,0.05,tool,1,2.2978320478040199e-07,1.9460652298994662e-05,0.06985474334166274,0.8614231431585097,0.06870242306432382
1670,479,assistant,7,0.05,tool,1,9.437385475505121e-08,0.00011100831567592283,0.1250107983682887,0.4033428782597002,0.47153522068248044
1671,480,assistant,7,0.05,tool,1,2.2530820247684896e-07,0.0001348293387200312,0.5883273153719286,0.13830654858822747,0.27323108139292146
1672,481,assistant,7,0.05,tool,1,1.155789150689687e-05,0.0001068197816674414,0.16721462085345537,0.23296242262159006,0.5997045788517802
1673,482,assistant,7,0.05,tool,1,1.1848034594132803e-06,9.49013833475267e-05,0.0656700097082041,0.04374288461238122,0.8904910194926077
1674,483,assistant,7,0.05,tool,1,7.207461367433493e-08,1.876870819530447e-05,0.09943136945582917,0.8565692164594222,0.043980573301939704
1675,484,assistant,7,0.05,tool,1,7.794265458680049e-09,6.564509719701326e-07,0.0032955776444426287,0.9879986441282492,0.008705113982070719
1676,485,assistant,7,0.05,tool,1,4.993655150821068e-07,8.335152402311594e-07,0.0023573029011577295,0.9419193483739582,0.05572201584412886
1677,486,assistant,7,0.05,tool,1,5.9297177915286013e-08,1.4857296104513863e-06,0.06471511838618862,0.923142046993501,0.012141289593521886
1678,487,assistant,7,0.05,tool,1,4.86937270215927e-06,6.20415299807744e-05,0.02291601770974777,0.7920361009835238,0.1849809704040455
1679,488,assistant,7,0.05,tool,1,1.537865826310463e-08,1.0815837019853391e-07,0.01181559184113152,0.7329426814669634,0.2552416031548767
1680,489,assistant,7,0.05,tool,1,1.3917024979571296e-05,2.0568514968186868e-05,0.06740558583265209,0.40976465694477143,0.5227952716826286
1681,490,assistant,7,0.05,tool,1,1.3010713955892843e-08,1.8358806064527722e-06,0.5390182164729517,0.45377189078072294,0.007208043855004985
1682,491,assistant,7,0.05,tool,1,2.6701177510518267e-06,2.692894349857172e-05,0.11388202034076812,0.6924903409137321,0.19359803968425018
1683,492,assistant,7,0.05,tool,1,3.961470243233041e-09,1.0954378236653075e-07,0.009169209563994692,0.9881506227992369,0.002680054131515826
1684,493,assistant,7,0.05,tool,1,7.270468315918361e-09,1.6278736827916583e-08,0.034852281367847675,0.9630155141540807,0.0021321809288665106
1685,494,assistant,7,0.05,tool,1,3.2469121733585364e-08,3.6792540439722117e-07,0.07854263525147025,0.9148766441556635,0.0065803201983400846
1686,495,assistant,7,0.05,tool,1,4.3126992252185244e-08,1.602787028241088e-07,0.08751740041208325,0.5548016859809848,0.35768071020123693
1687,496,assistant,7,0.05,tool,1,4.218191225012755e-08,9.475919438594639e-07,0.03751957465710054,0.26474978482471,0.6977296507443334
1688,497,assistant,7,0.05,tool,1,3.7288070362305814e-10,1.6370731732127262e-08,0.0042941329499782774,0.9643362657079093,0.03136958459850009
1689,498,assistant,7,0.05,tool,1,4.698945088785208e-10,2.0648568546696458e-08,0.010700269595578463,0.963144260418515,0.02615544886744352
1690,499,assistant,7,0.05,tool,1,2.0164981748195026e-09,2.332798961794475e-08,0.12080247827408377,0.8750463426452744,0.004151153736153989
1691,500,assistant,7,0.05,tool,1,2.887980925009399e-07,2.3462784160275382e-06,0.001617368045769712,1.5050137774705629e-05,0.9983649467399471
1692,501,assistant,7,0.05,tool,1,4.4062059877237253e-07,2.0853024469107487e-05,0.054901467048429735,0.10493105615696088,0.8401461831495416
1693,502,assistant,7,0.05,tool,1,5.025180740208843e-09,2.435342491277007e-08,0.028248853562705865,0.930996246067432,0.04075487099125635
1694,503,assistant,7,0.05,tool,1,1.7519839496787274e-08,8.145449162184097e-08,0.0038719312045770904,0.016211798343968933,0.9799161714771228
1695,504,assistant,7,0.05,tool,1,2.05211910788606e-09,1.210793941343872e-07,0.0024332362237602196,0.010762397460678759,0.9868042431840477
1696,505,assistant,7,0.05,tool,1,1.3936859664017729e-08,6.517404372455103e-07,0.0039791674675642786,0.003360097699491397,0.9926600691556474
1697,506,assistant,7,0.05,tool,1,4.0005584336990677e-11,5.296593841579583e-10,0.0034127571655293626,0.987756309447286,0.008830932817519834
1698,507,assistant,7,0.05,tool,1,5.8089595779377485e-09,2.3857074096915535e-08,0.011699562558618284,0.8566198510766281,0.13168055669871997
1699,508,assistant,7,0.05,tool,1,1.3304030891670957e-08,4.8747642683837114e-08,0.04343249332607672,0.34373059548396134,0.6128368491382884
1700,509,assistant,7,0.05,tool,1,1.0579255281010564e-09,7.278918149885604e-07,0.0169467458154695,0.19092132543588228,0.7921311997989078
1701,510,assistant,7,0.05,tool,1,4.969811464521894e-07,0.00015162021287025207,0.04090118607592113,0.00022893118395742666,0.9587177655461047
1702,511,assistant,7,0.05,tool,1,4.5214582765201683e-07,3.902771173453383e-05,0.006150069578895868,0.0369161618887764,0.9568942886747656
1703,512,assistant,7,0.05,tool,1,1.827215153189727e-08,1.5167531304147614e-07,0.010520191590416124,0.3111093537073253,0.678370284754794
