prompt_ix,prompt_key,token_ix,token,token_id,base_message_ix,base_message_type,segment_token_ix,seg_ix,sample_ix,display_token_ix,p_system,p_user,p_cot,p_assistant,prob,target_role,layer_ix
0,proper_tags,82,I'm,15390,1.0,user,1.0,1.0,82,1,4.593639330947621e-05,0.99977412470546,0.00017993836165439644,5.395762480397133e-10,0.00017993836165439644,cot,12
0,proper_tags,83, H,487,1.0,user,2.0,1.0,83,2,3.0746125873514614e-05,0.9999667270128264,2.5266947361375017e-06,1.6656399611998386e-10,2.5266947361375017e-06,cot,12
0,proper_tags,84,anan,19035,1.0,user,3.0,1.0,84,3,8.099744852807605e-05,0.9999156918116471,3.310009939642261e-06,7.298852885073571e-10,3.310009939642261e-06,cot,12
0,proper_tags,85,",",11,1.0,user,4.0,1.0,85,4,0.0001518821063435382,0.9998207420567619,2.7366520530086897e-05,9.316364590448507e-09,2.7366520530086897e-05,cot,12
0,proper_tags,86, and,326,1.0,user,5.0,1.0,86,5,0.00013194975843886373,0.9997034211487371,0.00016462669778751282,2.3950364174482618e-09,0.00016462669778751282,cot,12
0,proper_tags,87, I,357,1.0,user,6.0,1.0,87,6,0.006856224203413346,0.18811029266683257,0.8049877781679423,4.5704961811940945e-05,0.8049877781679423,cot,12
0,proper_tags,88, want,1682,1.0,user,7.0,1.0,88,7,3.44541810079754e-05,0.9999605577323406,4.987809088378056e-06,2.775631133508329e-10,4.987809088378056e-06,cot,12
0,proper_tags,89, to,316,1.0,user,8.0,1.0,89,8,0.0897645365783593,0.9092102156153776,0.0009281406102201698,9.710719604291136e-05,0.0009281406102201698,cot,12
0,proper_tags,90, apply,6096,1.0,user,9.0,1.0,90,9,0.00013090377825249544,0.9998439228353455,2.5143278910215395e-05,3.010749170596875e-08,2.5143278910215395e-05,cot,12
0,proper_tags,91, to,316,1.0,user,10.0,1.0,91,10,0.0001892093734603622,0.9998042171964023,6.5690120673746714e-06,4.418069935091341e-09,6.5690120673746714e-06,cot,12
0,proper_tags,92, Ne,4475,1.0,user,11.0,1.0,92,11,6.51577206521069e-05,0.9999024136970537,3.241963575096895e-05,8.946543226298001e-09,3.241963575096895e-05,cot,12
0,proper_tags,93,el,296,1.0,user,12.0,1.0,93,12,9.55466057978141e-05,0.9999019055110591,2.540597169014716e-06,7.285974336262227e-09,2.540597169014716e-06,cot,12
0,proper_tags,94, N,478,1.0,user,13.0,1.0,94,13,0.0004106510502143573,0.9995655441330574,2.3511394593744743e-05,2.9342213456401065e-07,2.3511394593744743e-05,cot,12
0,proper_tags,95,anda,4711,1.0,user,14.0,1.0,95,14,9.410931729852014e-05,0.9999013858045522,4.497760663657044e-06,7.117485693769288e-09,4.497760663657044e-06,cot,12
0,proper_tags,96,'s,885,1.0,user,15.0,1.0,96,15,2.691987246336778e-05,0.9999689229886822,4.151903882916602e-06,5.2349714625268325e-09,4.151903882916602e-06,cot,12
0,proper_tags,97, M,391,1.0,user,16.0,1.0,97,16,8.112869079172856e-06,0.9999875958838873,4.286475600996623e-06,4.771432618118834e-09,4.286475600996623e-06,cot,12
0,proper_tags,98,ATS,42222,1.0,user,17.0,1.0,98,17,0.00023450331216668324,0.9997058677349062,5.9414385690361414e-05,2.1456723674986331e-07,5.9414385690361414e-05,cot,12
0,proper_tags,99, stream,6855,1.0,user,18.0,1.0,99,18,0.0006255285854151807,0.9980531726651976,0.0013086107777966977,1.268797159058599e-05,0.0013086107777966977,cot,12
0,proper_tags,100,.,13,1.0,user,19.0,1.0,100,19,3.866900950575862e-05,0.9999597081688558,1.6221945141893236e-06,6.271243886691979e-10,1.6221945141893236e-06,cot,12
0,proper_tags,101, I've,9790,1.0,user,20.0,1.0,101,20,9.205377241387693e-05,0.9998986378811306,9.308228440700043e-06,1.1801466493857438e-10,9.308228440700043e-06,cot,12
0,proper_tags,102, been,1339,1.0,user,21.0,1.0,102,21,0.0005919832115391959,0.9994009806008859,6.892608505235341e-06,1.4357906980598322e-07,6.892608505235341e-06,cot,12
0,proper_tags,103, reading,6085,1.0,user,22.0,1.0,103,22,0.0003358554251725206,0.9994955492964105,0.00016660343089430708,1.9918475226089137e-06,0.00016660343089430708,cot,12
0,proper_tags,104, Prompt,103998,1.0,user,23.0,1.0,104,23,0.0023645846882445654,0.996598505800061,0.0010305882396251529,6.321272069219818e-06,0.0010305882396251529,cot,12
0,proper_tags,105, Injection,108046,1.0,user,24.0,1.0,105,24,0.007051375516215922,0.991156304949441,0.001780107599042739,1.2211935300296546e-05,0.001780107599042739,cot,12
0,proper_tags,106, as,472,1.0,user,25.0,1.0,106,25,0.0011646290840775547,0.9986303819777997,0.0001999608089239987,5.028129198751075e-06,0.0001999608089239987,cot,12
0,proper_tags,107, Role,24128,1.0,user,26.0,1.0,107,26,0.012780528268776977,0.9826865886647819,0.00449349945698243,3.938360945850238e-05,0.00449349945698243,cot,12
0,proper_tags,108, Conf,20524,1.0,user,27.0,1.0,108,27,0.00029493262760763993,0.9833263138830527,0.016128028162621863,0.0002507253267178287,0.016128028162621863,cot,12
0,proper_tags,109,usion,10514,1.0,user,28.0,1.0,109,28,0.0012622735294180439,0.997751910717729,0.0009853403300007103,4.754228523989852e-07,0.0009853403300007103,cot,12
0,proper_tags,110, and,326,1.0,user,29.0,1.0,110,29,0.0017679156601085213,0.9979063590229967,0.00032460043559410595,1.1248813007031343e-06,0.00032460043559410595,cot,12
0,proper_tags,111, experimenting,106461,1.0,user,30.0,1.0,111,30,0.00012183293212561935,0.99974214369491,0.00013600381303101246,1.9559933392067778e-08,0.00013600381303101246,cot,12
0,proper_tags,112, with,483,1.0,user,31.0,1.0,112,31,0.0014176545809182698,0.9984293136612192,0.00015298313067890027,4.862718345967569e-08,0.00015298313067890027,cot,12
0,proper_tags,113, GPT,174803,1.0,user,32.0,1.0,113,32,0.0003013810645932978,0.9988685590314854,0.0008194855249326662,1.0574378988414154e-05,0.0008194855249326662,cot,12
0,proper_tags,114,-,12,1.0,user,33.0,1.0,114,33,0.00209562447100281,0.9977274890385797,0.0001768504704211381,3.601999632646368e-08,0.0001768504704211381,cot,12
0,proper_tags,115,OSS,26496,1.0,user,34.0,1.0,115,34,0.006023655845513765,0.9937897994736365,0.00018429970626003878,2.2449745896877947e-06,0.00018429970626003878,cot,12
0,proper_tags,116,-,12,1.0,user,35.0,1.0,116,35,0.0024020510408614016,0.9953259782689405,0.0022655494171330065,6.421273065136367e-06,0.0022655494171330065,cot,12
0,proper_tags,117,20,455,1.0,user,36.0,1.0,117,36,0.005709393314093995,0.9906063790865143,0.0036825895142286874,1.6380851629714833e-06,0.0036825895142286874,cot,12
0,proper_tags,118,B,33,1.0,user,37.0,1.0,118,37,0.09694114652648626,0.899732777750095,0.0033238060480969395,2.2696753217623434e-06,0.0033238060480969395,cot,12
0,proper_tags,119,.,13,1.0,user,38.0,1.0,119,38,6.174458321080807e-05,0.999871483791745,6.675847221438176e-05,1.315282973543554e-08,6.675847221438176e-05,cot,12
0,proper_tags,120, Can,4101,1.0,user,39.0,1.0,120,39,8.489172683850695e-05,0.9999027504928769,1.2357202735839173e-05,5.775485827119397e-10,1.2357202735839173e-05,cot,12
0,proper_tags,121, you,481,1.0,user,40.0,1.0,121,40,0.00020174012442373873,0.9971451391514919,0.0026530436934757034,7.703060857273265e-08,0.0026530436934757034,cot,12
0,proper_tags,122, suggest,6108,1.0,user,41.0,1.0,122,41,0.00037352736306731885,0.9990903728208294,0.0005359456187601315,1.5419734316765653e-07,0.0005359456187601315,cot,12
0,proper_tags,123, a,261,1.0,user,42.0,1.0,123,42,0.0010627879257747031,0.9984948731601213,0.0004422222893680735,1.1662473586703652e-07,0.0004422222893680735,cot,12
0,proper_tags,124, small,3291,1.0,user,43.0,1.0,124,43,7.168905999809753e-05,0.9999230353879757,5.266558496771218e-06,8.993529367187927e-09,5.266558496771218e-06,cot,12
0,proper_tags,125, project,2993,1.0,user,44.0,1.0,125,44,0.0005389645507942533,0.9993352008658586,0.00012569904770702337,1.3553564019120884e-07,0.00012569904770702337,cot,12
0,proper_tags,126, about,1078,1.0,user,45.0,1.0,126,45,0.00023532262019839567,0.9994838452472287,0.00028065080781428814,1.813247586279231e-07,0.00028065080781428814,cot,12
0,proper_tags,127, whether,5588,1.0,user,46.0,1.0,127,46,0.00044938752988067914,0.999500251011609,4.83642968939356e-05,1.997161616467879e-06,4.83642968939356e-05,cot,12
0,proper_tags,128, steering,49066,1.0,user,47.0,1.0,128,47,0.0020373360590409694,0.9865888705593409,0.011344750535101701,2.9042846516507605e-05,0.011344750535101701,cot,12
0,proper_tags,129, the,290,1.0,user,48.0,1.0,129,48,0.0029279611656446228,0.9784011231125701,0.01825238438258852,0.0004185313391968752,0.01825238438258852,cot,12
0,proper_tags,130, model,2359,1.0,user,49.0,1.0,130,49,0.0011571071358875938,0.9872958326557401,0.01140977524471439,0.00013728496365781898,0.01140977524471439,cot,12
0,proper_tags,131,'s,885,1.0,user,50.0,1.0,131,50,0.005148415611679066,0.9702799288490221,0.024224803628530835,0.0003468519107679499,0.024224803628530835,cot,12
0,proper_tags,132, role,5430,1.0,user,51.0,1.0,132,51,0.056399363800004834,0.8093847155300331,0.1174976273790585,0.016718293290903647,0.1174976273790585,cot,12
0,proper_tags,133, representation,22311,1.0,user,52.0,1.0,133,52,0.029806960230554742,0.17592482397044318,0.6568664162915941,0.13740179950740797,0.6568664162915941,cot,12
0,proper_tags,134, changes,6629,1.0,user,53.0,1.0,134,53,0.01147443816353069,0.9508247492139227,0.03645663001430015,0.001244182608246429,0.03645663001430015,cot,12
0,proper_tags,135, which,1118,1.0,user,54.0,1.0,135,54,0.0015447998599731527,0.9907534649215326,0.0038855304645093844,0.003816204753984999,0.0038855304645093844,cot,12
0,proper_tags,136, instructions,15543,1.0,user,55.0,1.0,136,55,0.005150368464664317,0.7993084860532474,0.1754791939367911,0.020061951545297062,0.1754791939367911,cot,12
0,proper_tags,137, it,480,1.0,user,56.0,1.0,137,56,0.0006611271360877672,0.9196172929384971,0.07811230609093074,0.0016092738344841895,0.07811230609093074,cot,12
0,proper_tags,138, follows,18183,1.0,user,57.0,1.0,138,57,0.009204004473255237,0.7450685688471658,0.22692564832917858,0.018801778350400537,0.22692564832917858,cot,12
0,proper_tags,139,?,30,1.0,user,58.0,1.0,139,58,0.0004980583644464699,0.986454687554634,0.01299251179269076,5.474228822906382e-05,0.01299251179269076,cot,12
0,proper_tags,140, I'd,18754,1.0,user,59.0,1.0,140,59,6.482583605441372e-05,0.9990797399773169,0.000855243049141059,1.911374877703369e-07,0.000855243049141059,cot,12
0,proper_tags,141, like,1299,1.0,user,60.0,1.0,141,60,0.000676646531768153,0.9982581594354585,0.001064826619805162,3.6741296843954017e-07,0.001064826619805162,cot,12
0,proper_tags,142, one,1001,1.0,user,61.0,1.0,142,61,0.002394102530693016,0.9735022812400675,0.023789799272276674,0.00031381695696276784,0.023789799272276674,cot,12
0,proper_tags,143, result,1534,1.0,user,62.0,1.0,143,62,7.322513127552584e-05,0.999562907570566,0.00027594968945904676,8.79176086993484e-05,0.00027594968945904676,cot,12
0,proper_tags,144, worth,7549,1.0,user,63.0,1.0,144,63,0.0002609915007986114,0.9994044643860235,0.00033027540933502106,4.26870384290331e-06,0.00033027540933502106,cot,12
0,proper_tags,145, showing,14253,1.0,user,64.0,1.0,145,64,0.0008590532331311639,0.9990157027179548,0.00011740643373885346,7.83761517508178e-06,0.00011740643373885346,cot,12
0,proper_tags,146, Ne,4475,1.0,user,65.0,1.0,146,65,0.00014498749819861573,0.9987141619724091,0.0011063919319826148,3.445859740963526e-05,0.0011063919319826148,cot,12
0,proper_tags,147,el,296,1.0,user,66.0,1.0,147,66,9.544296766376803e-06,0.999860646456729,0.00012953561544032204,2.736310643379069e-07,0.00012953561544032204,cot,12
0,proper_tags,148,",",11,1.0,user,67.0,1.0,148,67,0.00022326580422731557,0.9993530944997012,0.00041508009776060253,8.55959831072151e-06,0.00041508009776060253,cot,12
0,proper_tags,149, even,1952,1.0,user,68.0,1.0,149,68,0.00026216695941239457,0.9992614255000751,0.00044140772573123883,3.499981478123217e-05,0.00044140772573123883,cot,12
0,proper_tags,150, if,538,1.0,user,69.0,1.0,150,69,2.1442414019827105e-05,0.9999745657372644,3.983766656895138e-06,8.08205893788818e-09,3.983766656895138e-06,cot,12
0,proper_tags,151, it,480,1.0,user,70.0,1.0,151,70,0.01213963665454157,0.9513944508298634,0.0325304456472857,0.003935466868309304,0.0325304456472857,cot,12
0,proper_tags,152, ruins,76738,1.0,user,71.0,1.0,152,71,0.0032305356596960275,0.9424230982932736,0.024086055073921555,0.030260310973108953,0.024086055073921555,cot,12
0,proper_tags,153, my,922,1.0,user,72.0,1.0,153,72,0.00020497926157544055,0.9997881552248042,6.847531440408638e-06,1.798218004384779e-08,6.847531440408638e-06,cot,12
0,proper_tags,154, favourite,22127,1.0,user,73.0,1.0,154,73,0.0011086306241759652,0.9767645317219927,0.021956702987892266,0.0001701346659390525,0.021956702987892266,cot,12
0,proper_tags,155, hypothesis,65604,1.0,user,74.0,1.0,155,74,0.007485240291143319,0.8854247066885863,0.09959621612748538,0.0074938368927848446,0.09959621612748538,cot,12
0,proper_tags,163,Need,23483,2.0,cot,1.0,2.0,163,75,1.4115700061817206e-08,4.956919252764067e-07,0.999705796678519,0.00029369351385562155,0.999705796678519,cot,12
0,proper_tags,164, concise,82463,2.0,cot,2.0,2.0,164,76,3.339971926448158e-07,8.308670109554806e-05,0.9826709463336744,0.01724563296803742,0.9826709463336744,cot,12
0,proper_tags,165, project,2993,2.0,cot,3.0,2.0,165,77,0.0007809836153286589,0.08429519558628687,0.7956031796887939,0.11932064110959065,0.7956031796887939,cot,12
0,proper_tags,166, idea,6056,2.0,cot,4.0,2.0,166,78,1.8249757269522301e-06,0.0001666080583976236,0.892655627163546,0.10717593980232955,0.892655627163546,cot,12
0,proper_tags,174,**,410,3.0,assistant,1.0,3.0,174,79,4.6337601609543843e-10,7.299349634677189e-10,0.0006706970533059639,0.9993293017533831,0.0006706970533059639,cot,12
0,proper_tags,175,Mini,52306,3.0,assistant,2.0,3.0,175,80,3.278778044192811e-08,1.3030779793900628e-07,0.00018084516922545085,0.9998189917351962,0.00018084516922545085,cot,12
0,proper_tags,176,‑,50005,3.0,assistant,3.0,3.0,176,81,3.755169536857167e-12,6.1614270757761736e-12,2.490087734659491e-05,0.9999750991127369,2.490087734659491e-05,cot,12
0,proper_tags,177,experiment,129042,3.0,assistant,4.0,3.0,177,82,1.3046301968800378e-09,2.939503795320677e-09,9.274429454494976e-05,0.999907251461321,9.274429454494976e-05,cot,12
0,proper_tags,178,:,25,3.0,assistant,5.0,3.0,178,83,7.864218126245349e-10,8.301071156275728e-09,2.2898789805615003e-05,0.9999770921227014,2.2898789805615003e-05,cot,12
0,proper_tags,179, “,966,3.0,assistant,6.0,3.0,179,84,1.5917355649163401e-09,1.2482546306325742e-08,2.4100620259310405e-05,0.9999758853054589,2.4100620259310405e-05,cot,12
0,proper_tags,180,Role,10490,3.0,assistant,7.0,3.0,180,85,1.8264217392822343e-06,8.369787066750672e-07,0.0044727544838084774,0.9955245821157456,0.0044727544838084774,cot,12
0,proper_tags,181,‑,50005,3.0,assistant,8.0,3.0,181,86,1.1394935620848052e-09,4.214098721152276e-10,2.697355844176948e-05,0.9999730248806548,2.697355844176948e-05,cot,12
0,proper_tags,182,Switch,20078,3.0,assistant,9.0,3.0,182,87,4.215998210510681e-09,4.485683818576918e-09,4.4939403224238156e-05,0.9999550518950937,4.4939403224238156e-05,cot,12
0,proper_tags,183,ing,289,3.0,assistant,10.0,3.0,183,88,7.201575841248544e-08,3.3613383694334776e-07,0.0006757030283423281,0.9993238888220624,0.0006757030283423281,cot,12
0,proper_tags,184, vs,10217,3.0,assistant,11.0,3.0,184,89,1.2543221243666996e-08,8.329138980685699e-08,0.001162400604029872,0.998837503561359,0.001162400604029872,cot,12
0,proper_tags,185,.,13,3.0,assistant,12.0,3.0,185,90,1.0646929217951938e-07,8.511353152494487e-08,0.006114843757799261,0.9938849646593771,0.006114843757799261,cot,12
0,proper_tags,186, Instruction,55556,3.0,assistant,13.0,3.0,186,91,6.299388737715667e-08,6.498993091780947e-08,0.0004512171600877984,0.9995486548560939,0.0004512171600877984,cot,12
0,proper_tags,187, Ad,2686,3.0,assistant,14.0,3.0,187,92,1.697482118438157e-06,2.7341700685199167e-05,0.0036161572482615112,0.9963548035689349,0.0036161572482615112,cot,12
0,proper_tags,188,herence,172663,3.0,assistant,15.0,3.0,188,93,5.782243788389312e-10,2.1565778880563252e-09,7.2337120768876135e-06,0.999992763553121,7.2337120768876135e-06,cot,12
0,proper_tags,189,”,693,3.0,assistant,16.0,3.0,189,94,2.45493161688447e-12,5.957345233901389e-12,7.15812621326931e-07,0.9999992841789663,7.15812621326931e-07,cot,12
0,proper_tags,190,"**

",91587,3.0,assistant,17.0,3.0,190,95,3.587458967814803e-10,1.376142164677619e-10,0.00045120463979229393,0.9995487948638476,0.00045120463979229393,cot,12
0,proper_tags,191,1,16,3.0,assistant,18.0,3.0,191,96,1.013361982971088e-09,7.60783843020612e-11,0.0018244622384964058,0.9981755366720632,0.0018244622384964058,cot,12
0,proper_tags,192,.,13,3.0,assistant,19.0,3.0,192,97,4.889337626069537e-08,2.4089678553959864e-08,0.0005070327074108395,0.9994928943095345,0.0005070327074108395,cot,12
0,proper_tags,193, **,6240,3.0,assistant,20.0,3.0,193,98,1.8979604273754365e-09,9.192349275129283e-11,0.001072397355772618,0.9989276006543435,0.001072397355772618,cot,12
0,proper_tags,194,Model,2239,3.0,assistant,21.0,3.0,194,99,5.028646036310419e-06,1.5923272064757675e-05,0.004344921307446483,0.9956341267744525,0.004344921307446483,cot,12
0,proper_tags,195, &,827,3.0,assistant,22.0,3.0,195,100,1.1744078534434886e-09,8.739063714796039e-10,0.0003949708132724039,0.9996050271384133,0.0003949708132724039,cot,12
0,proper_tags,196, Prompt,103998,3.0,assistant,23.0,3.0,196,101,8.308190153763612e-08,9.115857467272211e-08,0.0011598542123193107,0.9988399715472044,0.0011598542123193107,cot,12
0,proper_tags,197,**,410,3.0,assistant,24.0,3.0,197,102,3.605019250240328e-07,1.5787582714422918e-06,0.005182175018607332,0.9948158857211962,0.005182175018607332,cot,12
0,proper_tags,198,"  
",4066,3.0,assistant,25.0,3.0,198,103,1.5925875388237168e-12,6.586057276667117e-12,5.977661697823958e-06,0.9999940223301236,5.977661697823958e-06,cot,12
0,proper_tags,199,  ,256,3.0,assistant,26.0,3.0,199,104,5.574824896219033e-07,3.5761959725519537e-06,0.005650680349423943,0.994345185972114,0.005650680349423943,cot,12
0,proper_tags,200, -,533,3.0,assistant,27.0,3.0,200,105,1.1060027175754178e-08,6.2954166948510885e-09,0.00038990130403089145,0.9996100813405252,0.00038990130403089145,cot,12
0,proper_tags,201, Use,7649,3.0,assistant,28.0,3.0,201,106,1.2921531326582406e-08,8.620792194147892e-09,0.0012114231478779827,0.9987885553097984,0.0012114231478779827,cot,12
0,proper_tags,202, GPT,174803,3.0,assistant,29.0,3.0,202,107,3.3552127380659504e-08,7.936095947582737e-07,0.00346527200783804,0.9965339008304399,0.00346527200783804,cot,12
0,proper_tags,203,‑,50005,3.0,assistant,30.0,3.0,203,108,5.6526580757168454e-06,0.00023807238847584373,0.06562892822593219,0.9341273467275162,0.06562892822593219,cot,12
0,proper_tags,204,OSS,26496,3.0,assistant,31.0,3.0,204,109,2.263836648956254e-06,9.93698945258368e-05,0.03510890305143138,0.9647894632173939,0.03510890305143138,cot,12
0,proper_tags,205,‑,50005,3.0,assistant,32.0,3.0,205,110,1.2730478722290096e-08,1.8104981889495095e-07,0.0010921024003599606,0.9989077038193425,0.0010921024003599606,cot,12
0,proper_tags,206,20,455,3.0,assistant,33.0,3.0,206,111,1.4261391781548277e-09,2.114836368105023e-08,7.377618191225068e-05,0.999926201243585,7.377618191225068e-05,cot,12
0,proper_tags,207,B,33,3.0,assistant,34.0,3.0,207,112,2.156935905842722e-08,1.6625193778906668e-07,0.0012192482369225899,0.9987805639417805,0.0012192482369225899,cot,12
0,proper_tags,208, (,350,3.0,assistant,35.0,3.0,208,113,1.021768912978539e-09,3.646330698698706e-09,0.00019641476365417563,0.9998035805682461,0.00019641476365417563,cot,12
0,proper_tags,209,or,267,3.0,assistant,36.0,3.0,209,114,4.364324435431153e-11,7.913484663883932e-11,0.00029203050614090727,0.999707969371081,0.00029203050614090727,cot,12
0,proper_tags,210, any,1062,3.0,assistant,37.0,3.0,210,115,2.4620097531238345e-09,3.882233449649285e-09,0.0033897877929391427,0.9966102058628176,0.0033897877929391427,cot,12
0,proper_tags,211, open,2494,3.0,assistant,38.0,3.0,211,116,1.4548483782033223e-08,5.1784288780931086e-08,2.5943211355860953e-05,0.9999739904558715,2.5943211355860953e-05,cot,12
0,proper_tags,212,‑,50005,3.0,assistant,39.0,3.0,212,117,7.856346445627038e-11,5.0881958563945403e-11,8.91510797281074e-06,0.9999910847625817,8.91510797281074e-06,cot,12
0,proper_tags,213,source,4935,3.0,assistant,40.0,3.0,213,118,3.466441250729694e-08,2.0913594413133324e-07,9.9492531594553e-05,0.9999002636680487,9.9492531594553e-05,cot,12
0,proper_tags,214, L,451,3.0,assistant,41.0,3.0,214,119,9.444369198947886e-08,2.2773627130622423e-06,0.003445072190576204,0.9965525560030188,0.003445072190576204,cot,12
0,proper_tags,215,LM,19641,3.0,assistant,42.0,3.0,215,120,2.752186684654379e-07,7.189321673291021e-07,0.0022574376959587574,0.9977415681532054,0.0022574376959587574,cot,12
0,proper_tags,216, you,481,3.0,assistant,43.0,3.0,216,121,1.3251917704730805e-08,2.1549463795999124e-07,0.0005424473776340632,0.9994573238758102,0.0005424473776340632,cot,12
0,proper_tags,217, have,679,3.0,assistant,44.0,3.0,217,122,1.508218056192973e-08,4.905845746878894e-08,0.002195386443863854,0.9978045494154981,0.002195386443863854,cot,12
0,proper_tags,218,).,741,3.0,assistant,45.0,3.0,218,123,2.2813232252797486e-11,3.550128781678837e-11,5.13492972882997e-06,0.9999948650119566,5.13492972882997e-06,cot,12
0,proper_tags,219,"  
",4066,3.0,assistant,46.0,3.0,219,124,1.2835552609695563e-11,5.4922126847939656e-11,7.640597915345748e-05,0.9999235939530888,7.640597915345748e-05,cot,12
0,proper_tags,220,  ,256,3.0,assistant,47.0,3.0,220,125,2.788392313085918e-08,4.0945745233099976e-07,0.003365281582993436,0.996634281075631,0.003365281582993436,cot,12
0,proper_tags,221, -,533,3.0,assistant,48.0,3.0,221,126,1.4346109345169578e-11,1.8756677205055007e-11,9.079694504875784e-05,0.9999092030218485,9.079694504875784e-05,cot,12
0,proper_tags,222, Create,6585,3.0,assistant,49.0,3.0,222,127,1.2793560387231833e-10,8.652459535736959e-11,0.0002699435904581035,0.9997300561950816,0.0002699435904581035,cot,12
0,proper_tags,223, a,261,3.0,assistant,50.0,3.0,223,128,1.644024627681387e-08,3.214522512025536e-09,0.0005234584783128897,0.9994765218669184,0.0005234584783128897,cot,12
0,proper_tags,224, base,3611,3.0,assistant,51.0,3.0,224,129,1.487407932200223e-10,3.722278350565034e-10,2.2404308265716672e-05,0.9999775951707658,2.2404308265716672e-05,cot,12
0,proper_tags,225, prompt,15226,3.0,assistant,52.0,3.0,225,130,2.166671248429624e-08,9.535701599054959e-09,0.0008128661935268925,0.999187102604059,0.0008128661935268925,cot,12
0,proper_tags,226, that,484,3.0,assistant,53.0,3.0,226,131,1.277357482175992e-10,4.59743971890193e-10,0.0001236631687654642,0.9998763362437548,0.0001236631687654642,cot,12
0,proper_tags,227, sets,11982,3.0,assistant,54.0,3.0,227,132,5.946134292625867e-09,4.256111402845468e-09,0.0005920861302817545,0.9994079036674726,0.0005920861302817545,cot,12
0,proper_tags,228, a,261,3.0,assistant,55.0,3.0,228,133,1.0772076655415757e-07,6.284766028539013e-08,0.0023315506503538484,0.9976682787812193,0.0023315506503538484,cot,12
0,proper_tags,229, role,5430,3.0,assistant,56.0,3.0,229,134,1.4423619038239773e-07,3.0225795777282424e-07,0.0014155849521298581,0.998583968553722,0.0014155849521298581,cot,12
0,proper_tags,230,",",11,3.0,assistant,57.0,3.0,230,135,1.8877492739459606e-09,3.3461822305978704e-09,0.0007004894535762687,0.9992995053124922,0.0007004894535762687,cot,12
0,proper_tags,231, e,319,3.0,assistant,58.0,3.0,231,136,6.602713190099442e-08,1.1560355230809723e-07,0.0002857166570053351,0.9997141017123103,0.0002857166570053351,cot,12
0,proper_tags,232,.g,1940,3.0,assistant,59.0,3.0,232,137,7.719477486096965e-07,8.277382993690902e-06,0.01236351809197042,0.9876274325772872,0.01236351809197042,cot,12
0,proper_tags,233,.,13,3.0,assistant,60.0,3.0,233,138,8.297329477235396e-12,6.798956284342277e-12,9.259124586777163e-05,0.9999074087390359,9.259124586777163e-05,cot,12
0,proper_tags,234,"  
",4066,3.0,assistant,61.0,3.0,234,139,9.965604125150607e-11,1.0613988170918902e-09,0.0005576724071015637,0.9994423264318435,0.0005576724071015637,cot,12
0,proper_tags,235,    ,257,3.0,assistant,62.0,3.0,235,140,7.231096940373768e-08,7.13772203177767e-08,0.00033411538031832453,0.999665740931492,0.00033411538031832453,cot,12
0,proper_tags,236," ```
",93366,3.0,assistant,63.0,3.0,236,141,2.3026551804310063e-11,6.273976497311767e-12,3.983361212733148e-05,0.9999601663585721,3.983361212733148e-05,cot,12
0,proper_tags,237,    ,257,3.0,assistant,64.0,3.0,237,142,1.406398293568844e-08,1.095546826627676e-09,0.002462621666901997,0.9975373631735682,0.002462621666901997,cot,12
0,proper_tags,238, You,1608,3.0,assistant,65.0,3.0,238,143,5.414523768732558e-08,4.925948170484116e-09,0.000966439011944194,0.9990335019168699,0.000966439011944194,cot,12
0,proper_tags,239, are,553,3.0,assistant,66.0,3.0,239,144,4.3314762512172514e-07,5.242301750771261e-08,0.006109181479428858,0.9938903329499286,0.006109181479428858,cot,12
0,proper_tags,240, a,261,3.0,assistant,67.0,3.0,240,145,3.96155794837508e-07,6.465477529986815e-07,0.008814604592636189,0.991184352703816,0.008814604592636189,cot,12
0,proper_tags,241, helpful,10297,3.0,assistant,68.0,3.0,241,146,9.16465554186114e-08,9.713829710563301e-07,0.01221427718474641,0.9877846597857272,0.01221427718474641,cot,12
0,proper_tags,242, assistant,29186,3.0,assistant,69.0,3.0,242,147,2.9312791342374785e-07,3.162285438748395e-07,0.036470438674693954,0.9635289519688487,0.036470438674693954,cot,12
0,proper_tags,243,.,13,3.0,assistant,70.0,3.0,243,148,1.0764599234887106e-09,3.1423325316279664e-10,0.0005011473376940367,0.9994988512716129,0.0005011473376940367,cot,12
0,proper_tags,244,"  
",4066,3.0,assistant,71.0,3.0,244,149,1.6788419770685333e-07,5.141305172570832e-07,0.0016610380966293177,0.9983382798886556,0.0016610380966293177,cot,12
0,proper_tags,245,    ,257,3.0,assistant,72.0,3.0,245,150,1.7063508454840206e-06,6.761177656344353e-08,0.03194883415664484,0.9680493918807331,0.03194883415664484,cot,12
0,proper_tags,246, Instruction,55556,3.0,assistant,73.0,3.0,246,151,1.904598703555657e-05,1.3199104817718868e-06,0.2627806462809411,0.7371989878215417,0.2627806462809411,cot,12
0,proper_tags,247,:,25,3.0,assistant,74.0,3.0,247,152,4.327636807221533e-07,4.1742205265687344e-07,0.0512760156409428,0.9487231341733238,0.0512760156409428,cot,12
0,proper_tags,248, Summ,31663,3.0,assistant,75.0,3.0,248,153,1.88326672049121e-09,2.7522285090800746e-09,0.0008926351963648084,0.9991073601681398,0.0008926351963648084,cot,12
0,proper_tags,249,ar,277,3.0,assistant,76.0,3.0,249,154,1.5916915585159052e-08,7.436113840688853e-08,0.0004823971379293324,0.9995175125840166,0.0004823971379293324,cot,12
0,proper_tags,250,ize,750,3.0,assistant,77.0,3.0,250,155,1.8059823042083297e-07,1.380607392249753e-07,0.007892642359849262,0.9921070389811811,0.007892642359849262,cot,12
0,proper_tags,251, the,290,3.0,assistant,78.0,3.0,251,156,3.261338325706108e-07,3.6295840856535983e-07,0.0033213364615195594,0.9966779744462393,0.0033213364615195594,cot,12
0,proper_tags,252, following,3992,3.0,assistant,79.0,3.0,252,157,2.639010908904468e-07,1.5278388968263912e-07,0.006281043201323164,0.9937185401136962,0.006281043201323164,cot,12
0,proper_tags,253, paragraph,27853,3.0,assistant,80.0,3.0,253,158,2.5631391496309336e-09,5.14748881033712e-09,0.0005268619990349444,0.9994731302903371,0.0005268619990349444,cot,12
0,proper_tags,254, in,306,3.0,assistant,81.0,3.0,254,159,1.516493126550033e-07,1.5017970542379882e-06,0.02034314867185517,0.9796551978817779,0.02034314867185517,cot,12
0,proper_tags,255, one,1001,3.0,assistant,82.0,3.0,255,160,9.432404375934241e-06,2.541298957572574e-05,0.0638281740666023,0.936136980539446,0.0638281740666023,cot,12
0,proper_tags,256, sentence,21872,3.0,assistant,83.0,3.0,256,161,3.2852629117668924e-08,1.8099913669977326e-07,0.0020267817931942087,0.9979730043550401,0.0020267817931942087,cot,12
0,proper_tags,257,".
",558,3.0,assistant,84.0,3.0,257,162,1.2138845145540836e-09,5.274948397265001e-10,0.0001412701764594838,0.9998587280821613,0.0001412701764594838,cot,12
0,proper_tags,258,    ,257,3.0,assistant,85.0,3.0,258,163,3.944409591837756e-08,1.8257950563337937e-08,0.005661087435829234,0.9943388548621244,0.005661087435829234,cot,12
0,proper_tags,259," ```
",93366,3.0,assistant,86.0,3.0,259,164,8.218454999322147e-12,2.078061981034555e-12,4.922543104451504e-06,0.999995077446599,4.922543104451504e-06,cot,12
0,proper_tags,260,  ,256,3.0,assistant,87.0,3.0,260,165,3.196328738731432e-10,2.679660837026867e-09,4.2175984994315965e-05,0.9999578210157118,4.2175984994315965e-05,cot,12
0,proper_tags,261, -,533,3.0,assistant,88.0,3.0,261,166,9.461441736459573e-12,2.4425787275297816e-11,2.7058146756505315e-05,0.9999729418193564,2.7058146756505315e-05,cot,12
0,proper_tags,262, Then,7801,3.0,assistant,89.0,3.0,262,167,6.719923112838281e-10,1.3437721080353996e-09,0.00014858098651216668,0.9998514169977234,0.00014858098651216668,cot,12
0,proper_tags,263, create,2501,3.0,assistant,90.0,3.0,263,168,6.560444609616951e-10,5.083750159985214e-10,0.0019062729568693336,0.9980937258787111,0.0019062729568693336,cot,12
0,proper_tags,264, a,261,3.0,assistant,91.0,3.0,264,169,6.176055927209535e-07,2.1336232886924424e-07,0.001320861270400647,0.9986783077616779,0.001320861270400647,cot,12
0,proper_tags,265, *,425,3.0,assistant,92.0,3.0,265,170,2.160328906196496e-12,2.869346382411282e-13,1.5940600067532241e-06,0.999998405937546,1.5940600067532241e-06,cot,12
0,proper_tags,266,role,8716,3.0,assistant,93.0,3.0,266,171,1.1419484121485927e-08,4.248147642965754e-09,6.90590068881298e-05,0.9999309253254801,6.90590068881298e-05,cot,12
0,proper_tags,267,‑,50005,3.0,assistant,94.0,3.0,267,172,3.145180806107547e-11,1.0950282531834857e-11,7.432756485411356e-06,0.9999925672011125,7.432756485411356e-06,cot,12
0,proper_tags,268,switch,41694,3.0,assistant,95.0,3.0,268,173,2.0586482794096218e-10,3.9845353210365974e-10,9.039060755517597e-06,0.9999909603349261,9.039060755517597e-06,cot,12
0,proper_tags,269,*,9,3.0,assistant,96.0,3.0,269,174,3.276569024637808e-11,2.6658870979716623e-11,2.9546149567452388e-05,0.999970453791008,2.9546149567452388e-05,cot,12
0,proper_tags,270, prompt,15226,3.0,assistant,97.0,3.0,270,175,3.620464915000626e-10,1.0412311409705615e-10,0.00012446508116413578,0.9998755344526662,0.00012446508116413578,cot,12
0,proper_tags,271, that,484,3.0,assistant,98.0,3.0,271,176,1.6819920932311297e-09,4.5357452097201745e-10,0.0003227789275929387,0.9996772189368404,0.0003227789275929387,cot,12
0,proper_tags,272, changes,6629,3.0,assistant,99.0,3.0,272,177,1.0864203427158185e-09,1.7148400659823525e-10,0.0001176219964553465,0.9998823767456403,0.0001176219964553465,cot,12
0,proper_tags,273, the,290,3.0,assistant,100.0,3.0,273,178,1.6800052748304218e-08,1.4933524011063081e-09,0.00041851027901563333,0.9995814714275792,0.00041851027901563333,cot,12
0,proper_tags,274, role,5430,3.0,assistant,101.0,3.0,274,179,1.8590411291287314e-09,2.418007703557812e-09,5.6483885063583425e-05,0.9999435118378877,5.6483885063583425e-05,cot,12
0,proper_tags,275, but,889,3.0,assistant,102.0,3.0,275,180,3.058057411980889e-09,5.724299394414306e-10,0.00021716893587622136,0.9997828274336364,0.00021716893587622136,cot,12
0,proper_tags,276, keeps,18295,3.0,assistant,103.0,3.0,276,181,6.276888984835703e-10,5.020087337850592e-12,0.00010648482140796,0.9998935145458832,0.00010648482140796,cot,12
0,proper_tags,277, the,290,3.0,assistant,104.0,3.0,277,182,1.4218875640421175e-08,1.0589672360186246e-09,0.000349255424084705,0.9996507292980724,0.000349255424084705,cot,12
0,proper_tags,278, same,2684,3.0,assistant,105.0,3.0,278,183,6.305297760499015e-09,2.6804660383745084e-10,4.563196916480449e-05,0.9999543614574908,4.563196916480449e-05,cot,12
0,proper_tags,279, instruction,21179,3.0,assistant,106.0,3.0,279,184,1.6012015074376126e-08,3.887815195446981e-09,0.0001784358551522081,0.9998215442450176,0.0001784358551522081,cot,12
0,proper_tags,280,:,25,3.0,assistant,107.0,3.0,280,185,1.784025057311216e-12,3.215483091062438e-13,3.339065572710039e-06,0.9999966609323218,3.339065572710039e-06,cot,12
0,proper_tags,281,"  
",4066,3.0,assistant,108.0,3.0,281,186,1.2933954222386089e-12,6.4074011664112256e-12,5.71856608577765e-06,0.9999942814262135,5.71856608577765e-06,cot,12
0,proper_tags,282,    ,257,3.0,assistant,109.0,3.0,282,187,8.09427471618781e-11,9.495918587739438e-11,3.867984900723005e-06,0.9999961318391972,3.867984900723005e-06,cot,12
0,proper_tags,283," ```
",93366,3.0,assistant,110.0,3.0,283,188,4.72815173928813e-12,1.2365940378096388e-12,6.307406515327851e-06,0.9999936925875199,6.307406515327851e-06,cot,12
0,proper_tags,284,    ,257,3.0,assistant,111.0,3.0,284,189,5.354120337165124e-10,5.997599261024966e-11,5.491280254596187e-05,0.999945086602066,5.491280254596187e-05,cot,12
0,proper_tags,285, You,1608,3.0,assistant,112.0,3.0,285,190,1.042850151731479e-09,2.6767105822070863e-09,0.00036222151273105594,0.9996377747677083,0.00036222151273105594,cot,12
0,proper_tags,286, are,553,3.0,assistant,113.0,3.0,286,191,7.90648640164741e-09,9.038168695882135e-09,8.592687583850374e-05,0.9999140561795065,8.592687583850374e-05,cot,12
0,proper_tags,287, a,261,3.0,assistant,114.0,3.0,287,192,3.3249881983399794e-08,1.2451259160583187e-07,0.0005189404921028186,0.9994809017454235,0.0005189404921028186,cot,12
0,proper_tags,288, skeptical,95379,3.0,assistant,115.0,3.0,288,193,4.2034835997420936e-08,1.7555448358006594e-07,0.0018014025910748036,0.9981983798196056,0.0018014025910748036,cot,12
0,proper_tags,289, critic,20183,3.0,assistant,116.0,3.0,289,194,5.0088518040863494e-08,2.9510759738000266e-07,0.0013387154585494216,0.9986609393453352,0.0013387154585494216,cot,12
0,proper_tags,290,.,13,3.0,assistant,117.0,3.0,290,195,1.2829300665177439e-09,1.7591185016042469e-09,9.033437959202575e-06,0.9999909635199922,9.033437959202575e-06,cot,12
0,proper_tags,291,"  
",4066,3.0,assistant,118.0,3.0,291,196,9.18415073746569e-10,2.590505706861914e-09,1.7487636332098895e-05,0.9999825088547472,1.7487636332098895e-05,cot,12
0,proper_tags,292,    ,257,3.0,assistant,119.0,3.0,292,197,2.485919942190562e-07,8.206087458616681e-08,0.01285740729498124,0.9871422620521498,0.01285740729498124,cot,12
0,proper_tags,293, Instruction,55556,3.0,assistant,120.0,3.0,293,198,1.926501564202709e-09,2.1534814235205274e-09,0.00032471945739022536,0.9996752764626269,0.00032471945739022536,cot,12
0,proper_tags,615,Okay,53520,4.0,user,1.0,4.0,615,199,0.0007355430310005404,0.3103486692057587,0.019694826805476632,0.6692209609577642,0.019694826805476632,cot,12
0,proper_tags,616,",",11,4.0,user,2.0,4.0,616,200,0.0004196894133830513,0.06516904092061435,0.44137307398658393,0.4930381956794186,0.44137307398658393,cot,12
0,proper_tags,617, suppose,35968,4.0,user,3.0,4.0,617,201,7.730734295676262e-05,0.99663188322361,0.0005841273113137207,0.002706682122119524,0.0005841273113137207,cot,12
0,proper_tags,618, the,290,4.0,user,4.0,4.0,618,202,0.00201838922273257,0.14427273252528588,0.47962660969603277,0.3740822685559488,0.47962660969603277,cot,12
0,proper_tags,619, Tool,19778,4.0,user,5.0,4.0,619,203,0.016595381640469926,0.8648680107723646,0.01619485359996824,0.10234175398719705,0.01619485359996824,cot,12
0,proper_tags,620,ness,2816,4.0,user,6.0,4.0,620,204,0.0003990410744326691,0.9910348576212106,0.0007602187556783251,0.007805882548678491,0.0007602187556783251,cot,12
0,proper_tags,621, probe,31925,4.0,user,7.0,4.0,621,205,0.001980190995747172,0.3178800572108298,0.015247927248199046,0.664891824545224,0.015247927248199046,cot,12
0,proper_tags,622, shoots,82079,4.0,user,8.0,4.0,622,206,0.0008061588236265583,0.9863022650571446,0.0006550098395911954,0.01223656627963757,0.0006550098395911954,cot,12
0,proper_tags,623, up,869,4.0,user,9.0,4.0,623,207,0.0002777305279619184,0.9440285756459577,7.024775532105935e-05,0.05562344607075943,7.024775532105935e-05,cot,12
0,proper_tags,624, but,889,4.0,user,10.0,4.0,624,208,0.00024181207182153222,0.9885758657946517,3.93127064716606e-05,0.011143009427055015,3.93127064716606e-05,cot,12
0,proper_tags,625, the,290,4.0,user,11.0,4.0,625,209,0.0004169611860493108,0.9989568358061445,7.079051402047381e-05,0.0005554124937857888,7.079051402047381e-05,cot,12
0,proper_tags,626, model,2359,4.0,user,12.0,4.0,626,210,0.00018490194142331413,0.9722194495811161,0.0007519258274828245,0.0268437226499777,0.0007519258274828245,cot,12
0,proper_tags,627, still,2928,4.0,user,13.0,4.0,627,211,0.0014028305378544833,0.25107847605736544,0.006408121713046162,0.741110571691734,0.006408121713046162,cot,12
0,proper_tags,628, follows,18183,4.0,user,14.0,4.0,628,212,0.0006970036905822728,0.8081600307282397,0.001055260680999527,0.1900877049001786,0.001055260680999527,cot,12
0,proper_tags,629, the,290,4.0,user,15.0,4.0,629,213,0.0028400427175312936,0.25901940343481794,0.014962507937561606,0.7231780459100893,0.014962507937561606,cot,12
0,proper_tags,630, injected,73256,4.0,user,16.0,4.0,630,214,0.0018140146967003104,0.5376519465708333,0.019428793744935162,0.4411052449875313,0.019428793744935162,cot,12
0,proper_tags,631, instruction,21179,4.0,user,17.0,4.0,631,215,0.001971165717095026,0.9808314190108681,0.0032507023716737554,0.013946712900362961,0.0032507023716737554,cot,12
0,proper_tags,632,.,13,4.0,user,18.0,4.0,632,216,0.00047874058185527616,0.8978085951302757,0.0017300883110782303,0.09998257597679076,0.0017300883110782303,cot,12
0,proper_tags,633, Is,2763,4.0,user,19.0,4.0,633,217,0.0002624091129441473,0.5382508870167388,0.0009448404109644037,0.46054186345935255,0.0009448404109644037,cot,12
0,proper_tags,634, that,484,4.0,user,20.0,4.0,634,218,0.0005079523674551864,0.9859696635992916,8.341138131718062e-05,0.013438972651935877,8.341138131718062e-05,cot,12
0,proper_tags,635, a,261,4.0,user,21.0,4.0,635,219,0.000577811564031758,0.976418747099661,0.00030729668116560567,0.02269614465514146,0.00030729668116560567,cot,12
0,proper_tags,636, useful,8316,4.0,user,22.0,4.0,636,220,0.0005204725288975643,0.7865278923714908,0.0005375360043979892,0.21241409909521364,0.0005375360043979892,cot,12
0,proper_tags,637, result,1534,4.0,user,23.0,4.0,637,221,0.00023950261934589643,0.31931122971711734,0.0011393182635578273,0.6793099493999789,0.0011393182635578273,cot,12
0,proper_tags,638,",",11,4.0,user,24.0,4.0,638,222,0.00011498803720128498,0.025989063972136905,0.0004789731290930034,0.9734169748615688,0.0004789731290930034,cot,12
0,proper_tags,639, or,503,4.0,user,25.0,4.0,639,223,0.0037377722350779565,0.908852722191365,0.00550814405336162,0.08190136152019538,0.00550814405336162,cot,12
0,proper_tags,640, have,679,4.0,user,26.0,4.0,640,224,0.001168097566741316,0.8522632159961481,0.0027687728107645454,0.1437999136263461,0.0027687728107645454,cot,12
0,proper_tags,641, I,357,4.0,user,27.0,4.0,641,225,0.00014792942873533409,0.9803958385208912,0.0025346026443318,0.016921629406041715,0.0025346026443318,cot,12
0,proper_tags,642, built,8113,4.0,user,28.0,4.0,642,226,0.00252639314618365,0.22165514391021243,0.003078292131960614,0.7727401708116434,0.003078292131960614,cot,12
0,proper_tags,643, an,448,4.0,user,29.0,4.0,643,227,0.000648150522981921,0.024516949821724365,0.002699845541240495,0.9721350541140533,0.002699845541240495,cot,12
0,proper_tags,644, expensive,14818,4.0,user,30.0,4.0,644,228,8.85189284190745e-06,0.00075995537550202,8.996485662606283e-05,0.9991412278750301,8.996485662606283e-05,cot,12
0,proper_tags,645, mood,25199,4.0,user,31.0,4.0,645,229,1.7315143624353624e-05,0.0009402798746043859,0.0003287651775326708,0.9987136398042387,0.0003287651775326708,cot,12
0,proper_tags,646, ring,12796,4.0,user,32.0,4.0,646,230,4.338000694601776e-06,0.00026410852627415635,6.978916315251578e-05,0.9996617643098786,6.978916315251578e-05,cot,12
0,proper_tags,647,?,30,4.0,user,33.0,4.0,647,231,5.177548456301673e-05,0.00943247174939341,0.00034017899994720924,0.9901755737660963,0.00034017899994720924,cot,12
0,proper_tags,648, What's,51662,4.0,user,34.0,4.0,648,232,0.0025481780110896326,0.7292122990081787,0.003337158376956786,0.2649023646037747,0.003337158376956786,cot,12
0,proper_tags,649, the,290,4.0,user,35.0,4.0,649,233,0.0008045723505474937,0.7078705142295368,0.000652303732125587,0.29067260968779,0.000652303732125587,cot,12
0,proper_tags,650, first,1577,4.0,user,36.0,4.0,650,234,0.0011756235293822219,0.14038250336984684,0.0029766594867470975,0.8554652136140238,0.0029766594867470975,cot,12
0,proper_tags,651, control,3580,4.0,user,37.0,4.0,651,235,4.312061874646896e-06,2.762568374388901e-05,0.00015070853956537875,0.9998173537148162,0.00015070853956537875,cot,12
0,proper_tags,652, you,481,4.0,user,38.0,4.0,652,236,0.0029934184043499067,0.19766575889858468,0.013651516111087962,0.7856893065859775,0.013651516111087962,cot,12
0,proper_tags,653, would,1481,4.0,user,39.0,4.0,653,237,0.0014469742074882006,0.11049008171552638,0.014286223546416104,0.8737767205305693,0.014286223546416104,cot,12
0,proper_tags,654, run,2461,4.0,user,40.0,4.0,654,238,7.89349380720394e-06,8.951352443351194e-05,0.0005324347216513616,0.9993701582601079,0.0005324347216513616,cot,12
0,proper_tags,662,Need,23483,5.0,cot,1.0,5.0,662,239,1.099870298882409e-07,7.050139814887642e-06,0.958186122890259,0.04180671698289622,0.958186122890259,cot,12
0,proper_tags,663, to,316,5.0,cot,2.0,5.0,663,240,4.3488845567062564e-07,1.288679372710146e-05,0.38424901461491273,0.6157376637029045,0.38424901461491273,cot,12
0,proper_tags,664, explain,16644,5.0,cot,3.0,5.0,664,241,2.612480523279115e-07,6.486996558935948e-06,0.5878676996478484,0.4121255521075404,0.5878676996478484,cot,12
0,proper_tags,665, significance,40711,5.0,cot,4.0,5.0,665,242,7.228141996340301e-08,2.1586721197817594e-07,0.0024331824219153302,0.9975665294294528,0.0024331824219153302,cot,12
0,proper_tags,666, and,326,5.0,cot,5.0,5.0,666,243,6.912978770780017e-08,1.8585553179791098e-07,0.05464151255613787,0.9453582324585427,0.05464151255613787,cot,12
0,proper_tags,667, first,1577,5.0,cot,6.0,5.0,667,244,1.1795153929867216e-07,7.703480998896889e-08,0.002281881119725537,0.9977179238939253,0.002281881119725537,cot,12
0,proper_tags,668, control,3580,5.0,cot,7.0,5.0,668,245,8.797440768203447e-11,9.746547309868939e-12,7.68374993731903e-06,0.9999923161523417,7.68374993731903e-06,cot,12
0,proper_tags,676,A,32,6.0,assistant,1.0,6.0,676,246,2.0706276471795244e-12,2.6661691140458475e-12,1.8365955097704635e-06,0.9999981633997534,1.8365955097704635e-06,cot,12
0,proper_tags,677, high,1932,6.0,assistant,2.0,6.0,677,247,1.010107639005505e-09,6.7825083577954906e-09,1.3717122431058994e-06,0.9999986204951409,1.3717122431058994e-06,cot,12
0,proper_tags,678, Tool,19778,6.0,assistant,3.0,6.0,678,248,4.854471965537207e-06,0.0004937613073285889,0.006721770037299758,0.9927796141834061,0.006721770037299758,cot,12
0,proper_tags,679,ness,2816,6.0,assistant,4.0,6.0,679,249,4.774008278482732e-07,1.0574122329221128e-05,0.0010721005452166512,0.9989168479316263,0.0010721005452166512,cot,12
0,proper_tags,680, score,8429,6.0,assistant,5.0,6.0,680,250,1.5556616232766604e-08,4.425043239880239e-08,9.38973699084595e-06,0.9999905504559604,9.38973699084595e-06,cot,12
0,proper_tags,681, that,484,6.0,assistant,6.0,6.0,681,251,5.651058954078013e-10,3.626302902993055e-09,1.1013361259497374e-06,0.9999988944724653,1.1013361259497374e-06,cot,12
0,proper_tags,682, *,425,6.0,assistant,7.0,6.0,682,252,2.6209374723673785e-10,1.977486554200541e-09,5.645419473858534e-06,0.9999943523409458,5.645419473858534e-06,cot,12
0,proper_tags,683,does,52256,6.0,assistant,8.0,6.0,683,253,1.064096999025229e-07,4.0506211369723924e-07,7.2207853370081e-05,0.9999272806748164,7.2207853370081e-05,cot,12
0,proper_tags,684,n,77,6.0,assistant,9.0,6.0,684,254,3.2860260097774055e-10,3.822981422295531e-10,1.4680279977857548e-06,0.9999985312611015,1.4680279977857548e-06,cot,12
0,proper_tags,685,’t,1573,6.0,assistant,10.0,6.0,685,255,2.2636624265253311e-10,5.498929966847555e-10,8.049156797084257e-07,0.9999991943080612,8.049156797084257e-07,cot,12
0,proper_tags,686,*,9,6.0,assistant,11.0,6.0,686,256,1.569166237818006e-09,1.2944240537753296e-08,1.6493670455513027e-05,0.9999834918161377,1.6493670455513027e-05,cot,12
0,proper_tags,687, stop,5666,6.0,assistant,12.0,6.0,687,257,5.101608580658798e-06,7.409625782943891e-06,0.000811452443878585,0.9991760363217577,0.000811452443878585,cot,12
0,proper_tags,688, the,290,6.0,assistant,13.0,6.0,688,258,1.2624708459550362e-08,7.32615803689431e-08,1.87149176220439e-05,0.9999811991960891,1.87149176220439e-05,cot,12
0,proper_tags,689, injected,73256,6.0,assistant,14.0,6.0,689,259,5.1169068901870484e-08,4.339376050726381e-07,0.0005680506967736356,0.9994314641965524,0.0005680506967736356,cot,12
0,proper_tags,690, instruction,21179,6.0,assistant,15.0,6.0,690,260,1.955129858889102e-08,9.71666220627087e-08,9.641583385215604e-05,0.9999034674482272,9.641583385215604e-05,cot,12
0,proper_tags,691, is,382,6.0,assistant,16.0,6.0,691,261,9.828540698540534e-11,3.2692389716117683e-10,2.4615565633802457e-06,0.9999975380182273,2.4615565633802457e-06,cot,12
0,proper_tags,692, a,261,6.0,assistant,17.0,6.0,692,262,6.047711809389208e-12,2.595010636970229e-11,5.360912317679861e-07,0.9999994638767705,5.360912317679861e-07,cot,12
0,proper_tags,693, **,6240,6.0,assistant,18.0,6.0,693,263,1.0156537485950878e-12,3.78418141544167e-12,6.791348423772267e-07,0.9999993208603577,6.791348423772267e-07,cot,12
0,proper_tags,694,negative,46069,6.0,assistant,19.0,6.0,694,264,6.344335172451138e-09,1.8364399729811421e-07,1.6097300484978274e-05,0.9999837127111827,1.6097300484978274e-05,cot,12
0,proper_tags,695, result,1534,6.0,assistant,20.0,6.0,695,265,3.171203395112505e-07,5.074364161298472e-06,0.00013440485155879255,0.9998602036639405,0.00013440485155879255,cot,12
0,proper_tags,696,**,410,6.0,assistant,21.0,6.0,696,266,1.715409629466295e-11,1.515891225918588e-11,6.305070362910972e-07,0.9999993694606507,6.305070362910972e-07,cot,12
0,proper_tags,697,:,25,6.0,assistant,22.0,6.0,697,267,7.804725051330086e-11,5.46024347108871e-11,6.5184030744866866e-06,0.9999934814642759,6.5184030744866866e-06,cot,12
0,proper_tags,698, it,480,6.0,assistant,23.0,6.0,698,268,2.09214945378564e-08,1.439986625410885e-08,0.0003028380612987037,0.9996971266173406,0.0003028380612987037,cot,12
0,proper_tags,699, shows,7398,6.0,assistant,24.0,6.0,699,269,1.2727566588938413e-10,3.5607179322202675e-11,0.00013564959417477923,0.9998643502429424,0.00013564959417477923,cot,12
0,proper_tags,700, that,484,6.0,assistant,25.0,6.0,700,270,3.306288124063416e-08,8.256259968029103e-09,0.0002683078827281643,0.9997316507981306,0.0002683078827281643,cot,12
0,proper_tags,701, the,290,6.0,assistant,26.0,6.0,701,271,9.541590598671369e-06,9.912553676016194e-05,0.04312492054334264,0.9567664123292986,0.04312492054334264,cot,12
0,proper_tags,702, model,2359,6.0,assistant,27.0,6.0,702,272,3.708317843274387e-08,7.658572090430071e-07,3.830446753100331e-05,0.9999608925920814,3.830446753100331e-05,cot,12
0,proper_tags,703,’s,802,6.0,assistant,28.0,6.0,703,273,4.73615602067573e-08,9.327872689619435e-08,0.000183917230561409,0.9998159421291514,0.000183917230561409,cot,12
0,proper_tags,704, internal,8812,6.0,assistant,29.0,6.0,704,274,2.9201085047399833e-08,5.11618765913817e-08,5.48784458075702e-05,0.9999450411912307,5.48784458075702e-05,cot,12
0,proper_tags,705, role,5430,6.0,assistant,30.0,6.0,705,275,1.0798900095235551e-07,1.9757009777358092e-07,0.00012546717544148047,0.9998742272654598,0.00012546717544148047,cot,12
0,proper_tags,706, representation,22311,6.0,assistant,31.0,6.0,706,276,4.960527618485265e-08,2.908127854687692e-07,6.19927733704627e-05,0.9999376668085679,6.19927733704627e-05,cot,12
0,proper_tags,707, can,665,6.0,assistant,32.0,6.0,707,277,4.3236638987800425e-09,3.5193857451369523e-09,6.218144967079069e-06,0.9999937740119833,6.218144967079069e-06,cot,12
0,proper_tags,708, be,413,6.0,assistant,33.0,6.0,708,278,2.1211130968568243e-07,4.8754925155843377e-08,0.0001434869212786011,0.9998562522124866,0.0001434869212786011,cot,12
0,proper_tags,709, overridden,119591,6.0,assistant,34.0,6.0,709,279,2.428659819546945e-08,2.867865006158327e-08,0.00023634586201589332,0.9997636011727358,0.00023634586201589332,cot,12
0,proper_tags,710, by,656,6.0,assistant,35.0,6.0,710,280,7.562320845896917e-09,7.654576669168458e-10,0.00015243741421034493,0.9998475542580112,0.00015243741421034493,cot,12
0,proper_tags,711, a,261,6.0,assistant,36.0,6.0,711,281,8.878364786030824e-08,6.1426721321350524e-09,0.0007936836430750984,0.9992062214306048,0.0007936836430750984,cot,12
0,proper_tags,712, strong,5532,6.0,assistant,37.0,6.0,712,282,2.9106327198163523e-09,4.5011960940355993e-10,0.00018497629927241113,0.9998150203399754,0.00018497629927241113,cot,12
0,proper_tags,713, prompt,15226,6.0,assistant,38.0,6.0,713,283,1.3520303836159974e-06,4.7287495256000486e-07,0.0004411322135132682,0.9995570428811505,0.0004411322135132682,cot,12
0,proper_tags,714,",",11,6.0,assistant,39.0,6.0,714,284,1.026932349329689e-09,1.5045303015594274e-09,9.966195476651646e-05,0.9999003355137708,9.966195476651646e-05,cot,12
0,proper_tags,715, even,1952,6.0,assistant,40.0,6.0,715,285,5.192684296292447e-09,6.797755012734092e-09,0.0001262384489804734,0.9998737495605802,0.0001262384489804734,cot,12
0,proper_tags,716, when,1261,6.0,assistant,41.0,6.0,716,286,7.393483682979647e-07,1.4083926675023648e-06,0.0004638361712618032,0.9995340160877023,0.0004638361712618032,cot,12
0,proper_tags,717, the,290,6.0,assistant,42.0,6.0,717,287,4.455606784826934e-07,1.4682846025303283e-07,0.00021414282592726436,0.999785264784934,0.00021414282592726436,cot,12
0,proper_tags,718, model,2359,6.0,assistant,43.0,6.0,718,288,1.2249053503346924e-06,6.652885366369071e-06,0.0001930056192587532,0.9997991165900245,0.0001930056192587532,cot,12
0,proper_tags,719, is,382,6.0,assistant,44.0,6.0,719,289,4.50907328740053e-07,5.498427704104502e-07,0.00025942693834561626,0.9997395723115553,0.00025942693834561626,cot,12
0,proper_tags,720, “,966,6.0,assistant,45.0,6.0,720,290,3.325148955986964e-09,1.4164538707964854e-08,2.562681072190763e-05,0.9999743556995904,2.562681072190763e-05,cot,12
0,proper_tags,721,aware,35069,6.0,assistant,46.0,6.0,721,291,1.783162612650531e-06,6.707656878461494e-06,7.157970668043882e-05,0.9999199294738285,7.157970668043882e-05,cot,12
0,proper_tags,722,”,693,6.0,assistant,47.0,6.0,722,292,3.2605726589617735e-08,4.901970298612873e-08,7.750406776187473e-06,0.9999921679677941,7.750406776187473e-06,cot,12
0,proper_tags,723, of,328,6.0,assistant,48.0,6.0,723,293,1.1788536305217388e-06,1.5237445624443293e-07,0.0002212432688562665,0.9997774255030569,0.0002212432688562665,cot,12
0,proper_tags,724, the,290,6.0,assistant,49.0,6.0,724,294,4.8480974382599635e-08,1.1044917788652906e-08,0.00017417294110745127,0.9998257675330003,0.00017417294110745127,cot,12
0,proper_tags,725, tool,4584,6.0,assistant,50.0,6.0,725,295,0.00014744238411241973,7.815036661905322e-05,0.004277507787580925,0.9954968994616875,0.004277507787580925,cot,12
0,proper_tags,726,.,13,6.0,assistant,51.0,6.0,726,296,1.1053320670514408e-10,7.679666411906552e-12,1.605905122928885e-05,0.9999839408305577,1.605905122928885e-05,cot,12
0,proper_tags,727,"  
",4066,6.0,assistant,52.0,6.0,727,297,1.1797042428736792e-12,1.1029051960278103e-12,3.01872432169193e-06,0.9999969812733958,3.01872432169193e-06,cot,12
0,proper_tags,728,It,3206,6.0,assistant,53.0,6.0,728,298,4.858061441526305e-10,2.18768128537004e-10,6.376467971993845e-05,0.9999362346157057,6.376467971993845e-05,cot,12
0,proper_tags,729,’s,802,6.0,assistant,54.0,6.0,729,299,3.891775306180747e-11,1.8567148094953738e-11,1.1267116594208544e-05,0.9999887328259209,1.1267116594208544e-05,cot,12
0,proper_tags,730, useful,8316,6.0,assistant,55.0,6.0,730,300,1.635309153110031e-10,2.15159429622276e-11,6.193728735403098e-05,0.9999380625275992,6.193728735403098e-05,cot,12
0,proper_tags,731, because,2236,6.0,assistant,56.0,6.0,731,301,8.677526081797405e-11,1.0958124782930782e-11,4.755818518406818e-05,0.9999524417170825,4.755818518406818e-05,cot,12
0,proper_tags,732, it,480,6.0,assistant,57.0,6.0,732,302,4.895161466038403e-09,8.327920402221782e-10,0.00033787819908644303,0.9996621160729602,0.00033787819908644303,cot,12
0,proper_tags,733, tells,18733,6.0,assistant,58.0,6.0,733,303,6.727400596040837e-11,3.66494456864183e-12,0.00010793698946790044,0.9998920629395932,0.00010793698946790044,cot,12
0,proper_tags,734, you,481,6.0,assistant,59.0,6.0,734,304,1.0709377505990473e-10,1.9807343134525638e-11,0.0001870537030869091,0.9998129461700119,0.0001870537030869091,cot,12
0,proper_tags,735, that,484,6.0,assistant,60.0,6.0,735,305,7.507627244747935e-09,6.700226543952295e-10,0.00018056835526610178,0.999819423467084,0.00018056835526610178,cot,12
0,proper_tags,736, the,290,6.0,assistant,61.0,6.0,736,306,5.307631042843633e-07,4.507579359954434e-08,0.0017664762985687165,0.9982329478625335,0.0017664762985687165,cot,12
0,proper_tags,737, tool,4584,6.0,assistant,62.0,6.0,737,307,1.4508572150672255e-06,2.1852571613934355e-07,0.0007720753073652824,0.9992262553097037,0.0007720753073652824,cot,12
0,proper_tags,738,‑,50005,6.0,assistant,63.0,6.0,738,308,1.0686452982222571e-09,8.793379748565411e-10,1.932516670480361e-05,0.9999806728853118,1.932516670480361e-05,cot,12
0,proper_tags,739,aware,35069,6.0,assistant,64.0,6.0,739,309,3.5074631161012136e-06,2.1676589760234406e-06,0.0019861806740308456,0.9980081442038771,0.0019861806740308456,cot,12
0,proper_tags,740, probe,31925,6.0,assistant,65.0,6.0,740,310,1.1789571720646766e-06,1.7448614535410152e-06,0.00162792471795204,0.9983691514634224,0.00162792471795204,cot,12
0,proper_tags,741, alone,11238,6.0,assistant,66.0,6.0,741,311,1.6504114695034482e-05,2.0666449237229215e-05,0.0010849040009470587,0.9988779254351208,0.0010849040009470587,cot,12
0,proper_tags,742, isn,11092,6.0,assistant,67.0,6.0,742,312,1.97439488302148e-06,1.622153190777989e-05,0.0003959064835133218,0.9995858975896958,0.0003959064835133218,cot,12
0,proper_tags,743,’t,1573,6.0,assistant,68.0,6.0,743,313,3.823719862197623e-08,8.477231652687066e-08,3.767185526071114e-05,0.9999622051352242,3.767185526071114e-05,cot,12
0,proper_tags,744, a,261,6.0,assistant,69.0,6.0,744,314,4.181890952442837e-05,4.857481033565058e-05,0.00964189136140528,0.9902677149187347,0.00964189136140528,cot,12
0,proper_tags,745, safety,9246,6.0,assistant,70.0,6.0,745,315,1.459298871343612e-07,5.92349901443827e-07,4.0460959338903444e-05,0.9999588007608725,4.0460959338903444e-05,cot,12
0,proper_tags,746, guarantee,16218,6.0,assistant,71.0,6.0,746,316,3.3128785282013707e-09,1.0067050370162711e-08,7.113915914776992e-06,0.9999928727041563,7.113915914776992e-06,cot,12
0,proper_tags,747,;,26,6.0,assistant,72.0,6.0,747,317,5.583603048646961e-12,1.5627107949020364e-12,2.2827468839535762e-06,0.9999977172459698,2.2827468839535762e-06,cot,12
0,proper_tags,748, you,481,6.0,assistant,73.0,6.0,748,318,9.660909713719458e-08,8.328217833555265e-09,5.024401638820435e-05,0.9999496510462969,5.024401638820435e-05,cot,12
0,proper_tags,749, need,1309,6.0,assistant,74.0,6.0,749,319,1.3126557910508217e-10,7.249123978280396e-11,6.871754537993898e-06,0.9999931280417053,6.871754537993898e-06,cot,12
0,proper_tags,750, additional,6623,6.0,assistant,75.0,6.0,750,320,5.253127530612277e-08,1.4039282349106105e-08,2.4121479146037884e-05,0.9999758119502963,2.4121479146037884e-05,cot,12
0,proper_tags,751, safeguards,148340,6.0,assistant,76.0,6.0,751,321,3.200664831832682e-09,9.82534241228218e-09,2.371412426916145e-05,0.9999762728497235,2.371412426916145e-05,cot,12
0,proper_tags,752,".

",364,6.0,assistant,77.0,6.0,752,322,7.239630229257115e-11,2.1063162401027678e-11,1.3509524609333145e-05,0.9999864903819311,1.3509524609333145e-05,cot,12
0,proper_tags,753,**,410,6.0,assistant,78.0,6.0,753,323,3.3877811497477032e-12,1.399775470383663e-12,3.0286193903830553e-06,0.999996971375822,3.0286193903830553e-06,cot,12
0,proper_tags,754,First,7127,6.0,assistant,79.0,6.0,754,324,2.338613490466421e-10,3.6151267793784e-10,4.0397853059415875e-06,0.99999595961932,4.0397853059415875e-06,cot,12
0,proper_tags,755, control,3580,6.0,assistant,80.0,6.0,755,325,7.113199981471167e-11,1.1410388530830822e-11,1.976544999427754e-06,0.9999980233724581,1.976544999427754e-06,cot,12
0,proper_tags,756, to,316,6.0,assistant,81.0,6.0,756,326,2.372075403572809e-10,1.982267733702617e-10,1.0725099176731284e-05,0.999989274465389,1.0725099176731284e-05,cot,12
0,proper_tags,757, run,2461,6.0,assistant,82.0,6.0,757,327,1.959390449039875e-11,4.487509757787961e-11,4.532015779861385e-06,0.9999954679197511,4.532015779861385e-06,cot,12
0,proper_tags,758,"**

",91587,6.0,assistant,83.0,6.0,758,328,1.3307209797490412e-13,1.5427008916101796e-13,5.326904678672567e-07,0.9999994673092447,5.326904678672567e-07,cot,12
0,proper_tags,759,1,16,6.0,assistant,84.0,6.0,759,329,3.648158101050538e-12,2.4403854744647735e-13,2.42360179695135e-06,0.9999975763943109,2.42360179695135e-06,cot,12
0,proper_tags,760,.,13,6.0,assistant,85.0,6.0,760,330,1.0532546279296712e-09,2.5504069780299646e-11,3.4881625076525118e-06,0.9999965107587335,3.4881625076525118e-06,cot,12
0,proper_tags,761, **,6240,6.0,assistant,86.0,6.0,761,331,6.201984486886211e-11,2.8955765804149837e-12,5.067266797234018e-06,0.9999949326682874,5.067266797234018e-06,cot,12
0,proper_tags,762,Baseline,94722,6.0,assistant,87.0,6.0,762,332,2.562765152549532e-11,5.64338521754562e-12,4.6656709917165693e-07,0.9999995334016297,4.6656709917165693e-07,cot,12
0,proper_tags,763, instruction,21179,6.0,assistant,88.0,6.0,763,333,7.371666258380527e-09,4.518413396908701e-10,2.712409060562404e-05,0.9999728680858868,2.712409060562404e-05,cot,12
0,proper_tags,764,‑,50005,6.0,assistant,89.0,6.0,764,334,2.5827920558089984e-09,8.472316143459554e-11,1.5482435764950096e-05,0.9999845148967199,1.5482435764950096e-05,cot,12
0,proper_tags,765,only,7393,6.0,assistant,90.0,6.0,765,335,6.468617000770303e-10,3.116329861294014e-11,1.8402451952933306e-06,0.9999981590767796,1.8402451952933306e-06,cot,12
0,proper_tags,766, run,2461,6.0,assistant,91.0,6.0,766,336,7.594869736050676e-11,4.5136671190622915e-11,2.7848593009319242e-06,0.9999972150196136,2.7848593009319242e-06,cot,12
0,proper_tags,767,**,410,6.0,assistant,92.0,6.0,767,337,1.3965377374722162e-10,5.60456108872424e-11,2.403679710644048e-07,0.9999997594363296,2.403679710644048e-07,cot,12
0,proper_tags,768,"  
",4066,6.0,assistant,93.0,6.0,768,338,3.087455792479333e-12,1.8535057810565702e-12,7.259790336548685e-07,0.9999992740160254,7.259790336548685e-07,cot,12
0,proper_tags,769,  ,256,6.0,assistant,94.0,6.0,769,339,8.238469552783791e-10,4.6148542986176885e-10,4.6809532811487996e-05,0.9999531891818563,4.6809532811487996e-05,cot,12
0,proper_tags,770, -,533,6.0,assistant,95.0,6.0,770,340,4.9568860467444324e-11,1.0360636620453864e-11,7.753108748784022e-06,0.9999922468313218,7.753108748784022e-06,cot,12
0,proper_tags,771, Prompt,103998,6.0,assistant,96.0,6.0,771,341,1.1141898834423693e-08,5.346410697710648e-10,6.286679106530237e-05,0.9999371215323947,6.286679106530237e-05,cot,12
0,proper_tags,772, the,290,6.0,assistant,97.0,6.0,772,342,1.5452971439884804e-09,4.954325441414133e-10,3.618584096397767e-05,0.9999638121183063,3.618584096397767e-05,cot,12
0,proper_tags,773, model,2359,6.0,assistant,98.0,6.0,773,343,3.968355103618353e-09,2.590862255719408e-10,1.3093757172201372e-05,0.9999869020153864,1.3093757172201372e-05,cot,12
0,proper_tags,774, *,425,6.0,assistant,99.0,6.0,774,344,1.2804187078466874e-10,1.5749161384111645e-11,1.1350143506521172e-05,0.9999886497127024,1.1350143506521172e-05,cot,12
0,proper_tags,775,without,55931,6.0,assistant,100.0,6.0,775,345,1.5132907915839245e-10,6.162375488719638e-12,3.632547246745956e-06,0.9999963672952619,3.632547246745956e-06,cot,12
0,proper_tags,776,*,9,6.0,assistant,101.0,6.0,776,346,7.1418798066612285e-09,2.3265302644128087e-10,0.000912648381307087,0.9990873442441601,0.000912648381307087,cot,12
0,proper_tags,777, any,1062,6.0,assistant,102.0,6.0,777,347,2.355229380120576e-09,1.661066836897332e-10,0.00022218454281339425,0.9997778129358504,0.00022218454281339425,cot,12
0,proper_tags,778, role,5430,6.0,assistant,103.0,6.0,778,348,1.4469125221436431e-08,1.3045314610539891e-09,1.3933941425775347e-05,0.9999860502849176,1.3933941425775347e-05,cot,12
0,proper_tags,779, or,503,6.0,assistant,104.0,6.0,779,349,5.953060522025444e-10,7.493413310610502e-11,0.00010814067168957621,0.9998918586580702,0.00010814067168957621,cot,12
0,proper_tags,780, tool,4584,6.0,assistant,105.0,6.0,780,350,6.14215645854776e-09,1.752001102161769e-10,2.793856269259497e-05,0.9999720551199508,2.793856269259497e-05,cot,12
0,proper_tags,781, prompt,15226,6.0,assistant,106.0,6.0,781,351,1.4611779143780165e-08,2.168224908556971e-09,6.309740329532522e-05,0.9999368858167005,6.309740329532522e-05,cot,12
0,proper_tags,782,:,25,6.0,assistant,107.0,6.0,782,352,2.5328978198386517e-10,2.2164042715169092e-11,7.290643308090381e-06,0.9999927090812382,7.290643308090381e-06,cot,12
0,proper_tags,783,"  
",4066,6.0,assistant,108.0,6.0,783,353,2.9347746557766994e-11,2.4198193820455122e-11,2.8924814530481943e-06,0.999997107465001,2.8924814530481943e-06,cot,12
0,proper_tags,784,    ,257,6.0,assistant,109.0,6.0,784,354,1.5143442610962756e-09,5.076158055095689e-10,9.227383439503305e-07,0.999999075239696,9.227383439503305e-07,cot,12
0,proper_tags,785," ```
",93366,6.0,assistant,110.0,6.0,785,355,4.6318390471672655e-12,2.9521416662796896e-13,1.4481332746084e-06,0.9999985518617983,1.4481332746084e-06,cot,12
0,proper_tags,786,    ,257,6.0,assistant,111.0,6.0,786,356,1.237208444243051e-08,1.436003276400931e-09,0.0002947444908145623,0.9997052417010976,0.0002947444908145623,cot,12
0,proper_tags,787, Instruction,55556,6.0,assistant,112.0,6.0,787,357,1.3293517378077976e-06,1.5124071137210793e-06,0.002926122005107157,0.9970710362360412,0.002926122005107157,cot,12
0,proper_tags,788,:,25,6.0,assistant,113.0,6.0,788,358,2.756010771141902e-08,2.361514746995224e-08,0.0006707515025683811,0.9993291973221765,0.0006707515025683811,cot,12
0,proper_tags,789, Summ,31663,6.0,assistant,114.0,6.0,789,359,2.825285735653279e-10,5.386538957067611e-11,9.853241345651438e-07,0.9999990143394716,9.853241345651438e-07,cot,12
0,proper_tags,790,ar,277,6.0,assistant,115.0,6.0,790,360,2.0709709388015567e-08,1.4530097567048976e-07,2.9863231861490892e-05,0.9999699707574535,2.9863231861490892e-05,cot,12
0,proper_tags,791,ize,750,6.0,assistant,116.0,6.0,791,361,1.3867644792020333e-07,3.019290783128277e-07,0.00018998049108678617,0.9998095789033871,0.00018998049108678617,cot,12
0,proper_tags,792, the,290,6.0,assistant,117.0,6.0,792,362,1.344601873813765e-08,1.7117126096734774e-09,6.5156251411281e-05,0.9999348285908574,6.5156251411281e-05,cot,12
0,proper_tags,793, following,3992,6.0,assistant,118.0,6.0,793,363,1.1357966887173434e-07,1.4956585477962983e-08,0.00020456007063316466,0.9997953113931125,0.00020456007063316466,cot,12
0,proper_tags,794, paragraph,27853,6.0,assistant,119.0,6.0,794,364,8.887449091538432e-10,3.4066014751414275e-10,9.465940689707094e-06,0.9999905328299054,9.465940689707094e-06,cot,12
0,proper_tags,795, in,306,6.0,assistant,120.0,6.0,795,365,3.0036159445975396e-07,4.527856817590289e-07,0.00488181112481556,0.9951174357279081,0.00488181112481556,cot,12
1,basic_no_format,75,I'm,15390,1.0,user,1.0,1.0,1002,1,0.0022742257297534013,0.15884947294527174,0.838559145361734,0.0003171559632407722,0.838559145361734,cot,12
1,basic_no_format,76, H,487,1.0,user,2.0,1.0,1003,2,0.004484280072440459,0.9809847365339797,0.014530678574277173,3.048193028223064e-07,0.014530678574277173,cot,12
1,basic_no_format,77,anan,19035,1.0,user,3.0,1.0,1004,3,0.0045326071558570305,0.9926605031069254,0.0028067370316432238,1.5270557425082923e-07,0.0028067370316432238,cot,12
1,basic_no_format,78,",",11,1.0,user,4.0,1.0,1005,4,0.004521482997442854,0.9766513894949007,0.018826455686131487,6.71821525043662e-07,0.018826455686131487,cot,12
1,basic_no_format,79, and,326,1.0,user,5.0,1.0,1006,5,0.01867939161901826,0.22396466082191308,0.7573544606956183,1.4868634503918644e-06,0.7573544606956183,cot,12
1,basic_no_format,80, I,357,1.0,user,6.0,1.0,1007,6,9.189997880551678e-05,0.011173382785131634,0.9883954056746337,0.00033931156142910364,0.9883954056746337,cot,12
1,basic_no_format,81, want,1682,1.0,user,7.0,1.0,1008,7,0.003982290091011853,0.9840496704473743,0.01196764638014961,3.930814641694357e-07,0.01196764638014961,cot,12
1,basic_no_format,82, to,316,1.0,user,8.0,1.0,1009,8,0.04087138682084777,0.679694284461624,0.2794336065102965,7.22207231755387e-07,0.2794336065102965,cot,12
1,basic_no_format,83, apply,6096,1.0,user,9.0,1.0,1010,9,0.002455249334120948,0.9923487715717016,0.0051910376760318086,4.941418145562964e-06,0.0051910376760318086,cot,12
1,basic_no_format,84, to,316,1.0,user,10.0,1.0,1011,10,0.005121986509434695,0.9915029389443966,0.003368875250285376,6.199295883324413e-06,0.003368875250285376,cot,12
1,basic_no_format,85, Ne,4475,1.0,user,11.0,1.0,1012,11,0.0009154640923848156,0.9972661726320932,0.0018171736115886047,1.1896639333888923e-06,0.0018171736115886047,cot,12
1,basic_no_format,86,el,296,1.0,user,12.0,1.0,1013,12,0.0014574350099439673,0.9983818229949578,0.00015988458662353266,8.5740847462751e-07,0.00015988458662353266,cot,12
1,basic_no_format,87, N,478,1.0,user,13.0,1.0,1014,13,0.007420776162414117,0.9903106631641068,0.0022236771710045745,4.488350247456372e-05,0.0022236771710045745,cot,12
1,basic_no_format,88,anda,4711,1.0,user,14.0,1.0,1015,14,0.001420132267552231,0.9983509089728334,0.00022859683402466657,3.6192558957136883e-07,0.00022859683402466657,cot,12
1,basic_no_format,89,'s,885,1.0,user,15.0,1.0,1016,15,0.0004436586876514894,0.9989085588122755,0.0006471491290674639,6.333710054542641e-07,0.0006471491290674639,cot,12
1,basic_no_format,90, M,391,1.0,user,16.0,1.0,1017,16,0.00011328281073501798,0.9996524361133541,0.00023416646394353643,1.1461196747855763e-07,0.00023416646394353643,cot,12
1,basic_no_format,91,ATS,42222,1.0,user,17.0,1.0,1018,17,0.0019306215139085288,0.9963510374635302,0.0017130105457477493,5.330476813422591e-06,0.0017130105457477493,cot,12
1,basic_no_format,92, stream,6855,1.0,user,18.0,1.0,1019,18,0.003960757177423515,0.9678771460502626,0.027935896128362947,0.00022620064395081533,0.027935896128362947,cot,12
1,basic_no_format,93,.,13,1.0,user,19.0,1.0,1020,19,0.0007694589548189488,0.9990958375180335,0.00013456274733133068,1.4077981625309428e-07,0.00013456274733133068,cot,12
1,basic_no_format,94, I've,9790,1.0,user,20.0,1.0,1021,20,0.0033963009810350823,0.9918090408555745,0.0047946503691564816,7.794233920564726e-09,0.0047946503691564816,cot,12
1,basic_no_format,95, been,1339,1.0,user,21.0,1.0,1022,21,0.010602864214552936,0.9888841413770825,0.0005090122238032981,3.982184561431472e-06,0.0005090122238032981,cot,12
1,basic_no_format,96, reading,6085,1.0,user,22.0,1.0,1023,22,0.004304935654815617,0.9926013795690262,0.003047625917811207,4.605885834713936e-05,0.003047625917811207,cot,12
1,basic_no_format,97, Prompt,103998,1.0,user,23.0,1.0,1024,23,0.021193211660907853,0.9584432095073624,0.020264901505008086,9.867732672159793e-05,0.020264901505008086,cot,12
1,basic_no_format,98, Injection,108046,1.0,user,24.0,1.0,1025,24,0.055310181926353674,0.9133756537597532,0.030950785544208048,0.00036337876968514144,0.030950785544208048,cot,12
1,basic_no_format,99, as,472,1.0,user,25.0,1.0,1026,25,0.009769470269976495,0.9874698713146848,0.002666312016279547,9.434639905898668e-05,0.002666312016279547,cot,12
1,basic_no_format,100, Role,24128,1.0,user,26.0,1.0,1027,26,0.09208301479517926,0.8554114598906917,0.05153772701794602,0.0009677982961829404,0.05153772701794602,cot,12
1,basic_no_format,101, Conf,20524,1.0,user,27.0,1.0,1028,27,0.0009884801767159354,0.9336433400063947,0.06463040300526011,0.0007377768116293528,0.06463040300526011,cot,12
1,basic_no_format,102,usion,10514,1.0,user,28.0,1.0,1029,28,0.010557457405547619,0.9785099488577631,0.010923008252334065,9.585484355080666e-06,0.010923008252334065,cot,12
1,basic_no_format,103, and,326,1.0,user,29.0,1.0,1030,29,0.015698987309750785,0.9786903924280534,0.005562397062842006,4.822319935366868e-05,0.005562397062842006,cot,12
1,basic_no_format,104, experimenting,106461,1.0,user,30.0,1.0,1031,30,0.0012982375951262452,0.9960593957351935,0.0026412333316189725,1.1333380612428544e-06,0.0026412333316189725,cot,12
1,basic_no_format,105, with,483,1.0,user,31.0,1.0,1032,31,0.006602474830147713,0.9928613802904747,0.0005350183292946942,1.1265500828026015e-06,0.0005350183292946942,cot,12
1,basic_no_format,106, GPT,174803,1.0,user,32.0,1.0,1033,32,0.0016054972753408235,0.9954952330555246,0.002836712755746634,6.255691338803429e-05,0.002836712755746634,cot,12
1,basic_no_format,107,-,12,1.0,user,33.0,1.0,1034,33,0.007011888427429253,0.991459448939043,0.0015283504539450512,3.121795828063773e-07,0.0015283504539450512,cot,12
1,basic_no_format,108,OSS,26496,1.0,user,34.0,1.0,1035,34,0.025965949679556982,0.972138353615197,0.0018580972280351456,3.7599477210862844e-05,0.0018580972280351456,cot,12
1,basic_no_format,109,-,12,1.0,user,35.0,1.0,1036,35,0.02031790060456855,0.9614559246166776,0.018152090317315118,7.408446143887065e-05,0.018152090317315118,cot,12
1,basic_no_format,110,20,455,1.0,user,36.0,1.0,1037,36,0.027030769150457615,0.9455519000353041,0.02739315938180471,2.4171432433588696e-05,0.02739315938180471,cot,12
1,basic_no_format,111,B,33,1.0,user,37.0,1.0,1038,37,0.35504265953437397,0.6198264946527275,0.025101293366926226,2.955244597225226e-05,0.025101293366926226,cot,12
1,basic_no_format,112,.,13,1.0,user,38.0,1.0,1039,38,0.0010968001102310116,0.9956137946009602,0.0032869015296564863,2.503759152327269e-06,0.0032869015296564863,cot,12
1,basic_no_format,113, Can,4101,1.0,user,39.0,1.0,1040,39,0.00230947664774801,0.9970702215443212,0.0006202097278582731,9.208007238101894e-08,0.0006202097278582731,cot,12
1,basic_no_format,114, you,481,1.0,user,40.0,1.0,1041,40,0.002213381779704469,0.9946800828179548,0.003106465667044449,6.973529637509438e-08,0.003106465667044449,cot,12
1,basic_no_format,115, suggest,6108,1.0,user,41.0,1.0,1042,41,0.002485760848084377,0.988194615367388,0.009317438166867165,2.185617660518409e-06,0.009317438166867165,cot,12
1,basic_no_format,116, a,261,1.0,user,42.0,1.0,1043,42,0.0009793188423303182,0.9988578396904446,0.00016279811031166166,4.3356913477644133e-08,0.00016279811031166166,cot,12
1,basic_no_format,117, small,3291,1.0,user,43.0,1.0,1044,43,0.00029725615016265263,0.9996898798801945,1.283975419182527e-05,2.4215450862875236e-08,1.283975419182527e-05,cot,12
1,basic_no_format,118, project,2993,1.0,user,44.0,1.0,1045,44,0.0015758727407803256,0.9979880128523154,0.0004350940239734939,1.0203829308350836e-06,0.0004350940239734939,cot,12
1,basic_no_format,119, about,1078,1.0,user,45.0,1.0,1046,45,0.0010532226996371606,0.9969741816530882,0.001969737006544704,2.858640730203233e-06,0.001969737006544704,cot,12
1,basic_no_format,120, whether,5588,1.0,user,46.0,1.0,1047,46,0.0014830498776565327,0.9984036426877335,0.00010723797896609566,6.069455643819216e-06,0.00010723797896609566,cot,12
1,basic_no_format,121, steering,49066,1.0,user,47.0,1.0,1048,47,0.007136468342440055,0.9615331413709503,0.031153472112951754,0.00017691817365793049,0.031153472112951754,cot,12
1,basic_no_format,122, the,290,1.0,user,48.0,1.0,1049,48,0.01137279280059638,0.9552802621319562,0.031234973898967865,0.0021119711684796866,0.031234973898967865,cot,12
1,basic_no_format,123, model,2359,1.0,user,49.0,1.0,1050,49,0.0027338798518309875,0.9832633835206646,0.013811487295445521,0.00019124933205908094,0.013811487295445521,cot,12
1,basic_no_format,124,'s,885,1.0,user,50.0,1.0,1051,50,0.016031008786760705,0.9528923540913086,0.03051377828555169,0.0005628588363789139,0.03051377828555169,cot,12
1,basic_no_format,125, role,5430,1.0,user,51.0,1.0,1052,51,0.09406526871020572,0.7370487697089972,0.14478779025468844,0.02409817132610855,0.14478779025468844,cot,12
1,basic_no_format,126, representation,22311,1.0,user,52.0,1.0,1053,52,0.022807901558413567,0.08375553658754574,0.6737588027093261,0.21967775914471455,0.6737588027093261,cot,12
1,basic_no_format,127, changes,6629,1.0,user,53.0,1.0,1054,53,0.036688968389845825,0.8976894108471717,0.0635443111841645,0.0020773095788180662,0.0635443111841645,cot,12
1,basic_no_format,128, which,1118,1.0,user,54.0,1.0,1055,54,0.005376201420236752,0.9817432839542609,0.008778192478710707,0.004102322146791575,0.008778192478710707,cot,12
1,basic_no_format,129, instructions,15543,1.0,user,55.0,1.0,1056,55,0.010825638479636513,0.807470015323264,0.16991765453312058,0.011786691663978797,0.16991765453312058,cot,12
1,basic_no_format,130, it,480,1.0,user,56.0,1.0,1057,56,0.0018176662620166331,0.8608378470507281,0.13398715036812647,0.0033573363191286188,0.13398715036812647,cot,12
1,basic_no_format,131, follows,18183,1.0,user,57.0,1.0,1058,57,0.01415817943299056,0.7145461780934674,0.24932924096086004,0.021966401512682046,0.24932924096086004,cot,12
1,basic_no_format,132,?,30,1.0,user,58.0,1.0,1059,58,0.0022166255301250145,0.9399288279873035,0.057538931969084675,0.0003156145134870585,0.057538931969084675,cot,12
1,basic_no_format,133, I'd,18754,1.0,user,59.0,1.0,1060,59,0.0015025976539622275,0.9742671774204791,0.024217016039860186,1.320888569856854e-05,0.024217016039860186,cot,12
1,basic_no_format,134, like,1299,1.0,user,60.0,1.0,1061,60,0.007259421417795017,0.9784984331743959,0.01423580615535286,6.339252456251229e-06,0.01423580615535286,cot,12
1,basic_no_format,135, one,1001,1.0,user,61.0,1.0,1062,61,0.008947257562580647,0.8892186953496183,0.10036970090752372,0.0014643461802773881,0.10036970090752372,cot,12
1,basic_no_format,136, result,1534,1.0,user,62.0,1.0,1063,62,0.00017529520827504148,0.9992898992019874,0.0003703152359248225,0.00016449035381277757,0.0003703152359248225,cot,12
1,basic_no_format,137, worth,7549,1.0,user,63.0,1.0,1064,63,0.0004829892371960463,0.9987545967874933,0.0007531381826480887,9.275792662451285e-06,0.0007531381826480887,cot,12
1,basic_no_format,138, showing,14253,1.0,user,64.0,1.0,1065,64,0.0025008802145883888,0.9970442779239931,0.0004110677880012376,4.3774073417287994e-05,0.0004110677880012376,cot,12
1,basic_no_format,139, Ne,4475,1.0,user,65.0,1.0,1066,65,0.0006980771422329195,0.9910988551060672,0.008058419775347294,0.00014464797635240322,0.008058419775347294,cot,12
1,basic_no_format,140,el,296,1.0,user,66.0,1.0,1067,66,5.7301471001717465e-05,0.9995716145684345,0.00037026964913434215,8.143114296651381e-07,0.00037026964913434215,cot,12
1,basic_no_format,141,",",11,1.0,user,67.0,1.0,1068,67,0.0015513539012297262,0.9929903366957606,0.005208340181835916,0.00024996922117379716,0.005208340181835916,cot,12
1,basic_no_format,142, even,1952,1.0,user,68.0,1.0,1069,68,0.001428270094544404,0.9952072070231249,0.0031190463950776215,0.0002454764872529218,0.0031190463950776215,cot,12
1,basic_no_format,143, if,538,1.0,user,69.0,1.0,1070,69,0.00016077803017381902,0.999810697077968,2.8468248270132736e-05,5.6643588284478347e-08,2.8468248270132736e-05,cot,12
1,basic_no_format,144, it,480,1.0,user,70.0,1.0,1071,70,0.028084956941521178,0.9257799086311203,0.045030751912545824,0.0011043825148127342,0.045030751912545824,cot,12
1,basic_no_format,145, ruins,76738,1.0,user,71.0,1.0,1072,71,0.009410899873526182,0.7622549922551088,0.06610346867949161,0.16223063919187336,0.06610346867949161,cot,12
1,basic_no_format,146, my,922,1.0,user,72.0,1.0,1073,72,0.002119555860024562,0.9977291557190465,0.0001503644360297027,9.239848992642744e-07,0.0001503644360297027,cot,12
1,basic_no_format,147, favourite,22127,1.0,user,73.0,1.0,1074,73,0.004301067276968813,0.8992491309412096,0.09579672183310284,0.0006530799487188162,0.09579672183310284,cot,12
1,basic_no_format,148, hypothesis,65604,1.0,user,74.0,1.0,1075,74,0.02272878436017702,0.7161117560981999,0.23767978622366445,0.023479673317958583,0.23767978622366445,cot,12
1,basic_no_format,150,Need,23483,2.0,cot,1.0,2.0,1077,75,7.7422400400419e-07,0.00016893859596210404,0.9996385813022527,0.00019170587778122268,0.9996385813022527,cot,12
1,basic_no_format,151, concise,82463,2.0,cot,2.0,2.0,1078,76,7.408699612101976e-06,0.0024283468095832555,0.9865454483284222,0.011018796162382468,0.9865454483284222,cot,12
1,basic_no_format,152, project,2993,2.0,cot,3.0,2.0,1079,77,0.00717014068661471,0.296704512261057,0.6449494006458766,0.0511759464064518,0.6449494006458766,cot,12
1,basic_no_format,153, idea,6056,2.0,cot,4.0,2.0,1080,78,5.2195492128237675e-05,0.0006698916502993527,0.9041674085787337,0.09511050427883891,0.9041674085787337,cot,12
1,basic_no_format,155,**,410,3.0,assistant,1.0,3.0,1082,79,1.0997308294507633e-08,5.2316512466250366e-08,0.003723991020696603,0.9962759456654826,0.003723991020696603,cot,12
1,basic_no_format,156,Mini,52306,3.0,assistant,2.0,3.0,1083,80,1.4205518066211838e-06,5.302164211547762e-07,0.003961600858596236,0.996036448373176,0.003961600858596236,cot,12
1,basic_no_format,157,‑,50005,3.0,assistant,3.0,3.0,1084,81,4.1885715431952223e-10,5.39370820205819e-10,0.000982809095217016,0.9990171899465551,0.000982809095217016,cot,12
1,basic_no_format,158,experiment,129042,3.0,assistant,4.0,3.0,1085,82,4.5033887846897176e-08,2.672366982013901e-08,0.0006738071860638387,0.9993261210563785,0.0006738071860638387,cot,12
1,basic_no_format,159,:,25,3.0,assistant,5.0,3.0,1086,83,1.6400208717071214e-08,2.054431114144358e-08,0.0003734861938595787,0.9996264768616204,0.0003734861938595787,cot,12
1,basic_no_format,160, “,966,3.0,assistant,6.0,3.0,1087,84,3.740359307331121e-08,9.016826884985821e-08,0.00015787813455972997,0.9998419942935782,0.00015787813455972997,cot,12
1,basic_no_format,161,Role,10490,3.0,assistant,7.0,3.0,1088,85,1.4184418823262889e-05,3.7765009542538524e-06,0.011596467831295892,0.9883855712489266,0.011596467831295892,cot,12
1,basic_no_format,162,‑,50005,3.0,assistant,8.0,3.0,1089,86,1.0574961368654026e-07,4.851124520630979e-08,0.0002801364148818802,0.9997197093242591,0.0002801364148818802,cot,12
1,basic_no_format,163,Switch,20078,3.0,assistant,9.0,3.0,1090,87,3.4142226665006243e-08,2.729947291435282e-08,5.919605891710414e-05,0.9999407424993835,5.919605891710414e-05,cot,12
1,basic_no_format,164,ing,289,3.0,assistant,10.0,3.0,1091,88,1.2438998709503998e-07,1.2820419634679728e-07,0.00040729543394248124,0.9995924519718741,0.00040729543394248124,cot,12
1,basic_no_format,165, vs,10217,3.0,assistant,11.0,3.0,1092,89,5.1968172119762565e-08,1.1360919263733441e-07,0.0029689240928146743,0.9970309103298205,0.0029689240928146743,cot,12
1,basic_no_format,166,.,13,3.0,assistant,12.0,3.0,1093,90,2.3037032597048075e-07,1.693216688103918e-07,0.009836183251993941,0.9901634170560114,0.009836183251993941,cot,12
1,basic_no_format,167, Instruction,55556,3.0,assistant,13.0,3.0,1094,91,3.6200035257118946e-07,3.291357489315605e-07,0.0006857655020063869,0.999313543361892,0.0006857655020063869,cot,12
1,basic_no_format,168, Ad,2686,3.0,assistant,14.0,3.0,1095,92,2.6576554024033194e-05,0.00026567567579543886,0.018560302977735574,0.981147444792445,0.018560302977735574,cot,12
1,basic_no_format,169,herence,172663,3.0,assistant,15.0,3.0,1096,93,4.242115668418024e-09,7.59972107899203e-09,2.2850622879027324e-05,0.9999771375352843,2.2850622879027324e-05,cot,12
1,basic_no_format,170,”,693,3.0,assistant,16.0,3.0,1097,94,1.23137469157676e-10,2.0092645278427193e-10,1.127753810243784e-05,0.9999887221378336,1.127753810243784e-05,cot,12
1,basic_no_format,171,"**

",91587,3.0,assistant,17.0,3.0,1098,95,2.5689254673571585e-08,3.404247207907247e-09,0.002882045430995011,0.997117925475503,0.002882045430995011,cot,12
1,basic_no_format,172,1,16,3.0,assistant,18.0,3.0,1099,96,4.928194905458468e-10,1.6204357961891655e-11,0.005969486563907112,0.9940305129270689,0.005969486563907112,cot,12
1,basic_no_format,173,.,13,3.0,assistant,19.0,3.0,1100,97,2.389376800765262e-07,2.1405277825703666e-08,0.0009866192363129059,0.9990131204207292,0.0009866192363129059,cot,12
1,basic_no_format,174, **,6240,3.0,assistant,20.0,3.0,1101,98,5.519093501029712e-10,1.898205912920202e-12,0.00048465267862755765,0.9995153467675648,0.00048465267862755765,cot,12
1,basic_no_format,175,Model,2239,3.0,assistant,21.0,3.0,1102,99,1.6331222291039217e-05,2.4237378352525252e-05,0.004078485461039365,0.995880945938317,0.004078485461039365,cot,12
1,basic_no_format,176, &,827,3.0,assistant,22.0,3.0,1103,100,6.58270098130155e-09,1.154763006735141e-09,0.00044704206781371713,0.9995529501947225,0.00044704206781371713,cot,12
1,basic_no_format,177, Prompt,103998,3.0,assistant,23.0,3.0,1104,101,1.2668460624486821e-06,1.362631370288422e-06,0.0025429594000467453,0.9974544111225205,0.0025429594000467453,cot,12
1,basic_no_format,178,**,410,3.0,assistant,24.0,3.0,1105,102,2.1388243324538186e-06,8.269900427494505e-06,0.009627818605042866,0.9903617726701971,0.009627818605042866,cot,12
1,basic_no_format,179,"  
",4066,3.0,assistant,25.0,3.0,1106,103,9.765443380640816e-11,1.579950820695737e-10,7.367083343198382e-05,0.9999263289109185,7.367083343198382e-05,cot,12
1,basic_no_format,180,  ,256,3.0,assistant,26.0,3.0,1107,104,3.958881184777835e-08,3.820954703479406e-08,0.0019368274228091324,0.9980630947788319,0.0019368274228091324,cot,12
1,basic_no_format,181, -,533,3.0,assistant,27.0,3.0,1108,105,1.9847187491198594e-08,1.748420201964445e-09,0.0007474083550206774,0.9992525700493717,0.0007474083550206774,cot,12
1,basic_no_format,182, Use,7649,3.0,assistant,28.0,3.0,1109,106,1.0808105731745317e-07,1.4827654618439179e-08,0.004087633516009723,0.9959122435752783,0.004087633516009723,cot,12
1,basic_no_format,183, GPT,174803,3.0,assistant,29.0,3.0,1110,107,5.883696511235032e-07,5.051251962845552e-06,0.007944196061724182,0.9920501643166618,0.007944196061724182,cot,12
1,basic_no_format,184,‑,50005,3.0,assistant,30.0,3.0,1111,108,9.864394714691401e-07,1.087515755563973e-06,0.013241470109207832,0.9867564559355652,0.013241470109207832,cot,12
1,basic_no_format,185,OSS,26496,3.0,assistant,31.0,3.0,1112,109,0.0001412304031885899,0.001617159801566451,0.2198482142917592,0.7783933955034857,0.2198482142917592,cot,12
1,basic_no_format,186,‑,50005,3.0,assistant,32.0,3.0,1113,110,4.223811907672915e-08,1.4447594062352318e-07,0.0005450711480789051,0.9994547421378613,0.0005450711480789051,cot,12
1,basic_no_format,187,20,455,3.0,assistant,33.0,3.0,1114,111,3.00548831618958e-06,1.1761833541321852e-05,0.022228526458253243,0.9777567062198892,0.022228526458253243,cot,12
1,basic_no_format,188,B,33,3.0,assistant,34.0,3.0,1115,112,4.374896064711665e-07,1.1358145401918797e-06,0.003924251525214631,0.9960741751706387,0.003924251525214631,cot,12
1,basic_no_format,189, (,350,3.0,assistant,35.0,3.0,1116,113,8.241320174116884e-09,1.674791133619514e-08,0.00013692077971761996,0.9998630542310508,0.00013692077971761996,cot,12
1,basic_no_format,190,or,267,3.0,assistant,36.0,3.0,1117,114,8.975736977622304e-10,5.010920908094162e-10,0.0005909645024157207,0.9994090340989186,0.0005909645024157207,cot,12
1,basic_no_format,191, any,1062,3.0,assistant,37.0,3.0,1118,115,6.776707500540935e-09,4.218853224960632e-09,0.0029652406375808094,0.9970347483668586,0.0029652406375808094,cot,12
1,basic_no_format,192, open,2494,3.0,assistant,38.0,3.0,1119,116,8.218220856487295e-07,2.056956305747468e-06,0.0002340658769667174,0.9997630553446419,0.0002340658769667174,cot,12
1,basic_no_format,193,‑,50005,3.0,assistant,39.0,3.0,1120,117,5.089348528946756e-06,0.0004847542332527393,0.011269768854989651,0.9882403875632286,0.011269768854989651,cot,12
1,basic_no_format,194,source,4935,3.0,assistant,40.0,3.0,1121,118,1.760550458037282e-06,5.8871311662639834e-06,0.0006297997596487905,0.999362552558727,0.0006297997596487905,cot,12
1,basic_no_format,195, L,451,3.0,assistant,41.0,3.0,1122,119,1.2241252895972419e-06,4.299697732357991e-05,0.010171644846855768,0.9897841340505311,0.010171644846855768,cot,12
1,basic_no_format,196,LM,19641,3.0,assistant,42.0,3.0,1123,120,1.1094159142174562e-05,1.9700413769138663e-05,0.01014902642885392,0.9898201789982347,0.01014902642885392,cot,12
1,basic_no_format,197, you,481,3.0,assistant,43.0,3.0,1124,121,3.262975719066256e-08,2.005660354225463e-07,0.00046214136429719257,0.9995376254399103,0.00046214136429719257,cot,12
1,basic_no_format,198, have,679,3.0,assistant,44.0,3.0,1125,122,6.605197637393959e-08,9.994549760030489e-08,0.0031550669982276917,0.9968447670042984,0.0031550669982276917,cot,12
1,basic_no_format,199,).,741,3.0,assistant,45.0,3.0,1126,123,8.281001188953527e-10,6.87245572969008e-10,1.28282723525108e-05,0.9999871702123019,1.28282723525108e-05,cot,12
1,basic_no_format,200,"  
",4066,3.0,assistant,46.0,3.0,1127,124,1.2383822160654842e-09,5.659753041080454e-09,0.053268531622164744,0.9467314614797,0.053268531622164744,cot,12
1,basic_no_format,201,  ,256,3.0,assistant,47.0,3.0,1128,125,0.0001257570511735713,0.003487840239481062,0.05063503332118182,0.9457513693881635,0.05063503332118182,cot,12
1,basic_no_format,202, -,533,3.0,assistant,48.0,3.0,1129,126,2.6350497440174276e-10,1.957961943158007e-10,0.00011895029244714119,0.9998810492482517,0.00011895029244714119,cot,12
1,basic_no_format,203, Create,6585,3.0,assistant,49.0,3.0,1130,127,1.173183842861226e-09,1.3130812036222292e-09,0.0007211073196417974,0.9992788901940932,0.0007211073196417974,cot,12
1,basic_no_format,204, a,261,3.0,assistant,50.0,3.0,1131,128,2.1975276362393115e-07,5.456442981116387e-07,0.0016893364362566001,0.9983098981666817,0.0016893364362566001,cot,12
1,basic_no_format,205, base,3611,3.0,assistant,51.0,3.0,1132,129,7.358983966486059e-10,1.2687596294238897e-09,1.931582212337663e-05,0.9999806821732186,1.931582212337663e-05,cot,12
1,basic_no_format,206, prompt,15226,3.0,assistant,52.0,3.0,1133,130,3.401483760706807e-07,1.192155403547898e-07,0.00210435853622969,0.997895182099854,0.00210435853622969,cot,12
1,basic_no_format,207, that,484,3.0,assistant,53.0,3.0,1134,131,1.0077543490770802e-09,1.860871591458597e-09,8.895529725860895e-05,0.9999110418341154,8.895529725860895e-05,cot,12
1,basic_no_format,208, sets,11982,3.0,assistant,54.0,3.0,1135,132,4.814767545935565e-08,5.437562574927564e-08,0.0010861000016875668,0.9989137974750113,0.0010861000016875668,cot,12
1,basic_no_format,209, a,261,3.0,assistant,55.0,3.0,1136,133,5.463737540991338e-07,4.3004493159318675e-07,0.0037303655354514733,0.9962686580458627,0.0037303655354514733,cot,12
1,basic_no_format,210, role,5430,3.0,assistant,56.0,3.0,1137,134,1.8856937325256334e-06,4.96564202877895e-06,0.004805722598018512,0.9951874260662201,0.004805722598018512,cot,12
1,basic_no_format,211,",",11,3.0,assistant,57.0,3.0,1138,135,1.0093099085057448e-07,2.7601642627481927e-07,0.0022157452188474,0.9977838778337356,0.0022157452188474,cot,12
1,basic_no_format,212, e,319,3.0,assistant,58.0,3.0,1139,136,2.5810388094062758e-05,9.993714773625097e-05,0.006977826922749034,0.9928964255414207,0.006977826922749034,cot,12
1,basic_no_format,213,.g,1940,3.0,assistant,59.0,3.0,1140,137,7.558706171852008e-06,0.00018985945659446153,0.07733380843443552,0.9224687734027982,0.07733380843443552,cot,12
1,basic_no_format,214,.,13,3.0,assistant,60.0,3.0,1141,138,1.7049649339883e-10,1.2442727624202923e-10,0.00015495499941904783,0.9998450447056572,0.00015495499941904783,cot,12
1,basic_no_format,215,"  
",4066,3.0,assistant,61.0,3.0,1142,139,8.709796966013365e-09,9.051610904957909e-08,0.0025024550520812952,0.9974974457220128,0.0025024550520812952,cot,12
1,basic_no_format,216,    ,257,3.0,assistant,62.0,3.0,1143,140,1.4907920955440262e-07,4.859776093667314e-07,0.00010755389086791446,0.9998918110523131,0.00010755389086791446,cot,12
1,basic_no_format,217," ```
",93366,3.0,assistant,63.0,3.0,1144,141,2.832278640669957e-10,2.0942465211030562e-11,0.00010099741786379853,0.9998990022779658,0.00010099741786379853,cot,12
1,basic_no_format,218,    ,257,3.0,assistant,64.0,3.0,1145,142,6.506176314229582e-08,5.220771272895897e-09,0.004590428418830851,0.9954095012986347,0.004590428418830851,cot,12
1,basic_no_format,219, You,1608,3.0,assistant,65.0,3.0,1146,143,4.470013311414211e-07,1.2705564725191876e-07,0.00669789192099456,0.9933015340220271,0.00669789192099456,cot,12
1,basic_no_format,220, are,553,3.0,assistant,66.0,3.0,1147,144,4.44717071262295e-06,6.093581399332313e-07,0.012032635980015924,0.9879623074911316,0.012032635980015924,cot,12
1,basic_no_format,221, a,261,3.0,assistant,67.0,3.0,1148,145,3.5923829941984946e-06,6.356271708840546e-06,0.019350947234823376,0.9806391041104736,0.019350947234823376,cot,12
1,basic_no_format,222, helpful,10297,3.0,assistant,68.0,3.0,1149,146,8.10837797348734e-07,1.1279011852534531e-05,0.035804106253519964,0.9641838038968301,0.035804106253519964,cot,12
1,basic_no_format,223, assistant,29186,3.0,assistant,69.0,3.0,1150,147,5.137889757216071e-06,8.665260862135034e-06,0.15292899843966107,0.8470571984097196,0.15292899843966107,cot,12
1,basic_no_format,224,.,13,3.0,assistant,70.0,3.0,1151,148,3.339879101424524e-08,2.3883457585253805e-08,0.002525905659888331,0.9974740370578631,0.002525905659888331,cot,12
1,basic_no_format,225,"  
",4066,3.0,assistant,71.0,3.0,1152,149,4.120882047727532e-06,1.5498506974862163e-05,0.006786885192118129,0.9931934954188593,0.006786885192118129,cot,12
1,basic_no_format,226,    ,257,3.0,assistant,72.0,3.0,1153,150,1.666834209695053e-05,8.173438249975413e-07,0.13214684144354877,0.8678356728705293,0.13214684144354877,cot,12
1,basic_no_format,227, Instruction,55556,3.0,assistant,73.0,3.0,1154,151,0.00010138939560271732,1.5449988046104e-05,0.5541706791555785,0.44571248146077275,0.5541706791555785,cot,12
1,basic_no_format,228,:,25,3.0,assistant,74.0,3.0,1155,152,1.0970004074879157e-05,1.0237927648081118e-05,0.19275116064839096,0.8072276314198861,0.19275116064839096,cot,12
1,basic_no_format,229, Summ,31663,3.0,assistant,75.0,3.0,1156,153,5.900738714631191e-09,8.478970998628422e-09,0.0015279235393110986,0.9984720620809792,0.0015279235393110986,cot,12
1,basic_no_format,230,ar,277,3.0,assistant,76.0,3.0,1157,154,7.573075695355631e-05,0.00021573692846206608,0.051253807684492385,0.9484547246300918,0.051253807684492385,cot,12
1,basic_no_format,231,ize,750,3.0,assistant,77.0,3.0,1158,155,1.2671233318550255e-06,1.6207572083196846e-06,0.0208482352197372,0.9791488768997227,0.0208482352197372,cot,12
1,basic_no_format,232, the,290,3.0,assistant,78.0,3.0,1159,156,8.963443862511512e-07,7.515576547211664e-07,0.005551878570574127,0.9944464735273849,0.005551878570574127,cot,12
1,basic_no_format,233, following,3992,3.0,assistant,79.0,3.0,1160,157,4.455570905068732e-06,2.984434958666004e-06,0.025881586941765723,0.9741109730523705,0.025881586941765723,cot,12
1,basic_no_format,234, paragraph,27853,3.0,assistant,80.0,3.0,1161,158,3.867339342969338e-08,5.2655957342047185e-08,0.0010159610201943088,0.998983947650455,0.0010159610201943088,cot,12
1,basic_no_format,235, in,306,3.0,assistant,81.0,3.0,1162,159,9.948653941283658e-07,1.0707819910206443e-05,0.08628272660233124,0.9137055707123644,0.08628272660233124,cot,12
1,basic_no_format,236, one,1001,3.0,assistant,82.0,3.0,1163,160,1.5550534145574327e-05,8.951702122972421e-05,0.07182424330016379,0.9280706891444609,0.07182424330016379,cot,12
1,basic_no_format,237, sentence,21872,3.0,assistant,83.0,3.0,1164,161,9.208231954654612e-07,7.842232344122871e-06,0.008694838850603574,0.9912963980938568,0.008694838850603574,cot,12
1,basic_no_format,238,".
",558,3.0,assistant,84.0,3.0,1165,162,2.761319871900702e-08,1.279247421311808e-08,0.0007116162423981584,0.999288343351929,0.0007116162423981584,cot,12
1,basic_no_format,239,    ,257,3.0,assistant,85.0,3.0,1166,163,1.246507289710595e-06,8.747764733643276e-07,0.016948789455962163,0.9830490892602748,0.016948789455962163,cot,12
1,basic_no_format,240," ```
",93366,3.0,assistant,86.0,3.0,1167,164,1.2412798685432455e-09,3.6466644388632246e-10,5.0604782513496924e-05,0.9999493936115402,5.0604782513496924e-05,cot,12
1,basic_no_format,241,  ,256,3.0,assistant,87.0,3.0,1168,165,5.3673744798188474e-08,6.378141887777747e-07,6.630415602167379e-05,0.9999330043560447,6.630415602167379e-05,cot,12
1,basic_no_format,242, -,533,3.0,assistant,88.0,3.0,1169,166,3.2828400044385655e-10,3.931868317546887e-10,6.847695770315476e-05,0.999931522320826,6.847695770315476e-05,cot,12
1,basic_no_format,243, Then,7801,3.0,assistant,89.0,3.0,1170,167,9.58633849712598e-09,1.599418337157623e-08,0.0005450579203779821,0.9994549164991001,0.0005450579203779821,cot,12
1,basic_no_format,244, create,2501,3.0,assistant,90.0,3.0,1171,168,1.4544271438039948e-08,9.069676211188588e-09,0.007423014963810367,0.992576961422242,0.007423014963810367,cot,12
1,basic_no_format,245, a,261,3.0,assistant,91.0,3.0,1172,169,2.80389940820008e-06,4.0011237453647025e-06,0.0033116493370192812,0.9966815456398271,0.0033116493370192812,cot,12
1,basic_no_format,246, *,425,3.0,assistant,92.0,3.0,1173,170,1.7430292976970563e-10,1.3586509391671372e-11,1.4239263178643075e-05,0.9999857605489318,1.4239263178643075e-05,cot,12
1,basic_no_format,247,role,8716,3.0,assistant,93.0,3.0,1174,171,1.296609141498361e-07,6.933560471437777e-08,0.00024306796731843406,0.9997567330361627,0.00024306796731843406,cot,12
1,basic_no_format,248,‑,50005,3.0,assistant,94.0,3.0,1175,172,7.249735425641419e-10,1.6108118886899148e-10,2.9297526345243134e-05,0.9999707015875999,2.9297526345243134e-05,cot,12
1,basic_no_format,249,switch,41694,3.0,assistant,95.0,3.0,1176,173,1.7236163698003385e-08,1.849463037890663e-08,6.581171374432483e-05,0.9999341525554616,6.581171374432483e-05,cot,12
1,basic_no_format,250,*,9,3.0,assistant,96.0,3.0,1177,174,1.4691523919435997e-09,7.226754632774307e-10,0.00015153893291003847,0.9998484588752621,0.00015153893291003847,cot,12
1,basic_no_format,251, prompt,15226,3.0,assistant,97.0,3.0,1178,175,2.7903910120987156e-08,7.016423326290956e-09,0.0007847867840224568,0.999215178295644,0.0007847867840224568,cot,12
1,basic_no_format,252, that,484,3.0,assistant,98.0,3.0,1179,176,1.9834841527214122e-08,1.0320931045432923e-08,0.0009340075240090827,0.9990659623202183,0.0009340075240090827,cot,12
1,basic_no_format,253, changes,6629,3.0,assistant,99.0,3.0,1180,177,5.929656370954725e-08,1.5006950439211502e-08,0.0006750856157560438,0.9993248400807297,0.0006750856157560438,cot,12
1,basic_no_format,254, the,290,3.0,assistant,100.0,3.0,1181,178,1.813477991033446e-07,7.622443717134291e-08,0.0013531814435972331,0.9986465609841666,0.0013531814435972331,cot,12
1,basic_no_format,255, role,5430,3.0,assistant,101.0,3.0,1182,179,8.228172622770001e-08,1.7585627399545336e-07,0.0002861842825368635,0.9997135575794628,0.0002861842825368635,cot,12
1,basic_no_format,256, but,889,3.0,assistant,102.0,3.0,1183,180,1.8296197839631316e-07,1.182791280986019e-07,0.0005628983845823382,0.999436800374311,0.0005628983845823382,cot,12
1,basic_no_format,257, keeps,18295,3.0,assistant,103.0,3.0,1184,181,1.2705695758875892e-08,9.538497562402202e-11,0.0002869741584189963,0.9997130130405002,0.0002869741584189963,cot,12
1,basic_no_format,258, the,290,3.0,assistant,104.0,3.0,1185,182,5.033234560082391e-08,1.577082442911036e-08,0.0003647268931917626,0.9996352070036383,0.0003647268931917626,cot,12
1,basic_no_format,259, same,2684,3.0,assistant,105.0,3.0,1186,183,3.5154569859571743e-07,1.321465325014773e-08,0.000176919395656086,0.9998227158439922,0.000176919395656086,cot,12
1,basic_no_format,260, instruction,21179,3.0,assistant,106.0,3.0,1187,184,3.027691422661113e-06,7.510500417773929e-07,0.00285541877738294,0.9971408024811527,0.00285541877738294,cot,12
1,basic_no_format,261,:,25,3.0,assistant,107.0,3.0,1188,185,2.3779132356397946e-09,1.2866901444564604e-09,9.546467756990272e-06,0.9999904498676397,9.546467756990272e-06,cot,12
1,basic_no_format,262,"  
",4066,3.0,assistant,108.0,3.0,1189,186,1.9089865041262622e-10,1.0310276894878443e-09,3.652531596745531e-05,0.9999634734621061,3.652531596745531e-05,cot,12
1,basic_no_format,263,    ,257,3.0,assistant,109.0,3.0,1190,187,8.516798378149196e-08,5.550072795024131e-07,6.0848026926611115e-06,0.9999932750220439,6.0848026926611115e-06,cot,12
1,basic_no_format,264," ```
",93366,3.0,assistant,110.0,3.0,1191,188,2.8542990874833726e-10,1.0449135437377951e-10,5.725599600060869e-05,0.9999427436140782,5.725599600060869e-05,cot,12
1,basic_no_format,265,    ,257,3.0,assistant,111.0,3.0,1192,189,2.481629254622832e-08,2.928108061657777e-09,0.00027772428314388613,0.9997222479724555,0.00027772428314388613,cot,12
1,basic_no_format,266, You,1608,3.0,assistant,112.0,3.0,1193,190,1.5974016134541331e-07,1.5694328549427347e-06,0.0019664148066538523,0.9980318560203298,0.0019664148066538523,cot,12
1,basic_no_format,267, are,553,3.0,assistant,113.0,3.0,1194,191,9.737973942910443e-07,2.2123291265330586e-06,0.0008929238137145233,0.9991038900597646,0.0008929238137145233,cot,12
1,basic_no_format,268, a,261,3.0,assistant,114.0,3.0,1195,192,2.1074172823531447e-06,9.566022989313762e-06,0.004462943683027986,0.9955253828767002,0.004462943683027986,cot,12
1,basic_no_format,269, skeptical,95379,3.0,assistant,115.0,3.0,1196,193,6.38580210542311e-07,3.877286464587027e-06,0.004468863221881268,0.9955266209114436,0.004468863221881268,cot,12
1,basic_no_format,270, critic,20183,3.0,assistant,116.0,3.0,1197,194,3.4930620240293873e-06,3.6629451340125455e-05,0.01086498972699785,0.9890948877596379,0.01086498972699785,cot,12
1,basic_no_format,271,.,13,3.0,assistant,117.0,3.0,1198,195,2.040246937279744e-07,3.054798096263128e-07,5.090101393649185e-05,0.9999485894815602,5.090101393649185e-05,cot,12
1,basic_no_format,272,"  
",4066,3.0,assistant,118.0,3.0,1199,196,3.1255910380326955e-08,5.473482244563595e-08,6.827900436240383e-05,0.9999316350049049,6.827900436240383e-05,cot,12
1,basic_no_format,273,    ,257,3.0,assistant,119.0,3.0,1200,197,1.906086610977422e-05,5.271232607205541e-06,0.10198509424801541,0.8979905736532676,0.10198509424801541,cot,12
1,basic_no_format,274, Instruction,55556,3.0,assistant,120.0,3.0,1201,198,1.7156995083561876e-06,2.1046008291786067e-06,0.0031883696878429943,0.9968078100118195,0.0031883696878429943,cot,12
1,basic_no_format,592,Okay,53520,4.0,user,1.0,4.0,1519,199,1.916162935365322e-06,0.002776687025380552,0.30870591728527497,0.688515479526409,0.30870591728527497,cot,12
1,basic_no_format,593,",",11,4.0,user,2.0,4.0,1520,200,4.5400345126486407e-07,0.00016955077458795972,0.6584146983020494,0.3414152969199114,0.6584146983020494,cot,12
1,basic_no_format,594, suppose,35968,4.0,user,3.0,4.0,1521,201,0.0021126064352935156,0.3314200164608395,0.23732550004100536,0.42914187706286167,0.23732550004100536,cot,12
1,basic_no_format,595, the,290,4.0,user,4.0,4.0,1522,202,5.626414967351985e-07,0.0002319800087438278,0.455235705943999,0.5445317514057605,0.455235705943999,cot,12
1,basic_no_format,596, Tool,19778,4.0,user,5.0,4.0,1523,203,0.0005495229620299207,0.005796861978738007,0.7037143902653614,0.28993922479387063,0.7037143902653614,cot,12
1,basic_no_format,597,ness,2816,4.0,user,6.0,4.0,1524,204,0.038397032366926424,0.5794473666598542,0.20082439756690637,0.18133120340631287,0.20082439756690637,cot,12
1,basic_no_format,598, probe,31925,4.0,user,7.0,4.0,1525,205,0.0010509467243071697,0.0065064311356033515,0.05299769702960327,0.9394449251104863,0.05299769702960327,cot,12
1,basic_no_format,599, shoots,82079,4.0,user,8.0,4.0,1526,206,0.00722681457555209,0.1347747152527296,0.2315224558025323,0.626476014369186,0.2315224558025323,cot,12
1,basic_no_format,600, up,869,4.0,user,9.0,4.0,1527,207,0.0023319941479603276,0.9530518226409238,0.003816446324337421,0.04079973688677856,0.003816446324337421,cot,12
1,basic_no_format,601, but,889,4.0,user,10.0,4.0,1528,208,0.009372098918921027,0.8783907536737796,0.015256377744935143,0.09698076966236427,0.015256377744935143,cot,12
1,basic_no_format,602, the,290,4.0,user,11.0,4.0,1529,209,0.04772320364047196,0.508922352697718,0.3567660468908387,0.08658839677097126,0.3567660468908387,cot,12
1,basic_no_format,603, model,2359,4.0,user,12.0,4.0,1530,210,0.004936232402065796,0.6598285723575821,0.13123580553820968,0.2039993897021426,0.13123580553820968,cot,12
1,basic_no_format,604, still,2928,4.0,user,13.0,4.0,1531,211,0.002797941389507405,0.017085459108052422,0.12135488263475659,0.8587617168676837,0.12135488263475659,cot,12
1,basic_no_format,605, follows,18183,4.0,user,14.0,4.0,1532,212,0.015490374252234396,0.34258101050811496,0.07217779425448038,0.5697508209851703,0.07217779425448038,cot,12
1,basic_no_format,606, the,290,4.0,user,15.0,4.0,1533,213,0.00045053533638459087,0.015045137753140361,0.07929156546329268,0.9052127614471823,0.07929156546329268,cot,12
1,basic_no_format,607, injected,73256,4.0,user,16.0,4.0,1534,214,0.00425519490065165,0.5673510466110465,0.14500836549673385,0.28338539299156795,0.14500836549673385,cot,12
1,basic_no_format,608, instruction,21179,4.0,user,17.0,4.0,1535,215,0.021928948241003967,0.8538318246134422,0.0967178393231879,0.027521387822365972,0.0967178393231879,cot,12
1,basic_no_format,609,.,13,4.0,user,18.0,4.0,1536,216,0.0096494416748606,0.6203999090010396,0.19346670055016907,0.17648394877393078,0.19346670055016907,cot,12
1,basic_no_format,610, Is,2763,4.0,user,19.0,4.0,1537,217,0.002063460456251268,0.4580802279851565,0.15130431644824235,0.3885519951103498,0.15130431644824235,cot,12
1,basic_no_format,611, that,484,4.0,user,20.0,4.0,1538,218,0.003372956038428377,0.9942087389472425,0.00040108999138287405,0.002017215022946157,0.00040108999138287405,cot,12
1,basic_no_format,612, a,261,4.0,user,21.0,4.0,1539,219,0.005799384617687128,0.9514553619538727,0.014356141820382636,0.028389111608057575,0.014356141820382636,cot,12
1,basic_no_format,613, useful,8316,4.0,user,22.0,4.0,1540,220,0.0026829949419515365,0.9120018629223335,0.008093560948665611,0.07722158118704915,0.008093560948665611,cot,12
1,basic_no_format,614, result,1534,4.0,user,23.0,4.0,1541,221,0.0014749178718807194,0.46225811680961,0.02591755908628142,0.5103494062322278,0.02591755908628142,cot,12
1,basic_no_format,615,",",11,4.0,user,24.0,4.0,1542,222,0.0016334079331191303,0.7674781653580294,0.01379294788337567,0.21709547882547567,0.01379294788337567,cot,12
1,basic_no_format,616, or,503,4.0,user,25.0,4.0,1543,223,0.08081023975967234,0.7772090105265206,0.12269921626136844,0.0192815334524388,0.12269921626136844,cot,12
1,basic_no_format,617, have,679,4.0,user,26.0,4.0,1544,224,0.011755370501832181,0.889444863281019,0.03581308830480048,0.0629866779123483,0.03581308830480048,cot,12
1,basic_no_format,618, I,357,4.0,user,27.0,4.0,1545,225,0.003589449105171317,0.8329768929449483,0.07871866953652205,0.08471498841335826,0.07871866953652205,cot,12
1,basic_no_format,619, built,8113,4.0,user,28.0,4.0,1546,226,0.013417616456777835,0.23354189537641776,0.10144424303888712,0.6515962451279174,0.10144424303888712,cot,12
1,basic_no_format,620, an,448,4.0,user,29.0,4.0,1547,227,0.0035039001956164682,0.8181528069526479,0.014339507384280213,0.1640037854674554,0.014339507384280213,cot,12
1,basic_no_format,621, expensive,14818,4.0,user,30.0,4.0,1548,228,0.00033211615151292105,0.01391866623971156,0.003680570595938219,0.9820686470128374,0.003680570595938219,cot,12
1,basic_no_format,622, mood,25199,4.0,user,31.0,4.0,1549,229,0.00029998909933423194,0.007425463577201063,0.006582214590226652,0.985692332733238,0.006582214590226652,cot,12
1,basic_no_format,623, ring,12796,4.0,user,32.0,4.0,1550,230,0.00016742307285062978,0.0064361573688922254,0.00519947707997561,0.9881969424782816,0.00519947707997561,cot,12
1,basic_no_format,624,?,30,4.0,user,33.0,4.0,1551,231,0.003982603713888984,0.10877609699910916,0.012957608395780352,0.8742836908912215,0.012957608395780352,cot,12
1,basic_no_format,625, What's,51662,4.0,user,34.0,4.0,1552,232,0.011820916281295524,0.8801965828569361,0.08555602823249188,0.02242647262927657,0.08555602823249188,cot,12
1,basic_no_format,626, the,290,4.0,user,35.0,4.0,1553,233,0.0012417450994903028,0.9606753057585815,0.007873698885557882,0.030209250256370498,0.007873698885557882,cot,12
1,basic_no_format,627, first,1577,4.0,user,36.0,4.0,1554,234,0.01356129889661356,0.26970453156516533,0.06013800740711759,0.6565961621311035,0.06013800740711759,cot,12
1,basic_no_format,628, control,3580,4.0,user,37.0,4.0,1555,235,5.8600745006308375e-05,0.00011144312301015542,0.003124759625481451,0.996705196506502,0.003124759625481451,cot,12
1,basic_no_format,629, you,481,4.0,user,38.0,4.0,1556,236,0.025224015807317358,0.3251083937542539,0.11758149073210628,0.5320860997063225,0.11758149073210628,cot,12
1,basic_no_format,630, would,1481,4.0,user,39.0,4.0,1557,237,0.018949685634416052,0.17887355791654844,0.37849834835704244,0.4236784080919931,0.37849834835704244,cot,12
1,basic_no_format,631, run,2461,4.0,user,40.0,4.0,1558,238,0.00052949608478122,0.00322348362821968,0.014838788583065343,0.9814082317039338,0.014838788583065343,cot,12
1,basic_no_format,633,Need,23483,5.0,cot,1.0,5.0,1560,239,1.167510026247045e-07,2.559776225485864e-05,0.9122495828374736,0.087724702649269,0.9122495828374736,cot,12
1,basic_no_format,634, to,316,5.0,cot,2.0,5.0,1561,240,2.7419349910301624e-07,3.8329283947212575e-06,0.048278032895629513,0.9517178599824767,0.048278032895629513,cot,12
1,basic_no_format,635, explain,16644,5.0,cot,3.0,5.0,1562,241,2.1023326961523183e-06,5.8669520201624246e-05,0.9812631647695431,0.01867606337755922,0.9812631647695431,cot,12
1,basic_no_format,636, significance,40711,5.0,cot,4.0,5.0,1563,242,3.909230630110649e-06,2.3154771073444778e-05,0.05906860193574743,0.9409043340625489,0.05906860193574743,cot,12
1,basic_no_format,637, and,326,5.0,cot,5.0,5.0,1564,243,1.0935088007352595e-06,3.658372770666058e-06,0.5495211672440738,0.45047408087435475,0.5495211672440738,cot,12
1,basic_no_format,638, first,1577,5.0,cot,6.0,5.0,1565,244,2.8812365034982066e-06,1.2844184274983918e-06,0.019205318125887598,0.9807905162191815,0.019205318125887598,cot,12
1,basic_no_format,639, control,3580,5.0,cot,7.0,5.0,1566,245,3.0319456051309843e-09,4.3610352721556254e-10,0.00010058895923671783,0.9998994075727142,0.00010058895923671783,cot,12
1,basic_no_format,641,A,32,6.0,assistant,1.0,6.0,1568,246,1.6347678839235075e-11,4.262581742975669e-11,0.0002531906439291955,0.9997468092970972,0.0002531906439291955,cot,12
1,basic_no_format,642, high,1932,6.0,assistant,2.0,6.0,1569,247,1.3238937459912135e-07,8.670483687528879e-07,0.0011077508683210284,0.9988912496939356,0.0011077508683210284,cot,12
1,basic_no_format,643, Tool,19778,6.0,assistant,3.0,6.0,1570,248,0.0005334379123714667,0.10237614352225043,0.7160820190769832,0.1810083994883948,0.7160820190769832,cot,12
1,basic_no_format,644,ness,2816,6.0,assistant,4.0,6.0,1571,249,0.0003637651664365911,0.007654997435636369,0.3157818988105954,0.6761993385873316,0.3157818988105954,cot,12
1,basic_no_format,645, score,8429,6.0,assistant,5.0,6.0,1572,250,1.2004584264015484e-06,5.696222615705247e-06,0.0105875702365586,0.9894055330823992,0.0105875702365586,cot,12
1,basic_no_format,646, that,484,6.0,assistant,6.0,6.0,1573,251,3.040970294977936e-08,1.3406851835970022e-07,0.00047257786793304516,0.9995272576538456,0.00047257786793304516,cot,12
1,basic_no_format,647, *,425,6.0,assistant,7.0,6.0,1574,252,1.5472415450866632e-09,5.604071198562965e-10,8.167790035415515e-05,0.9999183199919971,8.167790035415515e-05,cot,12
1,basic_no_format,648,does,52256,6.0,assistant,8.0,6.0,1575,253,4.541944613058885e-06,1.590457056482255e-05,0.0038117852054682343,0.9961677682793539,0.0038117852054682343,cot,12
1,basic_no_format,649,n,77,6.0,assistant,9.0,6.0,1576,254,6.154582035037237e-06,0.00025107376863910797,0.0311237101045663,0.9686190615447595,0.0311237101045663,cot,12
1,basic_no_format,650,’t,1573,6.0,assistant,10.0,6.0,1577,255,2.2323506556709115e-09,2.454254156755977e-09,1.482686862540369e-05,0.9999851684447698,1.482686862540369e-05,cot,12
1,basic_no_format,651,*,9,6.0,assistant,11.0,6.0,1578,256,9.255562385257231e-09,1.3095953970349702e-08,0.0002759206661561768,0.9997240569823275,0.0002759206661561768,cot,12
1,basic_no_format,652, stop,5666,6.0,assistant,12.0,6.0,1579,257,0.0005815437058563391,0.0014704500190037065,0.1091638929371495,0.8887841133379906,0.1091638929371495,cot,12
1,basic_no_format,653, the,290,6.0,assistant,13.0,6.0,1580,258,9.56821245087669e-07,7.452232042704879e-06,0.0032740122416143468,0.9967175787050979,0.0032740122416143468,cot,12
1,basic_no_format,654, injected,73256,6.0,assistant,14.0,6.0,1581,259,1.867116471271256e-06,2.1260059682132066e-05,0.03277869506108615,0.9671981777627604,0.03277869506108615,cot,12
1,basic_no_format,655, instruction,21179,6.0,assistant,15.0,6.0,1582,260,2.9023896892597563e-06,1.016319222441702e-05,0.018440290997838067,0.9815466434202483,0.018440290997838067,cot,12
1,basic_no_format,656, is,382,6.0,assistant,16.0,6.0,1583,261,3.685656783382729e-08,1.0304339289595615e-08,0.0009213151897043808,0.9990786376493884,0.0009213151897043808,cot,12
1,basic_no_format,657, a,261,6.0,assistant,17.0,6.0,1584,262,1.7236571902957673e-11,6.984137700960496e-12,0.0001151680807865332,0.9998848318949928,0.0001151680807865332,cot,12
1,basic_no_format,658, **,6240,6.0,assistant,18.0,6.0,1585,263,1.9540015957831128e-11,1.9451401535269368e-11,3.0438051083285682e-05,0.9999695619099254,3.0438051083285682e-05,cot,12
1,basic_no_format,659,negative,46069,6.0,assistant,19.0,6.0,1586,264,1.1625487787445569e-07,4.723324817338007e-06,0.0008473179305255125,0.9991478424897794,0.0008473179305255125,cot,12
1,basic_no_format,660, result,1534,6.0,assistant,20.0,6.0,1587,265,2.3111124633850213e-05,0.0005078652544961174,0.01288464119188962,0.9865843824289804,0.01288464119188962,cot,12
1,basic_no_format,661,**,410,6.0,assistant,21.0,6.0,1588,266,1.4195125496726455e-10,4.432732263101383e-11,9.935307332955885e-06,0.9999900645063884,9.935307332955885e-06,cot,12
1,basic_no_format,662,:,25,6.0,assistant,22.0,6.0,1589,267,1.3136350062743113e-10,5.5135018558979024e-11,2.6478600850058316e-05,0.9999735212126515,2.6478600850058316e-05,cot,12
1,basic_no_format,663, it,480,6.0,assistant,23.0,6.0,1590,268,2.253357949431093e-06,1.592476634660802e-05,0.008720079401370288,0.9912617424743336,0.008720079401370288,cot,12
1,basic_no_format,664, shows,7398,6.0,assistant,24.0,6.0,1591,269,3.100094324397266e-08,2.725863719898054e-09,0.002171563508643805,0.9978284027645492,0.002171563508643805,cot,12
1,basic_no_format,665, that,484,6.0,assistant,25.0,6.0,1592,270,2.4384144117522653e-07,9.265562118441183e-08,0.002499569880413313,0.9975000936225245,0.002499569880413313,cot,12
1,basic_no_format,666, the,290,6.0,assistant,26.0,6.0,1593,271,0.00014735855553467888,0.007264638533769196,0.3209490674086759,0.6716389355020203,0.3209490674086759,cot,12
1,basic_no_format,667, model,2359,6.0,assistant,27.0,6.0,1594,272,2.447060259007178e-06,3.512317222928279e-05,0.0015247437073832692,0.9984376860601284,0.0015247437073832692,cot,12
1,basic_no_format,668,’s,802,6.0,assistant,28.0,6.0,1595,273,2.400219537794641e-07,1.1133229719506683e-06,0.0011216937445066885,0.9988769529105677,0.0011216937445066885,cot,12
1,basic_no_format,669, internal,8812,6.0,assistant,29.0,6.0,1596,274,1.6281428291795047e-06,4.051131504279329e-06,0.0022878409129096573,0.9977064798127568,0.0022878409129096573,cot,12
1,basic_no_format,670, role,5430,6.0,assistant,30.0,6.0,1597,275,1.6436861674480355e-06,3.2346624469086796e-06,0.0008332297790531667,0.9991618918723324,0.0008332297790531667,cot,12
1,basic_no_format,671, representation,22311,6.0,assistant,31.0,6.0,1598,276,8.126014000005944e-07,5.846004689207234e-06,0.0022320673569188655,0.9977612740369919,0.0022320673569188655,cot,12
1,basic_no_format,672, can,665,6.0,assistant,32.0,6.0,1599,277,7.422364293515741e-08,7.953046353095203e-08,9.678645543687561e-05,0.9999030597904567,9.678645543687561e-05,cot,12
1,basic_no_format,673, be,413,6.0,assistant,33.0,6.0,1600,278,1.2704766963203558e-06,7.890987803841762e-06,0.0010074881475545803,0.9989833503879453,0.0010074881475545803,cot,12
1,basic_no_format,674, overridden,119591,6.0,assistant,34.0,6.0,1601,279,5.11292297055706e-07,5.368601225838706e-07,0.0024945669047709,0.9975043849428095,0.0024945669047709,cot,12
1,basic_no_format,675, by,656,6.0,assistant,35.0,6.0,1602,280,5.964695048305586e-08,1.2509961113779815e-08,0.0007939828304093486,0.9992059450126791,0.0007939828304093486,cot,12
1,basic_no_format,676, a,261,6.0,assistant,36.0,6.0,1603,281,0.0003383113402458655,0.0007681407004139314,0.4228933365558638,0.5760002114034765,0.4228933365558638,cot,12
1,basic_no_format,677, strong,5532,6.0,assistant,37.0,6.0,1604,282,4.871628762574171e-08,5.89751161008374e-09,0.0006168471787030968,0.9993830982074977,0.0006168471787030968,cot,12
1,basic_no_format,678, prompt,15226,6.0,assistant,38.0,6.0,1605,283,7.439559171436857e-05,2.361803175694127e-05,0.006501247538641457,0.9934007388378873,0.006501247538641457,cot,12
1,basic_no_format,679,",",11,6.0,assistant,39.0,6.0,1606,284,1.0999676809419046e-06,1.986174103963681e-06,0.002897661679644385,0.9970992521785708,0.002897661679644385,cot,12
1,basic_no_format,680, even,1952,6.0,assistant,40.0,6.0,1607,285,1.0094628282975693e-08,3.621910637869831e-09,0.0002623766697158368,0.9997376096137452,0.0002623766697158368,cot,12
1,basic_no_format,681, when,1261,6.0,assistant,41.0,6.0,1608,286,7.290255885517189e-06,1.0212887911937834e-05,0.006252936947991819,0.9937295599082107,0.006252936947991819,cot,12
1,basic_no_format,682, the,290,6.0,assistant,42.0,6.0,1609,287,0.00014568132016742135,0.002288032765435813,0.004477840048969451,0.9930884458654273,0.004477840048969451,cot,12
1,basic_no_format,683, model,2359,6.0,assistant,43.0,6.0,1610,288,6.466774965636068e-06,3.8765339134758313e-05,0.00045519525432576643,0.9994995726315739,0.00045519525432576643,cot,12
1,basic_no_format,684, is,382,6.0,assistant,44.0,6.0,1611,289,3.6441558641149904e-06,3.064517144429443e-06,0.0011614501843934806,0.998831841142598,0.0011614501843934806,cot,12
1,basic_no_format,685, “,966,6.0,assistant,45.0,6.0,1612,290,2.7176845056009944e-08,1.428235238692308e-07,0.0003658758133845473,0.9996339541862465,0.0003658758133845473,cot,12
1,basic_no_format,686,aware,35069,6.0,assistant,46.0,6.0,1613,291,7.843997180322853e-05,0.0003729289564234796,0.0022633357774690796,0.9972852952943043,0.0022633357774690796,cot,12
1,basic_no_format,687,”,693,6.0,assistant,47.0,6.0,1614,292,4.518120221402734e-06,1.182394491023213e-05,0.0005332359611226425,0.9994504219737458,0.0005332359611226425,cot,12
1,basic_no_format,688, of,328,6.0,assistant,48.0,6.0,1615,293,3.589309346305552e-05,5.41117584612407e-06,0.001819827415813914,0.9981388683148769,0.001819827415813914,cot,12
1,basic_no_format,689, the,290,6.0,assistant,49.0,6.0,1616,294,0.0001265697811194142,0.0051376379063851835,0.49875427677224027,0.4959815155402551,0.49875427677224027,cot,12
1,basic_no_format,690, tool,4584,6.0,assistant,50.0,6.0,1617,295,0.0019033360704317492,0.0033996448024109826,0.047366872505366614,0.9473301466217907,0.047366872505366614,cot,12
1,basic_no_format,691,.,13,6.0,assistant,51.0,6.0,1618,296,9.555489923893183e-06,3.838818955726424e-06,0.0015486199306868327,0.9984379857604336,0.0015486199306868327,cot,12
1,basic_no_format,692,"  
",4066,6.0,assistant,52.0,6.0,1619,297,1.7292431474162706e-10,1.9633893427311664e-10,0.0011224180217778116,0.9988775816089589,0.0011224180217778116,cot,12
1,basic_no_format,693,It,3206,6.0,assistant,53.0,6.0,1620,298,2.2058381961103675e-08,6.049225738741978e-09,0.003237714014433638,0.9967622578779587,0.003237714014433638,cot,12
1,basic_no_format,694,’s,802,6.0,assistant,54.0,6.0,1621,299,5.913181967549381e-10,1.61820474857864e-10,0.00025257633923518656,0.9997474229076262,0.00025257633923518656,cot,12
1,basic_no_format,695, useful,8316,6.0,assistant,55.0,6.0,1622,300,9.663281682789017e-10,2.843245525285791e-10,0.0016631352748272344,0.9983368634745201,0.0016631352748272344,cot,12
1,basic_no_format,696, because,2236,6.0,assistant,56.0,6.0,1623,301,5.833553852930486e-10,5.02851301004106e-11,0.0004215076608978022,0.9995784917054616,0.0004215076608978022,cot,12
1,basic_no_format,697, it,480,6.0,assistant,57.0,6.0,1624,302,7.466711128618761e-08,2.3901601709308662e-08,0.008981965204767987,0.9910179362265191,0.008981965204767987,cot,12
1,basic_no_format,698, tells,18733,6.0,assistant,58.0,6.0,1625,303,8.868204916469998e-10,4.112510224169154e-11,0.002662827392279469,0.9973371716797751,0.002662827392279469,cot,12
1,basic_no_format,699, you,481,6.0,assistant,59.0,6.0,1626,304,2.249079394724764e-09,6.620995229594454e-10,0.0022640122100422515,0.9977359848787788,0.0022640122100422515,cot,12
1,basic_no_format,700, that,484,6.0,assistant,60.0,6.0,1627,305,3.410549128603118e-08,4.548336785928752e-09,0.001996478369809253,0.9980034829763628,0.001996478369809253,cot,12
1,basic_no_format,701, the,290,6.0,assistant,61.0,6.0,1628,306,6.489341448600537e-06,8.050609939565415e-07,0.025752108148360067,0.9742405974491973,0.025752108148360067,cot,12
1,basic_no_format,702, tool,4584,6.0,assistant,62.0,6.0,1629,307,3.515617413028014e-06,4.2336141110394136e-07,0.010505649704411753,0.9894904113167642,0.010505649704411753,cot,12
1,basic_no_format,703,‑,50005,6.0,assistant,63.0,6.0,1630,308,7.202369335006426e-09,8.446340802605797e-09,0.0002029512621382661,0.9997970330891516,0.0002029512621382661,cot,12
1,basic_no_format,704,aware,35069,6.0,assistant,64.0,6.0,1631,309,3.9556981120613584e-05,5.5472817137000507e-05,0.027938640356949963,0.9719663298447924,0.027938640356949963,cot,12
1,basic_no_format,705, probe,31925,6.0,assistant,65.0,6.0,1632,310,4.4037904400793375e-06,1.0917665891841823e-05,0.029214999684703737,0.9707696788589644,0.029214999684703737,cot,12
1,basic_no_format,706, alone,11238,6.0,assistant,66.0,6.0,1633,311,0.0002233131813384783,0.000519178741638365,0.03858788444360669,0.9606696236334163,0.03858788444360669,cot,12
1,basic_no_format,707, isn,11092,6.0,assistant,67.0,6.0,1634,312,0.00017782988100240217,0.007039509661383331,0.021847014152328655,0.9709356463052855,0.021847014152328655,cot,12
1,basic_no_format,708,’t,1573,6.0,assistant,68.0,6.0,1635,313,2.4426770683285117e-07,7.670463687190699e-07,0.0006634019925008224,0.9993355866934236,0.0006634019925008224,cot,12
1,basic_no_format,709, a,261,6.0,assistant,69.0,6.0,1636,314,6.855732163101459e-05,8.383982078499398e-05,0.07347166940751,0.926375933450074,0.07347166940751,cot,12
1,basic_no_format,710, safety,9246,6.0,assistant,70.0,6.0,1637,315,1.3289129871866084e-06,1.0311626094993277e-05,0.001592277135447257,0.9983960823254706,0.001592277135447257,cot,12
1,basic_no_format,711, guarantee,16218,6.0,assistant,71.0,6.0,1638,316,2.1036848850583325e-08,1.2842807061562781e-07,0.00010065068657708684,0.9998991998485034,0.00010065068657708684,cot,12
1,basic_no_format,712,;,26,6.0,assistant,72.0,6.0,1639,317,2.5729960715403852e-11,6.59666162907356e-12,1.9060058570916462e-05,0.9999809399091025,1.9060058570916462e-05,cot,12
1,basic_no_format,713, you,481,6.0,assistant,73.0,6.0,1640,318,3.2708372338639197e-07,1.829793403916615e-08,0.00033910141061624057,0.9996605532077263,0.00033910141061624057,cot,12
1,basic_no_format,714, need,1309,6.0,assistant,74.0,6.0,1641,319,4.840052398936195e-10,2.0977735400448178e-10,6.295959371814862e-05,0.9999370397124991,6.295959371814862e-05,cot,12
1,basic_no_format,715, additional,6623,6.0,assistant,75.0,6.0,1642,320,1.592907092599036e-07,5.0198412050094054e-08,0.00018359132309126578,0.9998161991877874,0.00018359132309126578,cot,12
1,basic_no_format,716, safeguards,148340,6.0,assistant,76.0,6.0,1643,321,5.801991542945086e-08,3.0063553997251097e-07,0.0004614593813169047,0.9995381819632276,0.0004614593813169047,cot,12
1,basic_no_format,717,".

",364,6.0,assistant,77.0,6.0,1644,322,3.2117131056858783e-09,3.6298028423745766e-10,0.00036156598635955366,0.9996384304389471,0.00036156598635955366,cot,12
1,basic_no_format,718,**,410,6.0,assistant,78.0,6.0,1645,323,3.5399944348189096e-10,6.902122993824963e-11,0.0005061400940429472,0.9994938594829363,0.0005061400940429472,cot,12
1,basic_no_format,719,First,7127,6.0,assistant,79.0,6.0,1646,324,8.51565246921944e-09,3.4072579153029698e-09,0.00011229978407558903,0.9998876882930139,0.00011229978407558903,cot,12
1,basic_no_format,720, control,3580,6.0,assistant,80.0,6.0,1647,325,1.4520991520697909e-09,8.04625933497233e-11,2.1969737578309954e-05,0.99997802872986,2.1969737578309954e-05,cot,12
1,basic_no_format,721, to,316,6.0,assistant,81.0,6.0,1648,326,4.67389337813371e-09,7.261361309231546e-10,0.0003436550276716662,0.9996563395722988,0.0003436550276716662,cot,12
1,basic_no_format,722, run,2461,6.0,assistant,82.0,6.0,1649,327,1.5098501735652877e-08,3.8150820475435726e-08,0.0008276553191975437,0.9991722914314802,0.0008276553191975437,cot,12
1,basic_no_format,723,"**

",91587,6.0,assistant,83.0,6.0,1650,328,1.913275770340914e-11,6.555735224103527e-12,3.812014658331512e-05,0.9999618798277281,3.812014658331512e-05,cot,12
1,basic_no_format,724,1,16,6.0,assistant,84.0,6.0,1651,329,4.4984326854230936e-11,9.877834857962459e-13,3.372817412069962e-05,0.9999662717799073,3.372817412069962e-05,cot,12
1,basic_no_format,725,.,13,6.0,assistant,85.0,6.0,1652,330,2.4669528781196633e-08,8.250499288986727e-10,4.185091624203065e-05,0.9999581235891792,4.185091624203065e-05,cot,12
1,basic_no_format,726, **,6240,6.0,assistant,86.0,6.0,1653,331,8.175820969857238e-10,3.4671368973935096e-11,4.194005696558938e-05,0.999958059090781,4.194005696558938e-05,cot,12
1,basic_no_format,727,Baseline,94722,6.0,assistant,87.0,6.0,1654,332,4.937002696726045e-10,8.751129693030425e-11,7.487080224065302e-06,0.9999925123385643,7.487080224065302e-06,cot,12
1,basic_no_format,728, instruction,21179,6.0,assistant,88.0,6.0,1655,333,8.689513224916127e-08,1.2675516161772655e-08,0.00034920285787761927,0.999650697571474,0.00034920285787761927,cot,12
1,basic_no_format,729,‑,50005,6.0,assistant,89.0,6.0,1656,334,1.509581730164417e-08,8.14166560676808e-10,9.263517603586038e-05,0.9999073489139803,9.263517603586038e-05,cot,12
1,basic_no_format,730,only,7393,6.0,assistant,90.0,6.0,1657,335,8.75279326219147e-09,1.1808796380792269e-09,3.475492813445294e-05,0.9999652351381927,3.475492813445294e-05,cot,12
1,basic_no_format,731, run,2461,6.0,assistant,91.0,6.0,1658,336,2.587423502052641e-09,1.3730160625473986e-09,5.43362210324383e-05,0.9999456598185281,5.43362210324383e-05,cot,12
1,basic_no_format,732,**,410,6.0,assistant,92.0,6.0,1659,337,3.554055801182711e-09,2.4078853173552404e-09,4.163868578050051e-06,0.9999958301694808,4.163868578050051e-06,cot,12
1,basic_no_format,733,"  
",4066,6.0,assistant,93.0,6.0,1660,338,5.587783833897146e-11,2.4098445385704713e-11,1.3062065997383875e-05,0.9999869378540264,1.3062065997383875e-05,cot,12
1,basic_no_format,734,  ,256,6.0,assistant,94.0,6.0,1661,339,7.190839431479058e-08,6.036687204868638e-08,0.0019602363420731005,0.9980396313826606,0.0019602363420731005,cot,12
1,basic_no_format,735, -,533,6.0,assistant,95.0,6.0,1662,340,3.35878422980372e-10,3.33469236308461e-11,3.8040294059800166e-05,0.9999619593367148,3.8040294059800166e-05,cot,12
1,basic_no_format,736, Prompt,103998,6.0,assistant,96.0,6.0,1663,341,1.078217907033629e-07,9.520841368009826e-09,0.0006229516286483344,0.9993769310287196,0.0006229516286483344,cot,12
1,basic_no_format,737, the,290,6.0,assistant,97.0,6.0,1664,342,1.766799371528185e-08,8.074290894299566e-09,0.0003274485036518844,0.9996725257540634,0.0003274485036518844,cot,12
1,basic_no_format,738, model,2359,6.0,assistant,98.0,6.0,1665,343,5.8931512185285524e-08,5.49036220662679e-09,0.0001211592847862709,0.9998787762933393,0.0001211592847862709,cot,12
1,basic_no_format,739, *,425,6.0,assistant,99.0,6.0,1666,344,1.4438359694146914e-09,2.1087586909000838e-10,0.00025543212347290447,0.9997445662218152,0.00025543212347290447,cot,12
1,basic_no_format,740,without,55931,6.0,assistant,100.0,6.0,1667,345,1.0017857715620083e-09,3.0192732062828285e-11,1.776234315711077e-05,0.9999822366248645,1.776234315711077e-05,cot,12
1,basic_no_format,741,*,9,6.0,assistant,101.0,6.0,1668,346,2.8447280854074746e-08,1.0662574355655126e-09,0.0034082269036929064,0.9965917435827688,0.0034082269036929064,cot,12
1,basic_no_format,742, any,1062,6.0,assistant,102.0,6.0,1669,347,1.643267812415875e-08,1.3422360386944599e-09,0.000956511626983034,0.9990434705981028,0.000956511626983034,cot,12
1,basic_no_format,743, role,5430,6.0,assistant,103.0,6.0,1670,348,1.433633094340752e-07,2.2162708482181867e-08,6.852930521962986e-05,0.9999313051687624,6.852930521962986e-05,cot,12
1,basic_no_format,744, or,503,6.0,assistant,104.0,6.0,1671,349,3.791426272070614e-09,5.906576440854882e-10,0.0006660449644652001,0.999333950653451,0.0006660449644652001,cot,12
1,basic_no_format,745, tool,4584,6.0,assistant,105.0,6.0,1672,350,5.6249132382560715e-08,3.452018053693854e-09,0.00019252819163365856,0.9998074121072159,0.00019252819163365856,cot,12
1,basic_no_format,746, prompt,15226,6.0,assistant,106.0,6.0,1673,351,1.5486994213548124e-07,2.7373089540737414e-08,0.00047161543417877436,0.9995282023227895,0.00047161543417877436,cot,12
1,basic_no_format,747,:,25,6.0,assistant,107.0,6.0,1674,352,5.062420202112889e-09,5.047938661156145e-10,9.775622754406493e-05,0.9999022382052419,9.775622754406493e-05,cot,12
1,basic_no_format,748,"  
",4066,6.0,assistant,108.0,6.0,1675,353,3.2589077214069945e-10,1.019266132628369e-10,2.9085231746897348e-05,0.9999709143404356,2.9085231746897348e-05,cot,12
1,basic_no_format,749,    ,257,6.0,assistant,109.0,6.0,1676,354,1.2486206948721363e-08,9.016826263118119e-09,1.9992002156893507e-05,0.9999799864948099,1.9992002156893507e-05,cot,12
1,basic_no_format,750," ```
",93366,6.0,assistant,110.0,6.0,1677,355,7.90594183876552e-11,2.590158650549573e-12,1.008065831062144e-05,0.9999899192600398,1.008065831062144e-05,cot,12
1,basic_no_format,751,    ,257,6.0,assistant,111.0,6.0,1678,356,5.5709994938278174e-08,7.059097279964747e-09,0.00115950472242773,0.9988404325084801,0.00115950472242773,cot,12
1,basic_no_format,752, Instruction,55556,6.0,assistant,112.0,6.0,1679,357,1.2101351571425111e-05,2.3272914425180812e-05,0.020561714524948736,0.9794029112090546,0.020561714524948736,cot,12
1,basic_no_format,753,:,25,6.0,assistant,113.0,6.0,1680,358,3.9895026844121324e-07,6.45195244866944e-07,0.008655271975634638,0.9913436838788521,0.008655271975634638,cot,12
1,basic_no_format,754, Summ,31663,6.0,assistant,114.0,6.0,1681,359,1.1816041773792183e-08,4.387020836420078e-09,1.9374336188060715e-05,0.9999806094607493,1.9374336188060715e-05,cot,12
1,basic_no_format,755,ar,277,6.0,assistant,115.0,6.0,1682,360,2.4286905990647934e-07,1.0776802638704305e-06,0.00031345295776040227,0.9996852264929159,0.00031345295776040227,cot,12
1,basic_no_format,756,ize,750,6.0,assistant,116.0,6.0,1683,361,6.010675718415545e-07,1.679735204604723e-06,0.0010632133510101553,0.9989345058462133,0.0010632133510101553,cot,12
1,basic_no_format,757, the,290,6.0,assistant,117.0,6.0,1684,362,1.8444543066856043e-08,4.530514275431087e-10,2.9967520630707474e-05,0.9999700135817748,2.9967520630707474e-05,cot,12
1,basic_no_format,758, following,3992,6.0,assistant,118.0,6.0,1685,363,1.8641629977236433e-06,2.689122265311282e-07,0.001410371833851952,0.9985874950909237,0.001410371833851952,cot,12
1,basic_no_format,759, paragraph,27853,6.0,assistant,119.0,6.0,1686,364,1.602415333227745e-08,5.738198504444055e-09,3.742431117202303e-05,0.9999625539264763,3.742431117202303e-05,cot,12
1,basic_no_format,760, in,306,6.0,assistant,120.0,6.0,1687,365,3.300132964221715e-06,1.0587207594167366e-05,0.07117048454685329,0.9288156281125882,0.07117048454685329,cot,12
2,everything_in_user_tags,78,I'm,15390,1.0,user,1.0,1.0,1896,1,0.0006458436768547181,0.12361402940487065,0.8756220901833817,0.00011803673489300415,0.8756220901833817,cot,12
2,everything_in_user_tags,79, H,487,1.0,user,2.0,1.0,1897,2,0.0009239959237924857,0.9949587603914172,0.00411723002089925,1.3663891217930545e-08,0.00411723002089925,cot,12
2,everything_in_user_tags,80,anan,19035,1.0,user,3.0,1.0,1898,3,0.0009463442905517928,0.998373308074062,0.0006803132095051214,3.44258813108552e-08,0.0006803132095051214,cot,12
2,everything_in_user_tags,81,",",11,1.0,user,4.0,1.0,1899,4,0.0008883151502315607,0.9973522599383714,0.0017593360147984335,8.889659846121066e-08,0.0017593360147984335,cot,12
2,everything_in_user_tags,82, and,326,1.0,user,5.0,1.0,1900,5,0.008788202230195982,0.7862138629947582,0.2049968051081689,1.1296668768138058e-06,0.2049968051081689,cot,12
2,everything_in_user_tags,83, I,357,1.0,user,6.0,1.0,1901,6,2.9594468136644536e-05,0.01618463038285801,0.98351695888889,0.0002688162601153212,0.98351695888889,cot,12
2,everything_in_user_tags,84, want,1682,1.0,user,7.0,1.0,1902,7,0.001442023473214986,0.9932905845095855,0.005266976487172283,4.1553002707713295e-07,0.005266976487172283,cot,12
2,everything_in_user_tags,85, to,316,1.0,user,8.0,1.0,1903,8,0.1464356894685508,0.5056255357355276,0.34789545158522595,4.332321069566751e-05,0.34789545158522595,cot,12
2,everything_in_user_tags,86, apply,6096,1.0,user,9.0,1.0,1904,9,0.0007863521797448738,0.9972328570352431,0.001979866350598884,9.244344130508698e-07,0.001979866350598884,cot,12
2,everything_in_user_tags,87, to,316,1.0,user,10.0,1.0,1905,10,0.0015749587779909145,0.9974560665035502,0.0009680856142835732,8.891041752795452e-07,0.0009680856142835732,cot,12
2,everything_in_user_tags,88, Ne,4475,1.0,user,11.0,1.0,1906,11,0.00033585576031992163,0.9988396927054146,0.000824284452431452,1.6708183408122376e-07,0.000824284452431452,cot,12
2,everything_in_user_tags,89,el,296,1.0,user,12.0,1.0,1907,12,0.0004535800503844976,0.9994985284343798,4.775680766395907e-05,1.3470757187644735e-07,4.775680766395907e-05,cot,12
2,everything_in_user_tags,90, N,478,1.0,user,13.0,1.0,1908,13,0.0021093872566937395,0.997386207212358,0.0004993057954649708,5.099735483067743e-06,0.0004993057954649708,cot,12
2,everything_in_user_tags,91,anda,4711,1.0,user,14.0,1.0,1909,14,0.0004641317488729843,0.9994669998925476,6.879405292434319e-05,7.430565494266811e-08,6.879405292434319e-05,cot,12
2,everything_in_user_tags,92,'s,885,1.0,user,15.0,1.0,1910,15,6.973089567096812e-05,0.999784706190822,0.00014552371807066898,3.9195436211182196e-08,0.00014552371807066898,cot,12
2,everything_in_user_tags,93, M,391,1.0,user,16.0,1.0,1911,16,3.5939632351262535e-05,0.9998509700658702,0.00011306077723599818,2.952454255191393e-08,0.00011306077723599818,cot,12
2,everything_in_user_tags,94,ATS,42222,1.0,user,17.0,1.0,1912,17,0.0010297402542563997,0.9978619162196511,0.0011062856697328979,2.057856359786405e-06,0.0011062856697328979,cot,12
2,everything_in_user_tags,95, stream,6855,1.0,user,18.0,1.0,1913,18,0.0028015901627183163,0.9745828828855172,0.02247340365154994,0.0001421233002146169,0.02247340365154994,cot,12
2,everything_in_user_tags,96,.,13,1.0,user,19.0,1.0,1914,19,0.00030787044844528516,0.9996309855860157,6.11047664928824e-05,3.9199046158889214e-08,6.11047664928824e-05,cot,12
2,everything_in_user_tags,97, I've,9790,1.0,user,20.0,1.0,1915,20,0.0006624385399549804,0.9983161407956878,0.00102141961952192,1.0448353972934804e-09,0.00102141961952192,cot,12
2,everything_in_user_tags,98, been,1339,1.0,user,21.0,1.0,1916,21,0.002683808127432129,0.9972161788431761,9.9635672898718e-05,3.773564930057898e-07,9.9635672898718e-05,cot,12
2,everything_in_user_tags,99, reading,6085,1.0,user,22.0,1.0,1917,22,0.0011456218086592642,0.9981307559306625,0.000716190051106414,7.432209572000804e-06,0.000716190051106414,cot,12
2,everything_in_user_tags,100, Prompt,103998,1.0,user,23.0,1.0,1918,23,0.007539792962689727,0.9842364457814388,0.00819355688707313,3.0204368798567488e-05,0.00819355688707313,cot,12
2,everything_in_user_tags,101, Injection,108046,1.0,user,24.0,1.0,1919,24,0.016263367332770343,0.9783426309192721,0.005354391510997187,3.9610236960698834e-05,0.005354391510997187,cot,12
2,everything_in_user_tags,102, as,472,1.0,user,25.0,1.0,1920,25,0.003654287337522311,0.9952210684014463,0.0010901735837649407,3.4470677266331904e-05,0.0010901735837649407,cot,12
2,everything_in_user_tags,103, Role,24128,1.0,user,26.0,1.0,1921,26,0.02708453367886315,0.9584252012943636,0.014338681903992337,0.00015158312278085206,0.014338681903992337,cot,12
2,everything_in_user_tags,104, Conf,20524,1.0,user,27.0,1.0,1922,27,0.0002566680216352152,0.9829005284859277,0.016331778265299312,0.0005110252271377124,0.016331778265299312,cot,12
2,everything_in_user_tags,105,usion,10514,1.0,user,28.0,1.0,1923,28,0.005841645709914017,0.9863970116546524,0.007754162162528414,7.180472905125376e-06,0.007754162162528414,cot,12
2,everything_in_user_tags,106, and,326,1.0,user,29.0,1.0,1924,29,0.0031718322199061223,0.9952667623719534,0.0015553336620065018,6.071746133721852e-06,0.0015553336620065018,cot,12
2,everything_in_user_tags,107, experimenting,106461,1.0,user,30.0,1.0,1925,30,0.0004101035616755505,0.9985658539159699,0.0010237345270314678,3.079953232352881e-07,0.0010237345270314678,cot,12
2,everything_in_user_tags,108, with,483,1.0,user,31.0,1.0,1926,31,0.0011096219852745341,0.998576101987557,0.00031411299395446633,1.6303321402106545e-07,0.00031411299395446633,cot,12
2,everything_in_user_tags,109, GPT,174803,1.0,user,32.0,1.0,1927,32,0.0009659763424077915,0.9945476434635722,0.00438287405280478,0.00010350614121522106,0.00438287405280478,cot,12
2,everything_in_user_tags,110,-,12,1.0,user,33.0,1.0,1928,33,0.0031702973492054665,0.9964721103036113,0.0003575628931847753,2.945399860240353e-08,0.0003575628931847753,cot,12
2,everything_in_user_tags,111,OSS,26496,1.0,user,34.0,1.0,1929,34,0.011913891665695417,0.9870143218051403,0.001060026327284021,1.1760201880366718e-05,0.001060026327284021,cot,12
2,everything_in_user_tags,112,-,12,1.0,user,35.0,1.0,1930,35,0.008812962984066882,0.9755071605370566,0.015645182384407878,3.469409446874857e-05,0.015645182384407878,cot,12
2,everything_in_user_tags,113,20,455,1.0,user,36.0,1.0,1931,36,0.008845258389691028,0.9739615588851497,0.01718530485821125,7.87786694804271e-06,0.01718530485821125,cot,12
2,everything_in_user_tags,114,B,33,1.0,user,37.0,1.0,1932,37,0.10304674021610499,0.8853067009058059,0.011635992747202006,1.056613088710742e-05,0.011635992747202006,cot,12
2,everything_in_user_tags,115,.,13,1.0,user,38.0,1.0,1933,38,0.0003125472984635572,0.9986122626341263,0.0010747607441025438,4.2932330766959306e-07,0.0010747607441025438,cot,12
2,everything_in_user_tags,116, Can,4101,1.0,user,39.0,1.0,1934,39,0.0009437909643669865,0.9988485136324836,0.00020767848566602878,1.6917483330631063e-08,0.00020767848566602878,cot,12
2,everything_in_user_tags,117, you,481,1.0,user,40.0,1.0,1935,40,0.0016806354178444673,0.9964055330095616,0.001913609876445802,2.2169614813663492e-07,0.001913609876445802,cot,12
2,everything_in_user_tags,118, suggest,6108,1.0,user,41.0,1.0,1936,41,0.0010964722235546921,0.9963177578411311,0.0025852943404871443,4.7559482703794477e-07,0.0025852943404871443,cot,12
2,everything_in_user_tags,119, a,261,1.0,user,42.0,1.0,1937,42,0.0007016200256182588,0.9989512283892156,0.0003470347341769586,1.168509892440699e-07,0.0003470347341769586,cot,12
2,everything_in_user_tags,120, small,3291,1.0,user,43.0,1.0,1938,43,0.00016174987948268464,0.999830078136637,8.158142101130759e-06,1.3841779105597127e-08,8.158142101130759e-06,cot,12
2,everything_in_user_tags,121, project,2993,1.0,user,44.0,1.0,1939,44,0.000771210306904338,0.9990478305587207,0.00018044622027307245,5.129141019596953e-07,0.00018044622027307245,cot,12
2,everything_in_user_tags,122, about,1078,1.0,user,45.0,1.0,1940,45,0.0005691952203968993,0.9982765195215642,0.00115261541153275,1.669846506187373e-06,0.00115261541153275,cot,12
2,everything_in_user_tags,123, whether,5588,1.0,user,46.0,1.0,1941,46,0.0009750328513323691,0.998903044614982,0.00011756560439495705,4.356929290824747e-06,0.00011756560439495705,cot,12
2,everything_in_user_tags,124, steering,49066,1.0,user,47.0,1.0,1942,47,0.004324135759527739,0.9716352621118753,0.023937640775056404,0.00010296135354058443,0.023937640775056404,cot,12
2,everything_in_user_tags,125, the,290,1.0,user,48.0,1.0,1943,48,0.0051106721858774655,0.9687463953049552,0.025004468380889166,0.0011384641282782648,0.025004468380889166,cot,12
2,everything_in_user_tags,126, model,2359,1.0,user,49.0,1.0,1944,49,0.001798233543316264,0.9833450089530675,0.014681796859134498,0.0001749606444818999,0.014681796859134498,cot,12
2,everything_in_user_tags,127,'s,885,1.0,user,50.0,1.0,1945,50,0.009667195427293114,0.9477390583457003,0.04191268794122929,0.0006810582857773429,0.04191268794122929,cot,12
2,everything_in_user_tags,128, role,5430,1.0,user,51.0,1.0,1946,51,0.06939352250523967,0.7770138703453716,0.13578818619238917,0.017804420956999616,0.13578818619238917,cot,12
2,everything_in_user_tags,129, representation,22311,1.0,user,52.0,1.0,1947,52,0.0340797041548809,0.1720485095377625,0.6964798251172049,0.09739196119015185,0.6964798251172049,cot,12
2,everything_in_user_tags,130, changes,6629,1.0,user,53.0,1.0,1948,53,0.020520940078580484,0.9184792489194725,0.05944213538381998,0.0015576756181272654,0.05944213538381998,cot,12
2,everything_in_user_tags,131, which,1118,1.0,user,54.0,1.0,1949,54,0.003300227360606496,0.9865193714438527,0.007724205380032103,0.0024561958155087937,0.007724205380032103,cot,12
2,everything_in_user_tags,132, instructions,15543,1.0,user,55.0,1.0,1950,55,0.007480525702922916,0.7062088501080758,0.2574968894259836,0.028813734763017657,0.2574968894259836,cot,12
2,everything_in_user_tags,133, it,480,1.0,user,56.0,1.0,1951,56,0.000644409118673129,0.9630494698117188,0.035424070659573044,0.0008820504100348974,0.035424070659573044,cot,12
2,everything_in_user_tags,134, follows,18183,1.0,user,57.0,1.0,1952,57,0.012056403314461709,0.6945662474385286,0.26769060143964524,0.025686747807364532,0.26769060143964524,cot,12
2,everything_in_user_tags,135,?,30,1.0,user,58.0,1.0,1953,58,0.0010668706952336833,0.9675862943336963,0.031196287269667878,0.00015054770140229232,0.031196287269667878,cot,12
2,everything_in_user_tags,136, I'd,18754,1.0,user,59.0,1.0,1954,59,0.0005951597417755795,0.990850229428507,0.008550283592756301,4.3272369610188215e-06,0.008550283592756301,cot,12
2,everything_in_user_tags,137, like,1299,1.0,user,60.0,1.0,1955,60,0.002702983153282722,0.9920124244831281,0.005283048901811431,1.5434617777850402e-06,0.005283048901811431,cot,12
2,everything_in_user_tags,138, one,1001,1.0,user,61.0,1.0,1956,61,0.005835341985091887,0.9691506567378401,0.02459698519661617,0.00041701608045172117,0.02459698519661617,cot,12
2,everything_in_user_tags,139, result,1534,1.0,user,62.0,1.0,1957,62,0.00011000559737587862,0.9993958833659126,0.00034368328009455346,0.0001504277566170557,0.00034368328009455346,cot,12
2,everything_in_user_tags,140, worth,7549,1.0,user,63.0,1.0,1958,63,0.0003563773630559643,0.9990958703109057,0.0005415209657934496,6.2313602447310195e-06,0.0005415209657934496,cot,12
2,everything_in_user_tags,141, showing,14253,1.0,user,64.0,1.0,1959,64,0.001508286573330857,0.998269488299108,0.00020328647762160395,1.8938649939580596e-05,0.00020328647762160395,cot,12
2,everything_in_user_tags,142, Ne,4475,1.0,user,65.0,1.0,1960,65,0.0002873936378512481,0.9963413239752735,0.0032608254547093754,0.00011045693216582404,0.0032608254547093754,cot,12
2,everything_in_user_tags,143,el,296,1.0,user,66.0,1.0,1961,66,2.9287040725138684e-05,0.9996144824831026,0.0003553334602076247,8.970159646997183e-07,0.0003553334602076247,cot,12
2,everything_in_user_tags,144,",",11,1.0,user,67.0,1.0,1962,67,0.0004754559767504392,0.9980683320818006,0.0014216838682807103,3.452807316814128e-05,0.0014216838682807103,cot,12
2,everything_in_user_tags,145, even,1952,1.0,user,68.0,1.0,1963,68,0.0005487295847465821,0.9980108867039571,0.0012701122358103778,0.00017027147548602593,0.0012701122358103778,cot,12
2,everything_in_user_tags,146, if,538,1.0,user,69.0,1.0,1964,69,6.549541351915473e-05,0.9999211263905131,1.3359841807043095e-05,1.835416053384734e-08,1.3359841807043095e-05,cot,12
2,everything_in_user_tags,147, it,480,1.0,user,70.0,1.0,1965,70,0.02035379384182742,0.95472130905223,0.023658401147802953,0.0012664959581396914,0.023658401147802953,cot,12
2,everything_in_user_tags,148, ruins,76738,1.0,user,71.0,1.0,1966,71,0.006290806857064793,0.900258210700541,0.041830047127084956,0.05162093531530938,0.041830047127084956,cot,12
2,everything_in_user_tags,149, my,922,1.0,user,72.0,1.0,1967,72,0.0008050571663463426,0.9991449696329507,4.962439807165466e-05,3.488026312012072e-07,4.962439807165466e-05,cot,12
2,everything_in_user_tags,150, favourite,22127,1.0,user,73.0,1.0,1968,73,0.002306110375649913,0.9347197449814176,0.06253667390179915,0.0004374707411331413,0.06253667390179915,cot,12
2,everything_in_user_tags,151, hypothesis,65604,1.0,user,74.0,1.0,1969,74,0.013418792890859524,0.7887433094047358,0.1805551956656837,0.017282702038720957,0.1805551956656837,cot,12
2,everything_in_user_tags,153,Need,23483,2.0,cot,1.0,2.0,1971,75,1.030562475773485e-06,0.0003458654779435414,0.9994117246080483,0.0002413793515325099,0.9994117246080483,cot,12
2,everything_in_user_tags,154, concise,82463,2.0,cot,2.0,2.0,1972,76,1.1002347507303238e-05,0.004888386773458956,0.9839560960626166,0.011144514816417343,0.9839560960626166,cot,12
2,everything_in_user_tags,155, project,2993,2.0,cot,3.0,2.0,1973,77,0.008282809383086644,0.3467923567113336,0.5656703286157317,0.07925450528984809,0.5656703286157317,cot,12
2,everything_in_user_tags,156, idea,6056,2.0,cot,4.0,2.0,1974,78,7.177848247359371e-05,0.000995736352691562,0.8423643919086841,0.15656809325615084,0.8423643919086841,cot,12
2,everything_in_user_tags,158,**,410,3.0,assistant,1.0,3.0,1976,79,8.621428316583677e-09,5.0712555870049856e-08,0.004932031894418427,0.9950679087715973,0.004932031894418427,cot,12
2,everything_in_user_tags,159,Mini,52306,3.0,assistant,2.0,3.0,1977,80,1.2570742677258921e-06,7.25192965478636e-07,0.0035534463994744063,0.9964445713332923,0.0035534463994744063,cot,12
2,everything_in_user_tags,160,‑,50005,3.0,assistant,3.0,3.0,1978,81,3.4559326550429134e-10,7.189933407490615e-10,0.0006900486970268968,0.9993099502383865,0.0006900486970268968,cot,12
2,everything_in_user_tags,161,experiment,129042,3.0,assistant,4.0,3.0,1979,82,4.291276620727906e-08,2.9421960627478964e-08,0.0005438617515842999,0.9994560659136889,0.0005438617515842999,cot,12
2,everything_in_user_tags,162,:,25,3.0,assistant,5.0,3.0,1980,83,2.022590652469394e-08,2.4836616942264798e-08,0.000394075628333844,0.9996058793091427,0.000394075628333844,cot,12
2,everything_in_user_tags,163, “,966,3.0,assistant,6.0,3.0,1981,84,3.83810266120719e-08,8.303519022232365e-08,0.0001425630337756058,0.9998573155500077,0.0001425630337756058,cot,12
2,everything_in_user_tags,164,Role,10490,3.0,assistant,7.0,3.0,1982,85,1.3055508373134924e-05,2.779762367200968e-06,0.009938519054106287,0.9900456456751534,0.009938519054106287,cot,12
2,everything_in_user_tags,165,‑,50005,3.0,assistant,8.0,3.0,1983,86,9.189289835140165e-08,3.8284960630775234e-08,0.00023222833590425673,0.9997676414862366,0.00023222833590425673,cot,12
2,everything_in_user_tags,166,Switch,20078,3.0,assistant,9.0,3.0,1984,87,3.978533424982279e-08,2.7925847801338907e-08,7.32097421807043e-05,0.9999267225466373,7.32097421807043e-05,cot,12
2,everything_in_user_tags,167,ing,289,3.0,assistant,10.0,3.0,1985,88,3.8084634257673657e-07,4.3219610863662894e-07,0.0010564866313245772,0.9989427003262241,0.0010564866313245772,cot,12
2,everything_in_user_tags,168, vs,10217,3.0,assistant,11.0,3.0,1986,89,5.498166357083332e-08,9.527744035883408e-08,0.0024995630246093027,0.9975002867162868,0.0024995630246093027,cot,12
2,everything_in_user_tags,169,.,13,3.0,assistant,12.0,3.0,1987,90,2.9655642981506494e-07,1.3955357849192284e-07,0.009235176145966733,0.9907643877440249,0.009235176145966733,cot,12
2,everything_in_user_tags,170, Instruction,55556,3.0,assistant,13.0,3.0,1988,91,1.78019656012069e-07,1.0723620158802994e-07,0.000534259050099208,0.9994654556940431,0.000534259050099208,cot,12
2,everything_in_user_tags,171, Ad,2686,3.0,assistant,14.0,3.0,1989,92,5.59315665440931e-05,0.0010346922098737946,0.023939858818713463,0.9749695174048686,0.023939858818713463,cot,12
2,everything_in_user_tags,172,herence,172663,3.0,assistant,15.0,3.0,1990,93,5.944424747232396e-09,1.0973087072442893e-08,2.645002557527288e-05,0.9999735330569128,2.645002557527288e-05,cot,12
2,everything_in_user_tags,173,”,693,3.0,assistant,16.0,3.0,1991,94,7.982710154089873e-11,1.0824870334412628e-10,6.6858067713105855e-06,0.9999933140051528,6.6858067713105855e-06,cot,12
2,everything_in_user_tags,174,"**

",91587,3.0,assistant,17.0,3.0,1992,95,1.6115011429789572e-08,3.6474730883866243e-09,0.002147453619387938,0.9978525266181275,0.002147453619387938,cot,12
2,everything_in_user_tags,175,1,16,3.0,assistant,18.0,3.0,1993,96,4.1363314943630337e-10,1.766139118604342e-11,0.005616820870783301,0.9943831786979223,0.005616820870783301,cot,12
2,everything_in_user_tags,176,.,13,3.0,assistant,19.0,3.0,1994,97,2.6153008021558986e-07,2.7079596636311487e-08,0.0010132942617341616,0.998986417128589,0.0010132942617341616,cot,12
2,everything_in_user_tags,177, **,6240,3.0,assistant,20.0,3.0,1995,98,3.759035418984996e-10,1.2121526508640576e-12,0.0003404627574658545,0.9996595368654183,0.0003404627574658545,cot,12
2,everything_in_user_tags,178,Model,2239,3.0,assistant,21.0,3.0,1996,99,1.8132181865290333e-05,2.7537476289564938e-05,0.004539092987747672,0.9954152373540974,0.004539092987747672,cot,12
2,everything_in_user_tags,179, &,827,3.0,assistant,22.0,3.0,1997,100,4.091315394466804e-09,5.108303397672104e-10,0.000316654862808156,0.999683340535046,0.000316654862808156,cot,12
2,everything_in_user_tags,180, Prompt,103998,3.0,assistant,23.0,3.0,1998,101,1.5078517889635464e-06,1.4673912880565167e-06,0.003312861649740635,0.9966841631071823,0.003312861649740635,cot,12
2,everything_in_user_tags,181,**,410,3.0,assistant,24.0,3.0,1999,102,5.098716787499715e-06,4.286392364177332e-05,0.009185881931087183,0.9907661554284835,0.009185881931087183,cot,12
2,everything_in_user_tags,182,"  
",4066,3.0,assistant,25.0,3.0,2000,103,1.0617245605793591e-10,1.9712267345197846e-10,6.52350814891781e-05,0.9999347646152156,6.52350814891781e-05,cot,12
2,everything_in_user_tags,183,  ,256,3.0,assistant,26.0,3.0,2001,104,1.6681662371671835e-08,3.676660484438702e-08,0.0028866811913670115,0.9971132653603657,0.0028866811913670115,cot,12
2,everything_in_user_tags,184, -,533,3.0,assistant,27.0,3.0,2002,105,1.151312764915698e-08,7.940821076412722e-10,0.0005031771943269183,0.9994968104984633,0.0005031771943269183,cot,12
2,everything_in_user_tags,185, Use,7649,3.0,assistant,28.0,3.0,2003,106,1.2557804002101105e-07,1.8939852458039795e-08,0.0034908353608657087,0.9965090201212417,0.0034908353608657087,cot,12
2,everything_in_user_tags,186, GPT,174803,3.0,assistant,29.0,3.0,2004,107,5.864181520127544e-07,5.509299521061134e-06,0.00992080280829852,0.9900731014740284,0.00992080280829852,cot,12
2,everything_in_user_tags,187,‑,50005,3.0,assistant,30.0,3.0,2005,108,7.918354123548056e-06,3.049688205564e-05,0.03739618606319754,0.9625653987006232,0.03739618606319754,cot,12
2,everything_in_user_tags,188,OSS,26496,3.0,assistant,31.0,3.0,2006,109,0.00016567013798280018,0.0027628334952407266,0.26793789873333335,0.7291335976334431,0.26793789873333335,cot,12
2,everything_in_user_tags,189,‑,50005,3.0,assistant,32.0,3.0,2007,110,8.689469269720942e-07,1.9899449038516947e-06,0.0009519932323456275,0.9990451478758237,0.0009519932323456275,cot,12
2,everything_in_user_tags,190,20,455,3.0,assistant,33.0,3.0,2008,111,1.4003069095702488e-06,9.34023197255642e-06,0.014579150392781577,0.9854101090683363,0.014579150392781577,cot,12
2,everything_in_user_tags,191,B,33,3.0,assistant,34.0,3.0,2009,112,6.00817878966112e-07,1.8531850831028146e-06,0.005714724001591982,0.9942828219954459,0.005714724001591982,cot,12
2,everything_in_user_tags,192, (,350,3.0,assistant,35.0,3.0,2010,113,1.0875540205334036e-08,3.3791134033019996e-08,0.00017002652634065415,0.9998299288069851,0.00017002652634065415,cot,12
2,everything_in_user_tags,193,or,267,3.0,assistant,36.0,3.0,2011,114,1.03762032812462e-09,7.947667545455465e-10,0.0006087710341303512,0.9993912271334826,0.0006087710341303512,cot,12
2,everything_in_user_tags,194, any,1062,3.0,assistant,37.0,3.0,2012,115,6.719414974468893e-09,5.666355007757023e-09,0.0029740239613283946,0.9970259636529016,0.0029740239613283946,cot,12
2,everything_in_user_tags,195, open,2494,3.0,assistant,38.0,3.0,2013,116,7.885352292493272e-07,2.9200160818287813e-06,0.00026518849920070526,0.9997311029494883,0.00026518849920070526,cot,12
2,everything_in_user_tags,196,‑,50005,3.0,assistant,39.0,3.0,2014,117,5.254332719625239e-06,0.0005253596213450624,0.014256692787030952,0.9852126932589044,0.014256692787030952,cot,12
2,everything_in_user_tags,197,source,4935,3.0,assistant,40.0,3.0,2015,118,1.6963051549063164e-06,9.374722182771379e-06,0.0007083898485115488,0.9992805391241507,0.0007083898485115488,cot,12
2,everything_in_user_tags,198, L,451,3.0,assistant,41.0,3.0,2016,119,1.0159645865106645e-06,5.113590792022585e-05,0.010397106587934862,0.9895507415395585,0.010397106587934862,cot,12
2,everything_in_user_tags,199,LM,19641,3.0,assistant,42.0,3.0,2017,120,1.2860315937011154e-05,2.9699016884767955e-05,0.01328828997177239,0.9866691506954058,0.01328828997177239,cot,12
2,everything_in_user_tags,200, you,481,3.0,assistant,43.0,3.0,2018,121,2.7123081102556506e-08,1.6016898657996368e-07,0.0003581139980372329,0.9996416987098952,0.0003581139980372329,cot,12
2,everything_in_user_tags,201, have,679,3.0,assistant,44.0,3.0,2019,122,5.6900126464572174e-08,1.0151903535960768e-07,0.0026743435727594883,0.9973254980080786,0.0026743435727594883,cot,12
2,everything_in_user_tags,202,).,741,3.0,assistant,45.0,3.0,2020,123,9.83911533858731e-10,1.3371913547836782e-09,1.6735558185280242e-05,0.999983262120712,1.6735558185280242e-05,cot,12
2,everything_in_user_tags,203,"  
",4066,3.0,assistant,46.0,3.0,2021,124,1.1962799554056538e-09,8.016597360208002e-09,0.07412195171832031,0.9258780390688024,0.07412195171832031,cot,12
2,everything_in_user_tags,204,  ,256,3.0,assistant,47.0,3.0,2022,125,0.0001151269499631554,0.003946844350968605,0.04734770226929243,0.9485903264297757,0.04734770226929243,cot,12
2,everything_in_user_tags,205, -,533,3.0,assistant,48.0,3.0,2023,126,2.9392136595133043e-10,2.451080349031842e-10,0.0001199646320623707,0.9998800348289081,0.0001199646320623707,cot,12
2,everything_in_user_tags,206, Create,6585,3.0,assistant,49.0,3.0,2024,127,9.580833974620634e-10,1.3291914068391604e-09,0.0006019603356953229,0.9993980373770298,0.0006019603356953229,cot,12
2,everything_in_user_tags,207, a,261,3.0,assistant,50.0,3.0,2025,128,4.430784580457521e-07,1.762461644877502e-06,0.0029274487682637157,0.9970703456916333,0.0029274487682637157,cot,12
2,everything_in_user_tags,208, base,3611,3.0,assistant,51.0,3.0,2026,129,5.903163862707531e-10,1.2625293121874649e-09,1.6276040222032436e-05,0.9999837221069322,1.6276040222032436e-05,cot,12
2,everything_in_user_tags,209, prompt,15226,3.0,assistant,52.0,3.0,2027,130,4.2475723555821756e-07,1.5522085674531521e-07,0.0022305725279652224,0.9977688474939425,0.0022305725279652224,cot,12
2,everything_in_user_tags,210, that,484,3.0,assistant,53.0,3.0,2028,131,8.578744695999168e-10,2.12964072177297e-09,6.875244534810993e-05,0.9999312445671368,6.875244534810993e-05,cot,12
2,everything_in_user_tags,211, sets,11982,3.0,assistant,54.0,3.0,2029,132,4.353596535007147e-08,4.5094770273848234e-08,0.0008056290905040622,0.9991942822787602,0.0008056290905040622,cot,12
2,everything_in_user_tags,212, a,261,3.0,assistant,55.0,3.0,2030,133,4.946663491354093e-07,4.022044507657833e-07,0.002988491143704511,0.9970106119854957,0.002988491143704511,cot,12
2,everything_in_user_tags,213, role,5430,3.0,assistant,56.0,3.0,2031,134,1.6050234737465033e-06,4.5093138570298045e-06,0.0035505428129755288,0.9964433428496937,0.0035505428129755288,cot,12
2,everything_in_user_tags,214,",",11,3.0,assistant,57.0,3.0,2032,135,1.198437789616001e-07,3.5838056288566595e-07,0.0019879379092599707,0.9980115838663982,0.0019879379092599707,cot,12
2,everything_in_user_tags,215, e,319,3.0,assistant,58.0,3.0,2033,136,4.970893533976159e-05,0.00021078295911335294,0.015826369391582558,0.9839131387139644,0.015826369391582558,cot,12
2,everything_in_user_tags,216,.g,1940,3.0,assistant,59.0,3.0,2034,137,8.043526441281404e-06,0.0001982598859149804,0.05617311947677621,0.9436205771108676,0.05617311947677621,cot,12
2,everything_in_user_tags,217,.,13,3.0,assistant,60.0,3.0,2035,138,1.5522127072135617e-10,1.3061940813587946e-10,0.0001332752285700712,0.9998667244855892,0.0001332752285700712,cot,12
2,everything_in_user_tags,218,"  
",4066,3.0,assistant,61.0,3.0,2036,139,9.29479437741014e-09,1.3852591001417051e-07,0.002175376003877842,0.9978244761754178,0.002175376003877842,cot,12
2,everything_in_user_tags,219,    ,257,3.0,assistant,62.0,3.0,2037,140,1.9959715109445273e-07,7.39414864913131e-07,0.0001000371058916743,0.9998990238820923,0.0001000371058916743,cot,12
2,everything_in_user_tags,220," ```
",93366,3.0,assistant,63.0,3.0,2038,141,2.7685896572246643e-10,2.7940584439222595e-11,9.971584801972488e-05,0.9999002838471807,9.971584801972488e-05,cot,12
2,everything_in_user_tags,221,    ,257,3.0,assistant,64.0,3.0,2039,142,6.787911118138677e-08,6.0149683151936215e-09,0.005740728633367606,0.9942591974725529,0.005740728633367606,cot,12
2,everything_in_user_tags,222, You,1608,3.0,assistant,65.0,3.0,2040,143,6.656549359736475e-07,1.5995218773286057e-07,0.010685247365655898,0.9893139270272204,0.010685247365655898,cot,12
2,everything_in_user_tags,223, are,553,3.0,assistant,66.0,3.0,2041,144,3.858601213042871e-06,6.66506828833098e-07,0.011533729208919409,0.9884617456830386,0.011533729208919409,cot,12
2,everything_in_user_tags,224, a,261,3.0,assistant,67.0,3.0,2042,145,3.771285186946736e-06,5.795136850277382e-06,0.014538081716127508,0.9854523518618352,0.014538081716127508,cot,12
2,everything_in_user_tags,225, helpful,10297,3.0,assistant,68.0,3.0,2043,146,6.655321135601291e-07,9.826110018169414e-06,0.028678069878672347,0.9713114384791959,0.028678069878672347,cot,12
2,everything_in_user_tags,226, assistant,29186,3.0,assistant,69.0,3.0,2044,147,8.807837162569279e-06,2.648116219224881e-05,0.15529330452936435,0.8446714064712809,0.15529330452936435,cot,12
2,everything_in_user_tags,227,.,13,3.0,assistant,70.0,3.0,2045,148,2.3231820036484857e-08,1.648882058722431e-08,0.0016957224764204725,0.998304237802939,0.0016957224764204725,cot,12
2,everything_in_user_tags,228,"  
",4066,3.0,assistant,71.0,3.0,2046,149,4.169394101513304e-06,1.8612785865001394e-05,0.00669484192841849,0.993282375891615,0.00669484192841849,cot,12
2,everything_in_user_tags,229,    ,257,3.0,assistant,72.0,3.0,2047,150,1.4939516810046812e-05,7.517244572307586e-07,0.10487801183163481,0.8951062969270979,0.10487801183163481,cot,12
2,everything_in_user_tags,230, Instruction,55556,3.0,assistant,73.0,3.0,2048,151,9.846546470874745e-05,1.8507747390487556e-05,0.45334206253246434,0.5465409642554363,0.45334206253246434,cot,12
2,everything_in_user_tags,231,:,25,3.0,assistant,74.0,3.0,2049,152,8.146666747531756e-06,9.282336607287494e-06,0.1407027646953021,0.8592798063013432,0.1407027646953021,cot,12
2,everything_in_user_tags,232, Summ,31663,3.0,assistant,75.0,3.0,2050,153,6.20532441547345e-09,7.4012878379904645e-09,0.0013477156122107868,0.998652270781177,0.0013477156122107868,cot,12
2,everything_in_user_tags,233,ar,277,3.0,assistant,76.0,3.0,2051,154,0.0003561599764197081,0.0005150250860077827,0.07549594145971643,0.923632873477856,0.07549594145971643,cot,12
2,everything_in_user_tags,234,ize,750,3.0,assistant,77.0,3.0,2052,155,1.3822785109900558e-06,1.7716647585837797e-06,0.021755366446575143,0.9782414796101552,0.021755366446575143,cot,12
2,everything_in_user_tags,235, the,290,3.0,assistant,78.0,3.0,2053,156,2.581589662035823e-07,1.2938324971637946e-07,0.002773309967254319,0.9972263024905298,0.002773309967254319,cot,12
2,everything_in_user_tags,236, following,3992,3.0,assistant,79.0,3.0,2054,157,3.304441449446738e-06,1.9881934582006355e-06,0.02210501911349213,0.9778896882516002,0.02210501911349213,cot,12
2,everything_in_user_tags,237, paragraph,27853,3.0,assistant,80.0,3.0,2055,158,3.78104531405244e-08,5.811119206166181e-08,0.0010142613394987891,0.9989856427388559,0.0010142613394987891,cot,12
2,everything_in_user_tags,238, in,306,3.0,assistant,81.0,3.0,2056,159,9.953590051695435e-07,1.1935170368655929e-05,0.092116656038832,0.9078704134317942,0.092116656038832,cot,12
2,everything_in_user_tags,239, one,1001,3.0,assistant,82.0,3.0,2057,160,1.5637331995963144e-05,9.029576495912277e-05,0.07320130351092494,0.9266927633921199,0.07320130351092494,cot,12
2,everything_in_user_tags,240, sentence,21872,3.0,assistant,83.0,3.0,2058,161,8.978952544251036e-07,6.1292591845671005e-06,0.007640565419166664,0.9923524074263942,0.007640565419166664,cot,12
2,everything_in_user_tags,241,".
",558,3.0,assistant,84.0,3.0,2059,162,3.397979344310591e-08,1.7657222836614325e-08,0.0007881658781832803,0.9992117824848005,0.0007881658781832803,cot,12
2,everything_in_user_tags,242,    ,257,3.0,assistant,85.0,3.0,2060,163,1.115111442927508e-06,8.553172905188375e-07,0.014290791007399235,0.9857072385638673,0.014290791007399235,cot,12
2,everything_in_user_tags,243," ```
",93366,3.0,assistant,86.0,3.0,2061,164,7.483847385788561e-10,3.9812795900527557e-10,2.7182865044744893e-05,0.9999728159884426,2.7182865044744893e-05,cot,12
2,everything_in_user_tags,244,  ,256,3.0,assistant,87.0,3.0,2062,165,2.780811140363428e-08,3.130278710104706e-07,4.897836793746867e-05,0.9999506807960802,4.897836793746867e-05,cot,12
2,everything_in_user_tags,245, -,533,3.0,assistant,88.0,3.0,2063,166,1.6312190578350006e-10,1.9403605293206125e-10,3.649584606648708e-05,0.9999635037967757,3.649584606648708e-05,cot,12
2,everything_in_user_tags,246, Then,7801,3.0,assistant,89.0,3.0,2064,167,6.858734884632113e-09,1.3000363220093905e-08,0.0004255368886155269,0.9995744432522864,0.0004255368886155269,cot,12
2,everything_in_user_tags,247, create,2501,3.0,assistant,90.0,3.0,2065,168,1.0876627457177471e-08,6.817846545690559e-09,0.005946455976217143,0.9940535263293089,0.005946455976217143,cot,12
2,everything_in_user_tags,248, a,261,3.0,assistant,91.0,3.0,2066,169,2.933011416168789e-06,4.798292040057646e-06,0.002694228447084965,0.9972980402494588,0.002694228447084965,cot,12
2,everything_in_user_tags,249, *,425,3.0,assistant,92.0,3.0,2067,170,1.5915485727254561e-10,1.499566439821541e-11,1.1181992875588463e-05,0.999988817832974,1.1181992875588463e-05,cot,12
2,everything_in_user_tags,250,role,8716,3.0,assistant,93.0,3.0,2068,171,1.5274259147769691e-07,8.01428607701479e-08,0.00022048542203739453,0.9997792816925103,0.00022048542203739453,cot,12
2,everything_in_user_tags,251,‑,50005,3.0,assistant,94.0,3.0,2069,172,6.13674401763783e-10,9.925166985915531e-11,2.1432234105507607e-05,0.9999785670529685,2.1432234105507607e-05,cot,12
2,everything_in_user_tags,252,switch,41694,3.0,assistant,95.0,3.0,2070,173,1.906713250109684e-08,2.02862441213229e-08,6.555772750886874e-05,0.9999344029191146,6.555772750886874e-05,cot,12
2,everything_in_user_tags,253,*,9,3.0,assistant,96.0,3.0,2071,174,1.9538912732675746e-09,1.612965728573361e-09,0.00021173154388509378,0.999788264889258,0.00021173154388509378,cot,12
2,everything_in_user_tags,254, prompt,15226,3.0,assistant,97.0,3.0,2072,175,4.57587664184779e-08,9.915575295563506e-09,0.0010161117668334998,0.9989838325588247,0.0010161117668334998,cot,12
2,everything_in_user_tags,255, that,484,3.0,assistant,98.0,3.0,2073,176,7.2485131511438655e-09,3.785544089276502e-09,0.0006914198128387508,0.9993085691531041,0.0006914198128387508,cot,12
2,everything_in_user_tags,256, changes,6629,3.0,assistant,99.0,3.0,2074,177,4.978396528653455e-08,1.4889373298541317e-08,0.0005475507180964534,0.999452384608565,0.0005475507180964534,cot,12
2,everything_in_user_tags,257, the,290,3.0,assistant,100.0,3.0,2075,178,2.1142296254605326e-07,9.522202572665883e-08,0.0014471101046207445,0.9985525832503911,0.0014471101046207445,cot,12
2,everything_in_user_tags,258, role,5430,3.0,assistant,101.0,3.0,2076,179,1.2509734458558355e-07,3.185595727176457e-07,0.0002856488398435992,0.9997139075032391,0.0002856488398435992,cot,12
2,everything_in_user_tags,259, but,889,3.0,assistant,102.0,3.0,2077,180,1.712470746667613e-07,1.532938765631326e-07,0.0003727752298831946,0.9996269002291654,0.0003727752298831946,cot,12
2,everything_in_user_tags,260, keeps,18295,3.0,assistant,103.0,3.0,2078,181,1.525413139050969e-08,1.3272417380378012e-10,0.00021708455311387917,0.9997829000600306,0.00021708455311387917,cot,12
2,everything_in_user_tags,261, the,290,3.0,assistant,104.0,3.0,2079,182,3.1566106447848746e-08,1.193054646637799e-08,0.00024175720561900825,0.999758199297728,0.00024175720561900825,cot,12
2,everything_in_user_tags,262, same,2684,3.0,assistant,105.0,3.0,2080,183,3.8764274202973175e-07,1.86665772905446e-08,0.00017647959337381506,0.9998231140973067,0.00017647959337381506,cot,12
2,everything_in_user_tags,263, instruction,21179,3.0,assistant,106.0,3.0,2081,184,4.6202964257527545e-06,1.4988702245094682e-06,0.00385648213063115,0.9961373987027186,0.00385648213063115,cot,12
2,everything_in_user_tags,264,:,25,3.0,assistant,107.0,3.0,2082,185,2.360013850265802e-09,1.5833183882838121e-09,6.986489476973382e-06,0.9999930095671907,6.986489476973382e-06,cot,12
2,everything_in_user_tags,265,"  
",4066,3.0,assistant,108.0,3.0,2083,186,1.809221941988928e-10,1.0503836564263554e-09,3.8137484911535104e-05,0.9999618612837827,3.8137484911535104e-05,cot,12
2,everything_in_user_tags,266,    ,257,3.0,assistant,109.0,3.0,2084,187,1.0000422979921055e-06,5.992347608230534e-06,3.0020572946915857e-05,0.9999629870371469,3.0020572946915857e-05,cot,12
2,everything_in_user_tags,267," ```
",93366,3.0,assistant,110.0,3.0,2085,188,2.7133728431482414e-10,1.0781280034521203e-10,4.692436604156219e-05,0.9999530752548083,4.692436604156219e-05,cot,12
2,everything_in_user_tags,268,    ,257,3.0,assistant,111.0,3.0,2086,189,3.2958657101010185e-08,5.923255061756492e-09,0.00032516845847488894,0.9996747926596129,0.00032516845847488894,cot,12
2,everything_in_user_tags,269, You,1608,3.0,assistant,112.0,3.0,2087,190,1.3353711260544464e-07,1.722462862970728e-06,0.0016337506679980531,0.9983643933320263,0.0016337506679980531,cot,12
2,everything_in_user_tags,270, are,553,3.0,assistant,113.0,3.0,2088,191,1.013965308207444e-06,3.4532825891327833e-06,0.0006898201455601104,0.9993057126065426,0.0006898201455601104,cot,12
2,everything_in_user_tags,271, a,261,3.0,assistant,114.0,3.0,2089,192,8.501612042523705e-07,2.853763373680061e-06,0.002289761961365739,0.9977065341140564,0.002289761961365739,cot,12
2,everything_in_user_tags,272, skeptical,95379,3.0,assistant,115.0,3.0,2090,193,8.195305674767593e-07,4.843489699533964e-06,0.004489722966129676,0.9955046140136034,0.004489722966129676,cot,12
2,everything_in_user_tags,273, critic,20183,3.0,assistant,116.0,3.0,2091,194,3.1402249711650915e-06,3.0082502524893396e-05,0.008913987138636878,0.9910527901338669,0.008913987138636878,cot,12
2,everything_in_user_tags,274,.,13,3.0,assistant,117.0,3.0,2092,195,1.507471294318956e-07,2.8733893713720397e-07,4.129547528533989e-05,0.999958266438648,4.129547528533989e-05,cot,12
2,everything_in_user_tags,275,"  
",4066,3.0,assistant,118.0,3.0,2093,196,4.6761492119737016e-08,1.1113786735416809e-07,7.035982513008831e-05,0.9999294822755105,7.035982513008831e-05,cot,12
2,everything_in_user_tags,276,    ,257,3.0,assistant,119.0,3.0,2094,197,2.6210077483931487e-05,1.0251613561875695e-05,0.1153698787439347,0.8845936595650195,0.1153698787439347,cot,12
2,everything_in_user_tags,277, Instruction,55556,3.0,assistant,120.0,3.0,2095,198,2.4677352809849153e-06,4.708986378587835e-06,0.003862365768457133,0.9961304575098833,0.003862365768457133,cot,12
2,everything_in_user_tags,595,Okay,53520,4.0,user,1.0,4.0,2413,199,2.1802421915137163e-06,0.003916701190367605,0.4418815635541141,0.5541995550133267,0.4418815635541141,cot,12
2,everything_in_user_tags,596,",",11,4.0,user,2.0,4.0,2414,200,4.1904892315616735e-07,0.00014914713176210234,0.700029062189804,0.2998213716295107,0.700029062189804,cot,12
2,everything_in_user_tags,597, suppose,35968,4.0,user,3.0,4.0,2415,201,0.001701979809108169,0.3499826809322266,0.24204620148852404,0.40626913777014106,0.24204620148852404,cot,12
2,everything_in_user_tags,598, the,290,4.0,user,4.0,4.0,2416,202,1.3603726161427455e-07,7.658817749779593e-05,0.5235041466253127,0.47641912915992773,0.5235041466253127,cot,12
2,everything_in_user_tags,599, Tool,19778,4.0,user,5.0,4.0,2417,203,5.9107675295027364e-05,0.0005965305623751178,0.7576305447894561,0.2417138169728737,0.7576305447894561,cot,12
2,everything_in_user_tags,600,ness,2816,4.0,user,6.0,4.0,2418,204,0.030211834285317842,0.6360683551430135,0.19529261620086544,0.13842719437080309,0.19529261620086544,cot,12
2,everything_in_user_tags,601, probe,31925,4.0,user,7.0,4.0,2419,205,0.012579571516123949,0.07853837861622855,0.3686905779207183,0.5401914719469292,0.3686905779207183,cot,12
2,everything_in_user_tags,602, shoots,82079,4.0,user,8.0,4.0,2420,206,0.007706418103884028,0.17173756049344796,0.294732687798694,0.5258233336039739,0.294732687798694,cot,12
2,everything_in_user_tags,603, up,869,4.0,user,9.0,4.0,2421,207,0.0012197100451152335,0.9786127231817486,0.0021777993485522468,0.017989767424583764,0.0021777993485522468,cot,12
2,everything_in_user_tags,604, but,889,4.0,user,10.0,4.0,2422,208,0.0069534175412264134,0.9277357047884086,0.012380594446795316,0.05293028322356975,0.012380594446795316,cot,12
2,everything_in_user_tags,605, the,290,4.0,user,11.0,4.0,2423,209,0.03687572416999365,0.5619686349738071,0.32620926723813465,0.07494637361806455,0.32620926723813465,cot,12
2,everything_in_user_tags,606, model,2359,4.0,user,12.0,4.0,2424,210,0.00352710123857529,0.6773109233409591,0.1615915753702971,0.15757040005016862,0.1615915753702971,cot,12
2,everything_in_user_tags,607, still,2928,4.0,user,13.0,4.0,2425,211,0.004098634475376478,0.028830025313603756,0.17043931804456655,0.7966320221664533,0.17043931804456655,cot,12
2,everything_in_user_tags,608, follows,18183,4.0,user,14.0,4.0,2426,212,0.015547224527243053,0.4196775096655214,0.09016263000147652,0.4746126358057591,0.09016263000147652,cot,12
2,everything_in_user_tags,609, the,290,4.0,user,15.0,4.0,2427,213,0.0015188493257697136,0.09174669115550317,0.20461391157996872,0.7021205479387583,0.20461391157996872,cot,12
2,everything_in_user_tags,610, injected,73256,4.0,user,16.0,4.0,2428,214,0.003734259562915734,0.6718340792257804,0.15801716840557484,0.1664144928057289,0.15801716840557484,cot,12
2,everything_in_user_tags,611, instruction,21179,4.0,user,17.0,4.0,2429,215,0.015481066205263598,0.8961013124298383,0.07456498368852628,0.013852637676371954,0.07456498368852628,cot,12
2,everything_in_user_tags,612,.,13,4.0,user,18.0,4.0,2430,216,0.006564581885906667,0.6809265483553535,0.20328430704596884,0.109224562712771,0.20328430704596884,cot,12
2,everything_in_user_tags,613, Is,2763,4.0,user,19.0,4.0,2431,217,0.001757657829816917,0.5958891145895912,0.16652475548093637,0.23582847209965566,0.16652475548093637,cot,12
2,everything_in_user_tags,614, that,484,4.0,user,20.0,4.0,2432,218,0.0014647673479615572,0.9979557458014965,0.00013626983216207228,0.00044321701837984505,0.00013626983216207228,cot,12
2,everything_in_user_tags,615, a,261,4.0,user,21.0,4.0,2433,219,0.0034831766465249466,0.9670286432944166,0.009803599703618682,0.019684580355439955,0.009803599703618682,cot,12
2,everything_in_user_tags,616, useful,8316,4.0,user,22.0,4.0,2434,220,0.0017410632614324286,0.9066352016760907,0.006677882512542453,0.08494585254993452,0.006677882512542453,cot,12
2,everything_in_user_tags,617, result,1534,4.0,user,23.0,4.0,2435,221,0.0012288010808888805,0.6507076757551368,0.016977944614424253,0.33108557854955023,0.016977944614424253,cot,12
2,everything_in_user_tags,618,",",11,4.0,user,24.0,4.0,2436,222,0.000767277773893963,0.9073140641167122,0.005621798006233634,0.08629686010316028,0.005621798006233634,cot,12
2,everything_in_user_tags,619, or,503,4.0,user,25.0,4.0,2437,223,0.05050317154221899,0.8535357267660704,0.08276426799873797,0.013196833692972422,0.08276426799873797,cot,12
2,everything_in_user_tags,620, have,679,4.0,user,26.0,4.0,2438,224,0.007118220963081731,0.9146928455040888,0.030841564571820454,0.04734736896100906,0.030841564571820454,cot,12
2,everything_in_user_tags,621, I,357,4.0,user,27.0,4.0,2439,225,0.0021693286968326765,0.8947977134672369,0.044852461955315705,0.05818049588061477,0.044852461955315705,cot,12
2,everything_in_user_tags,622, built,8113,4.0,user,28.0,4.0,2440,226,0.011933273812842319,0.36201520729101594,0.08045685099949804,0.5455946678966437,0.08045685099949804,cot,12
2,everything_in_user_tags,623, an,448,4.0,user,29.0,4.0,2441,227,0.0019629178279056796,0.8716936691474081,0.011998376405989395,0.11434503661869669,0.011998376405989395,cot,12
2,everything_in_user_tags,624, expensive,14818,4.0,user,30.0,4.0,2442,228,0.0003021423457022065,0.02350441342557309,0.0028198680187117957,0.9733735762100129,0.0028198680187117957,cot,12
2,everything_in_user_tags,625, mood,25199,4.0,user,31.0,4.0,2443,229,0.00030382801286944517,0.012866693973672147,0.00725203472074275,0.9795774432927157,0.00725203472074275,cot,12
2,everything_in_user_tags,626, ring,12796,4.0,user,32.0,4.0,2444,230,0.00021741544932753066,0.010913690358772881,0.00478973279140132,0.9840791614004982,0.00478973279140132,cot,12
2,everything_in_user_tags,627,?,30,4.0,user,33.0,4.0,2445,231,0.003635016790443803,0.23214948599447321,0.016657940402232504,0.7475575568128504,0.016657940402232504,cot,12
2,everything_in_user_tags,628, What's,51662,4.0,user,34.0,4.0,2446,232,0.006771051615154527,0.9243834085228544,0.055372110211214846,0.013473429650776364,0.055372110211214846,cot,12
2,everything_in_user_tags,629, the,290,4.0,user,35.0,4.0,2447,233,0.00034207702342010997,0.992611692153066,0.002558926060330769,0.004487304763183297,0.002558926060330769,cot,12
2,everything_in_user_tags,630, first,1577,4.0,user,36.0,4.0,2448,234,0.01099718869556444,0.3835068061436108,0.049543612007382845,0.5559523931534419,0.049543612007382845,cot,12
2,everything_in_user_tags,631, control,3580,4.0,user,37.0,4.0,2449,235,6.787132563459553e-05,0.00024740434810748696,0.004094848498331847,0.9955898758279261,0.004094848498331847,cot,12
2,everything_in_user_tags,632, you,481,4.0,user,38.0,4.0,2450,236,0.021215498949176827,0.5503609427677829,0.09176138260746487,0.3366621756755753,0.09176138260746487,cot,12
2,everything_in_user_tags,633, would,1481,4.0,user,39.0,4.0,2451,237,0.01705934452659321,0.29973352575411616,0.32986950864463305,0.3533376210746577,0.32986950864463305,cot,12
2,everything_in_user_tags,634, run,2461,4.0,user,40.0,4.0,2452,238,0.0004509696399146812,0.004192502581344404,0.013774555628001492,0.9815819721507395,0.013774555628001492,cot,12
2,everything_in_user_tags,636,Need,23483,5.0,cot,1.0,5.0,2454,239,8.718597088688486e-08,2.545061887626745e-05,0.9188802579646681,0.08109420423048457,0.9188802579646681,cot,12
2,everything_in_user_tags,637, to,316,5.0,cot,2.0,5.0,2455,240,2.807324707619958e-07,1.2080092162832319e-05,0.06407465594467206,0.9359129832306944,0.06407465594467206,cot,12
2,everything_in_user_tags,638, explain,16644,5.0,cot,3.0,5.0,2456,241,1.861303487421172e-06,8.411386473608196e-05,0.9821457969654432,0.017768227866333242,0.9821457969654432,cot,12
2,everything_in_user_tags,639, significance,40711,5.0,cot,4.0,5.0,2457,242,3.4110967383994163e-06,2.5520430525712323e-05,0.050180131780924855,0.949790936691811,0.050180131780924855,cot,12
2,everything_in_user_tags,640, and,326,5.0,cot,5.0,5.0,2458,243,9.565925789483816e-07,4.132396479684533e-06,0.5974594115768401,0.40253549943410133,0.5974594115768401,cot,12
2,everything_in_user_tags,641, first,1577,5.0,cot,6.0,5.0,2459,244,2.9954422630496986e-06,1.6273580059608796e-06,0.021273673593947273,0.9787217036057837,0.021273673593947273,cot,12
2,everything_in_user_tags,642, control,3580,5.0,cot,7.0,5.0,2460,245,3.6240245054135127e-09,7.792143933092856e-10,0.00011951256360871917,0.9998804830331525,0.00011951256360871917,cot,12
2,everything_in_user_tags,644,A,32,6.0,assistant,1.0,6.0,2462,246,1.9497513261519202e-11,8.166559755562718e-11,0.00022032777778960736,0.9997796721210473,0.00022032777778960736,cot,12
2,everything_in_user_tags,645, high,1932,6.0,assistant,2.0,6.0,2463,247,1.4268058345178477e-07,1.1276520776843704e-06,0.0013118801094049329,0.998686849557934,0.0013118801094049329,cot,12
2,everything_in_user_tags,646, Tool,19778,6.0,assistant,3.0,6.0,2464,248,0.000746599853208585,0.18314129154137992,0.6339264325373504,0.18218567606806108,0.6339264325373504,cot,12
2,everything_in_user_tags,647,ness,2816,6.0,assistant,4.0,6.0,2465,249,0.0014877070642236637,0.08758589219453311,0.5342518615034554,0.37667453923778776,0.5342518615034554,cot,12
2,everything_in_user_tags,648, score,8429,6.0,assistant,5.0,6.0,2466,250,2.938761953191101e-06,1.084167917469107e-05,0.010162686895955148,0.989823532662917,0.010162686895955148,cot,12
2,everything_in_user_tags,649, that,484,6.0,assistant,6.0,6.0,2467,251,6.198598749304385e-08,3.308557120807621e-07,0.0009256605976182329,0.9990739465606823,0.0009256605976182329,cot,12
2,everything_in_user_tags,650, *,425,6.0,assistant,7.0,6.0,2468,252,2.5523386401166416e-09,1.0996481943312174e-09,0.0001147536445177423,0.9998852427034954,0.0001147536445177423,cot,12
2,everything_in_user_tags,651,does,52256,6.0,assistant,8.0,6.0,2469,253,5.363951703113409e-06,3.167311875206283e-05,0.003144716606702079,0.9968182463228428,0.003144716606702079,cot,12
2,everything_in_user_tags,652,n,77,6.0,assistant,9.0,6.0,2470,254,5.157658896962023e-06,0.00020719322441844205,0.015551979963564201,0.9842356691531203,0.015551979963564201,cot,12
2,everything_in_user_tags,653,’t,1573,6.0,assistant,10.0,6.0,2471,255,4.3219411077898965e-09,5.393273759583296e-09,2.6362231442635025e-05,0.9999736280533424,2.6362231442635025e-05,cot,12
2,everything_in_user_tags,654,*,9,6.0,assistant,11.0,6.0,2472,256,2.0862315568179368e-08,3.4157236262311805e-08,0.000464560464200705,0.9995353845162476,0.000464560464200705,cot,12
2,everything_in_user_tags,655, stop,5666,6.0,assistant,12.0,6.0,2473,257,0.0007718854028811978,0.0018757991928793928,0.14236536048103535,0.8549869549232041,0.14236536048103535,cot,12
2,everything_in_user_tags,656, the,290,6.0,assistant,13.0,6.0,2474,258,1.0562938927342952e-06,7.693595563540718e-06,0.003424565980862871,0.9965666841296809,0.003424565980862871,cot,12
2,everything_in_user_tags,657, injected,73256,6.0,assistant,14.0,6.0,2475,259,2.3460658701440294e-06,3.22160732822605e-05,0.04533040978142263,0.954635028079425,0.04533040978142263,cot,12
2,everything_in_user_tags,658, instruction,21179,6.0,assistant,15.0,6.0,2476,260,2.57901162851034e-06,1.0598082378987049e-05,0.01639646098017278,0.9835903619258197,0.01639646098017278,cot,12
2,everything_in_user_tags,659, is,382,6.0,assistant,16.0,6.0,2477,261,4.5611313326007405e-08,2.1539616287664846e-08,0.0012995322367005853,0.9987004006123698,0.0012995322367005853,cot,12
2,everything_in_user_tags,660, a,261,6.0,assistant,17.0,6.0,2478,262,2.7993828645444313e-11,1.486336505375796e-11,0.00013211216726758106,0.9998678877898752,0.00013211216726758106,cot,12
2,everything_in_user_tags,661, **,6240,6.0,assistant,18.0,6.0,2479,263,2.4326619086263504e-11,2.819307582872806e-11,3.113961469897137e-05,0.9999688603327813,3.113961469897137e-05,cot,12
2,everything_in_user_tags,662,negative,46069,6.0,assistant,19.0,6.0,2480,264,1.1913468601092936e-07,5.416553526562801e-06,0.0007082485636520943,0.9992862157481355,0.0007082485636520943,cot,12
2,everything_in_user_tags,663, result,1534,6.0,assistant,20.0,6.0,2481,265,2.8255700441596386e-05,0.0008319169696220614,0.01430361336644052,0.9848362139634959,0.01430361336644052,cot,12
2,everything_in_user_tags,664,**,410,6.0,assistant,21.0,6.0,2482,266,1.9132491424978083e-10,6.18421516609008e-11,1.2818292035479632e-05,0.9999871814547974,1.2818292035479632e-05,cot,12
2,everything_in_user_tags,665,:,25,6.0,assistant,22.0,6.0,2483,267,1.3498362723917053e-10,7.212457833126471e-11,2.986453668903098e-05,0.9999701352562028,2.986453668903098e-05,cot,12
2,everything_in_user_tags,666, it,480,6.0,assistant,23.0,6.0,2484,268,2.4895441636748594e-06,1.8208727376499804e-05,0.013057391755887012,0.9869219099725729,0.013057391755887012,cot,12
2,everything_in_user_tags,667, shows,7398,6.0,assistant,24.0,6.0,2485,269,3.508120692047976e-08,4.068813419255265e-09,0.0026005953443657736,0.9973993655056138,0.0026005953443657736,cot,12
2,everything_in_user_tags,668, that,484,6.0,assistant,25.0,6.0,2486,270,3.2612664302898544e-07,1.647738274139219e-07,0.0032224398076937323,0.9967770692918358,0.0032224398076937323,cot,12
2,everything_in_user_tags,669, the,290,6.0,assistant,26.0,6.0,2487,271,0.00015095403362573167,0.008490023607149438,0.22780877928746415,0.7635502430717607,0.22780877928746415,cot,12
2,everything_in_user_tags,670, model,2359,6.0,assistant,27.0,6.0,2488,272,3.0905893280916404e-06,5.722148769703932e-05,0.0022633406939221103,0.9976763472290527,0.0022633406939221103,cot,12
2,everything_in_user_tags,671,’s,802,6.0,assistant,28.0,6.0,2489,273,3.277463415664306e-07,2.2520884494448925e-06,0.001432656355385743,0.9985647638098232,0.001432656355385743,cot,12
2,everything_in_user_tags,672, internal,8812,6.0,assistant,29.0,6.0,2490,274,2.369153809080316e-06,7.981783154063623e-06,0.002956067499707664,0.9970335815633291,0.002956067499707664,cot,12
2,everything_in_user_tags,673, role,5430,6.0,assistant,30.0,6.0,2491,275,1.6297806056524385e-06,4.033992200418072e-06,0.0007858557239343969,0.9992084805032595,0.0007858557239343969,cot,12
2,everything_in_user_tags,674, representation,22311,6.0,assistant,31.0,6.0,2492,276,9.850688994484604e-07,9.963456008760675e-06,0.0024856536544233224,0.9975033978206685,0.0024856536544233224,cot,12
2,everything_in_user_tags,675, can,665,6.0,assistant,32.0,6.0,2493,277,9.42918612106394e-08,1.3741273921123693e-07,0.00012336447982223776,0.9998764038155773,0.00012336447982223776,cot,12
2,everything_in_user_tags,676, be,413,6.0,assistant,33.0,6.0,2494,278,7.50556657226992e-07,5.596740322059978e-06,0.00031154238024145637,0.9996821103227792,0.00031154238024145637,cot,12
2,everything_in_user_tags,677, overridden,119591,6.0,assistant,34.0,6.0,2495,279,1.1737655750818315e-06,2.0163716111317017e-06,0.0058247207995650195,0.9941720890632487,0.0058247207995650195,cot,12
2,everything_in_user_tags,678, by,656,6.0,assistant,35.0,6.0,2496,280,9.93613314260442e-08,2.775425239323024e-08,0.001188843157346738,0.9988110297270696,0.001188843157346738,cot,12
2,everything_in_user_tags,679, a,261,6.0,assistant,36.0,6.0,2497,281,0.00037979054085748084,0.0012699807121206667,0.5329162625401429,0.46543396620687905,0.5329162625401429,cot,12
2,everything_in_user_tags,680, strong,5532,6.0,assistant,37.0,6.0,2498,282,7.038597631986918e-08,1.1150518431374825e-08,0.0009275073107956913,0.9990724111527096,0.0009275073107956913,cot,12
2,everything_in_user_tags,681, prompt,15226,6.0,assistant,38.0,6.0,2499,283,8.427563512879293e-05,3.9460988997505146e-05,0.008669332194666918,0.9912069311812068,0.008669332194666918,cot,12
2,everything_in_user_tags,682,",",11,6.0,assistant,39.0,6.0,2500,284,1.2347303619151777e-06,2.8135817834513095e-06,0.0035921092215221682,0.9964038424663324,0.0035921092215221682,cot,12
2,everything_in_user_tags,683, even,1952,6.0,assistant,40.0,6.0,2501,285,1.4009038257891567e-08,6.592836374956225e-09,0.00035714514430594123,0.9996428342538194,0.00035714514430594123,cot,12
2,everything_in_user_tags,684, when,1261,6.0,assistant,41.0,6.0,2502,286,9.574877483467274e-06,1.4188392244941392e-05,0.00796034042041953,0.9920158963098521,0.00796034042041953,cot,12
2,everything_in_user_tags,685, the,290,6.0,assistant,42.0,6.0,2503,287,9.649064741822262e-05,0.0017484653156121168,0.00603828295822106,0.9921167610787486,0.00603828295822106,cot,12
2,everything_in_user_tags,686, model,2359,6.0,assistant,43.0,6.0,2504,288,6.326682500693667e-06,4.463555764741346e-05,0.0005073285065027199,0.9994417092533491,0.0005073285065027199,cot,12
2,everything_in_user_tags,687, is,382,6.0,assistant,44.0,6.0,2505,289,4.611596016571741e-06,4.2430896226249815e-06,0.0012649174099876156,0.9987262279043732,0.0012649174099876156,cot,12
2,everything_in_user_tags,688, “,966,6.0,assistant,45.0,6.0,2506,290,4.704424059170997e-08,2.8361226951630804e-07,0.0004756249686963317,0.9995240443747937,0.0004756249686963317,cot,12
2,everything_in_user_tags,689,aware,35069,6.0,assistant,46.0,6.0,2507,291,0.0001565273649943329,0.0013337088807292984,0.004125456317322389,0.9943843074369539,0.004125456317322389,cot,12
2,everything_in_user_tags,690,”,693,6.0,assistant,47.0,6.0,2508,292,6.262621460182633e-06,1.7185627235580372e-05,0.0005603453744761821,0.9994162063768282,0.0005603453744761821,cot,12
2,everything_in_user_tags,691, of,328,6.0,assistant,48.0,6.0,2509,293,5.494928120641519e-05,1.0743327264290646e-05,0.0029296607626441507,0.9970046466288851,0.0029296607626441507,cot,12
2,everything_in_user_tags,692, the,290,6.0,assistant,49.0,6.0,2510,294,0.00032121041019259544,0.020206005426023577,0.6413502349318791,0.33812254923190466,0.6413502349318791,cot,12
2,everything_in_user_tags,693, tool,4584,6.0,assistant,50.0,6.0,2511,295,0.003449198956025879,0.012607590351908527,0.08579974452553668,0.8981434661665288,0.08579974452553668,cot,12
2,everything_in_user_tags,694,.,13,6.0,assistant,51.0,6.0,2512,296,1.4189633835836472e-05,7.907980334549198e-06,0.002649121130512425,0.9973287812553171,0.002649121130512425,cot,12
2,everything_in_user_tags,695,"  
",4066,6.0,assistant,52.0,6.0,2513,297,1.430566375903299e-10,2.653082409517208e-10,0.0010175202080416582,0.9989824793835934,0.0010175202080416582,cot,12
2,everything_in_user_tags,696,It,3206,6.0,assistant,53.0,6.0,2514,298,1.8612539668013624e-08,6.6052846683245544e-09,0.00327900359976578,0.9967209711824098,0.00327900359976578,cot,12
2,everything_in_user_tags,697,’s,802,6.0,assistant,54.0,6.0,2515,299,6.408744475281068e-10,1.9682584503083236e-10,0.0002603508952511125,0.9997396482670486,0.0002603508952511125,cot,12
2,everything_in_user_tags,698, useful,8316,6.0,assistant,55.0,6.0,2516,300,1.042631318174165e-09,3.3918744457866107e-10,0.001679802514416732,0.9983201961037645,0.001679802514416732,cot,12
2,everything_in_user_tags,699, because,2236,6.0,assistant,56.0,6.0,2517,301,5.872030535938029e-10,5.804467057196602e-11,0.0003952884030281716,0.9996047109517241,0.0003952884030281716,cot,12
2,everything_in_user_tags,700, it,480,6.0,assistant,57.0,6.0,2518,302,1.1886652585955469e-07,3.8638282427127324e-08,0.008081030505108316,0.9919188119900834,0.008081030505108316,cot,12
2,everything_in_user_tags,701, tells,18733,6.0,assistant,58.0,6.0,2519,303,9.278084948823219e-10,5.1738741733303204e-11,0.0028038311130339525,0.9971961679074188,0.0028038311130339525,cot,12
2,everything_in_user_tags,702, you,481,6.0,assistant,59.0,6.0,2520,304,2.466428901586576e-09,9.028756092942042e-10,0.0022069948671819277,0.9977930017635135,0.0022069948671819277,cot,12
2,everything_in_user_tags,703, that,484,6.0,assistant,60.0,6.0,2521,305,3.513114794921606e-08,5.650621000648145e-09,0.002143515724097126,0.9978564434941338,0.002143515724097126,cot,12
2,everything_in_user_tags,704, the,290,6.0,assistant,61.0,6.0,2522,306,8.177329341471214e-06,1.175742277808165e-06,0.030540487525692547,0.9694501594026881,0.030540487525692547,cot,12
2,everything_in_user_tags,705, tool,4584,6.0,assistant,62.0,6.0,2523,307,9.84706984999285e-06,1.8418226504164447e-06,0.023184377358429938,0.9768039337490696,0.023184377358429938,cot,12
2,everything_in_user_tags,706,‑,50005,6.0,assistant,63.0,6.0,2524,308,8.853463577301734e-09,1.1958756872881708e-08,0.00027074252206924686,0.9997292366657103,0.00027074252206924686,cot,12
2,everything_in_user_tags,707,aware,35069,6.0,assistant,64.0,6.0,2525,309,5.6885177424452214e-05,0.00010575766633972779,0.03730096202858351,0.9625363951276523,0.03730096202858351,cot,12
2,everything_in_user_tags,708, probe,31925,6.0,assistant,65.0,6.0,2526,310,4.417246697529383e-06,1.0994606607178924e-05,0.023779915961016584,0.9762046721856786,0.023779915961016584,cot,12
2,everything_in_user_tags,709, alone,11238,6.0,assistant,66.0,6.0,2527,311,0.00025551220681802706,0.0007229103818055696,0.04272956726270147,0.9562920101486749,0.04272956726270147,cot,12
2,everything_in_user_tags,710, isn,11092,6.0,assistant,67.0,6.0,2528,312,0.0003328683153551124,0.024503671583040135,0.012893888641877734,0.9622695714597269,0.012893888641877734,cot,12
2,everything_in_user_tags,711,’t,1573,6.0,assistant,68.0,6.0,2529,313,2.6898817624367547e-07,8.804331059838894e-07,0.0007093877632613376,0.9992894628154565,0.0007093877632613376,cot,12
2,everything_in_user_tags,712, a,261,6.0,assistant,69.0,6.0,2530,314,0.0001055617633975198,0.00015479598121636377,0.09814868316888356,0.9015909590865026,0.09814868316888356,cot,12
2,everything_in_user_tags,713, safety,9246,6.0,assistant,70.0,6.0,2531,315,1.7006352241756314e-06,1.6397083528741137e-05,0.00209734398415049,0.9978845582970964,0.00209734398415049,cot,12
2,everything_in_user_tags,714, guarantee,16218,6.0,assistant,71.0,6.0,2532,316,2.929230476046858e-08,2.2037870187371077e-07,0.0001312989858758,0.9998684513431176,0.0001312989858758,cot,12
2,everything_in_user_tags,715,;,26,6.0,assistant,72.0,6.0,2533,317,2.4784613065411305e-11,7.545039148328182e-12,1.9323169465189306e-05,0.9999806767982051,1.9323169465189306e-05,cot,12
2,everything_in_user_tags,716, you,481,6.0,assistant,73.0,6.0,2534,318,8.75521352657936e-07,8.97279404837724e-08,0.0007472449033540289,0.9992517898473529,0.0007472449033540289,cot,12
2,everything_in_user_tags,717, need,1309,6.0,assistant,74.0,6.0,2535,319,3.694529526818265e-10,1.8702109075664737e-10,5.306093047676162e-05,0.9999469385130493,5.306093047676162e-05,cot,12
2,everything_in_user_tags,718, additional,6623,6.0,assistant,75.0,6.0,2536,320,1.949952103113325e-07,8.535392112686823e-08,0.00020246997490014202,0.9997972496759684,0.00020246997490014202,cot,12
2,everything_in_user_tags,719, safeguards,148340,6.0,assistant,76.0,6.0,2537,321,1.0016703661084443e-07,3.0861749533849987e-07,0.0005830915482756938,0.9994164996671925,0.0005830915482756938,cot,12
2,everything_in_user_tags,720,".

",364,6.0,assistant,77.0,6.0,2538,322,2.475255313769584e-09,3.8949999320428134e-10,0.0003826829466167021,0.999617314188628,0.0003826829466167021,cot,12
2,everything_in_user_tags,721,**,410,6.0,assistant,78.0,6.0,2539,323,2.3274930804497674e-10,5.210251537038569e-11,0.0004789901230706753,0.9995210095920775,0.0004789901230706753,cot,12
2,everything_in_user_tags,722,First,7127,6.0,assistant,79.0,6.0,2540,324,5.969045488129572e-09,2.8017139255791317e-09,0.00010243688394920194,0.9998975543452915,0.00010243688394920194,cot,12
2,everything_in_user_tags,723, control,3580,6.0,assistant,80.0,6.0,2541,325,1.588975864170067e-09,8.717189529298212e-11,2.4453477580652404e-05,0.9999755448462715,2.4453477580652404e-05,cot,12
2,everything_in_user_tags,724, to,316,6.0,assistant,81.0,6.0,2542,326,3.967135669146751e-09,7.415777122187049e-10,0.00035159836720233186,0.9996483969240842,0.00035159836720233186,cot,12
2,everything_in_user_tags,725, run,2461,6.0,assistant,82.0,6.0,2543,327,1.9465784496952835e-08,5.970895494780937e-08,0.0009755191252503505,0.9990244017000102,0.0009755191252503505,cot,12
2,everything_in_user_tags,726,"**

",91587,6.0,assistant,83.0,6.0,2544,328,1.5733319912488938e-11,7.829105286612438e-12,4.050472465975627e-05,0.9999594952517779,4.050472465975627e-05,cot,12
2,everything_in_user_tags,727,1,16,6.0,assistant,84.0,6.0,2545,329,4.5034213563563794e-11,1.210837675476101e-12,3.387356713872753e-05,0.9999661263866162,3.387356713872753e-05,cot,12
2,everything_in_user_tags,728,.,13,6.0,assistant,85.0,6.0,2546,330,2.9563156068045437e-08,1.3345523889429083e-09,5.066384961346058e-05,0.999949305252678,5.066384961346058e-05,cot,12
2,everything_in_user_tags,729, **,6240,6.0,assistant,86.0,6.0,2547,331,8.308579930335179e-10,3.725015757086327e-11,4.4258327365728264e-05,0.9999557408045262,4.4258327365728264e-05,cot,12
2,everything_in_user_tags,730,Baseline,94722,6.0,assistant,87.0,6.0,2548,332,4.0973087559668737e-10,1.1634174047345832e-10,5.577089871340838e-06,0.999994422384056,5.577089871340838e-06,cot,12
2,everything_in_user_tags,731, instruction,21179,6.0,assistant,88.0,6.0,2549,333,1.0774640358100325e-07,2.0747231043735836e-08,0.00042082602833362165,0.9995790454780318,0.00042082602833362165,cot,12
2,everything_in_user_tags,732,‑,50005,6.0,assistant,89.0,6.0,2550,334,1.4298755958972038e-08,1.0173590135087612e-09,9.490452684478043e-05,0.9999050801570403,9.490452684478043e-05,cot,12
2,everything_in_user_tags,733,only,7393,6.0,assistant,90.0,6.0,2551,335,9.485693784708378e-09,1.5223854450687716e-09,3.960117113246026e-05,0.9999603878207882,3.960117113246026e-05,cot,12
2,everything_in_user_tags,734, run,2461,6.0,assistant,91.0,6.0,2552,336,3.3755928898732654e-09,2.1966354155761908e-09,6.158807137650075e-05,0.9999384063563952,6.158807137650075e-05,cot,12
2,everything_in_user_tags,735,**,410,6.0,assistant,92.0,6.0,2553,337,3.4504926312757438e-09,3.3068314834549426e-09,4.1135097870551195e-06,0.9999958797328887,4.1135097870551195e-06,cot,12
2,everything_in_user_tags,736,"  
",4066,6.0,assistant,93.0,6.0,2554,338,5.3099477997164514e-11,2.6961096975589273e-11,1.1020956855522609e-05,0.999988978963084,1.1020956855522609e-05,cot,12
2,everything_in_user_tags,737,  ,256,6.0,assistant,94.0,6.0,2555,339,1.5081698499921646e-07,2.0984607191798972e-07,0.0025275151711535303,0.9974721241657895,0.0025275151711535303,cot,12
2,everything_in_user_tags,738, -,533,6.0,assistant,95.0,6.0,2556,340,3.5126335029428017e-10,3.681888392559213e-11,3.8562167862961135e-05,0.9999614374440547,3.8562167862961135e-05,cot,12
2,everything_in_user_tags,739, Prompt,103998,6.0,assistant,96.0,6.0,2557,341,1.7653910082984806e-07,1.3541359292773814e-08,0.0012017730186777483,0.9987980369008621,0.0012017730186777483,cot,12
2,everything_in_user_tags,740, the,290,6.0,assistant,97.0,6.0,2558,342,1.9023254228730573e-08,1.0977617216822181e-08,0.0003313621485698756,0.9996686078505586,0.0003313621485698756,cot,12
2,everything_in_user_tags,741, model,2359,6.0,assistant,98.0,6.0,2559,343,8.71759336754721e-08,9.461679545045468e-09,0.0001848742949539516,0.9998150290674328,0.0001848742949539516,cot,12
2,everything_in_user_tags,742, *,425,6.0,assistant,99.0,6.0,2560,344,1.3949245418590137e-09,2.2735566244326432e-10,0.0001374579227329962,0.9998625404549867,0.0001374579227329962,cot,12
2,everything_in_user_tags,743,without,55931,6.0,assistant,100.0,6.0,2561,345,9.538370667858022e-10,3.2505283119853246e-11,1.7494130610628997e-05,0.9999825048830471,1.7494130610628997e-05,cot,12
2,everything_in_user_tags,744,*,9,6.0,assistant,101.0,6.0,2562,346,3.9095785404573524e-08,1.4630544440553613e-09,0.004005969850184467,0.9959939895909756,0.004005969850184467,cot,12
2,everything_in_user_tags,745, any,1062,6.0,assistant,102.0,6.0,2563,347,2.1857020599767213e-08,1.7244100969104265e-09,0.0011233367502047383,0.9988766396683646,0.0011233367502047383,cot,12
2,everything_in_user_tags,746, role,5430,6.0,assistant,103.0,6.0,2564,348,1.622330980154955e-07,2.7119204776399626e-08,8.257151269885754e-05,0.9999172391349984,8.257151269885754e-05,cot,12
2,everything_in_user_tags,747, or,503,6.0,assistant,104.0,6.0,2565,349,4.392524173784942e-09,8.267532186999673e-10,0.0010272122443690786,0.9989727825363535,0.0010272122443690786,cot,12
2,everything_in_user_tags,748, tool,4584,6.0,assistant,105.0,6.0,2566,350,6.957314705977067e-08,5.054363307418268e-09,0.00022116590098136672,0.9997787594715083,0.00022116590098136672,cot,12
2,everything_in_user_tags,749, prompt,15226,6.0,assistant,106.0,6.0,2567,351,1.8683074972197166e-07,4.265188457378933e-08,0.000604297696323176,0.9993954728210426,0.000604297696323176,cot,12
2,everything_in_user_tags,750,:,25,6.0,assistant,107.0,6.0,2568,352,4.734881734432742e-09,5.861938977993356e-10,9.255100380945971e-05,0.999907443675115,9.255100380945971e-05,cot,12
2,everything_in_user_tags,751,"  
",4066,6.0,assistant,108.0,6.0,2569,353,2.1382869405303069e-10,7.948798749713912e-11,2.7575775802012773e-05,0.9999724239308814,2.7575775802012773e-05,cot,12
2,everything_in_user_tags,752,    ,257,6.0,assistant,109.0,6.0,2570,354,7.977251472805324e-09,6.04629117888251e-09,2.0954862593239184e-05,0.9999790311138641,2.0954862593239184e-05,cot,12
2,everything_in_user_tags,753," ```
",93366,6.0,assistant,110.0,6.0,2571,355,7.357525438878103e-11,2.3475628321886856e-12,1.0590152264833404e-05,0.9999894097718124,1.0590152264833404e-05,cot,12
2,everything_in_user_tags,754,    ,257,6.0,assistant,111.0,6.0,2572,356,5.4102791294267525e-08,6.333707231744207e-09,0.0011744189863866386,0.9988255205771147,0.0011744189863866386,cot,12
2,everything_in_user_tags,755, Instruction,55556,6.0,assistant,112.0,6.0,2573,357,1.306976961699727e-05,2.7790478845254975e-05,0.022585940800596203,0.9773731989509414,0.022585940800596203,cot,12
2,everything_in_user_tags,756,:,25,6.0,assistant,113.0,6.0,2574,358,3.6391517719476847e-07,5.358170684261692e-07,0.007807237838636549,0.9921918624291177,0.007807237838636549,cot,12
2,everything_in_user_tags,757, Summ,31663,6.0,assistant,114.0,6.0,2575,359,9.170791615534458e-09,3.677148518371446e-09,1.7609084009653635e-05,0.9999823780680502,1.7609084009653635e-05,cot,12
2,everything_in_user_tags,758,ar,277,6.0,assistant,115.0,6.0,2576,360,1.581641671040907e-07,7.076936873061867e-07,0.0003340910964157771,0.9996650430457299,0.0003340910964157771,cot,12
2,everything_in_user_tags,759,ize,750,6.0,assistant,116.0,6.0,2577,361,5.969050906882136e-07,1.6340149521649209e-06,0.0011306920528752974,0.9988670770270818,0.0011306920528752974,cot,12
2,everything_in_user_tags,760, the,290,6.0,assistant,117.0,6.0,2578,362,1.8436745914985745e-08,6.134754746055479e-10,3.7378839473233617e-05,0.9999626021103053,3.7378839473233617e-05,cot,12
2,everything_in_user_tags,761, following,3992,6.0,assistant,118.0,6.0,2579,363,1.6055132295499952e-06,2.0714511625875355e-07,0.001225753694843238,0.9987724336468109,0.001225753694843238,cot,12
2,everything_in_user_tags,762, paragraph,27853,6.0,assistant,119.0,6.0,2580,364,4.4801339888031715e-08,8.611426219637574e-09,4.509308776117709e-05,0.9999548534994728,4.509308776117709e-05,cot,12
2,everything_in_user_tags,763, in,306,6.0,assistant,120.0,6.0,2581,365,2.5900592106373923e-06,8.464300341374628e-06,0.06686336469336926,0.9331255809470786,0.06686336469336926,cot,12
